Epoch,Loss,Accuracy,Precision,Recall,F1-score,Test-F1-score
1,0.7070711417339561,0.7742062123530706,0.2732652583088991,0.8564607009309306,0.4143322595309628,0.5059344332600249
2,0.6337766297904629,0.858789738150734,0.38179270117141645,0.8304583371851059,0.523097810159972,0.5885722596033294
3,0.5859983488716527,0.8850145085695584,0.43670059904977565,0.8038079368713534,0.5659346911176791,0.5069184617184568
4,0.5566263729028624,0.8978742740462449,0.471549675735365,0.7883130981360955,0.5901099604073912,0.6212379962139987
5,0.5399409308427107,0.9036999334566423,0.4898092303136078,0.784727166940957,0.6031473255271158,0.6099158610652652
6,0.5285034886588947,0.9086842223111737,0.5067598330286649,0.7794453513827118,0.614196865179699,0.6288411356320993
7,0.5180870766909618,0.91227523386579,0.5197349673711535,0.7808810271128339,0.624090702972265,0.6484240290168116
8,0.5139748462126904,0.9129936174488614,0.5223728189898329,0.7822397778374918,0.6264247315542903,0.6162812336749424
9,0.5061080552175681,0.9164192645162736,0.5355936841916988,0.7805077779298238,0.6352626273172718,0.642281322775377
10,0.4979544456275004,0.9179733539005811,0.5414299397531114,0.7867576999279787,0.6414367388249183,0.6569250193904551
11,0.4925432136116645,0.9197758736740766,0.5488672399916895,0.7847297624005815,0.6459409522599534,0.6596696288116426
12,0.48610683833813734,0.9219424208796511,0.5576791403029211,0.7878303978684981,0.6530709244691179,0.6586439695123496
13,0.4889363966219509,0.9206997745551252,0.5526101295375748,0.7859039041566341,0.6489262680069909,0.6426015204265102
14,0.4811015708266564,0.9234896250121947,0.5643946528054298,0.7868751030590749,0.6573196782727301,0.6617693053038971
15,0.4750601003433495,0.92452306164868,0.5685018068414518,0.7910638987801671,0.6615660485168642,0.6603720392652157
16,0.4721035460095521,0.925248773364332,0.5716560137377275,0.7914797245455267,0.6638431252015377,0.6531608900819494
17,0.4675755919311246,0.925888514703808,0.5740877396124602,0.795336632769964,0.6668393216100673,0.6716539567744322
18,0.46530958841431813,0.926988924189351,0.5791418220039416,0.7942752002286655,0.6698591603083653,0.6615479732877078
19,0.4622270581375235,0.9268992562733347,0.5785352198959347,0.7960301727151369,0.67007578321282,0.6568164091470474
20,0.4563771367394378,0.9286275111136306,0.5861085433610574,0.7985947077142472,0.676048359835608,0.663993262321794
21,0.45514654647307895,0.928659377933313,0.586106199503589,0.7997762492913567,0.6764698093016237,0.6587698513932911
22,0.4524428169682341,0.9292299062707639,0.5889266020010693,0.7983954095486187,0.6778473803259188,0.6715191173990807
23,0.4480067935754668,0.93029161518263,0.5932854181234594,0.8029266954950441,0.6823672357700589,0.6824052138925493
24,0.44232715413255513,0.9311118304548415,0.5966436965049735,0.8065626030935891,0.6859012721224328,0.6428184454027229
25,0.4431916480115803,0.9315155678168769,0.5991406339530179,0.8026210939299047,0.6861121993500338,0.675763644191881
26,0.43680048012990513,0.9332673571377721,0.6074956565008053,0.8036407230044864,0.6919363084998852,0.6582693575336656
27,0.43490891540146903,0.9330527401839483,0.6059048392927547,0.8069928971657913,0.6921391252182522,0.675489321376106
28,0.4322352613400256,0.9340670711479998,0.6111365436991376,0.8055500977273382,0.6950035217468913,0.6690533011380255
29,0.4271164549328889,0.9348700552665821,0.6144843788577428,0.8093858004944184,0.6985958946051928,0.6736316941993883
30,0.4220155763497571,0.9355800498630241,0.6176521956486256,0.8116377758876941,0.7014809651390079,0.6747339782228836
31,0.4203030000317772,0.936256787200011,0.621192326082897,0.8110433604111561,0.7035349228605992,0.6756161596684566
32,0.41642576375740237,0.9365123654795868,0.621928518525456,0.814091424016042,0.7051527047549266,0.6560001182300091
33,0.41509372277079887,0.9375087031230225,0.6272949489856018,0.8128246188291429,0.7081089503927341,0.6785682559398066
34,0.411959647650346,0.9372253932946444,0.6248497800880897,0.8179109465773784,0.7084632477926022,0.6808411095343648
35,0.4060894621189714,0.9389530765097004,0.6340599835730858,0.8167583968364992,0.7139057826592023,0.6731787708196316
36,0.4037239432656219,0.9395080164723649,0.6366112700704849,0.8185954300251385,0.7162241300125326,0.6531450016505906
37,0.40131579881729784,0.9392671974534889,0.6350630131436287,0.8198943747333441,0.7157386139499731,0.6804814862461901
38,0.39539077251426613,0.9405789846831627,0.6414220364793918,0.822768376875758,0.7208649408340101,0.675974777884879
39,0.3946948367148397,0.9407688312099224,0.6423233190473983,0.8233007222114906,0.7216383432285588,0.6803476483479518
40,0.3944390144630905,0.940875786927114,0.6432435577434186,0.8217586878593124,0.7216248078414579,0.6777177569507337
41,0.3935311603738934,0.9409799823638679,0.6437427235112891,0.8220424212965525,0.7220482879114334,0.6741204849696563
42,0.38726516055932264,0.9423647161838455,0.650474435150667,0.8255732956141261,0.7276381541697531,0.6818108017822344
43,0.38297985506186266,0.9429171585046959,0.6530512705988389,0.8275275110436807,0.7300089657411454,0.6584212720430036
44,0.38077689076690985,0.9433021043306905,0.6546771656782534,0.8296032712952216,0.7318324822719047,0.6786905608199424
45,0.37762823524179484,0.9434322082952112,0.6554012074556809,0.8295932207919952,0.7322807254512294,0.6840126666847531
46,0.37718267646439957,0.9436979522344594,0.6565059845637489,0.8311024529523243,0.733558267604162,0.6769562442485232
47,0.37224600425948995,0.9449721306431668,0.6636283286732444,0.8312579596396088,0.7380445385910384,0.6824526359725626
48,0.3712152353515522,0.944605899106559,0.6611758172347018,0.8327328433768233,0.7371037236405997,0.6756852957938897
49,0.363696800569961,0.9464943326086842,0.6710848130184868,0.8359754007859052,0.7445095960807837,0.6838465479206091
50,0.3647234491260868,0.945871858471276,0.6674978761213964,0.8360134491195483,0.7423119365020993,0.6794754037681779
51,0.35722408180609544,0.9472544190853864,0.6746620151957051,0.8389605106892624,0.7478942459320294,0.6830375481719821
52,0.35549449928687266,0.9477186354277627,0.676868242691856,0.840729896260031,0.7499526427372284,0.6835828776949353
53,0.3533169084160797,0.9484087621847842,0.6809862187865506,0.8405218729322608,0.7523900992322973,0.6715461837626465
54,0.3519940568269745,0.9482980934784213,0.6798212971334961,0.8422765693060061,0.7523794133292924,0.6868732643803424
55,0.3518264341065183,0.9480235588699428,0.6779862540434182,0.8430564773118725,0.7515642936479797,0.6777442918661596
56,0.3486104297509412,0.9490821573165394,0.6845583256856431,0.8419692558419655,0.7551479200672909,0.6681443862801781
57,0.3509736266740249,0.9481122380287873,0.6791399834972458,0.8408548096572745,0.7513948391482,0.6835903624935699
58,0.3414013751674534,0.9495690738756513,0.686293861294931,0.845857640917167,0.7577669775511577,0.6819342351896925
59,0.3380609801355398,0.9503366275289112,0.6900811504955884,0.8485196989311014,0.7611427619771953,0.68390746137516
60,0.33985132693923065,0.9499231313395814,0.6882872332689919,0.8462728592345293,0.759147599000704,0.6788394846156598
61,0.33674315557968265,0.95080235275593,0.693315465402637,0.8471892221495861,0.7625674814038195,0.6772762590859711
62,0.32953186493838893,0.951536139321818,0.69618806416294,0.852204533704694,0.7663361674652881,0.6721415444538222
63,0.33162419112384156,0.951402420213888,0.6960704397241683,0.8500264460768965,0.7653831885074351,0.6848361449196422
64,0.32505591265917466,0.9525416487179774,0.7022848373031245,0.8524745167281791,0.770125519082042,0.6853030966800169
65,0.3248777399567581,0.9524180283226196,0.7009708678023792,0.8541308617489223,0.7700085981509222,0.6869819117585023
66,0.3249848212675264,0.952367318469127,0.7009055703468539,0.8533803321371025,0.7696640977872056,0.6803175201928537
67,0.31800035051901065,0.9535240819636849,0.7065596929828412,0.857931719089981,0.7749227223143649,0.6824825202540877
68,0.31561524491265136,0.9540553895999884,0.7095956736058289,0.8587819806184329,0.7770934205497786,0.6826839060715456
69,0.31321971716906505,0.9543984419906055,0.7115944447526333,0.8592515379202725,0.7784832221282655,0.6848407110531232
70,0.3110083866151517,0.9549577438143352,0.7150844729566614,0.8594248262671117,0.7806385763997256,0.6788628487426904
71,0.3125358250825553,0.9545104753878565,0.7129592323954315,0.8573932992742763,0.7785340631273568,0.6841641780340338
72,0.3113991563130582,0.9545058766370523,0.7125511562099863,0.8584650584315273,0.7787319624716167,0.678045142122546
73,0.305257619712552,0.9556354647587169,0.7183880346627314,0.862287673455395,0.7837877736288047,0.6760385578303861
74,0.30681538224380933,0.9554236647328773,0.7172524804631694,0.8616754763193025,0.7828588633058824,0.6803046153951089
75,0.3009291821412963,0.956648523727865,0.7244659689790789,0.8635678424982326,0.7879246767581725,0.6805189503589669
76,0.30447702017434525,0.9556355935031403,0.718442828882982,0.8621394009215317,0.7837591216828393,0.6813632840130917
77,0.301698283365152,0.9559778528281092,0.7196760365405135,0.864782959382824,0.7855849526907153,0.6852883972765539
78,0.2924007972215385,0.9576332383247553,0.7289879230234682,0.8686062370772342,0.7926962585444728,0.6810908430481047
79,0.28749155777323276,0.9587895949869352,0.7357835600316569,0.870783054586492,0.7976113160688006,0.6690579012340243
80,0.2886863903938278,0.9583232981346766,0.7329920054937513,0.8700075091616963,0.7956440948419445,0.678160766887795
81,0.29102089603474196,0.9579053370887429,0.7307480924002188,0.8686818367416136,0.7937673086338269,0.6790914525022244
82,0.2944328398958371,0.9574114425818823,0.728393610416119,0.8663639256293686,0.7914105228664154,0.6812606167454821
83,0.28286885869792205,0.9591850927058724,0.7376603528182102,0.8726918770838917,0.7995147719830527,0.6832215831947176
84,0.27628611405744063,0.9603060704004994,0.743611673269612,0.8765872201997885,0.804642556178654,0.6842934186643429
85,0.27843578461045526,0.9600677953714299,0.7421299461403617,0.8762784709495727,0.8036444788381587,0.6694405774654095
86,0.2759958677937721,0.960373444932158,0.7442403641286008,0.8761707869864317,0.8048348286136098,0.6774266689950822
87,0.27759425904390944,0.9600776983924786,0.742519299922146,0.8754932063568218,0.8035421236213622,0.6750946119868739
88,0.27462354065433664,0.9604329506046579,0.7441675103970299,0.8773188084786046,0.8052761789352921,0.6784338817289312
89,0.2706560873680038,0.9610423494584247,0.7474413878236871,0.8793893778108965,0.8080644045749811,0.6767728927854075
90,0.2679387650319508,0.9618401992494015,0.7521767799049339,0.8811023811630155,0.8115511023803413,0.679766031557714
91,0.2678628105599925,0.9617341447431736,0.7516943940867865,0.8805266861293005,0.8110261309939515,0.6689863941149665
92,0.26838355766473754,0.9616380499055407,0.7512614695064311,0.8799953347993814,0.8105487580314168,0.677249169623955
93,0.2825167364669296,0.9591003943245997,0.7375084575554185,0.8716600438268207,0.7989923415518111,0.6770963490778744
94,0.25980881454970317,0.963052111705171,0.7595258892425013,0.8835333328252859,0.8168499726321249,0.6794049356965943
95,0.25602952923093525,0.9636119182070405,0.762645492009056,0.8853403249493361,0.8194255081183034,0.6796120567019799
96,0.25232936755184215,0.9644078883294355,0.7670386871792367,0.8880497086845073,0.8231203655364708,0.6780546282981091
97,0.2591618493078854,0.9631958213803578,0.7606776395260363,0.8832119376122192,0.8173779811581301,0.6753106112962661
98,0.26571400335053547,0.9618168965087643,0.7521014366205471,0.8809046844511977,0.8114233867864452,0.6791981627566889
99,0.2518167618230347,0.9643179526250184,0.7664117860379138,0.8880246928715315,0.8227485304942822,0.6796987697043817
100,0.24848032877290988,0.9648257309304996,0.7687388243863215,0.8907960363024177,0.8252788343728008,0.6753957103645681
101,0.2463206944038283,0.9651920912115307,0.7711960651438151,0.891132175935053,0.8268374567926904,0.6819358336969538
102,0.24490712872251988,0.9654617592808044,0.7724507832081173,0.8925707232375255,0.8281778362194039,0.6794683210406655
103,0.2443163282868033,0.9658013098231047,0.7754486760624978,0.891407902103239,0.8293947860568418,0.678513936531301
104,0.24678052487881036,0.9651165851820895,0.7707227273000856,0.8909898122135261,0.8265040814662216,0.6746211167662015
105,0.244194245322374,0.9658002953170483,0.7753219064546856,0.8916572318948192,0.8294301578618244,0.6794025898682825
106,0.24188171764911023,0.9661108835138584,0.7769189207939124,0.8930130558245813,0.830930540046315,0.6715797756657086
107,0.23938695391554718,0.9664236603658665,0.7785805916360239,0.8942719089649716,0.8324257538728393,0.6786635844387272
108,0.2374380861893497,0.966779391507301,0.7809045774408453,0.8948228642984368,0.8339915589185606,0.6776439755278594
109,0.2348571787625953,0.9672477843187727,0.7836124819052042,0.8962912869978628,0.8361729438502513,0.678298956391943
110,0.23963468977704525,0.966294184674132,0.7773838043247663,0.894804199078159,0.8319713943522936,0.6763296305465694
111,0.23192841963305305,0.9678653558685375,0.787124118061198,0.8983741157351893,0.8390776321899047,0.678197225557514
112,0.23432864549989008,0.9673724552686256,0.7841462809473736,0.8970615862808643,0.8368120568250887,0.6788579931100359
113,0.23133910834949936,0.9678728693930877,0.7873254455263784,0.8980846391532484,0.8390656909782703,0.6772584752004377
114,0.23099929524078525,0.9677450313304189,0.7864648842016877,0.8979162103903869,0.8385033181561768,0.6777886205491512
115,0.2285690092333565,0.9681539648173831,0.7890808878859201,0.8987351607357101,0.8403460071217869,0.6771355555025249
116,0.2258569066816906,0.9686483022050604,0.7917932904924206,0.9006336013946122,0.8427136748945947,0.6802714432312095
117,0.22096221422088758,0.9696171812378712,0.7972379618848693,0.9041490686220749,0.8473344956598031,0.6740387857658199
118,0.22564879891204062,0.9688689031996841,0.7930895611629596,0.9013188027354598,0.843747645443332,0.6763364341645435
119,0.22971830555210215,0.9681041767739622,0.7886596424596857,0.8988368806639694,0.840151506353155,0.672557605798411
120,0.23575798865919806,0.9672369182894369,0.7837838882551446,0.8957849514809195,0.8360500572545665,0.6786369137720089
121,0.2265229517157187,0.9685821996683049,0.7919804487493102,0.8993077080843487,0.8422386443546835,0.6788922850682707
122,0.22070978433295402,0.9695284557310343,0.7968241204327096,0.9036626132214038,0.8468871326043904,0.6750619594933509
123,0.21745265084456883,0.9700652633291058,0.8001709860750347,0.9050125835613748,0.8493687416341118,0.6782884827130587
124,0.2153753005269403,0.9704838577976027,0.8022541005625141,0.907072163607172,0.851449343538228,0.6769796136396461
125,0.21175153171919747,0.9710943329547492,0.8062417322061195,0.9083281451752118,0.8542457987144014,0.67584420887464
126,0.21817058758594277,0.9701327099576417,0.8006988901804518,0.9049827081644214,0.8496528903904381,0.6759089570059169
127,0.21558619611909127,0.9704098658025808,0.8020643005455055,0.9063739849682023,0.8510347987988013,0.6741141911454397
128,0.20962447245326646,0.9714445692841925,0.8084418195696806,0.9092320277950532,0.8558798238552666,0.6803822839573873
129,0.21108452365244174,0.9713217007562674,0.8080556848159,0.9082088644775788,0.8552100388525916,0.6718541869139045
130,0.20912397658889184,0.9715519421333161,0.8090107471519346,0.9097039044437913,0.8564077053021079,0.6776328896596395
131,0.2053625125769335,0.9722835709426679,0.813647780228724,0.9115678862344884,0.8598289495979337,0.6781016939069132
132,0.20750951827215056,0.971976288902651,0.8119768977536593,0.910280041257868,0.8583229914717034,0.6712940956695043
133,0.20492362586475127,0.9723773998784487,0.8140805930177402,0.9120999002349498,0.8603072860307129,0.6774241147888798
134,0.21044928534332955,0.9714473038157457,0.8089221181239213,0.9083961241283536,0.8557781531066071,0.676470798648474
135,0.20978394271228512,0.9715292934143499,0.8087637359211992,0.9098356102140945,0.8563276238241594,0.6737056729852069
136,0.20092531299655328,0.9730121510840734,0.8175218414152615,0.9147910053076597,0.8634255972689842,0.6785927767074227
137,0.20473658480252216,0.9723925299230879,0.8145497325856965,0.9114744496880092,0.8602906921895368,0.6752133563533297
138,0.20217701109914446,0.9728429706121593,0.8167311507931612,0.9138486877963586,0.8625648742597806,0.6731259690819036
139,0.2087246912187643,0.9716603294884961,0.8099640277774705,0.909493340878942,0.8568480999220364,0.6696538866220583
140,0.2101417485915747,0.97141798098587,0.8084547214006494,0.9088348672499713,0.8557110510162833,0.6730274868077304
141,0.19945498738648756,0.9732086511226349,0.8190271022264212,0.9148559470208155,0.8642933738447596,0.6725052914144074
142,0.19304086689679129,0.9742893833105041,0.8253101675181643,0.9187696240217188,0.8695358044857269,0.6707825988060082
143,0.19447626715721789,0.9740978322075784,0.8246166225654897,0.9173499076071596,0.8685149449419166,0.6565288064401356
144,0.19381725816231854,0.9743123358663095,0.8261212707451754,0.9176969813037447,0.8695046005659,0.6752062926468356
145,0.1891206356111884,0.9750571635539492,0.8304771268381499,0.9204117216258003,0.8731346741451221,0.6746858921493465
146,0.190247476823889,0.9750346332798525,0.830672398953434,0.9197810249370656,0.8729586289684852,0.6667993336556259
147,0.19200811705820645,0.9746687313289687,0.8285503008546726,0.9184095178044664,0.8711688433323482,0.6742497807867648
148,0.2050994971611429,0.9725743221987191,0.815761541158594,0.9118453795241208,0.8611315261517779,0.6685799109121123
149,0.19209026856563804,0.9746572576259545,0.8286091706878315,0.9181551075387279,0.8710869024558625,0.6747791474873013
150,0.19259851010179904,0.9744947049169576,0.8274831996127907,0.9178577893553684,0.870330674780433,0.6709416983075631
151,0.19132909411689986,0.9747078232856928,0.8284550102163475,0.9190989712812945,0.8714261827724911,0.6716121211244611
152,0.1907999371341618,0.9748419183273392,0.8293768893387987,0.9193568053448355,0.8720519193144487,0.6678489999638443
153,0.18833121918443077,0.9751890596408438,0.8317690394371607,0.920026820485753,0.8736746583766147,0.6759415233598401
154,0.1837901233261165,0.9760724472267339,0.8370843015607186,0.9230680364950339,0.8779760091401756,0.6728434238770504
155,0.18318306823384087,0.9762102552575515,0.8383877594394008,0.9227748600025646,0.8785595819535281,0.6747058588746451
156,0.18221818607531468,0.9763407042571269,0.8387293603264601,0.923951707663332,0.8792803630945841,0.6699668385728018
157,0.18763640888457028,0.9754459562633153,0.8338849794351566,0.9199619892176876,0.8748111986636675,0.6684643006690605
158,0.1834838408022878,0.9761166323128481,0.8372733980011964,0.9233470207933867,0.8782062156966947,0.6713470715078198
159,0.18014110922010118,0.9767232863355078,0.8413324721859475,0.9248071601110327,0.8810971455292571,0.6736768710711339
160,0.1783459239169915,0.9772086837104234,0.8445634204822962,0.9260326036115766,0.8834237200826954,0.6698530510146234
161,0.19391743288528565,0.9744541864720221,0.8275522070173115,0.9171920815729766,0.8700694265952204,0.6715065966209486
162,0.1910240309177383,0.9747578997166222,0.8294622201314051,0.918079121316532,0.871523812526855,0.6667689014986184
163,0.18050035416597948,0.9766261409433799,0.8406265823630015,0.924660709921161,0.8806434803262033,0.6731635563156969
164,0.18099725113885423,0.9764335804841746,0.8395101604087024,0.9239163100118585,0.8796931912191264,0.6721741025431307
165,0.18026781027930766,0.9766687295986437,0.8412254436154983,0.9242584136793754,0.8807893551109696,0.6731013394840976
166,0.17673580754156704,0.9772583739080825,0.8447566219306978,0.9263781862994411,0.8836866664831728,0.6750742388141292
167,0.17352908180971352,0.9778126341001914,0.8479557820036684,0.9285789703933159,0.8864379443516504,0.6740373646609443
168,0.17404201476159442,0.977758916776968,0.8478855217462162,0.927987592156764,0.886130025382927,0.6593821605883896
169,0.17276156778043172,0.9780468820036966,0.8498429579930319,0.9286763277405043,0.8875124871750663,0.6677584189484143
170,0.17269832901957863,0.9781207092058566,0.8501030357010242,0.9292315904324953,0.8879078553228565,0.6633856823840011
171,0.1789945835935459,0.9771618928371794,0.8445156588704473,0.9254936315704199,0.8831522730046459,0.6755696441567315
172,0.17572302240727725,0.9775801577199523,0.8469509559558873,0.9271219787607464,0.8852249880296488,0.6754616815549662
173,0.17366580558674677,0.9778082464902417,0.8481255113359861,0.9282547036078987,0.8863828684022503,0.6714960859151123
174,0.17144417636237055,0.9782753827561408,0.851570488409936,0.9289590671719309,0.8885829769738601,0.6683453454637065
175,0.16886062303563013,0.9787126297167013,0.8540849235431901,0.9307406017026436,0.8907666372983487,0.6737640867207351
176,0.16860070163911245,0.9788009998889297,0.8546096661152736,0.9310761891098269,0.8912057053873287,0.6693857943694719
177,0.17251281817807662,0.9781841287088282,0.8512398966698338,0.9282866774615698,0.8880953697340185,0.6740107671484692
178,0.1725926562099444,0.9779941894860835,0.8499243314596698,0.9278630653173369,0.8871852696285885,0.6713878103706444
179,0.1684175917522284,0.9788161196340148,0.8551169008883078,0.9304933151452358,0.8912141662268965,0.6667368441422383
180,0.16581787462183087,0.9793258291058471,0.8582877257390342,0.9322249837176325,0.8937297757522331,0.6718473845780987
181,0.16426656577947005,0.9795309241221155,0.859305490645415,0.9333165677686105,0.894783200317698,0.6682489923035085
182,0.1634690860974178,0.9797324915411824,0.8609990004666798,0.9333465536106543,0.8957142596326896,0.6728987753411607
183,0.1693625091060474,0.9787743085950683,0.8549778098166727,0.9301665633452846,0.8909887435995091,0.6644531647373431
184,0.17248588563457654,0.9781516593652443,0.851337360606193,0.9277135778874792,0.8878860202462534,0.6715998255525191
185,0.16614204355969905,0.9791377541023535,0.8567305160990027,0.9321738476407769,0.8928613488467585,0.6749057896197835
186,0.1647212918034461,0.9794042138605958,0.8591047643743168,0.931994816149237,0.8940666344100522,0.671920616053802
187,0.1621982618724561,0.9798994524592368,0.8617938143552704,0.9342881532288677,0.8965779578100787,0.6652385406812907
188,0.1615246837592189,0.9800452374945289,0.8629837616432813,0.934369496037948,0.8972590101690241,0.6735338466165536
189,0.16072502489279544,0.9802152110320911,0.863808587670699,0.9353059599594579,0.8981366098971164,0.6706124160895975
190,0.16187330588417234,0.9800232273479028,0.8632154839826881,0.933743658933191,0.8970955045242369,0.6680642658105687
191,0.1781650971812058,0.9772222173242121,0.8460129992119728,0.9239132727718725,0.8832488124303244,0.6659740232481566
192,0.17485478195058046,0.9776233694982255,0.8478273736280305,0.926307611886675,0.8853316756274778,0.6759199958212632
193,0.1597878958658388,0.9802880082788638,0.8648361276034552,0.9347064087862161,0.8984148523019521,0.674196657900788
194,0.1575641822662315,0.9806514898345875,0.8671877002865935,0.9358481901307814,0.9002106326669076,0.6622827375115351
195,0.15563912298078486,0.9809820591659109,0.8690715144926215,0.9372675752100693,0.901882216596122,0.6718294365464039
196,0.15544331045645587,0.9810439182864706,0.8695349271559261,0.9373717801528626,0.9021799512684511,0.670215874660357
197,0.15434112080505916,0.9812975396508106,0.8713057346159854,0.9379921502256449,0.9034199911065727,0.6702934130931764
198,0.15497439822578687,0.9812330386946824,0.8709775062898591,0.9376564523733711,0.9030878522798114,0.6716594081509805
199,0.15592013134789273,0.9810668656924991,0.8696946238718615,0.9374283832616931,0.9022921206462542,0.6698468377483405
200,0.15754050815683812,0.980770284888956,0.8679817228439107,0.9361862625524987,0.9007947947758066,0.6702603093792657
201,0.16277719622432704,0.9800228514141864,0.8633040010694873,0.9336070935789103,0.8970802636968929,0.6724046742998565
202,0.16350123095464192,0.9797783091065854,0.8617198395783575,0.9328516491605676,0.8958760110804324,0.6704803205214012
203,0.15512844853886376,0.9811056177639454,0.8700414586766589,0.9374117612755878,0.9024710428548921,0.6742475235697669
204,0.15390488184044623,0.9813130610784968,0.8714878466088957,0.9379235086019606,0.9034860275872756,0.6666516376000854
205,0.15511979632621828,0.9811674614351744,0.8708268969629912,0.9370493909339822,0.9027252792361453,0.6749358681830869
206,0.15505651908743415,0.9810903795739907,0.870049251669098,0.9372083214190692,0.9023809454181575,0.6649917670056841
207,0.1542230535629946,0.9812820491217858,0.8713304531335039,0.9377614304317973,0.903326248414697,0.6694098351988523
208,0.1544030767807742,0.9812496261261944,0.8711339262054092,0.9376383393785453,0.9031635253206948,0.672057644877749
209,0.1558129481589698,0.9810487848256755,0.8701463778291936,0.9365427240817678,0.9021245085057231,0.6693936365484937
210,0.15433839349091213,0.9812657088795668,0.8717042871392399,0.9370147663981415,0.9031803887779991,0.6663451281815723
211,0.1497873439782392,0.9820989839860889,0.8767140815484614,0.9402648340733707,0.9073780805374213,0.6709835955937321
212,0.14846615858797757,0.9823356883331927,0.8784478784547366,0.9407539953787565,0.9085339711605028,0.6700577047064927
213,0.14678318989325084,0.9826131840634097,0.8800373920630243,0.9419597244306639,0.9099463131002581,0.6587502857239379
214,0.14836718407120666,0.9824247588750844,0.8788388818335067,0.9413092028482022,0.9090020029171056,0.6727493917274939
215,0.15097788436152543,0.98201187550921,0.8766889987638679,0.9392135624803891,0.9068748679468628,0.6721060102903468
216,0.15119538783545122,0.9819686688807137,0.8760904297897537,0.939526453421495,0.9067002427528219,0.6682813087802134
217,0.15334457217281397,0.9815875235900982,0.8737179023982444,0.9381528478321782,0.9047896360517196,0.6704954090043775
218,0.15256707779962742,0.9816382694920293,0.8736017685024497,0.9389559493070289,0.9051006429211403,0.6696418888202712
219,0.15025859089151547,0.9821027896712449,0.8771344336577352,0.9397145966329931,0.9073467489873849,0.6643159911914946
220,0.14619426111969344,0.982805981412354,0.881870412922728,0.9417779870344091,0.9108402061790974,0.6740656935768262
221,0.14570045230202278,0.9828842992200024,0.8821974859023467,0.9422902865862339,0.911254253770868,0.6698049891357901
222,0.1474367327526252,0.982498292539959,0.8797962021539053,0.9408726134058472,0.909309968854044,0.6690212753675493
223,0.14669203583522628,0.9827099947200367,0.8810882829117258,0.9416839982624778,0.910378927355698,0.6688391269559284
224,0.14542952804472248,0.982865152349353,0.8818964275750605,0.9424742328842968,0.9111795942310631,0.6658514132661617
225,0.14567263161316715,0.9828827491371446,0.8821824928367266,0.9422920537076803,0.9112470815167355,0.6682133949001258
226,0.1434723488645091,0.9832354264608557,0.8846479029349278,0.9432178596779665,0.9129945082861062,0.6607118356419787
227,0.1423043666904506,0.98347137379075,0.8861781790231792,0.9440083704125113,0.9141796162065974,0.6673521598616952
228,0.14914111013843043,0.982165678747192,0.877738109896681,0.9396420342085996,0.9076357808363404,0.6716893875990874
229,0.14251567551871194,0.9833263251735599,0.8850124194138774,0.9438334253893161,0.9134769950141699,0.6673796205775249
230,0.14140991495063684,0.9836259649446032,0.8870631929239722,0.9446900927330113,0.9149701726156076,0.6683710431678124
231,0.14435821916215183,0.9831633553326311,0.8841950780558598,0.9429568779293489,0.9126310787156009,0.6596750975305342
232,0.1426794855903101,0.9833745270856844,0.8852363625066503,0.9441173244941918,0.9137292499024159,0.6682763226658173
233,0.14230852377302242,0.9834341203043921,0.8858000378760303,0.9440718211169467,0.9140081047678364,0.6720411162335368
234,0.14039982626380304,0.9838487803433097,0.8889121629642445,0.9448891147859138,0.9160462880865657,0.6699448617810562
235,0.15123523173306508,0.9817966817803694,0.8757113855406716,0.937918096792531,0.9057479094453299,0.6651030616312412
236,0.1465423379063285,0.9826541299398308,0.8808763571895375,0.9412886048388424,0.9100810240270085,0.6694815886294823
237,0.14131288262551042,0.9835659494441866,0.8869864300141042,0.9440581811482821,0.9146328720967043,0.672573055973819
238,0.13788775609670623,0.9842171335880152,0.8911809349694526,0.9463059596281226,0.9179165656615489,0.6652923867809963
239,0.1415809082253924,0.9834644833892091,0.8860814139568635,0.9440570766973782,0.9141509603209953,0.6685613373845182
240,0.1380062463148585,0.9841111975266569,0.8904132892213744,0.9460544761572796,0.917390976066624,0.6688248194586986
241,0.1441879923131588,0.9830185693540647,0.8840781836060676,0.9413322858720959,0.9118073456667062,0.665665106002746
242,0.14593641514164418,0.9826996024701791,0.881537428389462,0.9409261792746916,0.9102641511127371,0.6685569297398506
243,0.13900645163582984,0.9838605115351707,0.8886778613910646,0.945353315500869,0.916139892563851,0.6729833062212902
244,0.1351178008711563,0.9846454302362603,0.8943298623737818,0.9472743421807582,0.9200410489697518,0.6711509208870056
245,0.13467244942474238,0.9846428501980151,0.8940271660774234,0.9476498002655762,0.9200578395109055,0.6721728442914172
246,0.13590029833933734,0.9845528887447135,0.8937709659446627,0.9468998228792085,0.9195686425689906,0.6680859870229924
247,0.13626743180330872,0.9845007575527864,0.8934140204221866,0.946745696755554,0.9193070268411758,0.6661241340841928
248,0.13464639108939314,0.9848377435061725,0.8956440282301364,0.947849429766476,0.9210075335491039,0.6635724833372935
249,0.13465096172939414,0.9847703174767445,0.8952157477814108,0.9476039655530598,0.9206652028789589,0.6711322219577596
250,0.13579640322618408,0.9845944886428055,0.8939476959655285,0.9471683148939732,0.9197887887529037,0.670177831408284
251,0.13492073835629337,0.9847540081331869,0.8951171208947929,0.9475379746115453,0.9205818992834434,0.6706964420642353
252,0.13496525985291705,0.9847071863612813,0.8946916097960668,0.9475395208428109,0.9203575437944643,0.6626841820448488
253,0.1340896434620063,0.984871294302913,0.895846747137139,0.9479855533403951,0.9211789749784148,0.6608611739048319
254,0.135791847005366,0.9846353778716804,0.8942515575483129,0.9472572784142912,0.919991563524768,0.6693320820753034
255,0.13278136249742098,0.9851338299311297,0.897529121467616,0.9489244470538938,0.9225114996911477,0.6696173907593787
256,0.13588700312970461,0.9845880050736426,0.8939310449790053,0.9471118222302332,0.919753337673933,0.6685066075082842
257,0.13626933652114354,0.98449528848968,0.8933533877369388,0.9467607725103937,0.9192820334417918,0.6678875372649787
258,0.1322444640602063,0.9851796217476481,0.8979391380358327,0.9489337796640327,0.9227324435790749,0.6669227343148784
259,0.1313230168385647,0.9853196029843329,0.8989272528641555,0.949316195789546,0.9234348436101931,0.6664533109419155
260,0.13983460365119327,0.9839687546965966,0.8903751963389221,0.9443643901614188,0.9165754480823194,0.6665526851126568
261,0.13870055967505088,0.9839830865258106,0.8899130589499242,0.9451683199744474,0.9167088070437948,0.6697676899177315
262,0.13243439745388905,0.9850630050489237,0.8973534821001894,0.9483005427382187,0.9221238462372642,0.6688439775930796
263,0.12917456141298994,0.9856011155405602,0.9008285442962394,0.9502037325360081,0.9248576114838207,0.6678339709256962
264,0.12895584130544224,0.985691864909733,0.901524631767727,0.9503818804668249,0.9253087768374971,0.6641661328228471
265,0.12801752884111636,0.9858159899832307,0.9022643493431624,0.9509053349727803,0.925946491146986,0.6623873624278047
266,0.13123013314130813,0.9853482769423146,0.8993718449253018,0.9490745971542939,0.9235549940566137,0.6661511725877292
267,0.13052218218617684,0.9854662840808118,0.9001006275256669,0.9495369203027123,0.9241581182504875,0.66634341652927
268,0.12842394997970755,0.9857787158977651,0.902050537348886,0.9507371823226448,0.925754177973231,0.6641571742550176
269,0.128518402034221,0.9857693639028486,0.9020241111830702,0.9506593185339121,0.9257033480020389,0.6740117989653457
270,0.13005129679676014,0.9854636937430128,0.9001220429504072,0.9494774456215314,0.9241412352985156,0.6644398916027968
271,0.135988609428515,0.9846154842833752,0.8948899013423685,0.9461593989931605,0.9198107742848955,0.6668539190083044
272,0.13389470767621403,0.9849216179231354,0.8965985678686507,0.9475925344862034,0.9213905307953008,0.6571441467444432
273,0.12951231557082615,0.9855795019267581,0.9006723445687395,0.9501488413260789,0.9247492854829078,0.6695412171537611
274,0.1268294996850574,0.9860566957070142,0.9043393161024808,0.951087624594487,0.927124548117452,0.6676121651428247
275,0.12665865471902885,0.9861101040436213,0.9046272134775741,0.951353686817263,0.9274022535473302,0.6667613537628853
276,0.125701595087739,0.986219814891474,0.9054531515843832,0.9515961690132383,0.9279513911794008,0.6653302862143212
277,0.1261136333214626,0.9861455705573822,0.9050149859429129,0.9512751603579879,0.9275686536340354,0.6685308749686589
278,0.12688883424126557,0.9860724128262239,0.904329680534772,0.9512886346590168,0.9272149773836503,0.6575075833362436
279,0.12524415432121555,0.986316388658362,0.9060559536290421,0.9519714614304208,0.9284463763268732,0.6642262794147307
280,0.1263035315909797,0.9861008653437975,0.9044709015318564,0.9514461293579286,0.9273640190335272,0.6663730125499865
281,0.12653894909228275,0.9862134549169576,0.9055670439500869,0.9513724624826311,0.9279048084888455,0.6570471173939261
282,0.12917301679316234,0.9856173527872405,0.9013167217488679,0.9497577000384239,0.9249033821426161,0.6708712327654202
283,0.12615791079650993,0.9861158717937901,0.9046695812887814,0.9513677685662891,0.927431208114118,0.6662548210353338
284,0.12681802621266913,0.9860492851780026,0.9047578620719601,0.9504550503392155,0.9270436547606531,0.667464988509876
285,0.12903619748402156,0.9856118682748033,0.9010769246482729,0.9500066432721876,0.9248951039815124,0.6491215337732249
286,0.12362056890266604,0.9865489371354782,0.9076924517822149,0.9526387154440782,0.9296226247430401,0.6674185434402431
287,0.12330852123604952,0.9866003113101955,0.9079209075146322,0.9529579017553369,0.9298944119035576,0.6709125179928224
288,0.12311541052118466,0.9866356336302022,0.9082958582952714,0.9528972674007068,0.930062151435566,0.6554666791839707
289,0.12531163266325254,0.9862835073326232,0.9062576214235467,0.9513174056050663,0.9282409988053602,0.6650762203905889
290,0.12402283591080226,0.9864989791494183,0.9074465154714902,0.9523589028075473,0.9293604151671497,0.6665032130949794
291,0.12231267293829802,0.9867686729675766,0.9091976781511792,0.9533261256867338,0.9307391381620892,0.6595440822329145
292,0.12577774528303556,0.9862214164721013,0.9059083009357551,0.9510261066791337,0.9279190917183071,0.6678516403330819
293,0.12542181231101568,0.9862757054205645,0.9058760349123132,0.9517174929450437,0.9282311290782517,0.6704920596443686
294,0.12507243976599444,0.9862939047322578,0.9060337080157934,0.9517312433587987,0.928320438833581,0.6550089409047847
295,0.12357539639399058,0.9865542568550535,0.9078150953705635,0.9525443953368757,0.929642023938727,0.6610356354521747
296,0.12016358835035257,0.987099479188639,0.9115567733510833,0.9542494466424858,0.9324146711832477,0.6671036530761119
297,0.11986405822144686,0.9871789711454291,0.912189569667502,0.9543891044592978,0.9328123143797787,0.6682928577181303
298,0.11964538410265813,0.9872537922545377,0.9126483325793977,0.9546947612469825,0.9331981732279945,0.6650595154779697
299,0.1196899910901756,0.9872423391506312,0.9127528758544412,0.9544264901223986,0.9331246258659495,0.6687018026236041
300,0.12430246557909845,0.9864948129798768,0.9078103862010573,0.951840970556112,0.9293044268139827,0.6668893405022741
301,0.12242066904380315,0.9867371923811645,0.9091113186309813,0.9530617201403139,0.9305678678552544,0.6687275813305998
302,0.1223631786970758,0.9868455282385752,0.9101302873311936,0.9530484115069205,0.931095042194551,0.6714878454671828
303,0.12024912049346215,0.9871179359891791,0.9116269415511732,0.9543793852913426,0.9325134085315064,0.666673044119681
304,0.11918641361746826,0.9873458754159372,0.9136364880891785,0.9545357755393503,0.9336384344186606,0.6624516343568517
305,0.12106088747714729,0.9870094919864527,0.9110636568643007,0.9538079976161532,0.9319459601059603,0.6667963505492497
306,0.11974952205252455,0.9872048230256497,0.9124150406862884,0.9544097576912028,0.9329400580622897,0.666576762684732
307,0.11856000482875381,0.9874114835741067,0.9138687492192435,0.9550193593676709,0.9339910114633897,0.6695638067731275
308,0.11797600080864128,0.9875028715156198,0.9143990281352848,0.9554319270028637,0.9344652500271539,0.6643227270710507
309,0.11727287644404928,0.98765778710542,0.915681013929745,0.9556503873916768,0.9352388519438531,0.6673094227173353
310,0.11808474440217982,0.9875441727266495,0.9147928266360195,0.9554243062916261,0.9346671960181303,0.6588297010451268
311,0.13868266022751594,0.9842059070742939,0.8932608889920043,0.9433611621827617,0.9176276957285852,0.6561839023962002
312,0.12549670233398758,0.9862315357837812,0.9063436390646106,0.9505847680978915,0.9279371833981923,0.6603998390923108
313,0.11770525454189579,0.987481963421258,0.914478156991498,0.9550848533062787,0.934340518732138,0.6622054518433109
314,0.11603182606459307,0.9877369237276014,0.9163785441688255,0.9557100277404934,0.9356311202468076,0.660264582870725
315,0.114815710910729,0.9879352004392059,0.917583880757074,0.9565408509330346,0.9366574713629453,0.6623489750292765
316,0.11415551932192235,0.9880777359652512,0.9186991417292762,0.9568293335091619,0.937376637125714,0.6585986105467448
317,0.11609324750633573,0.9877658036766606,0.9164258075479219,0.9559916074984706,0.9357906777310283,0.6575458282038092
318,0.11623375866853324,0.987778724466994,0.916686703865594,0.9558174355909083,0.9358432016961081,0.6693590765025207
319,0.11923269436486326,0.9872699316554564,0.9129782384190399,0.9544682383665701,0.9332623362686892,0.667415227860279
320,0.11802677506947454,0.987502361687703,0.9148873833580942,0.9548109494820843,0.9344229235593933,0.6627491406584656
321,0.11531404604648322,0.9879175058056525,0.9174946415752733,0.9564437696985721,0.9365644339079164,0.6696177356163907
322,0.11619495020079805,0.9877877365766327,0.9167802383654998,0.9558067224171394,0.9358868059646226,0.6664294151936725
323,0.11674487839811895,0.9876896127268868,0.9158204883218976,0.9558511765660258,0.9354077509509947,0.6697913307765468
324,0.11611681044945177,0.9877789304580714,0.9167113336101624,0.9557890512026752,0.9358424306711942,0.6659001760897989
325,0.11428311224173343,0.9881334771508106,0.919152689355871,0.9569212238243755,0.9376567844162347,0.6679329698745602
326,0.1137566236111353,0.9881824566792524,0.9194123879407406,0.9571745848617553,0.9379135457065271,0.6623895779002396
327,0.11518390219648572,0.9879309518732334,0.917764456374678,0.956265511322665,0.9366194909116163,0.6638433093583648
328,0.12090321531835592,0.987039901419262,0.912205719507882,0.9527185120218928,0.9320220747354626,0.6649014226527674
329,0.12040205693469858,0.9870450717953062,0.9115583721046979,0.9536012996294677,0.9321059869570832,0.6656223429276847
330,0.11551567187126113,0.9878548278705598,0.9170954011284078,0.9562037725171308,0.9362413592598163,0.6621460574847671
331,0.11296910746399605,0.9882783197769232,0.9201015457241002,0.9574463902292321,0.9384025693603095,0.6662584947371294
332,0.11582066271343643,0.987847118654486,0.9172488821150758,0.9559211435307948,0.9361858115271293,0.6649261576408195
333,0.11288994717389104,0.9883521109306446,0.9207960207882776,0.9574534587150177,0.9387670216289976,0.659791383895249
334,0.11232679268982854,0.9883605256661586,0.9207223732201465,0.9576432033803266,0.9388199335618677,0.6684589712439577
335,0.11127027740697013,0.9886279484326881,0.9226862714438326,0.9583568443319525,0.9401833440108434,0.6634794637083983
336,0.1125225918392608,0.9883824843150154,0.9211077559107117,0.9574247982140587,0.9389152244392174,0.6616232838595304
337,0.11794953192822695,0.9874267217640614,0.914237952866904,0.9547339692540748,0.9340472366142257,0.6535483757649333
338,0.13102642515036617,0.9854001506453948,0.9013383760920431,0.9471138654644056,0.9236593234923192,0.6648111962487138
339,0.11385848788880916,0.9880528316439868,0.9185158135798442,0.9567643917960061,0.9372500399838652,0.6670053521669702
340,0.11096432031887882,0.9885595748443037,0.9223703966648096,0.9579446632545761,0.9398210096418015,0.6583344049205684
341,0.10996199299824848,0.9887027540924659,0.9231361356382912,0.9586797305537397,0.9405722607376805,0.6655028370804389
342,0.1111544318637758,0.9885798186174406,0.9223945682789845,0.9581519686892587,0.9399333163321897,0.6581650211631294
343,0.11169008364413947,0.9884969278078726,0.9218790751596366,0.9578154424988069,0.9395037395803748,0.6666076176226786
344,0.11097117434092608,0.9885438937735325,0.9219182247050749,0.9583174706572245,0.9397655234727664,0.6640584596341398
345,0.11041242885340577,0.9886504375085692,0.9227641282330534,0.9585243895340907,0.9403043864301336,0.6637759856981592
346,0.10990113126380104,0.9887759324227319,0.9238143550301129,0.9587040284736279,0.9409358776945783,0.6598719185270172
347,0.10927882123828898,0.9888833258709633,0.9243882654634061,0.9592565300383586,0.9414996734566385,0.6643003989131063
348,0.10977590827125745,0.9888124597905417,0.9240239908162851,0.958874279580481,0.9411266157489674,0.6541684758799561
349,0.10993831993314133,0.9888129078211352,0.9240484428789525,0.9588495951027763,0.9411274083216526,0.6657477075281436
350,0.1102191770293642,0.9887676258325335,0.9237425541664636,0.9586948615311246,0.9408942179667066,0.6523572248965728
351,0.11237928540398169,0.9883684717719715,0.9210054811809882,0.9573866946578704,0.9388437672722622,0.6524257708705731
352,0.11661516874024488,0.987723354065374,0.9169440526064592,0.9548427576681198,0.9355097311426159,0.6587260678213182
353,0.11114590596959918,0.9885810442643514,0.9225583665704453,0.9579649851512099,0.9399283567775586,0.6645524231204119
354,0.11273160439255746,0.9882951286488435,0.9206452406370804,0.9569711450052367,0.9384567974727118,0.6616457195229763
355,0.10969949890219298,0.9887998016388321,0.924033099034065,0.9587152386503036,0.9410547286960202,0.6656399120953981
356,0.10863149341828418,0.9889549335192637,0.9251349510486203,0.9591807094837984,0.9418502613987143,0.6599769704446103
357,0.10836452059949826,0.9890364235895049,0.9257054684527913,0.9594360585328054,0.9422689949807639,0.6662053825651486
358,0.10953978862804223,0.9887822100008173,0.923685475110489,0.9589352452703823,0.940980355776144,0.6638237255586962
359,0.10833412248169315,0.9890311914161376,0.9255160250500358,0.9596057574142065,0.9422526591954775,0.6658685550988488
360,0.10755012684433929,0.9891447697464695,0.9264110694423562,0.9598406188989442,0.9428296125532637,0.6631497273688937
361,0.11085445908804467,0.9885935839711916,0.9227722042222073,0.9578491282513792,0.9399835428073972,0.6608857846332687
362,0.1084793027279512,0.989021926967429,0.9254688194638218,0.959555228785348,0.9422038361994723,0.654646135064904
363,0.10741112968630868,0.9891878991283117,0.9265890363783125,0.960126782128173,0.9430598303430673,0.6622308763938617
364,0.1069015671180265,0.9892765216396099,0.9272554226625586,0.9603499364333282,0.9435125641283071,0.6631474636368326
365,0.10623074497656038,0.9894160599954781,0.928445697115137,0.9605325573903062,0.944216607810038,0.6589084691246823
366,0.10606159605186262,0.9894577319904473,0.9286357640213061,0.9607872437687708,0.9444379501048894,0.6679650717339556
367,0.10665895611128075,0.9893479696448252,0.9277172983518962,0.9606216313557145,0.9438827856159331,0.6659336055158652
368,0.1079404948133664,0.9891712344501455,0.9268403855493761,0.9596276807646511,0.9429491073883961,0.6629813141510267
369,0.10641598619139098,0.9893843579686578,0.9281054905831911,0.9605751339726558,0.9440612079846588,0.6576399795230666
370,0.10746726424827409,0.9892519675031772,0.9274013191679504,0.9598875028398194,0.943364816244128,0.6552797934071436
371,0.10655772612703779,0.9893998381981285,0.9282505776250903,0.9605797174439075,0.944138475436388,0.6669830228517913
372,0.11453279778562145,0.9879939078962807,0.9195574485068224,0.954778920405868,0.9368372534390234,0.6588184083207442
373,0.10629815368278007,0.9893617349985762,0.9279092745940739,0.9605494002665924,0.9439472614129704,0.667061879085469
374,0.10490546445801573,0.9896002726662694,0.929712032390093,0.9611450858616699,0.945167292200684,0.6644767443948505
375,0.10480863629084713,0.9896348791672819,0.9299939528730158,0.9612074873377465,0.9453431365627014,0.6630700413429059
376,0.10515424022777382,0.9895452987974735,0.9292497946046004,0.9610636326074993,0.9448890013119127,0.6599607572418993
377,0.10507667985446048,0.989591729186332,0.9299342392379442,0.9607788499419003,0.9451049490371852,0.6609045684301059
378,0.10443723236895958,0.9896736672871668,0.930215533270925,0.9613909918554477,0.9455463620912739,0.6630839155821652
379,0.10728392930766643,0.9892274236662985,0.927391201811232,0.9596142064636222,0.9432275798520714,0.6621173761271909
380,0.1098029389877043,0.9888211526140103,0.9245124491993081,0.958378767682397,0.9411410429095795,0.6582977326699574
381,0.10647928562125748,0.989337464099875,0.9278818753843465,0.9603003465877382,0.9438128122967169,0.6639933736724092
382,0.10592257787757164,0.9893816337366583,0.9280585119862822,0.960600260230722,0.9440490375896531,0.655590483285303
383,0.10301737591744754,0.9898670053626893,0.9316178032163328,0.9619495679001505,0.9465407536291042,0.6616926715627507
384,0.10222151596350168,0.9899997563125553,0.9327427795351892,0.9621415766898126,0.9472141195316964,0.6615187779090757
385,0.10500839290352201,0.9896387209008765,0.9302478522034574,0.960947057814581,0.9453482894628976,0.6535042520577378
386,0.10609532280189972,0.989388786776823,0.9283458282448223,0.9603362412421185,0.9440701086463069,0.6594178833575068
387,0.10678500918084077,0.9893029245459627,0.9279601771706933,0.9598041167965666,0.9436135656532868,0.6655574666229326
388,0.10522855127436131,0.9894887130484966,0.9289970346679152,0.9607113127691201,0.9445880492033657,0.6578848753112894
389,0.1024974828781786,0.9899422848019453,0.9321627667307547,0.9621691327398677,0.946928298138639,0.6566619696763646
390,0.10153605632303217,0.9900914841393462,0.9332256868246809,0.9626260993014016,0.9476979258083943,0.666108115705236
391,0.10202881956919826,0.990045280340673,0.9328679397304009,0.962518470560806,0.9474612856874519,0.6604256349391231
392,0.1013482607137964,0.9901430900540257,0.9337634656979064,0.9625823078230576,0.947953906215628,0.6641190724664394
393,0.10185542780996333,0.9900721209780654,0.9331393233786386,0.962505272372503,0.947594839901053,0.6588008015434826
394,0.1026281663229202,0.9899581203660247,0.9321373097733647,0.962382678322158,0.9470185655264471,0.6662719749917425
395,0.10333276327167239,0.9898625250567546,0.9318778051621164,0.961586921445819,0.9464992901503052,0.64694938454401
396,0.11714270785250111,0.9877735798398345,0.9179756802167661,0.9541491072778565,0.9357129200279085,0.6571926082829532
397,0.10481153902499823,0.9895078547693691,0.9289162756521384,0.9610309408607406,0.9447007562655347,0.659616372850671
398,0.10240035233994058,0.9899051446106801,0.9317729399248181,0.9622053587295192,0.946744655471309,0.6632604322029324
399,0.10026933626344584,0.990248459639921,0.9343805461340574,0.9630653394259263,0.9485061204262006,0.6604760249883661
400,0.10193501014232315,0.9900490448276135,0.9329232541347363,0.9624960502074545,0.9474789511685375,0.6640407149797053
401,0.10112901514953358,0.9901250812840792,0.9334522080679439,0.9627444964383115,0.9478720998406186,0.6612871997165288
402,0.09972243237929203,0.9903541897102018,0.9351035458779,0.9634273232097155,0.9490541563456482,0.656572040404567
403,0.0994894890933024,0.990432538416512,0.9357036117268193,0.96361999466992,0.9494566447846056,0.6566328738826547
404,0.09947687148485544,0.990435695229774,0.9357722730069488,0.9635752091857623,0.9494702493005124,0.655240343295687
405,0.10051427289562405,0.9902414610930644,0.9341342191523919,0.9632770074416798,0.9484818078042226,0.6671001417784095
406,0.09955917630153846,0.9904200553572182,0.9355044816943339,0.9637116640949528,0.949398606178402,0.6516662401659159
407,0.10018834338154432,0.9903484940569103,0.9351476545203835,0.9633094782982576,0.9490196893415201,0.6671949693072191
408,0.10019838537850148,0.990330135102132,0.9348741048222393,0.9634218561777406,0.9489333211096211,0.6535191450290854
409,0.09984778319648656,0.9903579696464732,0.9349442225820455,0.9636595892348286,0.9490847536313607,0.6563609938834355
410,0.1002106241018303,0.9903299342608315,0.9348935909794286,0.9633964538069484,0.9489310368666891,0.6583236178065722
411,0.10119289155758295,0.9902154186710972,0.9342625546500567,0.962824237793581,0.9483283903119046,0.6543154815145356
412,0.1036298271680296,0.9897171211049559,0.9308826323302377,0.9610942811200855,0.9457472424386362,0.6437130676694652
413,0.10056328535521769,0.9902027399202799,0.9337696595870446,0.9632634226955604,0.9482872667890454,0.6591722844854655
414,0.09857964976577746,0.9905679569508311,0.9366073651096118,0.964111696212385,0.9501605301235689,0.6632247039984711
415,0.09837854893581886,0.9905927994747722,0.9366977316687182,0.9642908933715606,0.9502940528860916,0.6605777523519937
416,0.09743413461668472,0.9907239024960186,0.9377632654428658,0.9645438126285788,0.9509650316922357,0.663167431501867
417,0.09787626438987544,0.9906420622409456,0.9370704988938688,0.9644181813382477,0.9505476795356262,0.6661301883766683
418,0.09827006942620174,0.9906441479006048,0.9373386702988528,0.9641266062995891,0.9505439434216413,0.6654356772495108
419,0.09889894100332838,0.9905110364663533,0.9362037773659999,0.9639328856110259,0.9498660030299746,0.6626901400007045
420,0.09897890763302054,0.9905279328844815,0.9363312901942628,0.9639768427570055,0.9499529736730389,0.6631786519371544
421,0.10095927412458507,0.9901966271350563,0.9340096946684038,0.9629076238368337,0.9482385415115667,0.6622320166639161
422,0.10211223379942284,0.9900163540436213,0.9328695360356569,0.9621823309281706,0.9472992273005713,0.6600154197764352
423,0.10223469836009802,0.9899385409141126,0.9320581858048271,0.962250751661674,0.9469138556487134,0.6598849985653845
424,0.09925906500726375,0.9903698604814193,0.9350633484199266,0.9636555027664838,0.9491441458824501,0.6613842609639962
425,0.09798228517777194,0.9905419196786407,0.9364838746677674,0.9639577909789113,0.9500222431767545,0.6545609357328427
426,0.09618169800290521,0.9908761556511427,0.938895376874027,0.9649635591946476,0.9517510015217646,0.6587780713056666
427,0.09567358143969044,0.9909481546824903,0.9393600040069748,0.9652454702878961,0.9521268326429005,0.6585332427327243
428,0.09575482169693371,0.9909384834014038,0.9393587477231158,0.9651360744258539,0.9520729630885382,0.6575222155010658
429,0.09580289855639568,0.9909870509476908,0.9396574944581823,0.9653435455281721,0.9523273512636802,0.6617214581719886
430,0.09778282330484403,0.9906531703097974,0.9372181006971158,0.9643721257355505,0.9506012383568764,0.6598152208727666
431,0.09767481088236657,0.9906524905392418,0.9373874648009145,0.9641650964135939,0.9505877395252432,0.660250171441178
432,0.09698765605406941,0.9907687004055882,0.9380474692959708,0.9647245007964748,0.9511989778743534,0.6621078847595688
433,0.0966101250739271,0.9908405809920662,0.9385129571782629,0.9650034850948276,0.951573891741297,0.6595358019015772
434,0.09602287780202302,0.9909479486914129,0.9393250251625693,0.9652840156244461,0.9521276155349858,0.6644438702220296
435,0.09545170568994113,0.991031642866183,0.9399371601361778,0.9655278231615062,0.9525606485449759,0.6574214209781989
436,0.09518188855678567,0.9910787221269354,0.9402904938220754,0.9656547245703769,0.9528038361918278,0.6653962659561873
437,0.09565121967676836,0.9909938074550313,0.9396767799407328,0.9653984367381014,0.9523639659491825,0.6554030451198224
438,0.09771593404065246,0.99066493240032,0.9371929979507844,0.9645368545878835,0.9506683456417564,0.6509704115825201
439,0.09826749832321692,0.9905603661796268,0.9366827589663422,0.9639355362931955,0.9501137601935121,0.6509343710016317
440,0.09672016264855701,0.990852904408275,0.9388145628860103,0.9647914857438029,0.9516257816228997,0.6601589815038248
441,0.09504213016430002,0.9911033226113605,0.9405112847368352,0.9656789672677198,0.9529289798782721,0.6596015194517861
442,0.09423530144953342,0.9912503023949017,0.9415150976377983,0.9661922608253584,0.9536940734146054,0.6668129348118728
443,0.09571359970298096,0.9910456245105652,0.9402900771990315,0.9652762292455728,0.9526193416057812,0.6577825941350818
444,0.09930271562941954,0.9904561707428731,0.9363694899855355,0.9631061488868294,0.9495496493658286,0.6530063379496028
445,0.09624861701921311,0.9909271693414745,0.9393537116739646,0.9650122654795145,0.9520101327834491,0.6590107767184394
446,0.09975799666140278,0.9902835296208577,0.9348665665671301,0.9628935973103528,0.9486731236340955,0.6623270915880973
447,0.09438674674040545,0.991122541578887,0.940607236721554,0.9657871482337677,0.9530309026614595,0.657541358571631
448,0.09297328012571181,0.9913407170285737,0.9421585864025163,0.9664784792771325,0.9541635905514061,0.654754367406671
449,0.09315852125017147,0.9913142935231132,0.9422123748917488,0.9661142313689901,0.9540136173425215,0.66563357744489
450,0.0932811601062348,0.9913296656072683,0.942261100597014,0.9662333463989875,0.9540966680248908,0.66098624614669
451,0.09531875340283077,0.9910367823435654,0.9401509158924425,0.9653372501580193,0.9525776292405684,0.6544047493989718
452,0.09670333973962984,0.9907797157784551,0.9382607532614167,0.9646006918501353,0.9512484201693778,0.6527442000753808
453,0.09491695489764534,0.9910732839624905,0.9401752364912015,0.9657269004369539,0.9527797880195715,0.6573736449837534
454,0.09334984444824833,0.9913224713688882,0.9420582476815752,0.9663864232942833,0.9540672720119888,0.6631477525226357
455,0.09313983194068115,0.9913553629941808,0.9423643980876606,0.9664071317487335,0.9542343447422196,0.6477748591383111
456,0.09335435720065212,0.9913400733064567,0.9423228313169377,0.9662806721202244,0.9541513857219448,0.6620275134996143
457,0.09306259575799469,0.9913789232236648,0.9424669672504276,0.9665573370716788,0.9543601514985129,0.6594349184403736
458,0.09241882190509948,0.9915049279657442,0.9434558165244913,0.9668512314572357,0.9550102628746849,0.6545258194192765
459,0.09396520189720023,0.9912745835931568,0.9418447503943952,0.966086951431661,0.9538118400774808,0.664277815034923
460,0.09407110548404991,0.9912541492782732,0.9418170980353303,0.9658854995867697,0.9536994701261272,0.659009476697488
461,0.09328206259044354,0.9913631803555703,0.9424236136738916,0.9664277849806384,0.9542747708053985,0.6619004185093
462,0.09224966072007973,0.9915266188262002,0.9434163790399847,0.9671442422820695,0.9551329687008318,0.6627212240125032
463,0.09194586527435927,0.9915705567230214,0.9439350091925816,0.967046332709429,0.9553509172906768,0.6592606897962725
464,0.09411511838315632,0.9912176682584558,0.9413031071052825,0.9660655250841232,0.9535235770184146,0.6524389180601035
465,0.0944748729708381,0.9911429552946628,0.9407829624688407,0.9658160848474527,0.9531351846438939,0.6613440656297946
466,0.0924433161507077,0.9915240439377321,0.9435867124818296,0.9669180507369283,0.9551099189065232,0.6652453974688658
467,0.09247252187438089,0.991514980330324,0.9434845118116167,0.9669327399339517,0.9550647255280886,0.6664558009467089
468,0.09236022781811634,0.9915089756904162,0.9435099746101225,0.9668348303613111,0.9550300070149103,0.654526635948665
469,0.09474125116902862,0.9911211459893372,0.9406429628517213,0.9657295511191235,0.9530211956172255,0.659911195550526
470,0.09207231327489701,0.9915225968504129,0.9435727585201769,0.9669176641791118,0.955102581841077,0.6629541835828507
471,0.09107107694218101,0.9916941925677101,0.9449976023211085,0.967230886455489,0.9559849923333531,0.6642872852919622
472,0.09048984867503058,0.9917557530012076,0.9453821253064293,0.9674896593022985,0.9563081411755869,0.6566878108776278
473,0.09131722013664374,0.9916323952444736,0.9443395963972574,0.9672845627694239,0.9556743769184901,0.6534467055580573
474,0.09109229444854985,0.991687157972415,0.944847755848387,0.9673231633285191,0.9559533730850103,0.6549811980796744
475,0.09089411356338273,0.991702133523746,0.9448506475520384,0.9674903771953861,0.9560364993102234,0.6619515594171727
476,0.0917557900485324,0.991598767201079,0.9440925591900861,0.9671861561938766,0.9554998400438537,0.6593139115624082
477,0.09450346403165326,0.9911603718402616,0.941036004886254,0.9657208259569818,0.953218630916998,0.6635072101446479
478,0.09206179969233644,0.9915626775643087,0.9437932067695186,0.9671201652523621,0.955314307240655,0.6592700643045674
479,0.09126459762976176,0.9916378076600336,0.9447432916663092,0.96688132774437,0.9556841222368332,0.6488679659076616
480,0.09011228849503872,0.9917716349132794,0.9452150975282306,0.9678624114824017,0.9564047032640771,0.65472041543192
481,0.08946461397200582,0.9919125791582513,0.9464833035256731,0.9680101317908131,0.9571256923450692,0.6575201743195747
482,0.08983998964578314,0.9918820615801263,0.9461230967990826,0.9680760122872372,0.9569736714790256,0.6645728169324197
483,0.0902199221528926,0.9918703097891575,0.9462349173412828,0.9678142022004417,0.9569029156786918,0.6638942303290559
484,0.09106468061873856,0.9917262962771315,0.9452377922805777,0.9673202365336234,0.9561515321720933,0.647913178502501
485,0.09027506208243075,0.9917951796934326,0.9455103162781011,0.9677910639540027,0.9565209584067336,0.6605997603005446
486,0.09043011961961692,0.991807935690904,0.9456819473149485,0.9677390995389691,0.9565833904143285,0.6528640766689998
487,0.08995800465345383,0.9918994266279557,0.9463398356865514,0.968024986655472,0.9570595908582227,0.6563723157869069
488,0.08962408748437774,0.9919283735241151,0.9465272628500847,0.9681392973240369,0.9572113058373876,0.6622644784230864
489,0.09203875849068646,0.991528575741436,0.9438158733540827,0.9667051678251805,0.9551234062134766,0.6567043256129695
490,0.09022796461283357,0.9918155213123313,0.9455860988155833,0.967935470909702,0.9566302677989983,0.6590314788886129
491,0.09021198457342916,0.9918275408917008,0.9460222054461083,0.9675717200044665,0.956675625180387,0.6546543799765862
492,0.08932150113132764,0.9919488696363219,0.9467115420670159,0.9681612206744815,0.957316245787509,0.6587380610867114
493,0.08843132508090243,0.9921216601018683,0.9480612163212316,0.9685812433532764,0.958211383708345,0.6600920641270679
494,0.08812107201012961,0.9921516009049764,0.948266128764146,0.9686873258626065,0.9583679543825762,0.6593614380171205
495,0.08877990540428303,0.99203984559568,0.9475099121711281,0.9682817714906542,0.9577832329957893,0.6575542333416045
496,0.08964121285474526,0.991898921949816,0.9464640181460039,0.9678769902343347,0.957050746171183,0.6571225272988412
497,0.08876331505990735,0.9920576432247722,0.9475846176524497,0.968398511951208,0.9578785110412852,0.654155855409951
498,0.08879052656840764,0.9920297623324387,0.9473029411450123,0.9684037028704569,0.9577371136762594,0.6619540276250491
499,0.08797575569538414,0.9921724214531302,0.9484211019150836,0.9687469109888779,0.9584762593709415,0.6573053646778034
500,0.08839019562677553,0.9921018849584327,0.9477831191602325,0.9686740724517584,0.9581147315539426,0.6540567711762748
501,0.08901315700574063,0.9920700953854044,0.9477246066062671,0.9683800676211111,0.9579410049731556,0.6557247096899675
502,0.0890081508782996,0.9920540486804706,0.9476681798306892,0.9682623331547436,0.9578545742032857,0.6443161029833725
503,0.08981679383956519,0.9918619928994051,0.9460975550773176,0.9678771006794251,0.956863410718547,0.6606095335241082
504,0.08871462257363083,0.9920458038875954,0.9475330231722704,0.968323022731919,0.9578152211362656,0.6567663572051922
505,0.08719853546741517,0.9922573721734729,0.948952555843771,0.9691050844170481,0.9589229514642725,0.6571846379662073
506,0.09127823972316444,0.9916832544414972,0.945044562269802,0.9670523519668559,0.9559218048540679,0.6640120204148368
507,0.08860094766973485,0.9920308849838108,0.9472015698993743,0.9685323161782288,0.9577481894008042,0.6485096230492758
508,0.08860086361473461,0.9920784122751566,0.9477943120204305,0.96839492248577,0.9579838804991558,0.6467787966415747
509,0.08974515844508002,0.9918761084379878,0.9463724639417904,0.9677225327754089,0.9569284276123771,0.6575752762804256
510,0.08662401623722678,0.992320415742728,0.9493977578385594,0.9693133286349992,0.9592521847991948,0.6567732267181162
511,0.08616988102822612,0.9923987181010457,0.9500820768698013,0.9694233871675837,0.9596552886169821,0.6546950003165978
512,0.08699259663005723,0.9922158598215887,0.9488395317659293,0.9687631464171668,0.9586978373533394,0.6576185364976713
513,0.08933398417746924,0.991900858265944,0.9466815158651646,0.9676500255735607,0.9570509320955731,0.659936268964522
514,0.08820726094903007,0.9920201888971139,0.9471486961183694,0.9684712952657822,0.9576913256958223,0.6609232964522872
515,0.08648117226008778,0.9923437854304653,0.9495793300764525,0.9693718093103665,0.9593734977265458,0.6518442495997694
516,0.0869417287851119,0.9923112954877736,0.9493536787926907,0.9692600941014259,0.9592036177808885,0.660248475538412
517,0.08593282141695126,0.9924637855326369,0.9505809562511633,0.96959452183516,0.9599936029393673,0.6572937894182661
518,0.08533232206242747,0.9925381998093676,0.95111552838518,0.9698313713315249,0.9603822753502899,0.6572636408276481
519,0.08530534972559731,0.9925324681076374,0.9509719442192537,0.969928894346349,0.9603568782860704,0.6570979739319387
520,0.08524794645627554,0.9925398734868719,0.9509727336596125,0.9700117281641497,0.9603978825923222,0.6522711414895942
521,0.08597985546624243,0.9924568745319883,0.9504122659107818,0.9697073414950046,0.9599628566324178,0.657618201883918
522,0.08617118053198504,0.9924565912942568,0.9506981569561883,0.9693805344725082,0.9599484558900873,0.6630904088054819
523,0.08840284945388045,0.9921317536646637,0.9482173962900874,0.9685177374262959,0.9582600653461159,0.6503279180288492
524,0.08686299727491613,0.99233814642472,0.9495099559840704,0.9693867193975706,0.959345391625807,0.6574880884060803
525,0.08576269773138823,0.9925168848826279,0.9510210129752429,0.969697235769233,0.9602683246679922,0.65150406022986
526,0.08669679702292234,0.9923457165968165,0.9496919100699126,0.969265892468672,0.9593790708336152,0.6615954335592333
527,0.08517895795585653,0.9925698554881955,0.9513387118937616,0.9699370120604934,0.9605478445046796,0.6550367687177125
528,0.08778977270597074,0.9922149843595095,0.9489042775286785,0.9686795947062785,0.9586899684343078,0.6561912601344031
529,0.09776904272302142,0.9905854043950916,0.9375345208617267,0.9632215087837532,0.9502044466903191,0.6577757393116483
530,0.08658332934959558,0.9922822661951833,0.9492306557209098,0.9690710121066595,0.9590482328088293,0.6541806830114983
531,0.08491557240084496,0.9925590770050677,0.9513507007028047,0.969801661602207,0.9604875786124911,0.6521869809419122
532,0.08378730648049126,0.9927042131684658,0.9521694960782585,0.9705173457880053,0.9612558758421579,0.6593509201406355
533,0.08377166864565119,0.992752682868991,0.9527316042365378,0.9704314747302185,0.9615000889244216,0.6535877498228359
534,0.08403376195670138,0.9926491981014544,0.9518548126442626,0.970250897007413,0.9609648222274753,0.6596004171042984
535,0.0834852248189263,0.9927804813648936,0.9528308928939377,0.9706334235780167,0.961649773006357,0.657433246373653
536,0.08381616332219297,0.9927718194400866,0.9528397015787815,0.970525794837421,0.9616014329574804,0.6604709525346787
537,0.08495936876117702,0.9925803249847073,0.9512386438873376,0.9701683945248835,0.9606102710155825,0.6603091637206436
538,0.08661850185366975,0.9923193548886792,0.9494458137538675,0.9692467302454874,0.9592440992218829,0.656472025303274
539,0.08724812920283115,0.9922910877630753,0.9493115702536118,0.9690790193757135,0.9590934511007424,0.6631594064256405
540,0.08518369251867189,0.992601392722154,0.9515214357201391,0.9700870517158031,0.9607145578897829,0.6626359215786572
541,0.08395610352089462,0.9927171597076838,0.9523133700873564,0.9705013864724423,0.9613213575285775,0.661718101706787
542,0.08317161091374901,0.9928126314223075,0.9530047989092028,0.9708005269997934,0.9618203552661865,0.6558590579709277
543,0.08807252010084549,0.9920773565708847,0.9478598646730962,0.96830816786726,0.9579749096844248,0.644787675883941
544,0.08899688995832382,0.9918808307834385,0.9464118102869294,0.9677311474924601,0.9569527536562853,0.6559900442378696
545,0.08438128689831158,0.9925891568521531,0.9513084097625762,0.9701893790920596,0.9606561305935815,0.6549552103385752
546,0.08291307738367117,0.9928567444115445,0.9533639952967011,0.970894350104089,0.9620493202885795,0.6557151192389418
547,0.08267506792378233,0.9928394823592537,0.9530604579467518,0.9710408002939607,0.961966617764525,0.6474731114396257
548,0.08314715632089387,0.9927653770691391,0.9526570442098545,0.9706586050586281,0.9615735804819319,0.650290344365194
549,0.08364034691107562,0.9927160319065348,0.9524371042762609,0.9703493035829602,0.9613097711357518,0.655436335759342
550,0.08344474991135842,0.9927841531558492,0.9527546209704545,0.9707606563221586,0.9616733613564628,0.6579896695810797
551,0.08273577575654675,0.992904621887722,0.9536238106731505,0.9711423545545843,0.9623033588050043,0.6607172762857155
552,0.08292515830932602,0.9928674353484644,0.9532943820789969,0.9710930960442655,0.9621114286583422,0.6595101759653097
553,0.08253875628836714,0.9929332340483805,0.953800880525007,0.9712661082783787,0.9624542675014729,0.6583341611394687
554,0.08316077747836588,0.9928530520214811,0.9533808671962712,0.9708337709720041,0.9620281689092656,0.6573632978045096
555,0.08545075663217316,0.9924968213516838,0.9504788454058235,0.9700838488081815,0.9601812836829955,0.6554274879413248
556,0.08377239059887806,0.9927616383310833,0.9526266743930085,0.9706505977895741,0.9615541808181739,0.6548544747997889
557,0.08259197567511761,0.9929196952848148,0.9538055658367869,0.9711082822441957,0.9623791584835096,0.6551897342447557
558,0.08287071098254697,0.9928707827034731,0.9533657752372013,0.9710506299070063,0.962126943109792,0.6581569023377881
559,0.08237414734784483,0.9929668311931135,0.9541095764457873,0.9712984686898661,0.9626272964896001,0.6575726437420759
560,0.08248473812306345,0.9929501047176241,0.9540250779009101,0.9712047560306609,0.9625382660289882,0.652864393230028
561,0.08289738221350063,0.992906002027941,0.9536671908786571,0.971109221027464,0.96230917744517,0.6579379553808156
562,0.08279669152276535,0.9929008831496662,0.9536465362237612,0.9710747069367137,0.9622817163529275,0.6631160367197578
563,0.08285141362735846,0.9928969075218713,0.953582457230775,0.9711018212064072,0.9622624045531322,0.6589176360946136
564,0.08430574352368511,0.9926994702239074,0.9523124839707423,0.970302695754811,0.9612234212461318,0.6517706432598451
565,0.08351548797277748,0.9928144647428968,0.9530288397995761,0.9707941764070953,0.9618294820588088,0.655746793343214
566,0.08251179008671858,0.9930178603327761,0.9544661227562665,0.9714737450483324,0.9628948383032974,0.6527302353983495
567,0.08164771790854693,0.9931089650365577,0.955234403973127,0.9716398544642955,0.9633672910326855,0.6568802176713354
568,0.08145271327015204,0.9931039903520371,0.9551594029613516,0.9716676866270765,0.9633428266091053,0.6549501058680532
569,0.08552186450145316,0.9925326534996072,0.9511531404063525,0.969726172382918,0.9603498648302965,0.6586212486235404
570,0.08232720462339264,0.9929813741631819,0.954199031900438,0.9713620298393919,0.9627040418652021,0.649219951767398
571,0.08126610210240691,0.9931423304413285,0.9555455342374459,0.9716677418496217,0.963539202440657,0.6581489428376253
572,0.08289722774950962,0.9929013981273598,0.9537201127864918,0.970997947598885,0.9622814802434392,0.6510124107490557
573,0.08257986770847416,0.9929667848451211,0.9541879014913197,0.9712101678400905,0.9626237885240724,0.6545525294179846
574,0.0815210354456683,0.9931665549920372,0.9556495077555637,0.9718241320976295,0.9636689542844427,0.6522157226277621
575,0.08087291699053463,0.9931930917925904,0.9558913924937696,0.9718526821534982,0.9638059593698867,0.6536181403245878
576,0.08132149477933616,0.9931382312188871,0.9553561114180095,0.9718331333724972,0.9635241850333744,0.6568811033117614
577,0.08100151872096678,0.9931908773885078,0.9557602970458482,0.9719740060853036,0.9637989667642811,0.6594199522110579
578,0.0808126642155358,0.9932107349283744,0.955932826383616,0.9720048202655255,0.9639018323127532,0.6603469284420029
579,0.08049657335379375,0.9932560735645224,0.956271115012826,0.9721373543740066,0.964138963887085,0.6534643793777627
580,0.08094310748448591,0.9931552615312157,0.9554315093088517,0.9719404860003669,0.9636152935268996,0.6612002556069495
581,0.08150305618052534,0.9931100052914988,0.9551759831502682,0.971716834692305,0.9633754138542018,0.654828729992366
582,0.08150308077145779,0.9930866150046538,0.9549588121308362,0.9716964023505807,0.9632549043190185,0.6606327039766757
583,0.08146559777406026,0.9931178484017729,0.9553233266608188,0.9716404619122927,0.9634128092045231,0.6527089226115599
584,0.08071350504084418,0.9932280381788807,0.9560480414033539,0.9720708664295853,0.9639928784265508,0.6480914593868511
585,0.08257090648751696,0.9929599510911264,0.9543865222146233,0.9709107512000135,0.962577725542759,0.6431008457693399
586,0.08419680635562804,0.9926940166101317,0.9522119000394992,0.9703544392796639,0.9611975674820781,0.6514869693839332
587,0.08152417159787406,0.99308457054321,0.9549794232339868,0.9716503467478835,0.9632427591224533,0.6515311515208563
588,0.08402249477100822,0.992680313053704,0.9519782706155807,0.9704630620260732,0.96113179819578,0.6523481444095129
589,0.08120854892780517,0.9931360322641353,0.9553654592175458,0.9717979566112045,0.9635116497739044,0.6578396056334881
590,0.07971811352794704,0.9933284897278017,0.9567474291905085,0.9724205908083399,0.9645203431771069,0.6564921066678074
591,0.07941549752821338,0.9933782108241225,0.9572722536166537,0.9723954093277285,0.9647745700141034,0.6561953758757074
592,0.07888172545804167,0.9934401265922286,0.9576085392351207,0.9727168597633404,0.965103574403197,0.6586367229148047
593,0.0805356620918869,0.9931929167001745,0.9560106458375925,0.9717177734755733,0.9638002188329369,0.6545161663592596
594,0.07957635394164495,0.9933664178349382,0.9571574187258354,0.972390604966296,0.9647138811936571,0.655721458486192
595,0.08181735810966825,0.9929746640038337,0.9542727840087979,0.9712038172473925,0.9626638619446183,0.6538405665362865
596,0.08299165066442078,0.9928528202815189,0.9534586086246035,0.9707438686684177,0.9620236012309298,0.655943070576932
597,0.079793967216243,0.9933375275863251,0.9569117096722056,0.9723393584443499,0.9645638488917979,0.6585983400577299
598,0.07880516362820834,0.9934723075483041,0.9578422960817065,0.9728185244690546,0.9652723246151955,0.6561264330730113
599,0.07863519872937884,0.9935169612641195,0.9582328758070574,0.9728863377545608,0.9655040110554031,0.6603299000574486
600,0.07920202104791477,0.9934029143040863,0.9574235085549802,0.9725046947446803,0.964905176614044,0.6550581906757571
601,0.08090925232740746,0.9932130574777728,0.956120877722618,0.9718213157478243,0.9639071674963108,0.6604852086907399
602,0.08019224918796367,0.9932688244122169,0.9563120404652652,0.9722350430564662,0.9642078078169849,0.6569753651750939
603,0.07882296083108434,0.9934540103908491,0.9577175560603542,0.9727516499668167,0.965176061810524,0.6556475210942238
604,0.07827251029986577,0.9935271269237919,0.9583028122178887,0.9729228398569383,0.9655574867745115,0.6603690019421155
605,0.07833361076416995,0.9935363810729465,0.9583201983936105,0.973007330351095,0.9656079188873363,0.6541408136780575
606,0.07935902292556518,0.9934188322645967,0.9575413860529997,0.9725524622462787,0.9649885507164823,0.6509677260263403
607,0.0793967510490726,0.9934233228700852,0.9575668826766947,0.9725745512643589,0.965012371475094,0.6560215014015661
608,0.07969245920083272,0.993400514508034,0.957342216738585,0.9725680350040252,0.9648950646478252,0.6550031808852196
609,0.07904190927583252,0.9934729409708672,0.9579676290265272,0.9726866530311158,0.9652710331928249,0.657649181864134
610,0.0782639779291063,0.9935752309901547,0.9586229347099722,0.9731076144931791,0.9658109694220803,0.6593139494660324
611,0.07834132589058414,0.9935832749417293,0.9587178759244664,0.973092704405975,0.9658518077751829,0.6535657199664724
612,0.07895132956519281,0.9934960686190886,0.9580833519787145,0.9728177513534217,0.9653943337363775,0.6556674226884859
613,0.08039071736229719,0.9932683145843001,0.9565071542983936,0.9720120544189467,0.9641972762453017,0.6641960623581086
614,0.07931565877923746,0.9934288794793996,0.9575037563723519,0.9727069749277496,0.9650454919143246,0.6551922710860484
615,0.07880012864733964,0.9935457485171938,0.9585466136561107,0.9728616532768561,0.9656510839991979,0.64833830029086
616,0.07911659527138237,0.9934293481091008,0.9576091391357604,0.972595259718809,0.9650440232542683,0.6536421589635643
617,0.07808393516108353,0.9935934715000633,0.9587279125492375,0.9731958601204095,0.9659077119647258,0.6579739799465554
618,0.07770594861107374,0.9936636526601523,0.9594303718356774,0.9732056345109099,0.9662689101570328,0.6561114693101516
619,0.07757341959124626,0.9936861674849181,0.9595427749040656,0.9733336403706846,0.9663890094659826,0.6574727214560401
620,0.07771513460460056,0.9936629213918273,0.9593333322447363,0.9733045933119092,0.9662684628545589,0.6527501718876461
621,0.07755661707602421,0.993696297096152,0.9596730173127218,0.9733033231933695,0.9664401134728082,0.6503912774199567
622,0.07802792476876727,0.9936006451393357,0.9589092793557448,0.973075640639508,0.9659405222754566,0.6544395187796318
623,0.07799284502542565,0.9936317600915853,0.959225819642838,0.9730743705209683,0.9661004696762855,0.6493047154144846
624,0.0785308275421996,0.9936036011112972,0.9588728574767162,0.9731490314020794,0.9659581993998306,0.6574524513720245
625,0.07778611425762227,0.9936549804357915,0.9592952167295264,0.9732577645935792,0.9662260514899648,0.6607573798153776
626,0.07710470795892481,0.9937538252543083,0.9599681021081009,0.9736217363889955,0.9667467131281589,0.6543920934148678
627,0.08080976002540871,0.9931913872164244,0.9561720245901595,0.9715207946568433,0.9637853042595638,0.6531372293557618
628,0.08002266225548124,0.9933040849349002,0.9567561976980654,0.9721367469260094,0.9643851518289042,0.6495246927664153
629,0.07812431322114487,0.9935815034184631,0.9587316790878178,0.9730575828672274,0.9658415114361889,0.6576802011282518
630,0.07736921469075982,0.9937056748399532,0.9597395402771762,0.9733349104892243,0.966489417061299,0.6498110003552685
631,0.07871652848396019,0.9935218072042166,0.958492757156454,0.9726529120559984,0.9655209198309775,0.6492331261066144
632,0.07638648674494494,0.9938422314749752,0.9608543795606714,0.9736347689096628,0.9672023567970283,0.6564029540747255
633,0.07670766916979516,0.9938028459809658,0.9604543149015199,0.9736344927969369,0.9669994945646434,0.6594351018765455
634,0.07647914997731257,0.9938350578357028,0.96079957144601,0.9736148335708456,0.9671647527254592,0.6497195273332012
635,0.0780840099580847,0.9935656060570606,0.9586946427738683,0.9729204100649494,0.965755142158186,0.655240967226243
636,0.07663508694408075,0.9938180378229281,0.9605196636060889,0.9737324575921226,0.9670809325821828,0.6564138268359413
637,0.07641818393473676,0.9938588292060412,0.9609402682996134,0.9737258861092437,0.9672908290826011,0.6549446309604836
638,0.07668388556096592,0.9938282652799237,0.960714597668825,0.9736323391176741,0.967130335478216,0.6467418877668126
639,0.07651946852310006,0.9938373391868857,0.9606845842262939,0.9737668060152372,0.9671814591870537,0.651935983051482
640,0.07652643551884314,0.9938468508248871,0.9608333899145005,0.9737094850133191,0.967228586559145,0.6549503483423583
641,0.07642085125263168,0.993837720270379,0.9607265100906086,0.9737249473259753,0.967182057576118,0.6527523877583293
642,0.07709989305133769,0.9937339625646647,0.9598623226933701,0.9735160956600271,0.9666409968054278,0.6547136697428722
643,0.07826922631087008,0.993586045521721,0.9588364606725615,0.9729925859315265,0.965862656424201,0.6567638288175516
644,0.08377364368210584,0.9928042836338935,0.953358340044575,0.9703092120151446,0.9617590926314069,0.6593995033050212
645,0.07934627566496638,0.9933927537941909,0.9575955421236269,0.9721997558500831,0.9648423884473584,0.657187877566133
646,0.07629880741881231,0.9938322821059341,0.9607008543962934,0.973692366024307,0.9671529842885902,0.6592445302553732
647,0.07809850226113739,0.9935945941514354,0.9589429178329332,0.9729706625810819,0.9659058620431615,0.6545749304264551
648,0.07839582010481075,0.9935021247567657,0.9584083208283125,0.9725257345344016,0.9654154201784505,0.6537032261245586
649,0.07558624754657321,0.9939442897543004,0.9615207093047045,0.974043305299056,0.9677414983315609,0.6607064135196904
650,0.07505197227603663,0.9940088525077518,0.9620231842025991,0.9742132250706379,0.9680798319731223,0.6546117321985915
651,0.07501228791824731,0.9940328401687215,0.962339531056828,0.974134477721182,0.9682010832338064,0.6480680075599166
652,0.0748207695139547,0.9940532126862819,0.9624102046861303,0.9742844621539465,0.9683109317112853,0.6517268246587362
653,0.07487204454517911,0.9940271496652068,0.9621069810256802,0.9743256581726661,0.9681777703441667,0.652928551224439
654,0.07618980172951266,0.9938777958344979,0.961132025015577,0.9737271562277833,0.967388596080116,0.6527646069893199
655,0.07574902684741586,0.9939530701239769,0.96166948431985,0.9739781426957195,0.9677846785255443,0.6560549617562
656,0.07548845663285159,0.9939860183968159,0.9619187110549005,0.9740727941381931,0.9679576011544564,0.6511912778916311
657,0.0755776617364742,0.9940181375555681,0.9621995513326083,0.9741236541023227,0.9681248877138794,0.6427359792387682
658,0.07521115543165136,0.9940375316155106,0.9621866966786877,0.9743542082285348,0.9682322275090876,0.6579727380395708
659,0.07667856808058977,0.9938081193525486,0.9605362450219677,0.9736032920588986,0.9670256280544466,0.6582651573424976
660,0.07714753017592622,0.9937771434442763,0.9603304845067955,0.9734833486907232,0.9668621868959123,0.6618640759022144
661,0.07659148721079621,0.993826946937028,0.9606316208919164,0.9737088775653219,0.9671260443323668,0.6563190110273338
662,0.07710664903097397,0.993803067421374,0.9603970744975211,0.9736999867355447,0.9670027812388103,0.6601266916237805
663,0.07545162818703369,0.9940047635848643,0.9619592640701186,0.9742376334356165,0.9680595171869535,0.6601834394989058
664,0.07513488325066965,0.9940585015071955,0.9625003048363161,0.9742448675890378,0.9683369762738434,0.6538707455182179
665,0.07651079937092699,0.9938486841454764,0.9609019102859488,0.973654649025935,0.9672362461613441,0.6589090728078877
666,0.07631280977088165,0.9938599364080825,0.9609583104824072,0.9737184310656416,0.9672962912178376,0.6520535120074898
667,0.0755605542043229,0.9939888610736848,0.9618530145047931,0.9741765573006248,0.9679755639535063,0.6568871614530997
668,0.07516795859704763,0.9940502361152126,0.9623437464205808,0.97432400149631,0.9682968189416946,0.6514587542199176
669,0.07661404937124155,0.9938614761913864,0.9609888932417446,0.9737020299697171,0.9673036916662731,0.6521215667811586
670,0.07703370445299984,0.9937732759617971,0.9602082173128638,0.97357474200303,0.9668452841990842,0.6461687015362121
671,0.07519565680317801,0.9940267840310444,0.9621312784383373,0.9742949544375347,0.968174913326632,0.635190068109932
672,0.07505013209810314,0.9940436135020725,0.9623288990048534,0.9742663491591208,0.9682608320067404,0.6509822982505614
673,0.075693843735638,0.9939922805255705,0.962021911392314,0.9740296101078463,0.9679885239237762,0.6495181742850434
674,0.0741277920267974,0.9941652512333098,0.9631827329837903,0.9746894090779017,0.9689019089228667,0.6493805697399567
675,0.0741355461131209,0.9941948727502479,0.9634244480045551,0.9747556761321422,0.969056939055353,0.6584830833091245
676,0.07434309696191244,0.9941669455099218,0.9632739999863549,0.9746086184942734,0.9689081613149716,0.6571513005341164
677,0.07469827937328752,0.9940974904683809,0.9626780788109618,0.9744853617733858,0.9685457367690405,0.656041837116657
678,0.07551438379982572,0.9939852304809447,0.9617552685865544,0.9742432109126817,0.9679589637098401,0.6569375602710728
679,0.0743749510506896,0.9941768176323089,0.9633343318064409,0.9746527965304338,0.9689605124412521,0.6591838438084955
680,0.07426494071787258,0.994158438078423,0.9631418577468931,0.974658097894773,0.9688657576252041,0.6495122112042326
681,0.07432862124192426,0.9941749225143963,0.9633077505564087,0.9746606933543974,0.9689509682379395,0.6540537257770792
682,0.07471850614824063,0.9940939474218486,0.962620698969866,0.9745086104649153,0.9685281774313814,0.6491573867572881
683,0.07456516514148191,0.9941593341396099,0.963181334332404,0.9746249643676527,0.9688693594226059,0.6519263590526859
684,0.07419622239639174,0.9941857009975241,0.9632493459891563,0.9748446396524603,0.9690123064650035,0.6525975409881984
685,0.0740552706056528,0.9942074742544111,0.9634651975704046,0.9748516529157006,0.9691249809263255,0.6524707449861986
686,0.07439858080804188,0.9941703495124768,0.9632741618261256,0.9746463907151905,0.9689269086515017,0.6480466534171833
687,0.07475191601765445,0.9941346203600921,0.9629951740380271,0.9745527885010756,0.9687395102642758,0.6503918867218451
688,0.07453644156174839,0.9941461043626603,0.9631088833815367,0.9745565988566945,0.9687989246036227,0.6526577754209072
689,0.07438176197584749,0.9942062280083925,0.9635624252768507,0.97473165432498,0.9691148590088358,0.6566304994529604
690,0.07380611176861103,0.9942455414055249,0.9638044179968199,0.9749057710099972,0.9693233104751866,0.6581473216012883
691,0.07410884598355409,0.9942170991875052,0.9636152614369559,0.9747951602519606,0.9691729704746905,0.6567403673525425
692,0.07511748774152882,0.9940775917302986,0.9626378978161578,0.9743073242876595,0.9684374589183791,0.652535678653011
693,0.07411930729155591,0.9941970974538844,0.9635279232820524,0.9746675409500023,0.9690657201017393,0.6578608703535401
694,0.07339878368249159,0.9942923786267613,0.9641599987768179,0.9750399617948343,0.9695694590405496,0.6430672461755209
695,0.0732208238939712,0.9943183077536359,0.9643982726447744,0.9750692297437906,0.9697043953723188,0.6534369459720828
696,0.07416918795465459,0.994188626070824,0.9634463618884357,0.9746621291405726,0.969021792884624,0.6521272804503585
697,0.07322484675563892,0.9943168915649785,0.9643879979620978,0.975064646272539,0.9696969347488039,0.6585309803540149
698,0.0737229237819939,0.9942508353762155,0.9638727958394658,0.9748901982522507,0.9693501927667135,0.6531008408791374
699,0.07345071159845414,0.9943152487861358,0.9644150262063081,0.9750169339934858,0.9696870024273014,0.6573656675993708
700,0.07312017485419052,0.994357888939169,0.9647036039847792,0.9751776316000191,0.9699123415112351,0.6574827486907185
701,0.07354354501433288,0.9942889952233142,0.9642146349647654,0.9749427701152815,0.9695490265365422,0.6552243334963556
702,0.07845911549308872,0.993579577401889,0.9602229838772189,0.9713916291236193,0.9657750178037504,0.6558637847233603
703,0.07764294978502305,0.9936303748015894,0.9592404224789165,0.9730427280025685,0.9660922802816365,0.6514947811590772
704,0.07760760635940855,0.9936365905823517,0.9597867759982224,0.972509609551203,0.9661063072506214,0.6502179627486289
705,0.07350021916519439,0.9942375695508274,0.963754972114233,0.9748708703614305,0.9692810524802987,0.6529972495420825
706,0.07574264412981802,0.9939168311436757,0.9620238204351512,0.9731852021691858,0.9675723244839082,0.6542041912797998
707,0.07383011287012993,0.9942160846814488,0.9636835173345233,0.9747093996392643,0.9691651000147457,0.6519127728342552
708,0.07221122166377836,0.9944326173522928,0.9652647470810997,0.9753992948964538,0.9703055586394983,0.6530471420392698
709,0.0715260441713738,0.9945407060204106,0.9661510610649131,0.975639789080802,0.9708722413300377,0.6567339702945895
710,0.07149414795468438,0.9945420810108526,0.9661249438420482,0.9756833596689651,0.9708806264381633,0.6568226221424329
711,0.07156485612341014,0.9945313952237096,0.9659882270051742,0.9757127380630118,0.9708261311748941,0.6550346237978124
712,0.07354312066259892,0.9942173978745675,0.9637224048828708,0.9746816226990284,0.9691710335480712,0.6505550312891479
713,0.07263381836428796,0.9943841322024368,0.9648957778610789,0.9752607415305459,0.9700505731481561,0.6552385270683392
714,0.07199425636376493,0.9944898159247253,0.9657088526102152,0.9755534210201084,0.9706061748281872,0.6581835727357643
715,0.07192461056047372,0.9945002905710139,0.9658443579770791,0.9755229381751578,0.9706595220606972,0.6496238337263777
716,0.07228460712132428,0.9944564196212928,0.9654866883207747,0.9754230958134352,0.9704294575531808,0.6557743712243493
717,0.0730205332293022,0.9943693523426294,0.9647988884492108,0.9752015981846361,0.9699723525069507,0.6518177355355753
718,0.07252917113912234,0.9944360934517249,0.9653404854796996,0.9753557243082907,0.970322262361741,0.6522239626382704
719,0.07244539805600103,0.9944544163580645,0.9654798479761667,0.9754082409487763,0.9704186506781568,0.6509102247075967
720,0.07276886023801934,0.9944041648347194,0.9649962517681924,0.9753744447511137,0.9701575940553188,0.6576163644732211
721,0.07294877255059316,0.9943522344840928,0.9646026472323418,0.9752245155408943,0.9698845004229814,0.6532438674713923
722,0.07297978410622823,0.9943676220175788,0.9649053788727763,0.975066579061621,0.9699593677605636,0.6521851628305273
723,0.07495002239701562,0.9941369480592674,0.9632254962206129,0.9743271491813865,0.9687445179655894,0.6514258780888826
724,0.07399040820062,0.9942095032665241,0.9634731668703034,0.9748655689970912,0.9691358890520609,0.6562255787314013
725,0.07237161913851523,0.9944375096403825,0.9651987264981595,0.9755254231896917,0.9703346003920371,0.6568104861572318
726,0.07134846532642038,0.9945752610236537,0.9662157740416338,0.9759536740277215,0.9710603114644374,0.6497045645328156
727,0.07134749648485061,0.9945784641849081,0.9663478656456387,0.9758462109547613,0.971073812360862,0.6561681503866474
728,0.07152252926960628,0.9945775217757288,0.9662734814064081,0.9759162883646207,0.9710709470274635,0.6514199295504663
729,0.0714662898070809,0.9945480650516527,0.9660564060958996,0.9758241219366812,0.9709156980681363,0.6515858318463561
730,0.0714134939737879,0.9945716561797983,0.9663406379394537,0.9757783976692551,0.9710365863292274,0.6550686528256304
731,0.07172029982057382,0.9945299172377289,0.9659798465507151,0.9757053934645001,0.9708182632630584,0.6565787236665869
732,0.07192019862687651,0.9945008209980383,0.965658186350959,0.9757307406127471,0.9706683336456446,0.651867453169454
733,0.0718897470094846,0.9945345417374177,0.9660229935986253,0.975710032158297,0.9708423492280489,0.6562238847235453
734,0.07274951371100713,0.9944133056887814,0.9649703330440693,0.9755043281774252,0.9702087383658478,0.6569272319987713
735,0.07360930027405047,0.9943145741653571,0.9643385801623637,0.9750926441029556,0.9696857967182765,0.6615268998205527
736,0.07207854193035322,0.994525694420641,0.9659829582093075,0.9756550857258225,0.9707949314706291,0.6559794099123634
737,0.07331456121991105,0.9943716903413585,0.9648668087197351,0.9751537754604925,0.9699830187494111,0.6414849432419931
738,0.07522445460254291,0.9940613905320568,0.9625369312242289,0.9742370259876193,0.9683516383389398,0.6480669730197904
739,0.07230674168672363,0.9944636808067732,0.965384602774578,0.9756146628227358,0.9704726739712004,0.6554104187565175
740,0.07114226344440665,0.9946364506732118,0.9667462506545018,0.9760592043115996,0.9713804063840448,0.6552732887497417
741,0.0703479231428104,0.9947190530952714,0.9673642582680267,0.9763083684355441,0.9718157344987447,0.6599807870716601
742,0.07084802931772088,0.9946705936943,0.9670151816009148,0.9761475603839204,0.9715599110445619,0.6516092783940046
743,0.07057481995128558,0.9947230802208357,0.9674460655372312,0.9762647426248358,0.9718353987733384,0.6566798996084035
744,0.0706231097698292,0.9946703104565685,0.966939777340613,0.9762259211755598,0.9715606606028964,0.6482134494251469
745,0.07033953684158724,0.9947300015210381,0.967400939386868,0.9763902634700765,0.9718748152588069,0.6527869248839908
746,0.07072926191186327,0.9946823145866072,0.9670482073858749,0.9762419909362132,0.9716233510824391,0.6558979473472191
747,0.0707167859046125,0.9947066060844161,0.9672527526637579,0.9762906419985349,0.9717506832792214,0.6545746508698961
748,0.07091544470134771,0.9946814288249741,0.9670844351607406,0.9761930085386203,0.9716173748955311,0.6541257034646953
749,0.0708906183727186,0.9946559580282468,0.9669022982793497,0.9761070822582885,0.9714828869648958,0.6572066605910144
750,0.07077815690933854,0.994665814701303,0.9668679701762126,0.9762536428932506,0.9715381391803676,0.6522939621634665
751,0.07134086858089561,0.9946002631906798,0.9664969486301239,0.9759270015383896,0.9711890846390877,0.655342193109712
752,0.07153032603108819,0.9945958395322915,0.9664730260411577,0.9759037528468603,0.9711654951711134,0.64967900596311
753,0.07117024794060264,0.9946408331333847,0.966686590573021,0.9761724105292606,0.9714063437548445,0.6558682818751341
754,0.0715830194339598,0.994616443789814,0.966673314485327,0.9759159018068043,0.9712726206307231,0.6557858930733602
755,0.07197974856209884,0.9945090709406904,0.9658032830545049,0.9756650810065037,0.9707091352513123,0.6517425129565586
756,0.07200359654514937,0.9945393979770687,0.9662574269296998,0.9755100713221261,0.9708617044093519,0.6535269704525539
757,0.07398862066374956,0.9942710122022522,0.9641182634667584,0.9748474560022654,0.9694531749465582,0.654061489555836
758,0.07167105961119068,0.994581796090586,0.9663465571318909,0.9758846458462209,0.9710921812247272,0.6503594423954492
759,0.07046406510765502,0.9947480257403154,0.9676442222884959,0.9763276963263644,0.9719665653232258,0.6529083467331813
760,0.07066969530822614,0.9947038406542013,0.9672683059132494,0.9762431506096624,0.9717350060174336,0.656774643581452
761,0.07013048588566864,0.9947910984746113,0.9679376996295322,0.976489001380895,0.9721945468234896,0.6551921111686226
762,0.07034019298469923,0.9947299191246072,0.9674499658848668,0.9763364214885061,0.9718728804738487,0.6032501567702824
763,0.07320485053197393,0.9942836497548542,0.96440421201944,0.9746768735601412,0.9695133320723238,0.6515150503560093
764,0.070608654930545,0.9947167202463192,0.9673635516104112,0.976283242177478,0.971802929986051,0.6528866696902016
765,0.06959183530184136,0.9948435953007009,0.9683606846685066,0.9766154057868589,0.9724705281946775,0.6468403119912953
766,0.06953738894403945,0.9948546467220063,0.9684647888689114,0.9766258428479018,0.9725281951132438,0.6528087203174308
767,0.0698291312581847,0.9948251848481533,0.96827201368133,0.9765067830404495,0.9723719641348194,0.6515143905564604
768,0.06964170042114116,0.9948261169577788,0.9682654052019813,0.9765242333647328,0.9723772831341332,0.65359643222986
769,0.0697721439411216,0.9947800573528598,0.9677163936352191,0.9766051896159967,0.9721404733061827,0.6517557421718865
770,0.07083478717088218,0.9946560558740086,0.9668959476743493,0.9761150343047973,0.9714836198938647,0.6502726789487348
771,0.07038473941365664,0.9947408778499277,0.9674902299970403,0.9764145613899647,0.9719319102018356,0.6555927515756533
772,0.07016701220140624,0.9947564198767218,0.9676466990775033,0.9764181508554027,0.9720126369521039,0.6522861134913667
773,0.07079372398876597,0.9947074712469415,0.96726941506279,0.9762822481716643,0.9717549340094648,0.657268593881291
774,0.07095653648084065,0.9946457666196897,0.9667700138667703,0.9761369576552419,0.9714309062867383,0.6525965342013448
775,0.0702925831922945,0.9947425875758706,0.9675879409498154,0.9763280828841807,0.9719383634136429,0.6463563445277479
776,0.06996620311891294,0.994790964580411,0.9678742924228182,0.9765558758831328,0.9721957031814685,0.6527383643748509
777,0.07026179502354156,0.9947882145995269,0.967949268527887,0.9764445472320086,0.9721783494583781,0.6513611973367297
778,0.06929945512461373,0.9949116650522459,0.968791153281181,0.976906594267701,0.9728319491563988,0.6553664565323379
779,0.0689663945614408,0.9949343137712121,0.9689431666307848,0.9769940667792986,0.9729519622641665,0.6464708626534988
780,0.0690794083066385,0.9949267332995618,0.9689693286542855,0.9768819650125415,0.9729095588069694,0.6478803285041657
781,0.07105444172884255,0.9946722261735889,0.9671382120992481,0.9760327527124486,0.9715651257686423,0.6517341393439748
782,0.07079357513279286,0.9946859915273398,0.9671300348112871,0.9761943891022504,0.9716410722752773,0.6558652115890956
783,0.07042592268366858,0.9947269631526456,0.9673615799954951,0.9763990438547634,0.971859302199959,0.6517842018671937
784,0.0696209546961794,0.9948410255620096,0.9682607958251366,0.9766944844715859,0.9724593551253312,0.657801124819646
785,0.06936634867138297,0.9948867504314277,0.9686999021230122,0.9767286672270651,0.9726977173566308,0.6575480610654179
786,0.070247041809591,0.9947693355172782,0.9677843953668958,0.9764129047136088,0.9720795030191286,0.650439993199286
787,0.07089018030468666,0.9947239865815765,0.9675643845368623,0.9761471186035587,0.9718368024298827,0.6469617661780435
788,0.06927969452807042,0.9949215989719562,0.9689668632727513,0.9768277364731547,0.9728814211857881,0.6542241700393902
789,0.06964637187492816,0.9948624795327266,0.9685164150395981,0.9766570988084853,0.9725697222657571,0.6551826784314528
790,0.06951470625388494,0.994847792368904,0.9683656867824314,0.9766565465830332,0.9724934463561278,0.6600596658149701
791,0.0695050011747931,0.9948710127131102,0.968526916901675,0.9767403744066475,0.9726163059074624,0.6535759140267142
792,0.06892762193581807,0.9949441137967221,0.9690357363471778,0.9770031232767115,0.9730031199489193,0.6539510713211081
793,0.0688100185174987,0.994955618398398,0.9691989421843438,0.9769551901074774,0.9730616101805153,0.6530668896483662
794,0.06896626961359759,0.9949469101255985,0.9691461196642853,0.9769154850974783,0.9730152933550917,0.6474571921753568
795,0.06962338050782199,0.9948544922286983,0.9683926100222159,0.9767018290700976,0.9725294715335673,0.6578997547896309
796,0.06887032704131622,0.9949747704188243,0.9693790111056604,0.9769739105503004,0.9731616427297485,0.6525752703837838
797,0.0687616102025917,0.9949828607183914,0.9694071076856923,0.9770333300089361,0.9732052789432213,0.650849618893718
798,0.06898518107490077,0.9949617363333983,0.9692170373812331,0.9770035098345279,0.9730946974817953,0.6545259444518079
799,0.06941041389525418,0.9949212384875706,0.9690074909342155,0.9767800794166467,0.9728782610933993,0.6497495010987571
800,0.06969853758691456,0.9948855865818401,0.9687186655508611,0.97669558892249,0.9726907730575256,0.6542717466508721
801,0.06916628268389206,0.9949303226940864,0.9689779112803263,0.9769125030800374,0.9729290300752012,0.6440286771932954
802,0.06877748690786548,0.9949671641982893,0.9692577843976113,0.9770198557079072,0.9731233418522742,0.6465908463957909
803,0.06881284871392172,0.9949496652562595,0.9690896669917384,0.9770066575196042,0.9730320585463562,0.657233120920872
804,0.06818738413567973,0.995047732458459,0.9698845190403415,0.9772392548799888,0.973547996692891,0.651379803789855
805,0.06846772164929749,0.9950149232295973,0.9696338722174913,0.9771449347727863,0.9733749139032789,0.6546214179371611
806,0.0706806084909288,0.9947149229741684,0.9673969437948972,0.9762272465166447,0.9717920361735494,0.6499107699960294
807,0.06978916759901452,0.9948396763204522,0.9683325928640959,0.976602207598556,0.9724498195577116,0.6531267776578681
808,0.06903304068266221,0.9949513595328716,0.9690046786599645,0.9771167712747341,0.9730438179940992,0.6501999782234348
809,0.06917843333071454,0.9949106556959664,0.9688540851993575,0.9768277364731547,0.972824572318332,0.650765112411406
810,0.06869331332591344,0.9949792146763204,0.9693483655474906,0.9770560264750136,0.9731869350415334,0.6533065845720751
811,0.06830722918467862,0.9950478509033286,0.9698818272109483,0.977243451793424,0.9735487232131118,0.657284426562341
812,0.067880018436001,0.9951055129556852,0.9703277803900826,0.9774035971745053,0.9738528360902484,0.6452900635949356
813,0.06805005016914918,0.9950659060212675,0.9700461198291147,0.977267142265315,0.973643242558049,0.6503644606736062
814,0.06922835513768652,0.9949228606673056,0.9689380990735799,0.9768726324024027,0.9728891882089727,0.6523041532748476
815,0.06886408742607604,0.9949734520759287,0.9692396364923344,0.9771089848958607,0.9731584022788179,0.6409559775539259
816,0.06825671793837752,0.9950486594183076,0.9699357089693095,0.9771946350634667,0.9735516413330926,0.6503447811802429
817,0.06795349844663612,0.9950887349824264,0.9702235223088949,0.9773296541864819,0.9737636240034071,0.6538861612113652
818,0.06784873568224457,0.99510706818832,0.9703701490327877,0.9773754336764531,0.9738601937100989,0.6485431058914468
819,0.06832732252194232,0.9950542675253913,0.9699494033772884,0.9772420160072487,0.9735820535621005,0.642557326866592
820,0.06965886498236593,0.9948572422095823,0.9685337521077969,0.9765803946932018,0.9725404295297518,0.6503661145436012
821,0.07328236099041376,0.9943831331457111,0.965193286044539,0.9749264242419021,0.9700354406757352,0.6539067892006275
822,0.07128782635629981,0.9946289525979924,0.9667807781355868,0.9759385982728818,0.9713381035969345,0.6523505933403312
823,0.06924713637448868,0.9948871006162594,0.9686278972205531,0.9768100100361453,0.9727017474842011,0.6504767699969967
824,0.06746512243268143,0.9951335174426653,0.970511563221538,0.9775165825019855,0.9740014779987904,0.6496005903387545
825,0.06708795984458892,0.9951938110310364,0.9710664610078457,0.9775897523743762,0.9743171880565256,0.6556700725387536
826,0.06698211298557626,0.9951901340903039,0.9709614187642844,0.9776613760155012,0.9742998791454978,0.6476884096289316
827,0.06664347675731883,0.9952543569584775,0.971543884335786,0.9777489589721892,0.9746365455208618,0.6503748450096414
828,0.06724071918391795,0.9951578295395819,0.970742851339358,0.9775379536269782,0.9741285526987372,0.6476162251847054
829,0.0670044849353097,0.9951863747531403,0.9709687803185542,0.9776119518375468,0.9742790420084078,0.6494618785560407
830,0.06746815006446967,0.9951347018913607,0.9705002754121959,0.977541763982597,0.9740082934419346,0.6559584188965916
831,0.06738098442674968,0.9951506713496403,0.9706953943990858,0.9775095692387451,0.9740905649570831,0.6481175619506713
832,0.06774494231671015,0.9951091486982023,0.9703799345644645,0.9773879691942136,0.9738713444867239,0.6478954949855366
833,0.067257053186148,0.9951771051546549,0.9708848615528355,0.9775991954296055,0.974230459938928,0.6586649501039207
834,0.0673287117657957,0.9951606258684584,0.9707849772151296,0.9775238166554068,0.9741427427362149,0.6504441297514697
835,0.06739259713060772,0.9951804988576559,0.9710112451264664,0.9775016171922362,0.9742456216516578,0.6314111296881127
836,0.06895853750749097,0.994945493936941,0.9690978544205952,0.9769516558645845,0.9730089070881608,0.6463604545650953
837,0.06838892185884826,0.9950242855240676,0.9697454623975552,0.9771288650121329,0.9734231631519061,0.6517661888522798
838,0.06864485765664244,0.9950139344724256,0.9695912477359242,0.9771797249762626,0.9733706964841377,0.653497047989082
839,0.06868691219775021,0.9949848639816197,0.9693473792577642,0.9771196428470844,0.9732179936867007,0.6630686889893797
840,0.06765247915552633,0.9951469995586847,0.9707015795022109,0.9774623539625986,0.9740702356684735,0.6544087078577088
841,0.06717989277446045,0.9952148787684831,0.9711202859604402,0.9777650839553877,0.9744313571135278,0.6506655941791394
842,0.0673559765379143,0.9951940273216677,0.9709494505742794,0.9777172060086988,0.9743215760214265,0.649899629604909
843,0.06682807736279509,0.9952548204384017,0.9714205841835872,0.9778856899941055,0.9746424159431509,0.654207761647477
844,0.06679217694101308,0.9952734677806884,0.9716512120370573,0.9778455432037448,0.974738536686196,0.656312274253484
845,0.0667381857413889,0.9952752650528391,0.97164285225937,0.9778743141497942,0.9747486240418826,0.653720841622227
846,0.0669429091751736,0.9952535484434984,0.9715093316893247,0.9777769015800606,0.9746330405279453,0.6529133537197128
847,0.06732147911970185,0.9951924463401483,0.9709711740961741,0.9776765069928861,0.974312303956954,0.6532577256254752
848,0.06757952176496346,0.995157582350289,0.9707925508716785,0.9774820684112352,0.9741258252119855,0.653249017098588
849,0.06721391772344266,0.9952079935167192,0.9710640106122833,0.9777491246398248,0.9743951014806467,0.6624728437691747
850,0.06693655572771383,0.9952503040840286,0.9714603852228022,0.9777933026759852,0.9746165564625165,0.6597278200835841
851,0.06733685925683243,0.9952080707633733,0.9710321555998916,0.9777840252883915,0.9743963941782912,0.6558799752404433
852,0.06689140351735195,0.9952466992401731,0.971341414280819,0.9778804990748567,0.9745999882935685,0.6535121838582942
853,0.0667472380110517,0.9952608817258559,0.9715238716056709,0.9778423955186684,0.9746728933766508,0.6490652468003862
854,0.06774348044150441,0.9951330642622949,0.9705475907925321,0.9774730119138223,0.9739979910476186,0.6493604518922772
855,0.0678178272147304,0.9951081032934842,0.9703895083091824,0.9773661562888594,0.973865337503622,0.6458270499370562
856,0.06716451633249652,0.9951999289660368,0.9711009566092246,0.9776205113320529,0.9743498282064021,0.6517550663973695
857,0.0679430961759505,0.9950973145108025,0.970325242010213,0.977315627660001,0.9738078900450756,0.655822024273128
858,0.06760383092087877,0.9951521184369595,0.9706862443018243,0.9775353581673537,0.9740987619571568,0.6613081069017827
859,0.06690155657515372,0.9952756512861094,0.9716707649052061,0.9778488013339116,0.9747499940066986,0.6539331193119586
860,0.06605206034836583,0.9953630533002736,0.9723202845494291,0.9781215454846568,0.975212287579936,0.6505445104804157
861,0.06629410900697714,0.9953342505978685,0.9721008662761761,0.9780373311032261,0.9750600630186163,0.6526349449830495
862,0.06638742806113794,0.9953161439821602,0.9719637555088443,0.9779835443442008,0.9749643579170346,0.6520632185676837
863,0.06656783941199355,0.9952932480739011,0.9717780042782915,0.9779287635793619,0.9748436819981048,0.6485721584638988
864,0.06650496099013685,0.9952901273090776,0.9716683539297942,0.9780112660618915,0.9748294922662264,0.6516901343046787
865,0.06772017711396969,0.9951569746766105,0.9708493806319587,0.9774145864610002,0.974120921922309,0.6575689068214242
866,0.06682981193226303,0.9952610001707254,0.9714956586867904,0.9778738171468875,0.9746743035415585,0.646947776720398
867,0.06692447682536355,0.9952581265951949,0.9715194137756747,0.9778167170351502,0.9746578937301136,0.6472815241380362
868,0.06837750893497885,0.9950335242238916,0.9698756889663214,0.9770914793490322,0.9734702126864742,0.6379693885762443
869,0.0667724321493402,0.9952784012669934,0.9715721789138383,0.9779843726823788,0.97476773077727,0.644692129368214
870,0.0658610689621971,0.9953702423888768,0.9723151982162076,0.9782063120915395,0.975251858758087,0.6360159607043736
871,0.06793637969844907,0.9950749696286756,0.9700979641407327,0.9773118725269273,0.9736915568746177,0.6519321085439569
872,0.06591073021473429,0.9953592115666792,0.9723145875067434,0.9780852090499149,0.9751913615483075,0.647143040960543
873,0.06550882648767005,0.9954014242882266,0.9725728662770627,0.9782761133886729,0.9754161531989317,0.6554952147855019
874,0.06567667132479482,0.9953935348299602,0.9724970380496571,0.9782697627959749,0.9753748590761563,0.6651262780691207
875,0.06569333749037547,0.9953972375195774,0.9725442450414025,0.9782603749632908,0.9753939354729476,0.6464395458415061
876,0.06538151083087343,0.9954430241863188,0.9729015237154499,0.9783854540281699,0.9756357828060139,0.6537387350687408
877,0.06559189922123584,0.9954345425037046,0.9728080889610007,0.9783912523954159,0.9755916828439377,0.655167137289262
878,0.06613539299874935,0.995375088328974,0.9723725270965966,0.9781987466028471,0.9752769355953271,0.6561055628226334
879,0.06776384593080478,0.995113618704583,0.970440148497254,0.977372948661919,0.9738942107125208,0.6499267751572881
880,0.06636024817744034,0.9953239561937727,0.9719000004883463,0.9781377809129458,0.9750089139953235,0.6535011816712427
881,0.06551779335680998,0.9954241811525085,0.9727265325166419,0.9783636963453609,0.97553697087732,0.6588486464792311
882,0.06548718404717684,0.9954108123315817,0.9725784646612521,0.9783737468485874,0.9754674983437713,0.6549805788265634
883,0.0659293292687749,0.9953587429369779,0.9722273449983336,0.9781729576742384,0.9751910890145556,0.6531127649323938
884,0.06571978583650769,0.9953957080358273,0.9725036409838919,0.9782867161173514,0.9753866066510637,0.6451094447414756
885,0.06528765801089312,0.9954661466847631,0.9729690671882643,0.9785686824331451,0.975760841225165,0.6462172259412452
886,0.0652686497773925,0.9954589318472753,0.9730007523861944,0.9784554209929389,0.9757204633029861,0.6516999801343388
887,0.06517281483186062,0.995486967232917,0.973281220243446,0.9784665759470694,0.9758670099322928,0.6528528932013264
888,0.0652998604753991,0.9954541168058397,0.9729328250151413,0.9784745279935783,0.9756958077034521,0.650851292631538
889,0.06552107318874319,0.9954316019810738,0.97280588641879,0.9783611561082817,0.9755756129141607,0.6498888757689525
890,0.06544442834819585,0.9954328121786539,0.972752452295215,0.9784313439632315,0.9755836339639922,0.6509558629195665
891,0.06595577743918588,0.9953840695399511,0.9723828983888569,0.9782868265624418,0.9753259280139532,0.6463895966021832
892,0.06615045267054334,0.9953423511969894,0.9720736353374457,0.9781557834626811,0.9751052252528496,0.6561727105234219
893,0.06584854079586155,0.9953780082524969,0.9724429400865762,0.9781560043528619,0.9752911057886278,0.6577860546403737
894,0.06539929824858663,0.9954555690429358,0.9729894980759268,0.9784302947348726,0.9757023116026851,0.6549350755560324
895,0.0661083123824908,0.9953775396227957,0.9723683223921509,0.9782302786761565,0.9752904923325441,0.6611574926108236
896,0.06660114507871176,0.9952804714773219,0.9716651803294736,0.9779079999023665,0.9747765949034769,0.6482918122602792
897,0.06565039739454531,0.9954155192277016,0.9726993038232153,0.9782970979558492,0.9754901703008744,0.6499732630660601
898,0.06509039161922636,0.9954911076535737,0.9732281263395617,0.9785686272105999,0.9758910704432351,0.6491304708574883
899,0.06484712953516093,0.9955434551361321,0.9736987155776999,0.9786461044415162,0.9761661414815491,0.6519935928109579
900,0.0666049344470157,0.9953223031153761,0.9721178909682676,0.9778872914479163,0.9749940563636221,0.66031445617482
901,0.0664436522359154,0.9953299968821191,0.9721139060281525,0.9779764758584152,0.9750363786017293,0.6570571479205527
902,0.06487754570706836,0.9955038893999298,0.9732969593564635,0.9786364404961061,0.9759593968956479,0.653597300330937
903,0.06523432612238386,0.9955011703177075,0.9734109537318325,0.9784854068349828,0.9759415841149798,0.651123747478256
904,0.06519919446094659,0.9954693292469098,0.9730941452836412,0.9784708280830499,0.9757750801356979,0.6508032886423684
905,0.0650537929213995,0.995500315454736,0.9733290614630262,0.9785629392884443,0.9759389832156975,0.6507290129015773
906,0.06456555736394262,0.9955498151106486,0.9737047682605516,0.9787097760361323,0.9762008569884809,0.6554181057309918
907,0.06476190729905171,0.9955622003241805,0.9738768217006724,0.9786637756559803,0.9762644307009328,0.6514204417568923
908,0.06504082173169302,0.9954981473986458,0.9733312006320765,0.9785367638020193,0.9759270406901592,0.6546762027930317
909,0.06518829831316304,0.9954938215860193,0.9733556080873815,0.9784631521492669,0.9759026973753167,0.6557694903076174
910,0.06512649692193356,0.9955231289665641,0.9734854708305627,0.9786483685658693,0.976060092422215,0.647525297657125
911,0.0651479530527264,0.9954925083929005,0.973345301599483,0.9784596179063741,0.9758957592289609,0.6550054573325692
912,0.06509189290619603,0.9954988014203168,0.9733799063979185,0.9784922544305876,0.9759293852774168,0.6552129982551419
913,0.06452915698510778,0.9955706974561256,0.9739043966784037,0.9787281651436841,0.9763103226107827,0.6527413002349296
914,0.06494171755272905,0.9955120260474893,0.9734797291079718,0.9785320698856772,0.975999361076476,0.6427468188076919
915,0.0647071875993293,0.9955475440590196,0.9737185499932091,0.9786701262486784,0.9761880591182758,0.650291746972891
916,0.0694994969780474,0.9949003046443242,0.9690638157274241,0.9764876760398101,0.9727615818529628,0.651870049669801
917,0.06583730121848558,0.9953893686604186,0.9725016270926086,0.9782189028318452,0.9753518867139394,0.6514224197157723
918,0.06491203726623257,0.995549773912433,0.9735755497255526,0.9788464518355036,0.9762038859229228,0.6500893805653191
919,0.06388621413302067,0.9956481501012487,0.9744755192092955,0.9789762248167246,0.9767206872545366,0.6504672708682814
920,0.06402595660516194,0.9956546439699655,0.9744803135787093,0.9790426575386009,0.9767561580087066,0.6541740313813605
921,0.06363655818561016,0.9956806863919327,0.9747424321861244,0.9790519901487397,0.9768924582902561,0.6486912015982497
922,0.06372904199152944,0.995683992548726,0.9747512060620548,0.9790791044184332,0.9769103619109353,0.6500586669544568
923,0.06406980459239445,0.9956248216117269,0.9742219296731013,0.978987876773762,0.9765990886274545,0.6530356204207394
924,0.06392775510621039,0.9956538509043174,0.9744714391207192,0.9790433202091432,0.976752029795782,0.6541389406182183
925,0.06401922956430366,0.9956252902414281,0.9742141364357765,0.9790012958522457,0.9766018496904444,0.642321122756434
926,0.06507574402880315,0.9954919110187759,0.9733497082935537,0.9784483525071532,0.9758923708556652,0.6489738564800287
927,0.06509734134408181,0.9954864677045541,0.973164014469426,0.9785855805319764,0.9758672674931004,0.6497396615569652
928,0.06421474472812887,0.9956023685842843,0.9740240345509582,0.9789502702204804,0.9764809393500915,0.6459544366121545
929,0.06411062696110206,0.9956233951235155,0.9742376954092211,0.9789554611397293,0.9765908806010491,0.6465156592283402
930,0.064479305466632,0.9955840096295061,0.9740043058440703,0.978768919382042,0.9763807999713543,0.6552573080433606
931,0.06414548851388965,0.9956128947283422,0.9740670600741644,0.9790206237430659,0.9765375601135823,0.6581535182286494
932,0.06394252553582191,0.9956594538616241,0.9745554898408476,0.9790160402718142,0.976780672713962,0.6500932007887219
933,0.0641948963362332,0.9956301361815253,0.9742857325003047,0.9789788202763491,0.9766266383725133,0.6552059392876045
934,0.06499342118312085,0.9955171088773256,0.97352570107886,0.9785393040390985,0.976026064193818,0.6541422408332984
935,0.06474384696114899,0.995554712548515,0.9737460143774155,0.9787199922069945,0.9762266675979174,0.6497808149051997
936,0.0645067334888036,0.9955692349194756,0.9738736268566832,0.978744676684699,0.9763030760501102,0.6554657656549836
937,0.0641075378620239,0.9956401885461051,0.9743477655844988,0.9790238266506874,0.9766801992441714,0.6526927431752707
938,0.06423417104262548,0.9956399619559199,0.9744120521477012,0.9789532522379213,0.9766773734827274,0.6468556531610611
939,0.0637891519453246,0.9956748671439947,0.9746468077050062,0.9790890996991144,0.9768629033884314,0.6528927263177448
940,0.06348246220007257,0.9957148139636902,0.9749297505977845,0.9792295306315593,0.9770749101639568,0.6487296246713576
941,0.06390443714862724,0.9956695886226349,0.9745639286020327,0.9791186989833419,0.9768360043496556,0.6508611273809504
942,0.06392041496892342,0.9956553700885136,0.9744280969150687,0.9791059425754006,0.9767614190647296,0.6528257725081615
943,0.06416700473632614,0.9956045108914898,0.9740778171570788,0.9789168605806341,0.9764913438854799,0.6560341998283967
944,0.06523549031074638,0.9954962316816255,0.9732862518420387,0.9785633810688058,0.9759176826853802,0.655437151164874
945,0.06415453753521982,0.9956253468889744,0.9742904136355957,0.9789211127166145,0.9766002739155489,0.654123964831848
946,0.06373619008558298,0.9957161117074782,0.9750291849779066,0.9791386895447045,0.9770796162334131,0.6569235059810423
947,0.06309723248077692,0.9957647204519807,0.9753682083011675,0.9793153464668009,0.9773377921098305,0.6439355050375865
948,0.06378866708021601,0.9956738938361537,0.974685425354532,0.9790375218418972,0.9768566262518028,0.6449893923712214
949,0.06329417107702105,0.99574567657687,0.9752146056927331,0.9792680759681092,0.9772371375132397,0.6538467878907771
950,0.06428820965184034,0.9956212064683175,0.974276139237786,0.9788906298716639,0.9765779335292041,0.653724450463817
951,0.06392587909620566,0.9956790281637593,0.9747583251501293,0.9790169238325374,0.9768829833068503,0.6522308905634221
952,0.06353915732785698,0.9957185836004077,0.9750689774129804,0.9791238346800455,0.9770921992283949,0.6475782366410365
953,0.06317442159025335,0.995758540719657,0.9752703292013829,0.9793507441182743,0.9773062775770527,0.653325391118847
954,0.06350275745108282,0.9957483544608768,0.9752934133699452,0.9792142892090839,0.9772499185172554,0.6553199040888147
955,0.06326246896201389,0.9957591741422201,0.9753574933976785,0.9792656461761203,0.9773076627273158,0.647346719759461
956,0.0637419925616035,0.9957027789349899,0.9749357215512258,0.9790907563754705,0.9770088213378487,0.6497982446911966
957,0.06316006140447049,0.9957658534029067,0.9753313834302675,0.9793667034338372,0.9773448781321422,0.6471917859939035
958,0.06318845791676937,0.9957549719242401,0.9752970415220432,0.9792832621680393,0.9772860870452966,0.6445357929919288
959,0.06521797342843444,0.9954799326376218,0.9733310112014478,0.9783361402953059,0.9758271578207023,0.6519139714079888
960,0.06506578424428351,0.9955022672201949,0.9733555642196982,0.9785563125830202,0.9759490098653274,0.6528065855355327
961,0.0640580374245454,0.9956567296296247,0.974564924237968,0.978976059149089,0.976765511477764,0.6560943130762654
962,0.06336967956847098,0.995761537889834,0.9753460367947995,0.9793037497323087,0.9773208865376936,0.6491939190126589
963,0.06397136448910133,0.995639385180903,0.9744998942793994,0.9788539068791056,0.9766720480467244,0.6529318561138705
964,0.063307542870991,0.9957407482403419,0.9751432168163946,0.9792892814254662,0.9772118514628486,0.643903433981676
965,0.06263576324958846,0.995827836118113,0.9758929163894033,0.9794557773992456,0.9776711009314393,0.6529302933166805
966,0.062388810738318694,0.9958471529314014,0.975982412499771,0.979573787978339,0.9777748024617207,0.6533967893493304
967,0.06616776523925866,0.9953304706615972,0.9723055320952902,0.9777776194731482,0.9750338982294835,0.654181611535639
968,0.06500125011665159,0.9954981782973075,0.9734251902533081,0.9784373079981131,0.9759248139069618,0.6542842071902873
969,0.06360233568578878,0.9956682445308545,0.9746406836913678,0.9790226669772383,0.9768267610338144,0.6506495733919663
970,0.06262754932086101,0.995806788979774,0.9757025597664383,0.9794251288866593,0.9775603004350334,0.6593131611113887
971,0.06284438565654575,0.9957692007579153,0.9754462628160396,0.9792822129396805,0.9773604740524661,0.6530771469408914
972,0.062415611571218124,0.9958520606688217,0.9761215615983164,0.9794810693249475,0.9777984298313953,0.653545865611496
973,0.06297360325980218,0.9957771777623898,0.9754109626070047,0.9794072367820145,0.97740501486266,0.6519482754800405
974,0.06288550464772792,0.9958161306751366,0.9758496804294461,0.9793726674687189,0.9776080000293255,0.6510918125818894
975,0.06425202697656064,0.9955987328417673,0.9742332595510461,0.9786885153562301,0.9764558055029567,0.6490574028496927
976,0.06315502375765952,0.9957422828738689,0.9751829225740641,0.9792642103899452,0.9772193051975844,0.6550146658513122
977,0.06256647088697978,0.9958526065451769,0.9760721312673376,0.9795391634424984,0.9778025740672621,0.6505709208426864
978,0.06206647616452123,0.9958864148307643,0.9762506873541204,0.9797226127376544,0.9779835686475196,0.6574837501969965
979,0.06225925041839601,0.9958715113763105,0.9762357917186214,0.9795745058714267,0.9779022990778996,0.6428494757544371
980,0.06384407713346565,0.9956567399291786,0.9748831080357023,0.9786396434037277,0.9767577638964177,0.6561351610693238
981,0.06594821743446219,0.9953346934786851,0.9722699026207094,0.9778621651898501,0.9750580156276568,0.658765753624567
982,0.06376148321517716,0.9956661228227567,0.9746638039277479,0.9789748442530947,0.9768145675637463,0.6606130885218514
983,0.06312756797655251,0.9957826210766115,0.9755912899377971,0.9792767459077056,0.9774305438811647,0.6604134466115197
984,0.06256882088243801,0.9958181648370265,0.975821406233563,0.9794248527739333,0.9776198089943982,0.6542448019659995
985,0.06207367197442248,0.9958951591520023,0.976480572649033,0.9795766043281443,0.9780261383014799,0.6518387417238007
986,0.062244824507848594,0.9958606710958593,0.9761796763176699,0.9795144789647937,0.9778442344285891,0.6517061919724212
987,0.06224837825907208,0.9958873932883823,0.9763614471107007,0.9796166958959598,0.9779863627193155,0.6546010138087326
988,0.06354519467288754,0.995719526009587,0.9750605547644609,0.9791431073483206,0.9770975665992302,0.6533254387303525
989,0.06273864472731747,0.9958168361945768,0.975738349389641,0.9794978569786884,0.9776144888133623,0.6535138141405094
990,0.06296473494015453,0.9958028236515329,0.9756784490399167,0.9794069606692885,0.9775391495626186,0.6505666493088098
991,0.06223573047175722,0.9959010350474867,0.9764523618531114,0.9796708692128016,0.9780589677474131,0.6475351834072752
992,0.0630705180223981,0.995803230483911,0.9757726213685398,0.979312088336634,0.9775391509437342,0.6513538583967438
993,0.06455016948001564,0.9955649348557337,0.9738906042872607,0.9786792931911816,0.9762790765956815,0.6501317422642249
994,0.06402396778714142,0.9956429333772122,0.9745191207889103,0.9788726273219286,0.9766910227450892,0.6550071157802207
995,0.06256607705049437,0.9958169391901156,0.9758258020165944,0.9794067397791076,0.9776129917187802,0.659681705439047
996,0.06226333945166229,0.9958635807198284,0.9761497584517137,0.9795779848917743,0.9778608669752661,0.6503049677766998
997,0.06188443593299293,0.9959186060863936,0.9766194014724439,0.9796880986469041,0.9781513432544177,0.6487594607975382
998,0.061803919898290836,0.9959409406689668,0.9767780673685001,0.9797665146610888,0.9782700087214844,0.6574167465741122
999,0.06195050036670224,0.9959265573419834,0.976682472814523,0.9797090832140802,0.9781934368749519,0.6477340654883097
1000,0.06256142692424538,0.9958529824788933,0.9761085912690016,0.9795048702419289,0.9778037816269465,0.6486509181439628
