Epoch,Loss,Accuracy,Precision,Recall,F1-score,Validation-F1-score
1,0.7377217579230988,0.5775274336170407,0.1713791247248585,0.9238091145600296,0.2891221650983429,0.2722278988891815
2,0.7035433109715689,0.6377368197021073,0.1947696347682898,0.9237859307871348,0.3217103448126905,0.3616042858959711
3,0.6691104675368439,0.7215649642025959,0.2393283625797938,0.9153657173723836,0.3794476512938977,0.3936177956243803
4,0.6373136869008592,0.7835085411041737,0.2859521173675049,0.8870014787407756,0.4324807934356135,0.4271153957749357
5,0.6069439216483411,0.8660045687722361,0.3960098762617939,0.8394019443063755,0.5381387073758125,0.5356548779728655
6,0.580992883593916,0.8843141886873875,0.4351688244213461,0.8187806428195721,0.5682969196178792,0.6073823297574371
7,0.5597517029415789,0.8936162376339436,0.4591492396273849,0.8089106314285132,0.5857936361279857,0.5829501794900868
8,0.5472048153336957,0.8995070194068863,0.4760066507493215,0.7994685599982753,0.5967224582924009,0.6093304130980393
9,0.5323925678678554,0.9056903428416616,0.4956212936383794,0.7983383879864937,0.611570067033592,0.5946375181858361
10,0.5258468801169087,0.9074553361906218,0.5015376634580013,0.7946413883801748,0.6149498939209393,0.624950671274072
11,0.5172537356186256,0.9102801330339816,0.5113875845344298,0.7914370070310329,0.6213132020334943,0.6218418978231344
12,0.5112905063860708,0.9127248145421132,0.5203782016934534,0.7856792358155918,0.626083258055445,0.6232686557121625
13,0.5027223213327875,0.9143928135590688,0.5263830725559374,0.792783364033374,0.6326839911270995,0.6258798596830097
14,0.4974553186258824,0.9181921061252848,0.5413011888389531,0.7884974670620607,0.6419236693061713,0.6315134731113251
15,0.4941679720612739,0.9170304812412988,0.5365413260233984,0.7916675157538905,0.639601733269391,0.6089163307973064
16,0.4863933688230651,0.9200322656184085,0.5485544915178648,0.7914698630149123,0.6479947126173514,0.6357504941401335
17,0.4841955090812642,0.9215045113144582,0.5548514187261453,0.788721109253456,0.651431935880105,0.6215509344665631
18,0.4778659793970396,0.9221822425583938,0.5573766560546153,0.7928370411126557,0.6545761751620889,0.6244050669395019
19,0.4772086987178102,0.9222269494885708,0.5575762186848962,0.7926996366497351,0.6546669174448274,0.6440607201011541
20,0.4750037208306704,0.9230099284403476,0.5608436566136606,0.7933295117024893,0.65712987770391,0.6304214824492719
21,0.466478242398166,0.9260080530426475,0.5739957733092074,0.7926592496313485,0.6658345395517299,0.6433551274671172
22,0.46500359271927705,0.9258576520906282,0.5731231415710827,0.794561352680118,0.6659160069929972,0.6189710355882897
23,0.45681173692075466,0.9269965630251399,0.5775710809465465,0.8004063952954366,0.6709711804405898,0.6299679543289768
24,0.4554417064721636,0.9276781943668087,0.580844206087998,0.7986831912330489,0.6725643941953936,0.6579482391858973
25,0.4513023505322367,0.928252415094323,0.5835414834454391,0.7980502889997575,0.6741433450819896,0.6571938435864787
26,0.4456636402889979,0.9302822374388289,0.5928485626295739,0.7991892472184641,0.6807260451268918,0.6531270329837501
27,0.44269751912827116,0.930031992611567,0.5912745827098458,0.8020967433739448,0.6807365823499597,0.6603630644120682
28,0.43985332527177795,0.9311608099832834,0.596485081464203,0.8029873989549287,0.6845007826619228,0.6603086629900351
29,0.4388637171803618,0.9318056787839957,0.5998481290496203,0.8011453965148735,0.6860353862128401,0.6359371942918781
30,0.4319748947088667,0.9329513393594787,0.6049477991499571,0.804201519851364,0.6904874209525514,0.6649699121351412
31,0.42750794145700743,0.9339647811287125,0.6095979388187863,0.8063060748277682,0.6942879129301911,0.6519362051890021
32,0.4232484984526531,0.9347454186485755,0.6132700863246201,0.8075896732092159,0.6971421145270226,0.648839025426308
33,0.418178601445054,0.9356042503814406,0.617294278116366,0.8093007685494549,0.7003763750173478,0.6568200884878805
34,0.42003864371519295,0.9356166785097804,0.6178178366769549,0.8067381494742009,0.6997509723988271,0.6597952207460054
35,0.412864622237871,0.9368642154058036,0.6235779246648016,0.8101516277814251,0.70472519709703,0.6481740232861716
36,0.4077361650604138,0.9376703271555785,0.6267608455895918,0.8152697778994556,0.7086939307066422,0.6622526993834433
37,0.41170850664162806,0.937134922013426,0.6250355935876438,0.8098541519183907,0.7055422511019687,0.6589721451055481
38,0.4061039108380997,0.9377255739625521,0.627112085123955,0.8149380432127806,0.7087929684045834,0.657437086947944
39,0.4008632217594188,0.9392681793442914,0.6348876617651694,0.8165200772949942,0.7143389258676753,0.6583238327495267
40,0.3966425063369943,0.9398403882256159,0.6381258086876155,0.8156578476775914,0.7160519674062278,0.6352617279663789
41,0.39508800294330654,0.9399279138344266,0.6376148803142863,0.8202110225402386,0.7174776520919592,0.6630090962355639
42,0.3907934341499274,0.9411981303480776,0.6447124827194872,0.8190904489057702,0.7215149327505919,0.655621122565325
43,0.38935247974858866,0.941589437865181,0.6467674903101368,0.8194671482984736,0.7229466511574965,0.6549917000129428
44,0.3850250687959383,0.9419380983628818,0.6479458189760479,0.8226313641302437,0.7249134000853433,0.6483699903524491
45,0.3791026637065325,0.9432263047639639,0.6546876335957367,0.824277707340455,0.729759388820896,0.661669641102657
46,0.3769733872559431,0.9437664957654827,0.6573592651197566,0.8257224107934196,0.7319843350068509,0.6680751368233897
47,0.3760670198382234,0.9433722288432332,0.6546275319911119,0.8278438736806292,0.7311161481134292,0.6523551566724715
48,0.37321713191570993,0.9443459143345181,0.6603763002499133,0.8267346704315932,0.7342504946994625,0.6654521731861646
49,0.3657494640822033,0.9454057384280256,0.665100399683531,0.8317784700422831,0.7391595994332019,0.6663149049991062
50,0.36758911995579013,0.945134894493018,0.6640813711587669,0.8297683483319054,0.7377364607897396,0.6658133031918914
51,0.3602684521846634,0.9467807769346243,0.6726283524611941,0.8333158347531548,0.7443992437019296,0.6567069457667257
52,0.3614212818068566,0.9462653323278771,0.6698749987522691,0.83242783718435,0.7423571107719671,0.6700321423644499
53,0.3530070610183606,0.9476452528230116,0.6761880654456663,0.838638282640611,0.7487025805483715,0.6668346190912832
54,0.3487089786598151,0.9485006513712524,0.6809511804875245,0.8396219686478603,0.7520079794110773,0.6678199193625284
55,0.3475564547794328,0.9486181761473099,0.681725739715902,0.8393646583021976,0.7523767072857982,0.6574036145281035
56,0.343669643129805,0.9496328813284853,0.6872638059310964,0.8411805974561642,0.7564723683791604,0.6618417861637259
57,0.3443118282359281,0.9489477138066535,0.6827662042667503,0.8424788149045965,0.7542605357138903,0.6604950554030709
58,0.3435170194871134,0.9493773356641636,0.6862996968926364,0.8392862469429169,0.7551221866071033,0.6590891343592374
59,0.33564853003556777,0.9506807854049774,0.6925334118329732,0.8446961877312655,0.7610838784494709,0.6541581357936114
60,0.33210791861839434,0.9517415158592256,0.6986427743540187,0.8459975061939067,0.7652915080192403,0.6569794316329537
61,0.3291437890675428,0.9519802663843655,0.6991762804377976,0.8488817447428211,0.7667903543235536,0.6582090203734449
62,0.3250419107808484,0.9525350552869065,0.702549973102426,0.8491164619849622,0.7689110675320697,0.6653008310690012
63,0.32414230956233664,0.9527797520878157,0.7039791851324473,0.8494227240549216,0.7698920846904154,0.6638698210730593
64,0.3247378231595746,0.9524092016049507,0.7009410593166185,0.851594763007204,0.7689584056067613,0.6631181088179542
65,0.31333480700314476,0.9546246219102437,0.7136135711231718,0.8553484668733419,0.7780790856860386,0.656500848934579
66,0.31226033015216853,0.9548464674342938,0.7150111876317916,0.8554192733644439,0.7789384703903822,0.6637948100892702
67,0.3124419589587253,0.9548421210225595,0.714479414777716,0.8568245496367531,0.7792044272220385,0.6624000343873465
68,0.30688146635782804,0.9558097503761672,0.719657129634654,0.8597351468064427,0.7834843024443868,0.6641732453896467
69,0.2999520693644345,0.9571163037158813,0.7272920695059981,0.862148105029284,0.7889991577830271,0.6572764104815766
70,0.30022667289423427,0.9570394415785135,0.7269646666319916,0.8616794827153899,0.7886102600801459,0.6580198535176238
71,0.2934513645206424,0.9582065389587904,0.733277622313571,0.8653652596036195,0.7938645799791301,0.6579380037155418
72,0.29815263965790223,0.9572571947464914,0.7281295932121356,0.8623898364702307,0.7895930714216423,0.660081237032079
73,0.29396882224425996,0.9581498914124902,0.7325706340069802,0.8661996539268143,0.7938006284490948,0.6612066676680003
74,0.29276104485817095,0.958431192827863,0.7348273905259957,0.8652506697452355,0.7947235920377341,0.6592162201153997
75,0.28912684809175326,0.9586711930322063,0.7353046556314895,0.8680887622493753,0.7961984891106376,0.6507325742474358
76,0.29151137559105167,0.9584720202594147,0.734943863062305,0.8656454583874903,0.7949582178311405,0.6633771884692222
77,0.2833175158007539,0.9598265969856529,0.7421372352731929,0.8704714486668444,0.8011978116346098,0.6665703846289495
78,0.2772539348053418,0.9606700755168783,0.7462449301303294,0.8744315914788855,0.8052688284013497,0.6611036022037133
79,0.27602695089449986,0.9611374143406703,0.7491142570910146,0.8752390365119319,0.8072800950332644,0.6642692242199503
80,0.27702873050094506,0.9610067816657175,0.7486280874276173,0.8742665732227718,0.8065840975179053,0.6622788325425092
81,0.2732427805769358,0.9615701741289269,0.7519021980821784,0.8757185862092287,0.8091009112528608,0.6605461557598598
82,0.27769536208763396,0.960790230112358,0.7473133976835683,0.8738524401585475,0.8056444576925023,0.6607521760274616
83,0.27318823814606497,0.9616324864298571,0.752618898539828,0.8750645675458485,0.8092361256963474,0.6617492078406813
84,0.26963303286394624,0.9621420465581583,0.7556825884744106,0.876195773229033,0.8114892696204271,0.6634403585331025
85,0.2672048068518261,0.9624837857556565,0.7564953189770068,0.8797778138086095,0.8134923009497798,0.6578939736978918
86,0.27061975875989996,0.9621110243018935,0.755167099548712,0.8768733448336661,0.8114822188002966,0.6580282439863092
87,0.2669685916613332,0.9625932494142163,0.7577238676143973,0.8787362422027951,0.8137557647271024,0.6645009926395179
88,0.26010857147278543,0.9638249181309062,0.76422894176135,0.8836136945512818,0.8195966578748565,0.6641825197392951
89,0.2559863304277118,0.964364532357408,0.7675797880450087,0.8846966130132141,0.8219874571420339,0.664790510142042
90,0.2568575428972999,0.9645442801715955,0.7687048611649964,0.8850483566249034,0.8227841576179937,0.6629066077225464
91,0.25273161703090874,0.9650415700980496,0.7712393376046024,0.8872714884779602,0.8251965127843265,0.6438828200952172
92,0.25091693325222825,0.9655663735660823,0.7748049572507586,0.887763294564749,0.8274468139794141,0.6592288415967286
93,0.25212645482459517,0.9652578813284853,0.7728378652245671,0.8871955874635151,0.8260777428812368,0.6457242976791155
94,0.24974118944981116,0.9654605010186396,0.7739078354428441,0.888031384626471,0.8270512403611492,0.6591135561373574
95,0.2466743222350697,0.9661247810452174,0.7781334279475052,0.8893067874703668,0.8300139730741473,0.656917761690495
96,0.23969373610808695,0.9675302924985411,0.7864082212256032,0.8935459477275325,0.8365607732901874,0.6544356047544669
97,0.23976841751191255,0.9673092915379085,0.7846146029000532,0.8938505854567159,0.8356780075334266,0.6484873856201114
98,0.23953970854016518,0.967464725538587,0.7860059188933106,0.8933762779501055,0.8362587665720392,0.6572743577969563
99,0.23864926515723303,0.9676367074891544,0.7866374722658928,0.8946617221733444,0.8371792932408078,0.6536295757127522
100,0.23334552111814347,0.9686217911533919,0.7926512675086288,0.8973211371921173,0.8417447939140328,0.6472896367522853
101,0.235423462693211,0.9681700321214246,0.790211105612749,0.89546687836257,0.8395528430901592,0.6533902381769536
102,0.23723784598300782,0.9677768775509935,0.7876638828703412,0.8946962024979999,0.8377753264333183,0.6624971695943629
103,0.228761573060811,0.9694408322764618,0.7973629546554636,0.9001604110350033,0.8456491138957613,0.6454175875859747
104,0.23465032092958904,0.9682185910847501,0.7908634997455587,0.8949058901254552,0.8396740484909209,0.6592419759450643
105,0.2308686950759922,0.9689566502489031,0.7945575331829546,0.8985144369931503,0.8433444379949072,0.6437028860835055
106,0.22923230117173504,0.9693731573411485,0.7973691004341663,0.8991731071778437,0.8452166393362838,0.6590408623631818
107,0.23003188150820972,0.9691803222271733,0.7961074068224528,0.8987881384139169,0.8443374533215795,0.6589719856718856
108,0.22338137287887738,0.9703625462189047,0.8032900714850238,0.9022545554637065,0.8499010989267023,0.633940406466618
109,0.22069691759433677,0.9708406171778321,0.806022507248617,0.9040100248406004,0.852208847640671,0.6311214986542787
110,0.22262500853632852,0.970494847421585,0.804179183583323,0.9024935550588026,0.8505046267673296,0.6506597523842195
111,0.21810736834145278,0.9713069054471292,0.8085615335056854,0.9059649189645921,0.8544964507546009,0.6471434139386294
112,0.21874273027018679,0.9712116414401754,0.8080032604958739,0.9056367282941558,0.8540386943271258,0.6485605286699564
113,0.21878765555594465,0.9711862702058021,0.8076972503434257,0.90583600537391,0.8539562898606167,0.6487389279589504
114,0.21661203627963718,0.9717895013433914,0.8120644165284135,0.9064282990877998,0.8566555576694838,0.6480005242977501
115,0.22331332222377653,0.9705484119680926,0.8048772163684803,0.9019691144891493,0.8506616875762838,0.6532094781012366
116,0.22050044213910755,0.9707935413502644,0.8058582509724815,0.9036443266649714,0.8519545347440552,0.660327079442252
117,0.21541201714560282,0.9718598541627116,0.812635234935026,0.9063924897570548,0.8569570615727028,0.6504515056291456
118,0.21330704850901802,0.9722185670249923,0.8144273318433971,0.9082093887487526,0.8587655660556339,0.6369549433043503
119,0.2097899395463278,0.9728615201086842,0.8183231136021999,0.9102720800333374,0.8618520813903038,0.6545224675262654
120,0.20894415188821958,0.9730522403809307,0.820284718244754,0.9094918796251258,0.8625880256940649,0.6522757600839313
121,0.20368972533255172,0.9739084560271122,0.8248576954856757,0.9133767120920948,0.8668633028573398,0.6613372351179356
122,0.2031580765577529,0.9741473095477908,0.8271085453714662,0.912814099514204,0.8678504694021827,0.647425525667134
123,0.2057595447027426,0.9736052783593134,0.823090501732183,0.9122524467740445,0.865380903259498,0.6554879106345561
124,0.20671791583299637,0.9735781493344127,0.8235732115424161,0.9110544954516981,0.8651079118406547,0.6584294983953654
125,0.20844195450810218,0.9730368803129219,0.8203744027157769,0.9091252216117655,0.8624726483691357,0.6479940010534002
126,0.21078927300388006,0.9725644260440397,0.8170700322724807,0.9083539550778221,0.8602972960055287,0.649440379711184
127,0.20399244349423074,0.9739502310176201,0.8256061667010858,0.9126735202034029,0.8669593186198461,0.6530502701922833
128,0.2125952181895431,0.9724854010003586,0.8167044072008594,0.9079000256645843,0.8598910429866571,0.6563233384150818
129,0.19859166641672737,0.9747924873351193,0.8308026568216622,0.9153637238632494,0.8710356838338243,0.6387304956088835
130,0.1938501863921289,0.9757772826118483,0.8372236980293659,0.9180194471984404,0.8757620145516654,0.6552347230176631
131,0.1932470480636727,0.975920123691325,0.8378706923702216,0.9188740719476644,0.8765048520440845,0.6398686571104493
132,0.191561780548353,0.9762163663261827,0.8401002010066256,0.9192137806708763,0.8778781842833333,0.6611842522570021
133,0.19161746334686552,0.9763489421836329,0.8409355999453395,0.9196313839176677,0.8785246760296427,0.6471015041617324
134,0.1926021804805282,0.9761647312294338,0.8396316461779136,0.9192822244844859,0.8776534886899546,0.6382021622932954
135,0.19631155966211566,0.9755334990380491,0.8354774895695193,0.917609005817798,0.8746193306539147,0.6409030886049422
136,0.19579649078760217,0.975577732188748,0.8360465279823287,0.9172707737680187,0.8747772520841882,0.6519087249365486
137,0.19649493983752436,0.9754272900385131,0.8350565419310431,0.9168757636247489,0.874055580943204,0.6557403095612767
138,0.19300030112909755,0.9761342102181242,0.8401509552986284,0.9180411542979023,0.8773707361976891,0.6525729017827105
139,0.1888655946462703,0.9767274233229799,0.8437308431456483,0.9201797465969322,0.8802986250624887,0.6552675542191425
140,0.18560996332721744,0.9774348722130232,0.8479511795149566,0.9228349530964217,0.8838097075243747,0.6582829191266588
141,0.18264069480540082,0.9779974132464457,0.8514691120537655,0.9247154967130726,0.886582035451018,0.6595660443592661
142,0.1854511219070112,0.9776251049730531,0.8497096501419363,0.9225838447791768,0.8846485057022797,0.6380488306267068
143,0.1938098233809574,0.9758962287263402,0.8386469171070671,0.9172990520642565,0.876211495780786,0.6537191660966966
144,0.18404871514804072,0.9777461041319503,0.8500845568335071,0.9235821498534106,0.8853105485912037,0.6536423745634052
145,0.18359353661322766,0.9777962217610952,0.8502760351232187,0.9239392833231295,0.885578455276239,0.6489196051146575
146,0.19052879169261713,0.9765833737625155,0.8429251290636662,0.919557254911342,0.879575222793903,0.6498102180767037
147,0.18852511959539042,0.9769151635909727,0.8449838508538959,0.9206714788500494,0.8812054294883345,0.6521892175031402
148,0.18418603339534012,0.9776568344653505,0.8496817440745512,0.9230416873770115,0.8848438023316617,0.6523284971374397
149,0.18104299377623223,0.9782873800198103,0.8533739600323197,0.9255532873851628,0.8879992987048176,0.6492661755176615
150,0.17710570489867128,0.9790004112680525,0.8581096241984343,0.9275681344505254,0.8914879959909465,0.6585476539442314
151,0.17551771653213089,0.979349174761292,0.8605740589861186,0.9283494423638116,0.893177877276095,0.6496289124780089
152,0.17622833573024907,0.9791713151986479,0.8591308998335506,0.9282293149800546,0.8923444530333341,0.6516945718270325
153,0.17570531215491914,0.9793669174594302,0.8606318316907642,0.9284906861776574,0.8932743643570413,0.6393056325955515
154,0.1830884310410177,0.9780326926516446,0.8527131000587066,0.9232589060389741,0.8865848799668553,0.6434625856900718
155,0.18416628568506926,0.9778366028786457,0.8508569591227142,0.9235662017803365,0.8857219036697045,0.6552167521037279
156,0.17859812906320147,0.9788066354614903,0.8569771498521558,0.9267816581802244,0.8905135608985608,0.6559096014248766
157,0.17415698759740206,0.9795038740604609,0.8612516117660357,0.9293207243142255,0.8939923347808608,0.654393535113267
158,0.17727418554772575,0.9791043680984749,0.8592486916610131,0.9271912873904788,0.8919279796153686,0.641033342364904
159,0.17621472488633164,0.9791650393371548,0.8593195348104756,0.9278650196441867,0.8922777841383613,0.649427078615814
160,0.16994543443266436,0.9802469868723809,0.8660494819767837,0.9317018602245902,0.8976768860773046,0.6523582457376509
161,0.16886973691930016,0.9805730776143619,0.8686564705383658,0.9320290910572953,0.8992276252378899,0.6480528727273578
162,0.17085639786698836,0.9802291755105502,0.8662853578728313,0.9311289847663415,0.8975375200463772,0.657086730876293
163,0.1745289787382102,0.9796297620742631,0.8626684097500389,0.9288230115337055,0.8945242614947645,0.6367386606563072
164,0.17852841457017035,0.978847215703749,0.8572466023517259,0.9268973555436831,0.8907124397135696,0.6514813670425762
165,0.17117296094945866,0.980068358276381,0.8651041688825563,0.9308189571791284,0.8967592750993056,0.6414457344523044
166,0.17172043708910187,0.9799606936065643,0.8647598132569752,0.9299545125515765,0.8961730332756792,0.6521368290975631
167,0.16671615956927374,0.9809204403682747,0.8709696316713398,0.9330686691539753,0.9009503564589745,0.6536027328643598
168,0.16340096691529526,0.9815396083488898,0.8753277633757088,0.934612605061623,0.9039992427127979,0.6553933553395288
169,0.16446359613709313,0.9813510509829565,0.8737999396008436,0.9344248460346445,0.9030960979109094,0.6472293409328893
170,0.2019257210999084,0.9752902991056361,0.8366810619856332,0.9123964962674126,0.8728999647236315,0.6486759768600732
171,0.17926347874801793,0.9786662319430968,0.8565415379065466,0.9256288192312497,0.8897460662832174,0.6474729973911421
172,0.16617790631038679,0.9807963719423234,0.8701622471630236,0.9326689336557207,0.9003319931491667,0.6512309012070914
173,0.16154720923669047,0.9816253006371112,0.8756551463680722,0.9352212898506168,0.9044585473326923,0.6435890302905687
174,0.15965941534947148,0.9820077230724069,0.8783012155942714,0.9362596866085507,0.9063548320278834,0.6498768306089198
175,0.15893727506129005,0.9822013340861071,0.8798443942091982,0.9365054789014376,0.9072911645007075,0.6477521297890917
176,0.15890072095844385,0.9822830713456414,0.8803744143747321,0.9367810261639952,0.907702256953853,0.6520791321405001
177,0.15806542629067846,0.982511645911555,0.8820008078396292,0.9373533109528708,0.9088350299174218,0.6553662131171524
178,0.15883596276314996,0.9823641151018815,0.8807030471611318,0.9373297580116179,0.9081345196047749,0.6498551222520716
179,0.15763568937135258,0.9826556199419577,0.8828948945058409,0.9378973912791801,0.9095653851298268,0.6444193002843297
180,0.16056185226431854,0.9821015245427108,0.87924684822309,0.9360999105431235,0.9067831167708655,0.6469892334609607
181,0.1606024983439514,0.9820319544894849,0.8786067584564902,0.9361318805229433,0.9064575794744654,0.6502130265807697
182,0.1600774910381372,0.9822190836506145,0.8799279099104174,0.9366095105447774,0.9073843893723551,0.6435809834668011
183,0.16050213216234455,0.9821055962996752,0.8793572529110782,0.9359957312324405,0.9067929401524965,0.637953128498055
184,0.16077496701007266,0.9820427690210513,0.87865390377551,0.936200472003896,0.9065148261159265,0.6418762893589821
185,0.15948857179434178,0.9823190579868728,0.8807764667754096,0.9366668054739693,0.9078622613074568,0.6533318763995023
186,0.1593267994550921,0.982327380026402,0.8805487313726401,0.9370885434063726,0.9079392676744463,0.6411553708440654
187,0.15643248950941957,0.9828273135050167,0.8840580536764534,0.9384136363112816,0.9104252619324671,0.6570991151430159
188,0.15574360826461436,0.9830639423220588,0.8861096648007578,0.9385132379343228,0.9115589302649475,0.633493884912237
189,0.15709109955447184,0.9826737059585583,0.883195877120293,0.9377043162278437,0.9096342447276532,0.6350433983534605
190,0.16514286004918086,0.9812376803602944,0.8740287205552728,0.9326734375096907,0.9023992888297326,0.655023601403416
191,0.17351658955859622,0.9797217096248699,0.8637293461170106,0.9284266723843462,0.8949102135947951,0.6472610210057598
192,0.15710791787333625,0.9825643315627989,0.8821256586178631,0.9378335989868839,0.9091270342711523,0.6418720114429596
193,0.15181759275871215,0.9834647734933099,0.8883717020884057,0.9403583413885869,0.9136260907313289,0.6522981479506855
194,0.1500141686833591,0.9838897674179463,0.8917055572447434,0.9410554050825327,0.9157160716929889,0.6374311467501987
195,0.14822850408528349,0.9841848153045548,0.8934441435220576,0.9423259349041004,0.9172342416113537,0.648101038184164
196,0.14828190764934895,0.9842322138514773,0.893922887535339,0.9422633239505503,0.9174567874386802,0.6323545978768447
197,0.15066535851295046,0.9839046399737386,0.8918857846820146,0.9409947138044453,0.915782353946307,0.6407307336675327
198,0.1505605684553119,0.9838391622765849,0.89103902292224,0.9413348655296871,0.9154966724971598,0.649284148217059
199,0.15547131224394703,0.9830392371255027,0.8863116179525597,0.9379316501028208,0.9113912962032743,0.6547521346683189
200,0.15705893228915954,0.9827525730757467,0.8837634938847388,0.9378956192710608,0.9100252658690404,0.6506374201244252
201,0.15556965653094457,0.9829614274291786,0.8852679496506731,0.9384037425992819,0.9110617450342285,0.6494034479142912
202,0.1520034368518445,0.9835303953842178,0.8892327202062876,0.9399936030506891,0.9139088564273269,0.6510119860984863
203,0.14832259741404075,0.9841264717650502,0.8928032596561389,0.9424733807463639,0.9169661814961632,0.6512951687617334
204,0.14612098241881502,0.9846026544724343,0.8963619242349583,0.9435242553948049,0.919338627021189,0.6435840274337407
205,0.14584485154679352,0.984660613495261,0.8969843425562662,0.9434031681733166,0.9196083603436059,0.6433453781326268
206,0.14989842120692026,0.9838087717262909,0.890755786454014,0.9413452760773883,0.9153520718540743,0.6378320370190413
207,0.14819260957322533,0.9842233493687774,0.8937598183611073,0.9423734099549644,0.9174230657348581,0.6517803605402116
208,0.1477245078991643,0.9843469508816198,0.8944421422677058,0.9429683616810333,0.9180644605003114,0.6519540181871346
209,0.1460695029269877,0.9846169433868405,0.8963590368786584,0.9437018253750972,0.9194213915922089,0.6560168274666979
210,0.14416148291110134,0.9849321646663011,0.8986112984254357,0.9445481069194259,0.9210072642906788,0.6479556463546235
211,0.14327200250231104,0.9850814052019174,0.8997075671679134,0.944912771423652,0.9217562584315657,0.6524708068376476
212,0.14398842894559283,0.9850064244497236,0.8991882308120622,0.9446878740598389,0.9213766759068538,0.6346398088192918
213,0.1500871186848167,0.9839488181934836,0.8923230284639685,0.9409470172525664,0.9159901936114149,0.6434519614835443
214,0.147290604095236,0.9843643296621878,0.8947032884741555,0.9428314002201424,0.9181370664115852,0.6490797062689438
215,0.14325252014527218,0.9850734882781739,0.8997411443509434,0.9447728566158957,0.9217073014547186,0.6470109234417687
216,0.1482810986717399,0.984248397883796,0.8943614189017801,0.9418745896693699,0.91750329534134,0.6544532468106059
217,0.14628422793617352,0.984484745179699,0.8955516422272937,0.943167121925086,0.9187428566044721,0.6362101745949263
218,0.14094310361061166,0.9855069072378783,0.9027598080148258,0.9460609588513135,0.923903306247069,0.6445873459555949
219,0.1400415159815507,0.9856445504758339,0.9037991138837246,0.9463686975947058,0.9245941746331816,0.6265262125458234
220,0.14047226792188,0.9855409987611972,0.9028584454113798,0.9463434464790051,0.924089659068907,0.6550720947837665
221,0.14043077285126818,0.9856133359612301,0.9036742483168252,0.9461549491153102,0.9244268212653616,0.6383478247661475
222,0.14135993574913458,0.9853985559311368,0.9019877151486174,0.945760234306727,0.9233554966976973,0.6516262699236252
223,0.14016956466136218,0.9856944758466398,0.9038950361934317,0.946845072444122,0.9248716846110782,0.6489887249104024
224,0.14247519611347492,0.9852200371970448,0.9008909069243437,0.9450376979960655,0.9224364003634672,0.6467089544917661
225,0.14497184131642898,0.9847640553479898,0.8977760362711681,0.9436117482956974,0.9201234224143471,0.6202754765062799
226,0.14045744528658957,0.9855439032353892,0.902807430532265,0.9464448201101657,0.9241112626872745,0.6515809580662978
227,0.14408910448709839,0.9849789383736219,0.8995791802600356,0.943841223347152,0.9211788177377529,0.6215268243065111
228,0.14212171175925853,0.9852205041101537,0.9008315713507079,0.9451209823776746,0.9224449652860162,0.6334209317544053
229,0.137531773059917,0.9860622866481747,0.906595761300428,0.9477754505404478,0.9267283709301952,0.6481366753827474
230,0.14358182117450152,0.9850928308403469,0.9002576970732226,0.9443291900830156,0.9217669580789442,0.6437013822639523
231,0.13853030764370514,0.9858096454580451,0.9050062458978213,0.9467916906995267,0.9254275282557921,0.6555329893088581
232,0.13526367476518206,0.9863871208445832,0.9089841282598704,0.9486045288392845,0.9283717979381652,0.6525476906507898
233,0.13355299058577996,0.9866308769529053,0.910471102784981,0.9496212184977565,0.9296341564782457,0.6314559095821891
234,0.13462820032732092,0.9864629667593022,0.9095300655080619,0.948814585635098,0.9287570975565124,0.6508236086214098
235,0.13527713493584728,0.986392668870936,0.9088776751237643,0.9488066854322327,0.9284130638204167,0.6501766146379117
236,0.1348067803187765,0.9865283689263943,0.9100996626498652,0.9488704777245289,0.9290807667320455,0.6520408220214781
237,0.13611692155329444,0.9862987094741393,0.9081258365873273,0.9486441775209548,0.9279429124652745,0.6207736979480525
238,0.13530425277116487,0.9863867225951668,0.9087188757785783,0.9489384047024371,0.9283932503212116,0.6169039048672454
239,0.14066686532158645,0.9854379688906233,0.9033014058378962,0.9445271381566803,0.9234543913956103,0.6456509673637759
240,0.14855391502701978,0.9840023964727297,0.8937313331382601,0.9397150286075944,0.9161465345381518,0.6494896155673279
241,0.1360837515416763,0.9861556074726312,0.9072114721939056,0.9481029028741677,0.9272065606414871,0.6494822408933744
242,0.13243479276303766,0.9867055693175906,0.9108534523499062,0.9500261961866976,0.9300275182223656,0.6525598612784617
243,0.1304114810693607,0.9870746229319595,0.9136480020385971,0.9508856201245781,0.9318949646894832,0.6470098814623407
244,0.13021569495364058,0.9871194740558907,0.9140719896103616,0.9508851032888767,0.9321152122625037,0.6444361039690178
245,0.13039669686620184,0.9871548152584128,0.914420448764306,0.9508670140393249,0.9322876597113025,0.6461661747801828
246,0.12988126060838323,0.9872030858342298,0.9144436740023775,0.9514105036962612,0.9325608902165564,0.6315436756769524
247,0.13160911655361704,0.9869522436328433,0.9126346916330704,0.9507082716453007,0.9312825039996647,0.6472678032435014
248,0.131160675836124,0.9870602859529686,0.9136390243902439,0.9507266562295389,0.9318139501158309,0.6389492250303473
249,0.1302700448486445,0.9871891539710246,0.9145173196003046,0.9511528241822405,0.9324753726699375,0.652727015515486
250,0.133509048615857,0.9865659485652913,0.9099112331421928,0.9495586075442064,0.9293122422597537,0.6481326624061728
251,0.13357913169822247,0.9866131960520904,0.9107020079747694,0.9491172298551472,0.9295128789409594,0.6314176079538912
252,0.13027123643232763,0.9871005434758726,0.9137725416629215,0.9510367576504235,0.9320323269227409,0.6476356330719191
253,0.1277413737806056,0.9875533530623347,0.9168048702028438,0.9526057970064286,0.934362523332266,0.6468232491682727
254,0.12765889110968268,0.9876192496080127,0.9175701267499679,0.9524322140444047,0.9346762068653202,0.6492156536570667
255,0.1304353025319765,0.9871608645297207,0.9144901324198579,0.9508513613009375,0.9323163509038951,0.6381279096373613
256,0.1293102202119587,0.987302394132671,0.9150635128581667,0.9518107560302175,0.9330754711272645,0.6377208965904908
257,0.12925376753798493,0.9873463045640152,0.9155251162632465,0.9517531657663388,0.9332877012793688,0.6357351828295177
258,0.13072408746472367,0.9871026514512319,0.9140722711336721,0.9506850878724059,0.9320192498048346,0.6531525560414353
259,0.12773301815547103,0.9875593336699502,0.9170157754765309,0.952413755626495,0.934379632031407,0.6422655723756723
260,0.12674581672219062,0.9877521001202328,0.9184506492988939,0.9529078505571046,0.9353620208351663,0.6499395246451978
261,0.12594289865961178,0.9879381512613905,0.9196789116126796,0.9535816566444841,0.9363234938880333,0.6481904054095328
262,0.1263675521389186,0.98782421759645,0.9189039909080873,0.9531969832152437,0.9357363989495301,0.5861349871250862
263,0.13017384815130303,0.9870673926451408,0.9135921953362219,0.9508699673861906,0.9318584183174627,0.6338956923660224
264,0.1274620176380058,0.9876271527990177,0.9172547567262657,0.9529178919364475,0.9347462864172289,0.6447961549148001
265,0.12771072629973185,0.9875722630432452,0.9172132376842053,0.9523207990339012,0.9344373798395839,0.6298451439399219
266,0.1272244645322827,0.9876605508190425,0.9178668330895543,0.9525514554241021,0.934887552280884,0.6546270695840876
267,0.12601635974945782,0.9878672491325303,0.9193125153722151,0.9531989028907064,0.935949092240409,0.6431217775627128
268,0.1489638666883647,0.9839887735961406,0.8939368610322508,0.9392745369225949,0.9160450694566182,0.6475740374149892
269,0.13696955192646534,0.9860517811032244,0.9069208008729557,0.9472320347171831,0.9266382134726283,0.6460653744994569
270,0.1324702766355422,0.9866962035899356,0.9111782094175697,0.9495027154547755,0.9299457768822547,0.6442403455326239
271,0.12411757274497327,0.9880316300123397,0.9204101888136801,0.9537801953875219,0.9367981152005899,0.6472166107239034
272,0.12291067838668823,0.9881699118226355,0.921244008765371,0.9543805369716204,0.9375195625006187,0.6389418209896639
273,0.12072041126892721,0.988595736577951,0.9244201500073469,0.9554907738920593,0.9396986988083457,0.6352838435189173
274,0.11959476577345844,0.9887939137272015,0.9258613678794991,0.9560582594922783,0.9407175471592498,0.6441603586285828
275,0.11941392912710314,0.9888355376575859,0.9260092489600514,0.9563654813999691,0.9409425943506202,0.6513838495493973
276,0.11975439670060178,0.9888279159877201,0.9258351965518338,0.9564874546255171,0.9409117507019183,0.6340672795150737
277,0.12157796856632336,0.9885887672131637,0.9244599109759933,0.9553607527963026,0.9396563549926055,0.6445674387831558
278,0.12107294950661042,0.9886215815918024,0.9242200390700475,0.9560372907295328,0.9398594630498309,0.6359562442385607
279,0.12130363057736013,0.988633892991865,0.9244910588780372,0.955851229877002,0.9399096333933319,0.6443859174686661
280,0.12158325636129586,0.9886732578867666,0.925314837547437,0.9553103982322447,0.9400734065776458,0.6507926984165922
281,0.1268759594171596,0.987617546748439,0.9171990239043372,0.9528737394008072,0.9346961046989887,0.6453229229862281
282,0.12708442359358715,0.9877551968527639,0.9185485175701935,0.9528230895020627,0.9353719304719347,0.6192646921823817
283,0.12460743110600135,0.9880490293920154,0.9205047176109655,0.9538685004588024,0.9368896719053981,0.6476302424496646
284,0.12069612923714755,0.9886814906634956,0.9248883983583897,0.9559248420476263,0.9401505445820528,0.6407945743879194
285,0.11978383564638148,0.9888211800794873,0.9257383455491756,0.9565262173031277,0.9408804855134396,0.638547401560383
286,0.11839132560350055,0.9890559000458783,0.9275843981122016,0.9570333807936174,0.9420788049788381,0.6455471983093777
287,0.11946857557129517,0.9888589519767234,0.9259656007512691,0.9566920477296293,0.9410780844034227,0.6429164001314452
288,0.1194340549141383,0.9889129697036013,0.9262838324982947,0.9569374708541581,0.9413611734171446,0.6465599218393234
289,0.12144327155656094,0.9886282694354505,0.924505014046959,0.9557683884974227,0.939876792638503,0.6412771387061365
290,0.12824730979774496,0.98739788472981,0.915960096366353,0.9518202805738589,0.9335459422120146,0.6319956362048823
291,0.12076051645784927,0.9886894075872391,0.924826367599541,0.9560929613179487,0.9401997915690036,0.6484398397739984
292,0.11837826614274824,0.9890630548026352,0.9274396201060637,0.9572915771433398,0.9421291884299069,0.6440792767565031
293,0.11724242860143133,0.989266793710977,0.9289554679434125,0.9578400136562759,0.9431766471547791,0.6442128750631114
294,0.11739982105791569,0.9892738523385645,0.9289043130881769,0.9579836939812858,0.9432199281285709,0.6387217534669406
295,0.11755720879748571,0.9892599342080978,0.9287160728039263,0.9580480031092836,0.9431540385616562,0.6377273099778062
296,0.11672477417444582,0.9894008183723387,0.9298668028639544,0.9583057564569761,0.9438721111837883,0.6459339309217965
297,0.11806859857262038,0.989225568030009,0.9286060142018293,0.9577801345485765,0.9429674765307291,0.6450652764970262
298,0.12143343976504511,0.988594438834163,0.9240714265831196,0.955900550769657,0.9397165449935339,0.641691131266184
299,0.11909315110646564,0.9889892962641678,0.9271511228989244,0.9567793929631786,0.941732278428992,0.6395018057317844
300,0.11667359687334342,0.9893840575650031,0.929468388757679,0.9585887609203692,0.9438040064050024,0.6443701472831885
301,0.1163121637278538,0.989465176851305,0.930203264613674,0.9586509288718894,0.9442128743839201,0.6411990441715759
302,0.11614669973312093,0.9894656986953678,0.9301302420852716,0.9587444761338563,0.9442206230861819,0.6469257029236984
303,0.11588169444057582,0.9895098357168973,0.9303895018766911,0.9589470018951627,0.9444524272285202,0.64231124889756
304,0.12878648900567627,0.9874388082905311,0.9170251289941076,0.9509771738774107,0.9336926022037839,0.6245557872802053
305,0.1228762509555911,0.9882674417314412,0.9218317629604327,0.9548047114151877,0.9380285659209865,0.6478925910502032
306,0.116593672217225,0.9893013796128818,0.9288999707645552,0.9583094481405581,0.9433755569931461,0.6483792711250398
307,0.11452198281830592,0.9896671854345961,0.9317129611367998,0.9591929418553929,0.9452532722473566,0.63968630627163
308,0.11331943498937774,0.9898355831404159,0.9328038836419964,0.9598468128514298,0.9461321483019,0.6455050430592174
309,0.11274069538272971,0.9899565960320516,0.9336650093633866,0.9602259487552972,0.9467592266517372,0.6417063516422624
310,0.11620974429487753,0.9894219599232549,0.9299034552590746,0.9585076915489094,0.9439889356407836,0.6298317128254685
311,0.12055298152694599,0.9886978120231993,0.9252035130621961,0.9557328006676926,0.9402203979709043,0.6336324435038675
312,0.11696902056820958,0.9892889377518035,0.929021258632048,0.9580187649753145,0.9432972143633491,0.6320560365604388
313,0.11486138566899642,0.9896024630380597,0.9314623375553904,0.9587407106166027,0.9449046908310755,0.6311118081839405
314,0.11792808160078612,0.9889555480593114,0.9264950267318034,0.95717898079409,0.9415870918798037,0.6412289275592444
315,0.11396004971143582,0.9897119610284657,0.9319498658963864,0.9594300217750265,0.9454903120821817,0.6449506467351702
316,0.11238962440021175,0.9899538975489369,0.9335624732990643,0.9603163211693836,0.9467504283366475,0.6397347785394182
317,0.11295957681086423,0.9898469881797376,0.9327465676315427,0.960047123602587,0.9461999619419502,0.6470370161658996
318,0.11226729850331657,0.9899655909757671,0.9335082449141969,0.9605160412511676,0.9468195845531251,0.6503639154527999
319,0.11513734990797883,0.9894668659781402,0.9301623980678194,0.9587195203528422,0.9442250883225721,0.6339340989626241
320,0.11313918311979702,0.9898896420655093,0.9331719087666759,0.9600358270508262,0.9464132733712568,0.6388220104069734
321,0.11360462251112616,0.9897984017509351,0.9324845200794225,0.9597957199506555,0.9459430293244987,0.6472983783248317
322,0.11269126216070258,0.9899706652226418,0.9336446968082014,0.9604128956118877,0.9468396423875681,0.6345892029870368
323,0.1118755746204004,0.9900997460981444,0.9346196695555578,0.9607514968300251,0.9475054410631618,0.6461274532599031
324,0.11307395727996775,0.9899475392910128,0.9335178520494081,0.9602956477413246,0.9467174360209544,0.6450437907421214
325,0.11104612777398216,0.9902409461153708,0.935624259611033,0.9611967138700096,0.9482381061031364,0.646302865503373
326,0.11182667725056196,0.9901097984627243,0.9347081523511882,0.9607630887164725,0.947556546408544,0.6288608256984706
327,0.11181877970213083,0.9900923372857253,0.9344669250172479,0.9608465207654248,0.9474731429475055,0.6393967051211306
328,0.11156330339396171,0.9901693092850011,0.9349665371129855,0.9611455471355637,0.9478753195363391,0.6366608872064158
329,0.1114366644685217,0.9902212671011046,0.935522084663248,0.9610899503808193,0.9481336797573056,0.6415552677425163
330,0.1117518181584293,0.9902005993296665,0.9354329480601761,0.960956385268824,0.9480229071435264,0.6484835214817773
331,0.11308246759845199,0.9899639224480397,0.9336553345551827,0.9603222278631147,0.9468010484680626,0.6456355559147762
332,0.11214698135531206,0.9901062966144075,0.9346195918726738,0.9608273240107986,0.9475422750191052,0.6440247782847888
333,0.11120417001221677,0.9902366752336983,0.9355386158582097,0.9612483974401571,0.948219266509316,0.6318766712269795
334,0.11328413531773811,0.9898123336141403,0.9325079321953567,0.9599293588963225,0.9460199772343832,0.6281619883778394
335,0.11077765458457761,0.9902545071946366,0.9357409212315672,0.9612157629572925,0.9483072871709411,0.6354880089397659
336,0.11361082532047796,0.9898041557683654,0.932955835349643,0.9593021418557474,0.9459455760144342,0.6376449726919662
337,0.11047805001516994,0.9902950531050491,0.9359269119375065,0.9614646562643884,0.9485239227950802,0.6410200088761946
338,0.10872189396416111,0.9905741023513085,0.9379985793971125,0.9622481791878237,0.949968651205878,0.640134798068501
339,0.10820819743031221,0.9906479638853147,0.9385351354410273,0.9624704923731294,0.9503521301576237,0.631977013697314
340,0.10797941826766344,0.9907152886357964,0.9391711903673183,0.9625019455172477,0.9506934507772996,0.63566681375509
341,0.10741422590699128,0.9908026837835914,0.9395975010930071,0.9630093305087524,0.9511593729677815,0.6326665658415156
342,0.10896799590090196,0.9905457236472044,0.9377341292209818,0.9622311974433467,0.9498247377260836,0.6391765406295279
343,0.10831377617746805,0.9906462198275255,0.9384133689831105,0.9625928347670356,0.9503493289509124,0.6466920279990404
344,0.10816896468293753,0.9907176643995563,0.9389984451547064,0.9627309037330009,0.9507165909138551,0.6443653396767404
345,0.10767165773796092,0.9907864104884724,0.9395054230259953,0.9629296639770537,0.9510733348849252,0.6347279528462575
346,0.10891449430006013,0.9906095328166308,0.9382949309651503,0.9623091658005977,0.9501503378094533,0.622356092278386
347,0.10922417868759564,0.9905534414462397,0.9378334795634743,0.9622036574838253,0.9498622806384581,0.6431960986545896
348,0.1088516965588863,0.9906105215738026,0.9384021828772483,0.9621950927779152,0.9501497102854894,0.6207733950069658
349,0.10928242495484489,0.990496780167201,0.9375951936808598,0.9618302806063458,0.9495581273823258,0.6348369981369493
350,0.1074252874195147,0.99078012776061,0.93915765738009,0.9632632445055197,0.9510577299203209,0.6410677385838139
351,0.10720778871729648,0.9908456329232408,0.9398190950777384,0.9632445645865949,0.9513876537246246,0.6322680890049857
352,0.10716924037811139,0.9908142261502981,0.9396876019416021,0.9630369443019454,0.9512190070379528,0.6334365580621751
353,0.10632355878357407,0.9909454287338987,0.9406785281830448,0.963390459921754,0.9518990389174946,0.6255742514787049
354,0.10630205827061649,0.9909827543171336,0.9408513395481964,0.963618015297746,0.9520985971223441,0.6315011222066532
355,0.10566451388458126,0.9910604678842881,0.9414816296861974,0.9637779390305167,0.9524993230242322,0.6284547081802144
356,0.1054207699225961,0.9911076741728717,0.941769740493795,0.963985190146808,0.9527479821964877,0.6403216514775949
357,0.10940283085320064,0.9904607111295386,0.937159762573,0.9619254522090886,0.9493811245417291,0.6389337652868065
358,0.11125425838952442,0.9901330617217382,0.935225184373658,0.9604213126504546,0.9476558003931329,0.6443308958553283
359,0.10732014536214389,0.9907197929740233,0.9388610686554696,0.9629158570804571,0.9507363333415345,0.6365000033795495
360,0.10551024047430042,0.9910236435460084,0.941015594224782,0.9638963682398259,0.9523185654803313,0.636806491434207
361,0.10422039080223591,0.9912377026073307,0.9426321910279709,0.9644767747325819,0.9534293757558816,0.638152042746349
362,0.1037854649019327,0.9912965611245289,0.9430129562166543,0.9647106798043349,0.9537384271796641,0.643501528892123
363,0.10372579293392545,0.9913096690234243,0.9430711328288992,0.964793521183914,0.9538086646295044,0.631876318838812
364,0.10439257981697861,0.991211074827385,0.9425466230739019,0.9642707787887084,0.9532849505026957,0.65021143342561
365,0.10447638035624576,0.9911930986726923,0.9423503129159658,0.9642918952187972,0.9531948525263483,0.6312876743085011
366,0.10428820216773654,0.9912439922015623,0.9427138001591189,0.9644544769637468,0.9534602226402231,0.6514023151524071
367,0.1040708602091177,0.9913087283308373,0.9432522114628998,0.9645737921771158,0.9537938584066972,0.6283325971996544
368,0.11185478897457071,0.9899816445470702,0.9346134356801437,0.9593934002738934,0.9468413154350396,0.6231904069856722
369,0.1094764766933249,0.990358491490536,0.9364783032769368,0.9615475714776391,0.9488473789893656,0.6451044650820278
370,0.10437541965582817,0.9911830257090049,0.9421213284172018,0.9644414822375382,0.9531507541723755,0.6248393089549836
371,0.10272156392230833,0.9914621504853259,0.944371605940886,0.9650387966410996,0.9545933519026,0.6443375472701137
372,0.10446671334852417,0.9911980424585513,0.9426222655705727,0.9640341418711047,0.9532079753344026,0.636297047005976
373,0.10573306375538273,0.9909259831761869,0.940354028723221,0.9635445507944651,0.9518080531615467,0.6331670255354033
374,0.10257281604216253,0.9914472710631644,0.9439581471378314,0.9653445418753576,0.9545315683489163,0.6446011223309603
375,0.10196131928790388,0.9915660729839022,0.9450606699149714,0.9654341759527275,0.9551387914583005,0.6371327283349171
376,0.10214885141995313,0.9915514476174029,0.9449896142247718,0.965348750394641,0.9550606951345388,0.6502593162331365
377,0.10132266599818956,0.9916762164130175,0.9456537875921956,0.9660109645955731,0.9557239850553739,0.6397268405033357
378,0.10210080951345053,0.9916151057267057,0.9453216587293121,0.9656944396452558,0.9553994550727178,0.642873918866784
379,0.10158436476058669,0.9916936981891242,0.9459298995228133,0.9658940858933682,0.9558077548858648,0.6396090474608546
380,0.10250781791405283,0.9914830242478414,0.944284075089546,0.9653779885286101,0.9547145313054938,0.6411755933721924
381,0.10276246342888411,0.9914984323804351,0.9445543384130213,0.9652432420778685,0.9547867284386792,0.6311006012192005
382,0.1031303424254167,0.9914404596248699,0.9439640703456087,0.9652598546539873,0.9544931942339674,0.6438639960934378
383,0.1017859135653904,0.9916517652721235,0.945497244474947,0.9659114368062034,0.9555953269972296,0.6322167570135779
384,0.10069781760249635,0.9918231635813048,0.9467777907899514,0.966400215712455,0.9564883749880383,0.6370854220174935
385,0.11250953179308408,0.9898285313791976,0.9337434474323197,0.9586507073708745,0.9460331655664036,0.6369198498998302
386,0.10580682020178801,0.9909399562376076,0.9401431460990193,0.9639504883211375,0.9518979827374886,0.635938652714915
387,0.1013548166068981,0.9916328690239516,0.9452294403507105,0.966002990559036,0.9555033196130911,0.6396060244743088
388,0.10004606704971344,0.9918280387034712,0.9466839847012939,0.9665629451247479,0.9565201920261402,0.6366770749741802
389,0.0988348740950334,0.9920473299381609,0.9483983247680019,0.9671048842745797,0.9576602615867238,0.6319548978902338
390,0.09899443978939554,0.992005692275038,0.9479170676795976,0.9671789394472339,0.9574511364344018,0.6411528733129266
391,0.10099538557713839,0.991763735155459,0.9465332710196535,0.966002399889663,0.9561687400535311,0.6324903969769543
392,0.10023291552399131,0.9918806419582841,0.9470834897577285,0.9667058871130414,0.9567940926011141,0.6415145624142514
393,0.09973805224884758,0.9919658673333966,0.9478277007762467,0.9668275650039029,0.9572333613919306,0.627247684898781
394,0.09972947533074901,0.9919347420815932,0.9474797684791498,0.9668697978640804,0.957076584481533,0.6439349034222674
395,0.09909930613508328,0.9920453043592327,0.9481835608473409,0.9673261637884825,0.9576592117339837,0.6337289635565244
396,0.09908569082885767,0.9920546563541491,0.9482939065075344,0.9673069670338563,0.9577060808754849,0.6322627989611325
397,0.09953110649002542,0.9919836649624888,0.947825949773353,0.9670320842743435,0.9573326977155989,0.6025746622990252
398,0.09988439612412195,0.9919500815504942,0.9475746411342352,0.9669362481685557,0.9571575418844156,0.641193311881026
399,0.10077063460573019,0.9918410710723049,0.9468229874901826,0.9665526084107184,0.9565860777386682,0.6345040155406764
400,0.10068822609220478,0.9918383313909748,0.946746100010457,0.9666092388368657,0.9565745667024818,0.6395455590166506
401,0.10089974228641112,0.9917683905538095,0.946229287147947,0.966403095225649,0.9562097978892394,0.6321157735595745
402,0.10037515119468565,0.991868564014776,0.9469527210754711,0.966717626666832,0.956733105222417,0.6295321442440837
403,0.09986057352247855,0.991950239476987,0.9476138520665564,0.9668933508053333,0.9571565270893294,0.6300493932047311
404,0.10036536537968427,0.991849111590695,0.9467727564142892,0.9667016047600864,0.9566334010423847,0.6285358957525504
405,0.10010775343494878,0.991851047906823,0.9467171192077208,0.9667872518191878,0.9566469309268589,0.6280892094880455
406,0.09904657896581313,0.9920520196683577,0.9483664661407553,0.9671944445182781,0.9576879255728767,0.6423182540081915
407,0.09813983309612,0.9921748933460597,0.9490500908574747,0.967814352025361,0.9583403793973746,0.6394533000683221
408,0.09780978979609853,0.9922351457362154,0.949576435363991,0.9679016234252386,0.9586514631990224,0.6475287917771575
409,0.09778166751263381,0.9922364228808956,0.9494201409538173,0.9680933694704856,0.9586658329158182,0.6340711644804156
410,0.09785469268991363,0.9922577498237815,0.9496905180251131,0.9680289865088162,0.9587720701462132,0.6407797631378055
411,0.09924700554701493,0.9920223500868348,0.9480856472032355,0.9671765029360698,0.9575359286238814,0.6398041575891811
412,0.09901678848931257,0.9920658004714394,0.948302900143171,0.967423476567703,0.9577677685587346,0.6376249832735369
413,0.0972042666252354,0.9923632790527619,0.9505614656225079,0.9682408153127491,0.9593196939818245,0.6465379131908984
414,0.09766906262676922,0.9922334978075957,0.9494198173408521,0.9680605134866062,0.9586495580820106,0.6407286848470072
415,0.09702011765979177,0.9923292561931355,0.9501066805811786,0.9683692859014014,0.9591510593603269,0.6325261334558642
416,0.09697174405504902,0.9923441150161892,0.9503146339856877,0.9683025402622395,0.9592242647337137,0.6370970318962731
417,0.09812064521121892,0.992226816830317,0.9496071806800793,0.967772192998855,0.9586036403123502,0.6301926987744989
418,0.09741402346399619,0.9923097145062543,0.949983386349483,0.9682871090248669,0.9590479226033076,0.6358676837094007
419,0.09755595079321655,0.9923084716934203,0.9500907805270444,0.968151402736394,0.9590360695011888,0.6434837879595472
420,0.09864911545577237,0.9921143045038109,0.9487181770568847,0.9675027739310434,0.9580184033663885,0.6304551277996375
421,0.09997229883782298,0.9919440734774019,0.947549688903939,0.966896304152199,0.9571252420019758,0.6279954986313109
422,0.09781059819749362,0.9922493110559751,0.9495817551408072,0.968056452634666,0.9587301104461933,0.6433845145512281
423,0.0959962126564422,0.9925045751991577,0.9514282751940233,0.968863971501384,0.9600669678164959,0.6336521102122021
424,0.09525207534646817,0.9926105301430315,0.9523542039992061,0.9690210895546323,0.9606153586937296,0.6434102374055602
425,0.09548295379060207,0.992605627555388,0.9523224563848494,0.9690013021306331,0.9605894854474376,0.6322980989204039
426,0.09628774531239229,0.9924782838713051,0.9513713792881143,0.9686302140969744,0.959923227126981,0.6372720648780716
427,0.09629765333835598,0.9925029890678613,0.9514631415826115,0.9688066765721921,0.9600565872178665,0.6410569124377522
428,0.09628462739181605,0.9925155270581091,0.9515273150028414,0.9688763755582195,0.9601234789704588,0.6340313594730562
429,0.09713687095121085,0.9924095446487583,0.9509227483556738,0.9683573248465958,0.9595608494982044,0.6406097213138335
430,0.09734780275725204,0.9923466006418572,0.9504040554333195,0.9682295925946599,0.9592340177483389,0.6362324024079669
431,0.0970750536046011,0.9923982014067597,0.9508095167808862,0.9683565865098794,0.959502834603318,0.6451009086770272
432,0.09603963075406688,0.9925523239309118,0.9518188149145478,0.9689646806295,0.9603152215232829,0.6319284832515156
433,0.09526801548844618,0.9926807319022282,0.952867770055772,0.969238308216595,0.9609833253668175,0.6448806998655858
434,0.09519697093277527,0.9926572351866598,0.9525913378576836,0.9692830514216083,0.9608647098551943,0.6220451050825975
435,0.09582440939684994,0.9926024621591644,0.9524003721799819,0.9688778522316522,0.9605684542070422,0.6330028694593086
436,0.09607591898106843,0.9925001395246231,0.9514318264742444,0.9688097037527292,0.9600421316150565,0.6422131221233373
437,0.09573651099805351,0.9925593688257608,0.9519170507741437,0.9689338181547548,0.9603500589168807,0.6369834196951121
438,0.0956075222452553,0.9925773587131919,0.9520718211001686,0.9689632777897388,0.9604432870566038,0.6322574493630121
439,0.09646008340574855,0.9924581791421455,0.9512476074486257,0.9685419828593654,0.9598168971847708,0.624432572872416
440,0.09527798681754432,0.992638675390581,0.9523987609544232,0.9692895487847125,0.9607699236032168,0.6377250371318735
441,0.09452560569474594,0.9927561452356846,0.953359804835352,0.9695389589275099,0.9613813166686203,0.6336169860784515
442,0.09414519123036227,0.9928178876279672,0.9538527529582929,0.9696843374269675,0.9617033946249489,0.6377869769766507
443,0.09383517904408115,0.9928590446452427,0.9540855243213139,0.9698887090300647,0.9619222143909784,0.6363690928686501
444,0.09435744701529579,0.992818491868461,0.9538699911666821,0.9696718595364604,0.9617060192919801,0.6377689046027293
445,0.0944119302569319,0.9927976112395763,0.9536967166786502,0.9696299958446409,0.9615973587939953,0.6351321292952822
446,0.0937903756476778,0.992894832161766,0.9544313785324281,0.9699059861092284,0.9621064625967674,0.6366373419218592
447,0.09383858772490522,0.9928977160368503,0.9545088508905826,0.9698519398615885,0.9621192295125158,0.6203030634061081
448,0.09436890935833506,0.992781743060243,0.9534742610225897,0.9696999901653549,0.9615186777437446,0.6191966471514694
449,0.09741414106524676,0.9923081283749579,0.9503727400581263,0.9678285280903157,0.9590212095266294,0.6411058995390729
450,0.09665027022254553,0.992406303722473,0.9509586055949768,0.9682800948260611,0.9595411853660114,0.6371911127853729
451,0.0936605304399197,0.9928675589431109,0.9540785788101123,0.9699926668397328,0.9619698097220067,0.6338557533227211
452,0.09293182517180769,0.992994607373316,0.9551479835901602,0.9702317402685006,0.9626307775542556,0.6458072783323483
453,0.10079220387575438,0.9916706134557107,0.9456936222174704,0.9659013954268605,0.9556906990391536,0.6314812471810166
454,0.0957710650354195,0.9925312785091651,0.9518678927624483,0.9686710441173908,0.9601959614961042,0.6450479446865136
455,0.0925126432193269,0.9929999494085914,0.9551705016791301,0.9702668850962008,0.9626595118235595,0.6348310205711606
456,0.09168751643662401,0.9931270733688583,0.9561296614007568,0.970631549600427,0.9633260308184375,0.640071623409094
457,0.09147991624613888,0.9931520394874459,0.9562176221381943,0.9708150262744504,0.9634610360388663,0.6393532776459722
458,0.091656864118233,0.9931343860521079,0.9563256058141629,0.9704959909792973,0.9633586919079762,0.6258893581035943
459,0.09187785552131186,0.993118387411759,0.9560653163862459,0.9706052648133233,0.9632804264983849,0.6299283427126966
460,0.09144638330012346,0.9931901615695136,0.9566430633681663,0.9707714644081833,0.963655481639709,0.6402511605585948
461,0.091773299781753,0.9931559601842868,0.9563382429039434,0.9707250230287222,0.9634779296328674,0.6298868756667153
462,0.09170334585171809,0.9931729750472845,0.956360515645739,0.9708919609602985,0.963571454898796,0.6182364320335362
463,0.09200982736061802,0.9931255353021466,0.9559609437770494,0.9708020315482419,0.96332433016869,0.6267085487779412
464,0.09189215716537383,0.9931730231118693,0.9564974563193998,0.9707402327650798,0.963566215672944,0.6399510521210688
465,0.0923368073061859,0.993068544437384,0.9555830350445385,0.9705805305333243,0.9630233960363845,0.6266113562289769
466,0.09236718617754874,0.9931047714015391,0.9558546596207258,0.9706863341847832,0.9632134053144932,0.635414849735535
467,0.09347027284260705,0.9929416539336715,0.9549222005067535,0.9698861986852291,0.962346032445022,0.6457274290458312
468,0.09275016743394969,0.9930063351319925,0.9551188207549947,0.9703966108572709,0.9626971058347513,0.6391962750557086
469,0.09248394168002143,0.9930721080830239,0.9556699684786064,0.9705238262735053,0.963039624558546,0.6340556997060164
470,0.09204180245187214,0.9931139380044859,0.9559716487318834,0.9706593848946349,0.9632595305891661,0.6248758243748864
471,0.09186907505227936,0.9931497117882706,0.9562483299293104,0.9707546303310495,0.9634468790850116,0.634341386443379
472,0.10269645090958626,0.9914216938377137,0.9447074869774053,0.9641908169223231,0.9543497228328266,0.6331097862870378
473,0.09374284189489247,0.9928108839313337,0.9536404998667787,0.9698430059873201,0.961673511841595,0.6302656844120773
474,0.0917277218197747,0.9931048331988623,0.955897911249898,0.9706388591339192,0.9632119898124225,0.6364016909459657
475,0.09013914902486818,0.9933511710620219,0.9577788756632998,0.9713237402720446,0.9645037564906918,0.628748723687023
476,0.09045857422911435,0.9933123348775523,0.9575842458578555,0.9711024607581419,0.9642959785494484,0.6342529587847204
477,0.08968395628571081,0.9933977113127883,0.9581462867855783,0.9714403974732345,0.9647475464726429,0.6331235556221452
478,0.08987073778516526,0.9933617727361416,0.9578798166788892,0.9713311974728801,0.9645586123495076,0.6294139151898206
479,0.09022478748568528,0.9933405693879022,0.9577931288583,0.9711886984866165,0.9644444017553621,0.6228691809567821
480,0.09036658548837086,0.99329179756713,0.957228726951628,0.9712655593387929,0.9641960585594623,0.625415808028424
481,0.08958651992432076,0.993443873913246,0.9584033335302041,0.971675040881704,0.96499355739673,0.6308355130694416
482,0.08922017395174761,0.9934793867749993,0.9586299357125518,0.9718236680627137,0.965181715444481,0.6361115114006679
483,0.09251592041616388,0.9929723054059969,0.9551166127950088,0.9700151122759111,0.9625082131590844,0.6441859841591864
484,0.09243546817585718,0.9929896086565031,0.9550184031478616,0.9703199715061095,0.9626083829516859,0.6367182185025229
485,0.09085818499380308,0.9932107744099976,0.9565231493167602,0.9711369410827974,0.9637746508616263,0.6344210577791243
486,0.09336066095949076,0.9929225997590069,0.9550792754181251,0.9694959138969441,0.9622335984649767,0.6344376596715708
487,0.09382736826275322,0.9928481820490915,0.9544641754952824,0.9693425613609495,0.9618458350070798,0.6394311861287755
488,0.0899603715930268,0.9934086219735242,0.9580708120990926,0.9716466149181229,0.9648109597754443,0.6347628668541012
489,0.08963795405604856,0.993464514219207,0.9585758412413569,0.9717163139041504,0.965101350658918,0.6368655733015982
490,0.08844896054846778,0.993605789766495,0.9595519704224577,0.9722256924047893,0.9658472574706236,0.6292297603836909
491,0.08816635244184261,0.993657012881089,0.9600021782359817,0.9723046205997716,0.9661142363594519,0.6397034647036421
492,0.08912154249578928,0.993551133467277,0.9592851703268074,0.9719062141076064,0.9655544506428604,0.639976946615391
493,0.08933057094649445,0.9935261810814279,0.9590728664236275,0.9718602157301751,0.9654241998109613,0.6334649934338993
494,0.08980816297179503,0.9934319882280769,0.9583397358749494,0.9716117654251092,0.9649301156254544,0.6348213145293254
495,0.08983317230620401,0.9934285069788679,0.9583197727339429,0.9715947098469605,0.9649115853930155,0.6284311015878044
496,0.08925712130052581,0.9935203172020897,0.9589295342752501,0.9719525816533958,0.9653971402746788,0.627853601301252
497,0.08926260059954022,0.9935216424113547,0.9588579810484081,0.9720464980837209,0.9654071992796416,0.6212813154340335
498,0.0899027750539265,0.9934168822157301,0.9581615331822876,0.9716390838836156,0.9648532455433089,0.6283982795040235
499,0.08969659275181002,0.9934563295070628,0.9585361051824788,0.9716682481839132,0.9650575044236217,0.6440894017574945
500,0.08841964059757243,0.9936284831168615,0.9597530982071633,0.9722587698896836,0.9659654602224564,0.6297839299546901
501,0.08819157793689117,0.9936433144744382,0.9597874441607669,0.9723873881456792,0.9660463332797251,0.6326225596753701
502,0.09315329610551004,0.9929069993680743,0.9548316981478886,0.9695961061893585,0.9621572651401199,0.6360452787547091
503,0.09061986020357489,0.9932686922346088,0.9570719399679763,0.9711794692776615,0.9640740976637188,0.6385615076164577
504,0.08916766952267653,0.9935394194413391,0.9591617737711655,0.971910791795248,0.9654941980207082,0.6326599014143708
505,0.08895741522365766,0.9935754610135245,0.9594226717453612,0.9720277443311245,0.9656840762924911,0.6274392520783717
506,0.08786045934120529,0.9936823978482007,0.9600892721837243,0.9724935609654963,0.9662516080920082,0.6361167518370158
507,0.09020939982569903,0.9933092793432368,0.9575464270204768,0.971109991792649,0.9642805155074489,0.6327606116245998
508,0.0881024954719938,0.9936672506376385,0.9600656137297481,0.9723496591394715,0.9661685926085372,0.6455882209499648
509,0.08802454093162962,0.9936598418252194,0.9600107568943339,0.9723269183686066,0.9661295878058828,0.6327882934605856
510,0.08741877605910782,0.9937551126985424,0.960723547718788,0.9726115471727758,0.9666309980314068,0.6305715226213815
511,0.08691727751932984,0.9938323387534804,0.9612883974917834,0.9728569702973046,0.9670380867337035,0.6258586091981323
512,0.08752816387539288,0.9937377957152977,0.9605206122150927,0.9726404161383867,0.9665425220889144,0.6343056979448594
513,0.08741494245398387,0.9937623979163152,0.960890001771261,0.97251039504263,0.9666652771511095,0.6396984279513905
514,0.08881324961138286,0.9935180650329761,0.9590348218077193,0.9718110425048634,0.9653806626467673,0.6327586911051276
515,0.08955839222712482,0.9934387584681559,0.9585781520505466,0.9714243017328172,0.9649584747279901,0.6241365426366603
516,0.08814186712713551,0.9936696607332447,0.9600944741226288,0.9723449337844866,0.9661808738196573,0.6341819704435828
517,0.0894628474019843,0.9934538644805025,0.9584465984066182,0.971739497677045,0.9650472749499592,0.6385282614143712
518,0.08762244636313521,0.9937510615406858,0.960721992012956,0.9725678376391654,0.966608623304622,0.6300296674456369
519,0.08693881611601054,0.993851200669806,0.961371940576818,0.9729766546790317,0.9671394876175357,0.6393049078518789
520,0.08672779889629899,0.9938689227688365,0.9615501642180619,0.9729797556932406,0.9672311957941501,0.6366238992684388
521,0.0865157634529064,0.9938986884795288,0.9618306091552208,0.9730058189793293,0.9673859412320118,0.6244745555972133
522,0.08689938226996137,0.9938616856156486,0.9619328955836398,0.9724795325678849,0.9671774633424496,0.6239110809646221
523,0.09795655496418476,0.9920445353258768,0.9491563963140386,0.9662126043528199,0.9576085582479718,0.61534826578311
524,0.08844019059869025,0.9935851494605341,0.9594542972886116,0.9721016518364354,0.9657365686749201,0.6374674820239808
525,0.08657557686134208,0.9938741343430961,0.9617883476688776,0.9727771560982625,0.9672515423146869,0.6350100302956357
526,0.0856489155830132,0.9939851017365212,0.9624512413282831,0.9732939179660655,0.9678422131404812,0.6173253590061593
527,0.087262334972084,0.9937599878207088,0.9609387682706674,0.9724298425068717,0.966650156497977,0.6348367584549052
528,0.08614167552307356,0.9939157994716961,0.9621276316411089,0.9728722538673339,0.9674701115103932,0.6364390414489888
529,0.08526880811337087,0.9940724625524701,0.9632207945385566,0.9734305840922697,0.9682987769335871,0.6366003592378618
530,0.08509866331817864,0.9940856940460119,0.9633114628143458,0.973479609650238,0.9683688448633709,0.6330912419183796
531,0.08493322467016017,0.9940995709782632,0.9633501186480934,0.973592575167846,0.9684442661079301,0.6340947048087493
532,0.08559978715807413,0.9940041765102936,0.9626896040192561,0.9732468120835597,0.9679394223327278,0.6135884259786099
533,0.0864812013619452,0.9938964912413693,0.961820953826214,0.9729917905817178,0.9673741242269515,0.6274446700186852
534,0.08681037524219254,0.9938580464399468,0.9616058821837894,0.9727968696885902,0.9671690046522854,0.6267273861426793
535,0.09036025478631901,0.9933252024535241,0.9582106516025456,0.9705539504115341,0.9643428049935479,0.6395857748242013
536,0.09133698610361103,0.9931248967298065,0.9564403119840672,0.9702615690718428,0.9633013669147861,0.6198387602342115
537,0.08969869841184976,0.9933905908878776,0.9582664130086773,0.9712274611642271,0.9647034052640558,0.6279681255444507
538,0.08712535911648393,0.9937933034443026,0.96109969105662,0.9726266092417902,0.9668287942419531,0.6363912584962808
539,0.08576499161531599,0.9939787297458587,0.9625143478744115,0.9731536339899509,0.9678047518245169,0.6334863331645435
540,0.084923471786457,0.9940925741479989,0.9634524943813262,0.9734027487980617,0.9684020627454524,0.6340669679050345
541,0.08773837253290544,0.993612058761619,0.9600134091209301,0.9717878587319687,0.9658647509228636,0.6307004979603333
542,0.08534318345377771,0.99403701148804,0.9629595730033987,0.9733192429154377,0.9681116942955068,0.6257204596710593
543,0.08463083759700651,0.9941303117133887,0.9636434893457557,0.9736163496101139,0.9686042497304254,0.6282519609070097
544,0.0842921760790854,0.994205086474505,0.9643161690391638,0.9737194214157222,0.9689949831708191,0.6314975027148646
545,0.08453879940906446,0.9941725398842671,0.964047254285523,0.9736484672572769,0.9688240739380225,0.6414417766305017
546,0.08445972657139353,0.9941706790982007,0.9640224564401512,0.9736546692856947,0.9688146219485492,0.6175633959120124
547,0.08453607403760334,0.9941783419662821,0.9640344139929049,0.973727247784916,0.9688565887365413,0.6329328144743855
548,0.08509113167231674,0.9940967420341328,0.9633701400044612,0.9735391195895793,0.9684279356849212,0.6363083899628914
549,0.08497171416181884,0.9941188586094822,0.9635146624377618,0.9736287536669493,0.9685453045242167,0.6272660866107358
550,0.09301136557361205,0.9928227490173951,0.9550228984422885,0.9684320445222947,0.9616807313183868,0.6140522828707757
551,0.08713099324285127,0.9937498942579136,0.960772855888543,0.9724988769898544,0.9666003050722863,0.6256077811767139
552,0.08541488963708603,0.9940086671157822,0.9626127362150364,0.9733810416985997,0.9679669414424432,0.6282628390324807
553,0.08425820880174208,0.9941919373773941,0.9641628335777928,0.9737393565070649,0.968927432911315,0.6224271487090458
554,0.08380825013565503,0.9942590630031676,0.964643626360134,0.9739660997126689,0.969282447872524,0.6253113486069886
555,0.08396794185337188,0.9942376673965891,0.9645616282164271,0.9738163650265845,0.9691669033678361,0.6258096708734182
556,0.08367915632431026,0.9942966220429569,0.9650562475514126,0.973937230747058,0.9694764007975585,0.623919748922008
557,0.08375950118111407,0.9942596260454459,0.9645506899529898,0.9740733800375606,0.969288646854209,0.6307488070510335
558,0.08399215173110258,0.9942600792258163,0.9647207431840458,0.9738936688807908,0.9692855043042885,0.6313758077789423
559,0.08389179033341168,0.9942838986607394,0.9649112887085995,0.9739525881507589,0.9694108577605878,0.6446659563866273
560,0.08427582510994922,0.9942153173646853,0.9644588080679098,0.9736785913953058,0.9690467703254089,0.6265126816191954
561,0.08530729186299035,0.9940702996461568,0.9633932905825298,0.9732183122863068,0.9682808787675974,0.6365552004800258
562,0.08520244604660024,0.9940774269374367,0.9632661930088765,0.9734365646196724,0.9683246745463391,0.6291303798881072
563,0.08427549105325191,0.9942017906172658,0.96408232473835,0.973937009246043,0.9689846118224561,0.6258389903076484
564,0.08422483143349774,0.9942154134938548,0.9642836359616814,0.9738701159395379,0.9690531676668175,0.6422456988244555
565,0.0838766996648243,0.9942482759370781,0.9645399514251318,0.9739583471771468,0.9692262691731027,0.6354039237331781
566,0.08400629188115005,0.9942425356523864,0.9645809961898772,0.9738496640124938,0.9691931708862676,0.6280115407683821
567,0.0870218911147911,0.9938200067543101,0.9615769387014257,0.9724025240483651,0.9669594328892184,0.6153032130058753
568,0.08908329557011024,0.9934873723624353,0.9590380033447469,0.9714627690757413,0.96521040311216,0.6230547330823509
569,0.08539814256774865,0.994039304855369,0.9629549983345702,0.973349883889168,0.9681245390891337,0.6239566349673498
570,0.08367839641869068,0.9942701865213501,0.9647409225005004,0.9739845581305787,0.9693407039827747,0.6361174238020715
571,0.08270669272906489,0.994388274339686,0.9656313878667896,0.9743358587402381,0.9699640951869131,0.6294370536312074
572,0.08300854864684369,0.9943445012357267,0.9653810164790699,0.9741190830803054,0.9697303658910544,0.6274782758218341
573,0.08279966664158826,0.9943890159075648,0.9657527824684015,0.9742126303422722,0.9699642604512038,0.6284859731342497
574,0.08330106873922855,0.994296429784618,0.9648780957280136,0.9741284599566036,0.9694812126156308,0.6290022300989713
575,0.08263212678243788,0.9943960264705676,0.9656344995004816,0.9744189216208322,0.9700068229454119,0.6195343102990005
576,0.08263981607642105,0.9944092510977401,0.9658003209515434,0.9743867301399975,0.9700745257223488,0.6329211353647985
577,0.08269980779627888,0.9944037854678184,0.9657614455514205,0.9743679025537295,0.9700455848350945,0.6377486239260018
578,0.0828279330924475,0.9944255175264899,0.9659925542809956,0.9743599285171924,0.9701582001018996,0.6269603917385022
579,0.08261819337930182,0.9944224070612203,0.9658687938072144,0.9744592348055472,0.970144998017522,0.6058060293411114
580,0.0852160809307004,0.9940262038228428,0.9630015188441003,0.973152600318548,0.9680504489788724,0.6424929211588957
581,0.08540218541894457,0.994012835001916,0.9629074942715568,0.9731057159370571,0.9679797448213837,0.631345780104263
582,0.08359848292504284,0.9942521966339191,0.9646608859933433,0.9738707066089111,0.9692439187119007,0.6272077081814015
583,0.08278424000005713,0.9944006681361796,0.9657372668438411,0.9743593378478194,0.9700291434781176,0.6291037654105535
584,0.08297932973439745,0.9943783112379064,0.9657310100073462,0.9741168680701562,0.9699058132320205,0.6331427947153236
585,0.08238375008695846,0.9944470367277147,0.9659793474185883,0.9746140640149746,0.9702774955282225,0.6313481209402815
586,0.08292907830193746,0.9943554599610473,0.9653752529917111,0.9742475536689575,0.9697911113129799,0.619402629552323
587,0.08256815450279403,0.9944415367659467,0.9660797498320062,0.9744440989028612,0.9702438977053485,0.6350077055208282
588,0.0820832607075036,0.9945466814782491,0.9669126374242497,0.9747151423114487,0.9707982125369132,0.6313522056017609
589,0.08205025604249333,0.9945146841975511,0.9665912730724936,0.9747059131024939,0.9706316334526461,0.6355380840642377
590,0.08247080356847468,0.9944436928058907,0.9660123751311155,0.9745410425137234,0.9702579672184364,0.6340152471576367
591,0.08703967362052674,0.9938088901024967,0.9616036084995857,0.9722488023440123,0.9668969063524,0.6203780231012725
592,0.08577923859945304,0.9939812840352191,0.9627058677420297,0.9729729629954498,0.9678121863565532,0.6345562430247278
593,0.08319613083580629,0.99436210660648,0.9654349079436805,0.9742570043789274,0.9698258938552701,0.6348970451949913
594,0.08184637787932758,0.9945306210405769,0.9666843420376114,0.9747828477883419,0.9707167041316804,0.6362601489692918
595,0.08169883245722853,0.994533223394522,0.966857751420867,0.9746245483963474,0.9707256145789099,0.6274179989346012
596,0.08124074312395972,0.9945952679070516,0.9672495920621055,0.9748924169570545,0.9710559662754797,0.6291932651963765
597,0.08187322382875484,0.9945093009640602,0.9665627078733502,0.974676822635868,0.9706028073116699,0.6313471250369945
598,0.08157107922777855,0.9945715652004057,0.9671493674565715,0.9747367017435674,0.9709282119895941,0.6414600410180309
599,0.08127510973768269,0.9946334723855502,0.9675980066467093,0.9749419593507244,0.9712561007511794,0.6167116451084257
600,0.0815825342140395,0.9945676582363033,0.9670803123849495,0.9747677118856558,0.9709087956738843,0.632590906898256
601,0.0809458117838279,0.9946647555638465,0.9677580775723342,0.9751175358218824,0.9714238681759407,0.6167212534902402
602,0.08103340156644369,0.9946580745865676,0.9677078630048936,0.9750973053958534,0.9713885313607636,0.6301047837615766
603,0.08134665073518701,0.9946048121603069,0.9673867163152582,0.9748507747662499,0.9711044032760168,0.6236081925774877
604,0.08174561916870608,0.9945369586993932,0.9667446189390412,0.9747883114800432,0.9707498028628262,0.631844209739219
605,0.08139552260420733,0.9946137109748531,0.9674037838445727,0.97493140113568,0.9711530056612104,0.6309145159712404
606,0.08129580439530688,0.9946319892497926,0.9675419226871551,0.9749858903853498,0.9712496435087892,0.635489251184522
607,0.08119870380585571,0.9946459211129978,0.9677038799753943,0.974966398296037,0.9713215639621652,0.6371850851825744
608,0.08111180679993235,0.9946309180961899,0.967478321555059,0.975042520811497,0.9712456936423571,0.6002833799828283
609,0.0822301858955686,0.9945023521983807,0.9666284989466954,0.9745283431222015,0.9705623462030272,0.6197157840373143
610,0.08269437913709193,0.9943956144884126,0.9658038730704696,0.9742308672591671,0.9699990678556947,0.6295759415365142
611,0.08269456288234579,0.9944076649664437,0.96598417026943,0.9741700283137364,0.9700598304909975,0.6372070447745438
612,0.08141850693513164,0.9946095293559807,0.9673918506514962,0.9748977329814125,0.971130288760364,0.6395422648273456
613,0.0810064461363627,0.9946397482470434,0.967522551209592,0.9750930968765699,0.9712930724987515,0.6304035550877415
614,0.0809522662378794,0.9946601894282963,0.9678132077415927,0.9750073759837967,0.9713969720386383,0.6352917131383756
615,0.08051890378027297,0.9947134724536646,0.9682349715519004,0.9751460356191352,0.9716782150002211,0.6453306296375381
616,0.08044139421779475,0.9947210872571612,0.9681991142765604,0.975269264017101,0.9717213288868152,0.6271134058659927
617,0.08037006205765249,0.9947425103292166,0.968412822173664,0.9752776072219963,0.9718330920693891,0.6217088030174842
618,0.08035851048185028,0.9947576232079326,0.9685248652179052,0.9753251561065319,0.971913115722881,0.6372145886156145
619,0.08098496315102997,0.9946707979687851,0.9678287822852268,0.9751086019476142,0.9714550540612915,0.6295730318440806
620,0.08125189089437397,0.9946249306222051,0.9674989868711247,0.9749536250708434,0.9712120014699767,0.6383718723962415
621,0.08109285451284201,0.994646257565091,0.9675901622781435,0.97509265387454,0.9713269210536313,0.6351685681384465
622,0.08053320623505458,0.9947224536646417,0.9682120701380533,0.9752705191895189,0.9717284770282473,0.6299564786845412
623,0.08113619611471248,0.994629373163109,0.9675611609422892,0.9749360526569932,0.971234607029803,0.6325062256480474
624,0.08052317475859853,0.9947298281452146,0.9683045691322415,0.9752530206093404,0.9717663740971065,0.6243955920037695
625,0.08015697103717344,0.9947953813724301,0.9688393078527511,0.9754069638147082,0.9721120430762269,0.6354987277387175
626,0.07988403471548566,0.9948077408370775,0.9688808966009481,0.9754996250726155,0.9721789956636088,0.6308559138389687
627,0.07997270790766255,0.9948075760442154,0.9690069288096514,0.9753625159443814,0.9721743350794954,0.6319176712971463
628,0.08026115183564399,0.9947713353473219,0.9686782429116564,0.9753127520496966,0.97198417625758,0.6227002190132862
629,0.08238119346578773,0.9944210749855861,0.9660462115618077,0.9742523528576141,0.9701319290156711,0.6271480573862734
630,0.08161217264375455,0.9945472719860045,0.9669108623768465,0.9747236331836873,0.9708015292225723,0.6225178369584999
631,0.08021604462037626,0.9947765949861662,0.9687745306381093,0.9752677873436683,0.9720103149927272,0.6288234914221167
632,0.07973650631179913,0.9948326932229266,0.969069591951282,0.9755742709146427,0.9723110526162225,0.6290484263457055
633,0.08133345016901442,0.9945841512552382,0.9674877165050736,0.9745120258807692,0.970987167555241,0.6310662020482503
634,0.08027142270890286,0.9947582617802727,0.9685796363674227,0.9752733987027129,0.9719149923699979,0.6284619772299107
635,0.07968366793993352,0.9948530039431636,0.969357547107032,0.9754909865330337,0.9724145953524245,0.6377357556386565
636,0.07935320591996256,0.9948948338646255,0.9695993600761194,0.9756962441401906,0.9726382477773864,0.63573691700697
637,0.07868865824458625,0.9949764818613596,0.970246443333742,0.975909623451228,0.973069793660433,0.6386520726243408
638,0.07880229104926689,0.9949509321013859,0.9699952290906144,0.9758949305505717,0.9729361362332215,0.6348825041439045
639,0.07923932055265998,0.9949059505164388,0.9697948077580514,0.9756103017464026,0.9726938624828988,0.6387914958171174
640,0.07981882993426682,0.994814552275372,0.9690127473071696,0.9754337654375133,0.9722126545189194,0.6383797068273326
641,0.07973111051020862,0.9948305509157209,0.9691678479224752,0.975445061989274,0.9722963235265708,0.6358449822597103
642,0.07930694493002814,0.9948990154834979,0.9696164989590053,0.9757243009354135,0.9726608115899958,0.6284953132395571
643,0.0795663751514374,0.9948844244488447,0.9696090730137648,0.9755702838963741,0.9725805440698363,0.6209230373695158
644,0.0798121081772361,0.9948436107500317,0.9692997184493621,0.9754486798391844,0.9723644781628324,0.6407494479180021
645,0.07927575022679009,0.9949060123137621,0.9696772117742144,0.9757369264932638,0.9726976315179241,0.629351857895065
646,0.0793081464768528,0.9949128443511643,0.9697735208257808,0.9757096080347574,0.9727325082912489,0.6214773612859256
647,0.0790803091627338,0.9949345420779897,0.9699469923066039,0.9757646879538002,0.9728471426487132,0.6231799566716328
648,0.07904635560062291,0.9949520993841581,0.9700674942542504,0.9758305475889024,0.9729404868712244,0.6251617842732135
649,0.07878113493805738,0.9949682559509998,0.9701146830433464,0.9759593135122412,0.97302822170882,0.6328166720732389
650,0.07870906395770663,0.9949751635184638,0.9702425721126707,0.9758991390698553,0.9730626350311781,0.6375256395953612
651,0.07883818151442695,0.9949714144808541,0.9701891222519038,0.9759147179745711,0.9730434975291744,0.6259031160679598
652,0.07882315780056252,0.9949811509924485,0.9703824448446137,0.9758160023555894,0.9730916386728636,0.636144563830433
653,0.07851304666628298,0.9950149609946282,0.9705276274034522,0.9760358051960594,0.973273923072449,0.6320353103137821
654,0.08084365069571374,0.9946801842955478,0.9681837807649573,0.9748309873422507,0.9714960137449459,0.6423336551749441
655,0.0839733103115996,0.9942318103836202,0.9648779933727976,0.9734074741530465,0.9691239666505438,0.5491336936867278
656,0.08316150175662135,0.9943321692365564,0.9655649444111742,0.9737822538702873,0.9696561901448566,0.6337591686901799
657,0.07934091677018207,0.9948826529255786,0.9694784751614017,0.9756905589474745,0.9725745976118887,0.6269641775300118
658,0.07824082044120743,0.9950253841431475,0.9706606838624803,0.9760092250742692,0.9733276068197152,0.6297050983221016
659,0.07823038769872498,0.9950330126793825,0.9707959538047304,0.9759493459665699,0.9733658288981341,0.6246855977191391
660,0.07793507964866196,0.9950454957386763,0.9708059375090646,0.9760770782185058,0.9734343721180433,0.6284365961930675
661,0.07735211610552861,0.9951314489489291,0.9715130008789635,0.9762753954605287,0.9738883760788575,0.6186633914344272
662,0.07696607625178939,0.9951669892761594,0.9717467536957465,0.9764200356232698,0.9740777895018559,0.6311250589616086
663,0.07700713683026943,0.9951892912434785,0.9720396524956066,0.9763552096595707,0.9741926517502569,0.621624493730187
664,0.07843507983112077,0.9949927208246323,0.9704647871780437,0.9758563155403045,0.9731530837891929,0.6324756564260976
665,0.07844327069926176,0.9950217792992919,0.970615387428127,0.9760176421128361,0.973309018659187,0.6341774641686824
666,0.07779326756223501,0.995118073261633,0.971380897447322,0.9762680120933648,0.9738183233034639,0.6258872430563304
667,0.0781031528340398,0.9950695348974153,0.9710535157272037,0.9760792932286549,0.9735599184181757,0.6285719326385678
668,0.07828704632899101,0.995056015016365,0.9709235375783626,0.9760681443442374,0.9734890440707377,0.6338368461466862
669,0.07918377475236817,0.9949606686129803,0.9703073626840902,0.9756690733490274,0.9729808315084999,0.6304015098052974
670,0.07830496560514187,0.9950388147613975,0.9708698314913665,0.975934800733257,0.9733957273891813,0.635136278329497
671,0.07871050113584284,0.9950063231021136,0.970679176696583,0.9757781256820386,0.9732219725735701,0.6358318324198277
672,0.07845069334688161,0.9950352236502805,0.9709113272972268,0.9758507041812599,0.9733747495794334,0.6357596030035505
673,0.07760153409334825,0.9951487796649124,0.9716807200960305,0.9762886855214237,0.9739792526858195,0.6298916868868242
674,0.07718281229462126,0.9951814292506891,0.9718213486673102,0.9765005143253567,0.9741553126631027,0.6309045191023154
675,0.07709485195282338,0.9951797057920077,0.9718575819837025,0.9764428502278064,0.9741448204582139,0.6332444295196146
676,0.07724624600851064,0.9951784973110199,0.9718691467698639,0.976417156110076,0.9741378430854103,0.6291430408461648
677,0.07760304188449606,0.9951447079079481,0.9716243783057644,0.9763035999230949,0.9739583690106094,0.6247927306493334
678,0.07803704054932371,0.9950853618785331,0.971191090558144,0.9761079406932509,0.9736433082032978,0.6250568161822401
679,0.07804534909911721,0.9950699537459395,0.9710380757666514,0.9761004096587437,0.9735626619726457,0.6396034246878962
680,0.0781634631801209,0.9950465874913869,0.9708662359943361,0.9760248039789852,0.973438685802542,0.6321796728702935
681,0.08053786941408682,0.9946979681919015,0.9686948892449054,0.9744796128989196,0.9715786406697803,0.6338338184340833
682,0.08305896844098465,0.9943416997570733,0.9659160570637554,0.973508478615849,0.9696974065074936,0.6312560590331076
683,0.07929650721602517,0.9948948681964718,0.9697736432651917,0.975509961786645,0.9726333448002442,0.624588292123246
684,0.0786859184409753,0.9949575444149722,0.9702935931092456,0.9756491382576848,0.9729639960257218,0.6346060153792489
685,0.07692637907595729,0.9951762451419064,0.9718535574548598,0.9764088129051808,0.9741258598315115,0.6248115917979412
686,0.07654278273124704,0.9952370880398175,0.9723763648787164,0.9765262084430871,0.9744468684817058,0.6319643869548608
687,0.07609689892303172,0.9952883866844731,0.9727496027074501,0.9766972810602752,0.9747194448105114,0.6226769506380426
688,0.07603751555781998,0.9952966194612021,0.972790245179432,0.976745199113169,0.9747637105083835,0.6339899449453147
689,0.07799717919941214,0.9950168698452793,0.9707431911639043,0.9758267082379771,0.9732783118335181,0.6367201090116495
690,0.0771422585901275,0.9951629106528258,0.9718229759339504,0.9762937062110952,0.9740532111361606,0.6318398686894229
691,0.07638065714603491,0.9952483008208003,0.9724585201469791,0.9765629776115634,0.9745064270769982,0.6395047970423016
692,0.07650024078035955,0.9952398895184709,0.9723725399380987,0.9765612794371157,0.9744624083704213,0.6383178084103666
693,0.07674809209600413,0.9952247972388626,0.972319106875765,0.9764510457653583,0.9743806958863263,0.6128461909048782
694,0.07654043989885839,0.9952755328412399,0.9726897416312177,0.9766186481999793,0.9746502354839082,0.6294661460759099
695,0.07700515594065403,0.9951986020401796,0.9721491855057285,0.9763417719313323,0.9742409681045937,0.6322305492454119
696,0.0777610821394826,0.9950717870665289,0.971090753281013,0.9760645264943271,0.9735712874359076,0.6252190027706052
697,0.07695043226368993,0.9951946538778617,0.9720270324502006,0.9764280096598069,0.9742225508093525,0.627596918554631
698,0.07623422267116445,0.9953003135678578,0.9728475783831962,0.9767251901881547,0.9747825280886788,0.6279936986049551
699,0.07623152016735762,0.9953091643178191,0.9729326417127134,0.9767327950563336,0.974829014886179,0.6340190016748611
700,0.07636987954619334,0.9952869310141924,0.9727463967563582,0.9766845816687532,0.9747115113080862,0.6341978067942228
701,0.07630210312873982,0.9952903641988167,0.972761095662552,0.9767069532712599,0.9747300311231123,0.6271192306142632
702,0.07762792697109336,0.9951024179397464,0.9713961228838732,0.9760783333909236,0.9737315995410485,0.617888490444381
703,0.07765851608015222,0.9951098816831195,0.9714363014753514,0.9761182035736088,0.9737716249009141,0.6220738284980907
704,0.07751672109253972,0.9951144272195621,0.9714013916156574,0.9762057703081729,0.9737976552149082,0.6423921223664119
705,0.07641014751556108,0.9952938385816564,0.9728399921130595,0.9766616193968735,0.974747059968092,0.6313942105106601
706,0.07876862560753985,0.994936210605717,0.9701455869606478,0.975570726898404,0.9728505936112932,0.6294081999384199
707,0.0770213140858163,0.9952052418192429,0.9720749577561477,0.9764942384632673,0.9742795867295609,0.6353716164954987
708,0.07620154551009266,0.9953145406849406,0.9730065550812177,0.9767138198027223,0.974856662882271,0.6226671416155474
709,0.07630713214333966,0.9953035270286661,0.9729514614009042,0.9766504705124559,0.974797456863828,0.6316877110923507
710,0.07638784985748126,0.9952951843900291,0.9728750910445951,0.9766392477943667,0.9747535354692825,0.6272480675892093
711,0.07644233744752278,0.9952735759260041,0.9727130162971775,0.97657228065419,0.9746388281212696,0.6371607313589631
712,0.07589482235313534,0.995346489901054,0.9732341704982155,0.9768256778152558,0.9750266168416244,0.6333243136990921
713,0.07608110225163132,0.9953168477850082,0.9731762249246563,0.9765593597616531,0.9748648571755824,0.6344234439185588
714,0.0773596573929242,0.9951406086855067,0.9717900972884794,0.976081729739819,0.9739311857623428,0.6223084081729954
715,0.08615529225643376,0.9938407294567021,0.9629582475219327,0.9711256445310366,0.9670247010728975,0.6214078340201709
716,0.07886000700536178,0.994899434332022,0.9698734749079845,0.9754537743625274,0.9726556209068308,0.618839313213787
717,0.07644228235878747,0.9952384681800365,0.9724900848956337,0.976420626292643,0.9744513920581013,0.6334897858448003
718,0.07547735665395534,0.9953667868885525,0.9733779271004906,0.9768976656451039,0.9751346202679769,0.6243024041340518
719,0.07497686291073295,0.9954591052230988,0.9741145842150627,0.9771377727452747,0.9756238364794386,0.6229374237482321
720,0.0743764911396362,0.9955235392321268,0.9746892836265686,0.977241878222286,0.9759639118750014,0.6284159030292661
721,0.07428503112210859,0.9955265055036422,0.9745726675372507,0.977397814936788,0.9759831967753073,0.6310076529914499
722,0.07416555167530937,0.9955563604771347,0.9749436996655566,0.9773355731515961,0.9761381711830698,0.6282712781748588
723,0.07412973867742706,0.9955598005281282,0.9748766332276088,0.9774443301499207,0.976158793168381,0.6252100931867487
724,0.07438542745444629,0.9955284418197702,0.9746839031623086,0.9773016834963137,0.9759910379951724,0.6279295961738924
725,0.07472356554897998,0.9954905257287799,0.9743617623843341,0.9772234198043762,0.9757904930349764,0.6217958511878591
726,0.07596369267260428,0.9953350299307782,0.9732303268530881,0.976703040086663,0.9749635911238993,0.6315929338059727
727,0.07556838699676793,0.995399182418667,0.9736819428564785,0.9769336226431923,0.9753050724717001,0.6293863076363562
728,0.07569113255163534,0.9953749921998045,0.9734672000341387,0.9768937524605071,0.97517746622461,0.6212730430310982
729,0.07536545367040437,0.9954404492978506,0.9740246051308497,0.9770268745704727,0.9755234299111537,0.6287588670268058
730,0.07521326327361434,0.9954690408594014,0.9742289575441068,0.9771265500271855,0.9756756024497759,0.6320887225871277
731,0.0767788194897149,0.9952218584328243,0.9724082640928127,0.9763237565154523,0.9743620766999351,0.6388101080064982
732,0.07732565408210745,0.9951747482734102,0.9720022633374111,0.976233974770739,0.9741135232608893,0.6306253403400532
733,0.07579392227578721,0.9953897411609504,0.9735454527529104,0.9769738619942356,0.9752566443324211,0.6276456295472522
734,0.07508084575960533,0.9955038670842298,0.9745211383455343,0.9772023033742874,0.9758598792450187,0.6294739534256978
735,0.07532204671514978,0.9954625521404615,0.9742186461288657,0.9770657849154265,0.9756401383776917,0.6408934834736139
736,0.07596932143884168,0.9953430223845835,0.973246475220793,0.9767742895797948,0.9750071912870565,0.6350260536172571
737,0.07563587726368536,0.9954115281505759,0.9738124626444571,0.9769318506350729,0.9753696625708679,0.6241564153888204
738,0.0771944817664812,0.9952097118256237,0.9723673621543254,0.9762327934319929,0.9742962438719415,0.6278624738507261
739,0.07581468349952492,0.9953768461195016,0.973383651429561,0.9770028047935182,0.9751898702459663,0.6258895344497788
740,0.07538136820436167,0.9954499111546751,0.9741028889916336,0.9770485816699346,0.9755735117449975,0.6347885262653497
741,0.07514229140800538,0.9954631357818476,0.9742932495408642,0.9769933540835484,0.9756414336692774,0.6343367293948851
742,0.07551803504847152,0.9954268676194771,0.9739696005791011,0.9769350254829534,0.9754500592701968,0.618443892202014
743,0.07721419140642924,0.9951867094886412,0.9721015548924948,0.9762607763935441,0.9741767262419858,0.6332414743783282
744,0.07657830985329991,0.9952438033489425,0.9726962447295004,0.9762607025598725,0.9744752141166496,0.6289713507169478
745,0.07564736138895262,0.9953571465061276,0.9733650769429871,0.9768047090525103,0.9750818596544126,0.6287912195299966
746,0.07458086116172427,0.99553374265683,0.9747940675183683,0.9772438717314202,0.9760174323748846,0.6267653917246737
747,0.0741649893373787,0.9956060386586476,0.9753850318471103,0.9774182668638322,0.9764005908657001,0.6291645582455596
748,0.07403083762703397,0.9956079749747757,0.975306048196426,0.9775228891765448,0.976413210413465,0.6290972303413759
749,0.0741048639023797,0.9956262669824537,0.9754624540920235,0.9775598060123645,0.9765100038783742,0.6255358308583999
750,0.07426687094161837,0.9956210622745634,0.9755707581344766,0.9773882903931466,0.9764786785155318,0.6371638977395816
751,0.07633422879944388,0.9953306972517824,0.9733471452532233,0.9765313029664302,0.9749366242399857,0.6269901697846029
752,0.07526667454286659,0.9954799583865065,0.9743441892448546,0.9771252948547677,0.97573276032566,0.6267296807704847
753,0.0749265164029684,0.9955403961686319,0.9749780366597157,0.9771231536782902,0.9760494165602694,0.621339875689729
754,0.07463442134208602,0.9955646481848176,0.9751044304932841,0.9772574571270018,0.9761797566522409,0.6388908854924277
755,0.074302306177644,0.9956077003200058,0.9755434195786636,0.977269713516494,0.9764058035225076,0.6225435976421377
756,0.07402012560838203,0.9956281621003663,0.9755430431520233,0.9774957922190532,0.9765184414558675,0.6242025320748136
757,0.0764681095485207,0.9952514868161316,0.972828361884024,0.9762054749734863,0.9745139926476314,0.6210808334391357
758,0.07571253051190711,0.9953953853164726,0.973912306569328,0.9766478125002769,0.9752781413697008,0.642512527347125
759,0.07453124979577905,0.9955466651637558,0.974913527432575,0.9772604104738675,0.9760855582541276,0.6265406893779619
760,0.07392356533342771,0.9956224836129978,0.9754527703769326,0.9775282790345745,0.9764894218440056,0.629701712819739
761,0.07402027188632772,0.9955971604432093,0.9753043033392288,0.9774054198049669,0.9763537311710069,0.6300575086297112
762,0.07375107507938318,0.9956512262346721,0.9757666075579553,0.9775146936389929,0.9766398683750062,0.6366783364036245
763,0.07381136805194316,0.9956604889667883,0.9758430780359209,0.9775363269047832,0.9766889685904604,0.6282523706487027
764,0.07386676208685627,0.9956384891197161,0.9756722013318188,0.9774736421175615,0.9765720909651964,0.6323115688676282
765,0.0747854436593626,0.9955000768484046,0.9745495247545531,0.9771304632117824,0.9758382874423002,0.6172506361096844
766,0.07627301395823843,0.9952922593167293,0.9732795035088692,0.9761780088476365,0.9747266013907939,0.6231449933135367
767,0.07585666212755784,0.9953568237867729,0.9736024172621538,0.9765496875506684,0.9750738252975276,0.6189829555861668
768,0.07409959620789444,0.9956156859074418,0.9755283437006432,0.977373671326162,0.9764501356739506,0.6342799114465574
769,0.07564096465680024,0.9953994433406985,0.9743507530213373,0.9762291755820826,0.9752890598344628,0.6238985940864845
770,0.075326865632757,0.9954292090513908,0.9741472712783998,0.9767729605737053,0.9754583490049445,0.5466957078622066
771,0.07731901128649069,0.9951424282733575,0.9722276055101128,0.9756365865335062,0.9739291129720503,0.6235232686271971
772,0.07479015342462406,0.9955292451849723,0.9748831599711141,0.9771001914064104,0.9759904166543597,0.6328765513108777
773,0.07326702766870852,0.9957282737640096,0.9764054936361328,0.9776919682845987,0.977048307486856,0.6279215043630236
774,0.07287575064642395,0.9957784600568469,0.9768155634667035,0.9778141630111615,0.9773146081519878,0.6291128967777067
775,0.0727171516045928,0.9957904762030318,0.9769049359833404,0.9778527041877573,0.9773785903218812,0.6219636393801274
776,0.07274082176414111,0.995781831444148,0.9768176691148427,0.977849086337847,0.9773331056028525,0.6289777131078923
777,0.07451390485084958,0.9956046859839057,0.9755054078749484,0.9772765062142849,0.9763901538854658,0.6419277320381649
778,0.07855705996613493,0.9950459351863082,0.9714256848019962,0.9754210660459913,0.9734192756993293,0.6297240941999395
779,0.0743693182003691,0.9955804682995661,0.9751514942127557,0.9773823836994154,0.9762656644921804,0.6202725979696284
780,0.07396116133832889,0.9956156584419648,0.9756227630262467,0.9772739220357775,0.9764476445099401,0.6354346335999465
781,0.07359004350338909,0.9956545083591729,0.9758067357342629,0.9775086392779185,0.976656946080587,0.6330011031072336
782,0.07348867699423496,0.9956871579449496,0.9760264231005761,0.9776374052012573,0.9768312499467453,0.6316635371306883
783,0.07266341372252368,0.9958107251259457,0.977061449766774,0.9779114757903821,0.9774862779820954,0.6272483499877777
784,0.0728965267981235,0.9957706941932268,0.9768692072963583,0.9776723285279426,0.9772706029108699,0.6250516206499983
785,0.08047526986371699,0.9947350191203664,0.9694804136396619,0.9740493840942779,0.9717595283573334,0.6294123533549146
786,0.07516706049469092,0.9954535159985305,0.9743729659710473,0.9768028632107192,0.9755864015543575,0.6300784243995453
787,0.0732497396215582,0.995690515599512,0.9761389623329114,0.9775560404951109,0.9768469874877036,0.6267081534053575
788,0.07232566315868347,0.9958148998784487,0.9770519214670117,0.9779674417134846,0.9775094672247698,0.6353013144028529
789,0.07219025418296349,0.9958316332203074,0.9772294228826313,0.977965522038022,0.9775973338956356,0.6235893408912724
790,0.07188958459594053,0.9958739918522015,0.9774594924763284,0.9781906409028499,0.9778249300143187,0.623459297934253
791,0.0718959042963257,0.9958738201929702,0.9775691003213797,0.9780739098679884,0.9778214399415152,0.632660187218549
792,0.07222182183064145,0.9958317636813231,0.9772069220853369,0.9779905516527077,0.9775985798323784,0.6308555434311334
793,0.0723080080900368,0.9958181408047341,0.977103185858922,0.977949352463933,0.9775260860466749,0.6366799469300919
794,0.07220737057195294,0.9958282275011602,0.9772026057959039,0.9779561451617238,0.977579230267696,0.6194467439293598
795,0.07234888129847512,0.9958248698465976,0.977202628294009,0.9779191544922325,0.9775607600944474,0.6273358374103633
796,0.07223826351327647,0.9958356706454256,0.9772531558716551,0.9779850879610064,0.9776189849190657,0.6257267353621504
797,0.07264714830106112,0.995780506234883,0.9767872367415694,0.9778664372506821,0.9773265390728275,0.6324729565770512
798,0.072636156316123,0.9957852096978183,0.9767670316093118,0.9779394587519333,0.9773528935714649,0.6225642590096471
799,0.07272988104214556,0.9957869537556073,0.9768619215784647,0.9778590538835182,0.9773602334049659,0.6287654831884532
800,0.07368343409901257,0.9956851392323904,0.9761621603088304,0.9774723869451436,0.9768168342679879,0.6358341956770301
801,0.07320584612731025,0.9957380240083424,0.9765072477608506,0.9776924851203002,0.9770995070127302,0.6178029662176229
802,0.07327198609039723,0.995709247054822,0.9762202149073943,0.9776770538829276,0.9769480912806803,0.6299545459611454
803,0.0734591572511968,0.9957089037363596,0.9763346095062716,0.9775530133145737,0.9769434315247468,0.6213182950730711
804,0.07323405865526242,0.9957287956080725,0.9764196073304394,0.9776828867429871,0.97705083869711,0.6384902986814741
805,0.07351267274817545,0.9956903851384963,0.976108039239841,0.977587124470871,0.9768470219693612,0.6150724774129737
806,0.07332955903152553,0.9957148637448673,0.9764049060426403,0.9775448177770217,0.9769745294041513,0.6301272525498969
807,0.07247324225579878,0.9958313791646453,0.9772106301799094,0.9779824299488273,0.977596377732894,0.6247128309876325
808,0.07226415721552192,0.9958638845566676,0.9774767033521184,0.9780613581438097,0.9777689433497098,0.6344971583274744
809,0.07223996840310183,0.9958575400314821,0.9774838355599895,0.9779840542896034,0.9777338809455364,0.6328243138612416
810,0.07270944834747117,0.9957929824278076,0.9769439033499452,0.9778394141268621,0.9773914536160394,0.6213325933554706
811,0.07363110001487054,0.9956667373628044,0.9760662342198486,0.9773704226446099,0.9767178930693928,0.6209141044936304
812,0.07263891449827942,0.9958082669657548,0.9770802011474728,0.9778647390762345,0.9774723126906012,0.6283282049278923
813,0.07251191279254586,0.9958333154807733,0.9773246345055617,0.9778842311655472,0.9776043527549996,0.6226904998040678
814,0.07226708570910657,0.9958561873567401,0.9774031112880629,0.9780537532756308,0.9777283240373226,0.628849075715371
815,0.07304662862698809,0.9957422880236458,0.9766099646234243,0.9776315723411978,0.977120501452287,0.6226537855258846
816,0.07308818981480256,0.9957338423894702,0.9765795786275812,0.9775704380610806,0.977074757134749,0.628501485043199
817,0.07216716340655903,0.9958440956804935,0.9772904254117523,0.9780387650402881,0.9776644520245065,0.6370267935054614
818,0.07216822571060855,0.9958643514697766,0.9774519434352867,0.9780924421195698,0.977772087886287,0.6201136634972917
819,0.07156017556679335,0.9959275838641861,0.9779413175749384,0.97827577112625,0.978108515759908,0.6258493881773601
820,0.07176730872915803,0.9959117843485452,0.9778985521420985,0.9781467098682246,0.9780226152636401,0.628592264745693
821,0.07221490437526712,0.9958573958377278,0.9774885223912627,0.9779775569264991,0.9777329785085549,0.6289333198996
822,0.07208360454885007,0.9958919199423093,0.977724179312452,0.9781106790364646,0.977917390985642,0.6348440999186156
823,0.07209396366994801,0.9958846484572751,0.9776978978513976,0.9780581832959292,0.9778780073881341,0.6251217151704062
824,0.07209535365214022,0.9958872920094358,0.9777374576217642,0.9780458530727655,0.9778916310327731,0.6233765716122057
825,0.0723069270523332,0.9958699956252989,0.9776036362383036,0.9779956461760507,0.9777996019169728,0.6330638072841052
826,0.07292826763829953,0.9957914374947267,0.9770844343277986,0.9776749865401216,0.9773796212281193,0.6272403113596304
827,0.0760510862342638,0.9953627013988497,0.9738908745955652,0.9763093589494827,0.9750986171658503,0.6253229474722848
828,0.07577048556999766,0.9953335673941283,0.9736005766107303,0.9762945922151549,0.9749457233590272,0.6276630690162609
829,0.07307332701203849,0.9957335540019617,0.9764153322349968,0.9777398125038209,0.9770771235186645,0.6347481491233997
830,0.07178139079549758,0.9958794849476003,0.9775999991734889,0.9781038863386738,0.9778518778428097,0.6266732140483264
831,0.07116356297067815,0.9959656647480383,0.9782976474517826,0.9783219171710245,0.9783097821608839,0.6295031619840464
832,0.07382369513134304,0.9955979706747806,0.9758140815103731,0.9768775090527465,0.9763455057124995,0.6274957283479948
833,0.0730603154038461,0.9957265846371744,0.9765550437930539,0.9775162441460974,0.9770354075641475,0.6237705647991018
834,0.07166009343383338,0.9959001389862998,0.9777925771497221,0.9781295066227327,0.9779610128662908,0.6223474230175926
835,0.07095748277903675,0.9960012050752686,0.9786033547772669,0.9783932404978279,0.9784982863580157,0.6371554492950524
836,0.07052423395618475,0.9960423002952209,0.9788974517358433,0.9785378806605692,0.9787176331725027,0.6309280405703359
837,0.07047252421997649,0.9960507939939813,0.9789568959608207,0.9785691861373442,0.97876300265396,0.6307120945371634
838,0.0702340324818016,0.996084768789023,0.9792646652471434,0.9786214603768648,0.9789429571591524,0.6300982995431836
839,0.07026711155881556,0.9960730066985003,0.9790993358444484,0.9786646530747737,0.9788819462032555,0.615259997722707
840,0.0704303522386568,0.9960634761779833,0.9790122649790918,0.9786507723445056,0.9788314852860537,0.6267927535249382
841,0.07070953647518972,0.9960252922985924,0.9787593332496326,0.9784951309646901,0.978627214275334,0.63243409260817
842,0.07091748177093997,0.9960111819097867,0.9786048729620027,0.9785013329931078,0.9785531002386837,0.6374362576766507
843,0.0710124161375834,0.9959975041022436,0.978500798950809,0.9784596908023032,0.9784802444447948,0.6227628435884685
844,0.07109343537243365,0.9959877538579107,0.9783955313604407,0.9784624964818256,0.9784290127753352,0.6274371136492063
845,0.0709437639084008,0.9959955677861155,0.978367611748934,0.9785776031759111,0.9784725961957813,0.6207622477867651
846,0.07108681585318108,0.9960060252664811,0.9786159860292388,0.9784330368468415,0.9785245028867973,0.6351717788088318
847,0.07139967765873499,0.9959645249307431,0.9782521131884695,0.9783569881650531,0.9783045478660924,0.6310888035338069
848,0.07147679552301872,0.9959625268172917,0.9782136575198656,0.978375225081948,0.9782944346300938,0.6290967789456935
849,0.0732682078085143,0.9957238792876906,0.9765925407465598,0.9774470619957714,0.9770196145257801,0.6276525237262955
850,0.07258355360906973,0.9958212993345884,0.9772111194331098,0.9778709411046521,0.9775409189270997,0.633509890369284
851,0.0722721643451092,0.9958403603756223,0.9773248014558783,0.9779616088534251,0.9776431014553524,0.6328112121509784
852,0.07187345083266926,0.9959140914486128,0.9778568443095161,0.9782157443512073,0.9780362614048863,0.6357823036100916
853,0.07107953895419407,0.9960115114955106,0.9786831353585234,0.9784232169685135,0.9785531589039634,0.6358533303404342
854,0.07103657169709746,0.9960197992031935,0.978762604351221,0.9784313386723938,0.978596943477552,0.626688142121279
855,0.07079006139885821,0.9960552434012544,0.9789860636864915,0.978587644555254,0.9787868135763448,0.6228236144609128
856,0.07067642548530222,0.9960700541597234,0.9791153060531758,0.9786155536831337,0.9788653660819528,0.6285226195881181
857,0.07092468817751828,0.9960417372529425,0.9789143030659636,0.9785141062183014,0.9787141637319474,0.6211556925808219
858,0.07072465672499413,0.996065982402759,0.97902316178089,0.9786669419185945,0.9788450194409892,0.6310922158548642
859,0.07117773255453907,0.9960104060100616,0.9787034580596673,0.9783898441489326,0.9785466259768099,0.6173537160792331
860,0.07088735589100946,0.9960198884659938,0.9786644127677389,0.978534853480032,0.9785996288357147,0.6298569005576717
861,0.07068357257534275,0.9960645953961709,0.9790624084963274,0.9786107544944771,0.9788365293949441,0.6265806907831061
862,0.07177823438248832,0.9959135764709192,0.9779200029999133,0.978143978022374,0.9780319776882475,0.625757127016525
863,0.07150289195877828,0.9959548158846256,0.9781817730827034,0.9783237630128154,0.9782527628954254,0.6303448818088075
864,0.07413855791359926,0.9955586881763099,0.9753718878984787,0.9769097743672528,0.9761402254070536,0.6279353111093363
865,0.07133563700393378,0.9959484164284861,0.9780757268700095,0.9783642976985454,0.9782199910024794,0.627435142063896
866,0.07110121064290083,0.9960080989099941,0.9785488950605443,0.9785259196057636,0.9785374071982916,0.6358902382283714
867,0.07038472063517828,0.9961035002443329,0.9793569407401388,0.9787310295455773,0.9790438851052629,0.6356887660936074
868,0.06998727180519336,0.996150500541839,0.9797294176549161,0.9788591309658714,0.9792940809571441,0.6285125436830916
869,0.07016156598416379,0.9961333346187177,0.9796364763931501,0.9787674295456955,0.9792017601485188,0.6318720221252615
870,0.07025011321998757,0.9961143147758993,0.9794739611423062,0.9787278546976969,0.9791007657807128,0.6206993262658652
871,0.07033818646622218,0.9961237491672468,0.9794863182645112,0.9788185962801415,0.9791523434359557,0.6301106757181401
872,0.07030282302243675,0.9961198696686213,0.9796089950299586,0.9786481881659982,0.979128355890984,0.6276243964825577
873,0.07134110972338872,0.9959906514657336,0.9784985079094864,0.9783867431347237,0.9784426223304603,0.6267182851248899
874,0.07053196559519433,0.9960613338707778,0.9789980538489055,0.9786420599712521,0.9788200245416061,0.6228875623398613
875,0.07094042525097406,0.9960059772018963,0.9786104612809753,0.9784382790375279,0.9785243625849065,0.6240639663075186
876,0.07035356591850948,0.9960872406819524,0.9792154379468274,0.9786999455698173,0.9789576238972715,0.6232252212410482
877,0.07018456938375028,0.9961127011791259,0.9793868904594997,0.9788008761989481,0.9790937956428643,0.6333006599335594
878,0.06995985649606522,0.9961507339983934,0.9797622280926773,0.9788275301544098,0.9792946560905598,0.6301860339555911
879,0.07005814201593828,0.9961387796495317,0.9796601414414614,0.9788025743733958,0.9792311701526988,0.6333887642720163
880,0.07025944859647065,0.9961235775080155,0.9795287958811536,0.978772450235367,0.9791504769983175,0.6259394254247747
881,0.07045119249081011,0.9960978766879184,0.9793214100248909,0.9787062952655783,0.9790137560260279,0.6308344895354788
882,0.07029555506816657,0.9961227672764442,0.9795914838194373,0.9786982473953696,0.979144661891044,0.6313695340206467
883,0.07093453175461978,0.9960293915210338,0.978846696886269,0.9784489849199156,0.9786478004966249,0.636156925885118
884,0.07204540622614913,0.9958776516270109,0.9778104186954445,0.977863410070145,0.9778369136648617,0.6329190337703787
885,0.07159500900763187,0.9959581804055574,0.9782379184285918,0.9783020559133535,0.9782699861197247,0.6307684345062708
886,0.07111083156020521,0.9959975041022436,0.9785566990515666,0.9784012883680366,0.978478987538877,0.6293697762314219
887,0.07024482270474915,0.9961319819439757,0.9796726913302579,0.9787148599714884,0.9791935414171253,0.6335791581000338
888,0.0701927017527733,0.9961386903867315,0.9797115242985234,0.978748085123726,0.9792295677353303,0.6279804504698265
889,0.06992808289879518,0.9961690534715484,0.9798801802359102,0.9789058676800191,0.9793927816433541,0.6328938445631374
890,0.06982400174513995,0.9961799915977613,0.979963629902476,0.9789390928322567,0.9794510934428298,0.6282576733414003
891,0.0698170700519205,0.9961927355790865,0.9800596110998103,0.9789791106822852,0.9795190629180829,0.6340543347725414
892,0.06997136247056208,0.9961643637413516,0.9797547740339136,0.9789849435423447,0.9793697075074408,0.6236139695721802
893,0.06960719691174065,0.9962231673275959,0.9803008003936469,0.9790622473965509,0.9796811324379036,0.6342894838056178
894,0.0700205077464096,0.9961692731953643,0.979939109434268,0.9788469484100509,0.9793927244438582,0.6335838208424022
895,0.07032498494862653,0.9961342753113047,0.9795986182672004,0.9788171934403803,0.9792077499561622,0.6274068625864445
896,0.0699612771918019,0.996187276815534,0.9800850550202296,0.9788927252864673,0.9794885272982389,0.6226361370712609
897,0.07006928004431638,0.9961706876674296,0.980016336338432,0.9787821224463518,0.9793988405611865,0.6251666649204625
898,0.07038000142268783,0.9961113004397992,0.9794675558076404,0.9787014222432501,0.9790843391505761,0.6352345311315358
899,0.07281957943287255,0.9958004118393344,0.9772710950545426,0.977578116762931,0.9774245817988646,0.6277284120898626
900,0.07185376358466397,0.9958875941296828,0.9777292082641129,0.978057814127571,0.9778934835901231,0.6337923264511719
901,0.07079225639216334,0.9960415037963881,0.9788845373350394,0.9785426060155541,0.9787135418103213,0.6240164101439315
902,0.06975548339190243,0.9961908129956969,0.9800724699280106,0.9789446303576297,0.9795082254845778,0.6302563883944295
903,0.06939400616604433,0.9962402851861324,0.9804386614170493,0.9791067691005494,0.9797722626188362,0.6314623823055365
904,0.06913694818403653,0.996267489741095,0.9806780225280843,0.9791565329952342,0.979916687168338,0.6342342974706523
905,0.06907344531107078,0.9962677849949727,0.980667918237539,0.979170266058159,0.9799185199164097,0.6268205672869577
906,0.0687179255212168,0.99632391069721,0.9810686762961908,0.9793697646389282,0.9802184843309997,0.6236156758906333
907,0.06900473888427448,0.9962850813791098,0.9808047496964771,0.9792178887763664,0.9800106768643566,0.6333081743619776
908,0.07108867071944175,0.9960248047863757,0.9788168628083305,0.9784297143316177,0.978623250280485,0.6333136492983115
909,0.0709316504234783,0.9960253197640694,0.9788827710863133,0.9783665865423662,0.9786246107477742,0.6243004720293089
910,0.0695346367592327,0.9962128540409847,0.9801927422790879,0.9790614352261628,0.9796267621345524,0.6253554249303882
911,0.06949788439858089,0.9962555147931257,0.9806219983353922,0.9790833638266397,0.979852077062627,0.6235364345126365
912,0.06940710355641602,0.9962504268135125,0.9805360019413867,0.9791168843135639,0.9798259292877908,0.6279038656446231
913,0.06927049350288274,0.9962653954984743,0.9805974080092605,0.9792172981069932,0.9799068671184775,0.6313652360848281
914,0.06933112377501863,0.9962536952052747,0.9805307180082392,0.9791582311696819,0.9798439939718395,0.6288820339896998
915,0.06974896448228857,0.9961926188508093,0.9802110783801448,0.9788202944545892,0.9795151927346332,0.621491697493173
916,0.06958983213433044,0.9962182716063217,0.9802837834630939,0.9790262165647909,0.9796545964344926,0.6239906382092077
917,0.06947793215245222,0.9962204757108505,0.9802862396747919,0.9790478498305812,0.9796666533928327,0.628056559832824
918,0.06924041647383634,0.9962618387192035,0.9805800347863531,0.9791963293442477,0.9798876935808015,0.6260277145746272
919,0.06911391630205962,0.9962649835163193,0.9806289496614301,0.9791800121028155,0.9799039452635779,0.6290207508117435
920,0.06897714768918298,0.9962885351628417,0.980792308404489,0.9792686863424541,0.9800299051918523,0.6339237163619678
921,0.06913273823749033,0.9962727631126779,0.980643721154181,0.9792500064235294,0.9799463682413867,0.6220829668956699
922,0.06902190646250471,0.9962895307863827,0.9808439302553726,0.9792260104802467,0.9800343026201073,0.6317065366762623
923,0.06919923110483148,0.9962762031636714,0.9807462374866369,0.9791812672752334,0.9799631275793145,0.6274417863783017
924,0.06910078064706042,0.9962898397729989,0.9808703106001663,0.979202014536964,0.980035452591765,0.6276226809619407
925,0.06897621008855619,0.9963090038095715,0.980983944013839,0.9792942327928413,0.9801383601587359,0.6379938556732719
926,0.0694043129320732,0.996263953560932,0.9806422401917149,0.9791549086544581,0.9798980100393943,0.6187777256359905
927,0.0713511655951361,0.9959797545377362,0.9785959426485195,0.9781651682861344,0.9783805080505651,0.6325300967204409
928,0.07019967595852322,0.9961679548524687,0.9798837727779909,0.9788900672742883,0.9793866679677835,0.6148311581790934
929,0.06928952738455088,0.9962762374955176,0.9806747957518726,0.979255839283589,0.9799648038675477,0.6201689730356748
930,0.06910408731121168,0.9963027828790324,0.9809993911644957,0.979209988573501,0.9801038731293006,0.6236136689683245
931,0.0690730255927971,0.9962784553327849,0.9807774226641881,0.9791735885733829,0.9799748494075393,0.6371689589527041
932,0.06936679719511768,0.9962560572362963,0.9805670993584008,0.9791463439485479,0.9798562066429912,0.6263870243796884
933,0.06893598133523901,0.9963177996285789,0.981106360919148,0.9792636656527827,0.980184147243892,0.6311640116444037
934,0.06920276789946093,0.9962923665968824,0.9809407601949269,0.9791566068289058,0.980047871510613,0.6362974004100368
935,0.06941084209963572,0.9962316129617715,0.9803428565514447,0.9791111991208477,0.9797266407436237,0.6284881289187195
936,0.06930304054680059,0.9962512919760378,0.9805381019497611,0.9791241938470562,0.9798306378268195,0.6288853128803332
937,0.06959151571763934,0.9962157310496997,0.9803417677894657,0.9789380591608537,0.9796394106378705,0.6334027598384351
938,0.06899635998947586,0.9962978596922812,0.9809299359533531,0.9792280778230525,0.9800782680903418,0.640248991122631
939,0.06889773457706404,0.9963258538797074,0.9811065055796591,0.9793518230567199,0.9802283790653964,0.6302473642848263
940,0.06845147181436312,0.9963660084070727,0.9814149363641509,0.9794721719414918,0.9804425917482071,0.6276318452190487
941,0.06889880963822277,0.9963096904464964,0.9810488377499749,0.9792344275188135,0.9801407929382786,0.6228104378204934
942,0.06895792208906772,0.9963181429470412,0.9811003808195706,0.979273633198454,0.9801861558941619,0.625822220562482
943,0.0686779010960524,0.9963431708629521,0.9812267572060752,0.9794169443551057,0.980321015487938,0.6240108890977195
944,0.06838481751330894,0.9963973945809076,0.9817450730894203,0.9794740916169544,0.9806082675187872,0.6213885874791444
945,0.06863467119258942,0.9963545759022738,0.9813982570433425,0.9793641532798837,0.9803801500674062,0.6373374650604425
946,0.06953535448732993,0.9962246367306151,0.9804041035308816,0.9789709889784048,0.9796870221545543,0.6355258465718048
947,0.07002439223256686,0.996194877886292,0.9801893344622464,0.9788676956717816,0.9795280692583761,0.6315949193477405
948,0.07008285369563232,0.9961807262992709,0.9800179992053739,0.9788905841099897,0.9794539672257997,0.6324695333244797
949,0.06971505648798222,0.9962304456789993,0.9804572648201189,0.9789794798506434,0.9797178150710494,0.6258375378985975
950,0.06925026559197217,0.9963083034399082,0.9810321865292716,0.9792364948616195,0.9801335182294755,0.623824535030545
951,0.06875439101441515,0.9963457800832666,0.9813062485051384,0.9793631196084807,0.980333721184137,0.6270792883523063
952,0.06841668539526437,0.99637544279842,0.9814941150158227,0.9794935098725955,0.9804927919326851,0.6270197516507113
953,0.0683318643475608,0.9964098295756166,0.9818434285366652,0.9795084981079384,0.9806745734901067,0.6260531267114489
954,0.06819791941762827,0.9964236653096524,0.9819492035747212,0.9795505833007727,0.9807484268611872,0.6319282791805414
955,0.0681205192822025,0.9964194699580415,0.9818844701097605,0.9795716258971898,0.9807266844123241,0.6267523463324687
956,0.06813848944608684,0.9964186047955162,0.9818942158725408,0.9795520599742055,0.9807217395434329,0.6200659075435498
957,0.06840346057450386,0.9963720645447498,0.9815160282593931,0.9794337784322394,0.980473797819217,0.6247133761746084
958,0.06976416341210012,0.9961778355578172,0.9800220612009827,0.9788546271119014,0.979437996277895,0.6194178476973702
959,0.07358883485439227,0.9956824613483836,0.9767995868157605,0.9767735512430784,0.9767865688559294,0.6303381411749387
960,0.07175197982959611,0.9959415775247146,0.9782305014588859,0.9781272177789119,0.9781788568925267,0.6277681480610474
961,0.0694435859943251,0.996239969333147,0.9804819343209933,0.979058334211954,0.9797696171458757,0.6295945577592109
962,0.06840025366907068,0.996374639433218,0.9815052120773761,0.9794732056128947,0.9804881560415364,0.6240078817950349
963,0.06835920923798204,0.9963742823820171,0.9815147599136227,0.9794593987162983,0.9804860021692896,0.6300068361213913
964,0.06760544717151055,0.9964959132468852,0.9825440992074264,0.9797266027739606,0.981133328261071,0.6202736706832876
965,0.06734898719909808,0.99650701616596,0.9825807745683751,0.9798102563239278,0.9811935597270257,0.6315421674480167
966,0.0682293274138364,0.9964078177294268,0.9819808001307709,0.9793442920222127,0.9806607740155943,0.6144269794763081
967,0.06882057387864204,0.9963113795733315,0.9810866897779045,0.9792136802570829,0.9801492902146567,0.6239805123054982
968,0.0682363159713342,0.9963890588086399,0.9816685699468798,0.9794619828948056,0.9805640350383118,0.6256381735698276
969,0.06810646331969568,0.9964250591826098,0.9820059837931718,0.9795070952681771,0.9807549477890932,0.6244621471518618
970,0.06780244308530534,0.9964460702725103,0.9821033927994473,0.9796364518608891,0.9808683712076758,0.6354774018997476
971,0.06760216572007044,0.9964800931321366,0.9823597197845526,0.9797439536867958,0.9810500931396627,0.6167788164425952
972,0.06750756896121039,0.9965030130726882,0.9825136399220495,0.9798358027743149,0.9811728942495948,0.6271920867553333
973,0.06795439177038644,0.9964267002448602,0.9820522603568939,0.9794771926311633,0.9807630362380444,0.6261927762129381
974,0.06777665138968246,0.9964618148571971,0.9821784413417705,0.9797312542952739,0.9809533215697723,0.628483493066249
975,0.06784699118877058,0.9964402269922797,0.9819934438187188,0.9796862157555739,0.9808384729648667,0.6346896751490609
976,0.07281726569258909,0.9957708864515659,0.9771920741765675,0.9773358684862827,0.9772639660419629,0.6303553758235451
977,0.07041671497599898,0.9961101537561347,0.9795086870577483,0.978645973155849,0.9790771400617293,0.6296057508916507
978,0.06879165176328995,0.996322887608192,0.9811031261125234,0.9793228064237657,0.9802121578881539,0.6303817382307357
979,0.06826177368061148,0.9964013770750717,0.9817502059485459,0.9795124112925352,0.9806300319621067,0.6312529667787635
980,0.06783674106591468,0.9964649253224667,0.9822934128469315,0.9796464194065604,0.9809681305026003,0.6364674628022233
981,0.06830299697588567,0.9963924919932642,0.9817354805162819,0.9794303082496724,0.9805815396226583,0.6248889573941271
982,0.06799897015523568,0.9964279567904327,0.9819774343782633,0.9795683772156377,0.9807714264645846,0.6285972381789655
983,0.06824988572315561,0.9964082159788432,0.9818237848960639,0.9795111561201173,0.9806661070867434,0.6186079661088183
984,0.06789017033850332,0.9964720114155311,0.9823256864178566,0.9796906457758723,0.9810063966316793,0.6283260048854129
985,0.06857800095094194,0.9963493093970602,0.9813685652646238,0.9793372039897353,0.9803518323457272,0.6168836291913214
986,0.06861733426775435,0.9963674160127686,0.981493155612933,0.9794065338074046,0.9804487345079023,0.6317186047189904
987,0.06792735008241461,0.9964504098178754,0.9821222151221649,0.979664508656112,0.9808918223942994,0.6339014811713813
988,0.06766011805119489,0.9964888683520362,0.9824488132649802,0.9797479407050643,0.9810965181722987,0.6226196429037867
989,0.06746071258144413,0.9965061098052193,0.9825724576060042,0.9798089273178383,0.9811887465864374,0.6172535338661305
990,0.0673080457763063,0.9965316458324545,0.9827537819958501,0.9799011455737157,0.9813253906912291,0.6367836832245056
991,0.06747869605855118,0.9965149880206575,0.9826342266846761,0.9798423001374192,0.9812362774372695,0.6276882332342173
992,0.06823415310530782,0.9964068221058858,0.9819803926025136,0.97933380764084,0.980655314479183,0.6267094200698373
993,0.07121808873824508,0.9960056064179569,0.9789183488929241,0.9781128202129422,0.9785154187721156,0.622481318026331
994,0.0689322175391072,0.9963391265714647,0.9813158050888652,0.9792802782289015,0.9802969849981992,0.6091246527138486
995,0.06933099988231556,0.9962667413068469,0.9807065182826127,0.9791187301553549,0.9799119810312457,0.6220196992323934
996,0.06784707175152337,0.9964518998200023,0.9822078059563707,0.9795922993252488,0.9808983091209377,0.6272254382569536
997,0.06750440250800775,0.9964940661935573,0.982443296437481,0.9798105516586144,0.9811251578787323,0.6321341041291317
998,0.06723729624888665,0.9965484821698518,0.9829356123671465,0.9798976753911487,0.9814142929252668,0.6314135584477132
999,0.06722538278391249,0.99654986917644,0.9829367260655502,0.9799117037887601,0.9814218839372437,0.6310512008519463
1000,0.06683465559705556,0.9965941915899391,0.9833005019931788,0.9800213467911443,0.9816581859570839,0.6313017928427761
