Epoch,Loss,Accuracy,Precision,Recall,F1-score,Validation-F1-score
1,0.7212744052890393,0.6895078224974336,0.2176928144999608,0.9017112873077852,0.3507152916152665,0.3330549936158427
2,0.6687057391345073,0.8052741007912694,0.3079019255872092,0.8766528036564797,0.4557376365203412,0.4892659189833886
3,0.6335172856883179,0.8578235782001455,0.3812266601041196,0.8486682177644405,0.526118054504866,0.5651948256239981
4,0.5990451698680576,0.8769821697419212,0.4189919829441437,0.8348070534192521,0.5579482078761339,0.5756144298481849
5,0.567374015883576,0.8918129642764231,0.4545472103939055,0.8166794103583916,0.5840333135013539,0.6179363931409226
6,0.5458686567253346,0.8993071599971699,0.4756219042699588,0.8071794533295885,0.598552888030306,0.5623916673769275
7,0.5317046664816012,0.9061420950072596,0.4971154430268046,0.7969396090772888,0.6122938683140307,0.586734206243079
8,0.5232907954951842,0.9073161823514316,0.5010591079905677,0.798647972571677,0.615784659051221,0.5777220928329574
9,0.512116473141334,0.9112100042230916,0.5146612070548653,0.7941542338146993,0.624565334118086,0.6450275095161317
10,0.5048698613540732,0.914429370108948,0.5265564277134683,0.7917646808657677,0.6324844216378792,0.6296311124990769
11,0.5033444227288952,0.9149205626995092,0.5284755218812685,0.7901072626048106,0.6333350516327267,0.6435891197346212
12,0.4925675029806096,0.917715071988114,0.5390818134119735,0.7944806524770163,0.6423247231580229,0.6319130222452559
13,0.4889578018471491,0.9185873961365522,0.5424411268398664,0.7960979790542734,0.6452352164110666,0.6100584867931627
14,0.4834322900437622,0.9213807038105384,0.5541557508520154,0.7910398557112855,0.6517405841303265,0.6221784622034044
15,0.477394715273123,0.9217460427191436,0.5551880331393183,0.7974496520809725,0.6546239376649705,0.621839454663223
16,0.4728434650803641,0.9239505866955472,0.5647201783025483,0.7950956131280994,0.6603931786096987,0.6258624392088076
17,0.4717743353877994,0.9241823060585768,0.5659154679342616,0.7930260553120521,0.6604930432972536,0.6200074544989458
18,0.4678608110482744,0.9241474043036864,0.5653828378439594,0.7971111985301783,0.6615412316981888,0.6184747751166171
19,0.4609641545324874,0.9260011248760758,0.5735523946314525,0.7965310135384374,0.6668970188076887,0.6356806198578835
20,0.4575829889705712,0.926836810078204,0.576827222401096,0.8006665113206215,0.670560204360178,0.6342557604825821
21,0.4531964091517085,0.9271921721522914,0.57788870554368,0.8053836707679795,0.6729291135085352,0.6375175511857234
22,0.4484330803799115,0.9294567281959268,0.5887057140611167,0.8012129543244234,0.6787140213584653,0.6531381180610053
23,0.4428052767146405,0.9300348764866512,0.5906858699162577,0.8066009665122952,0.6819613284233089,0.6342634353997747
24,0.4464367256104517,0.9288812303237324,0.5854942482241002,0.8055846460221814,0.678128578694588,0.6544832148351094
25,0.4383105981907398,0.9313736193654024,0.5973508663028245,0.8040218825282658,0.6854467071024466,0.6540603056307317
26,0.4366187411460945,0.9311106923541386,0.5953286931737656,0.8094696999901654,0.6860778614268681,0.6414574550605997
27,0.4320917690186192,0.9323951428512416,0.601648111522389,0.8080786736164826,0.6897492664083563,0.6530529556222693
28,0.425440391190618,0.9341354790682304,0.609836602342702,0.809964607091163,0.6957960885288634,0.6424024130031198
29,0.4209446879170781,0.9350197644318996,0.6139811999967597,0.8114272521263359,0.6990292182266046,0.6447614708283899
30,0.4190835335271821,0.9351376737246352,0.6143938512848135,0.8124483718051063,0.6996755156886859,0.6546649189949911
31,0.4219490566270814,0.9342319103579564,0.6095869454585489,0.81436147607095,0.6972501492209723,0.6587463522907285
32,0.4180462434351873,0.9353306667651028,0.6152314458134991,0.8131823523348717,0.7004907891334149,0.6425547953920284
33,0.4120080987755343,0.9364987735016592,0.6207657935186291,0.8151785933149812,0.7048113993529067,0.6530767043285026
34,0.4066299442335856,0.9368104929328032,0.6212672189482932,0.8210497730500601,0.707322054653462,0.6529834917926135
35,0.4041006189884899,0.9379243896841426,0.6274898721264489,0.8182737746637688,0.7102938400313762,0.6654347814513685
36,0.3976074497905567,0.939539799179024,0.635536551806512,0.8202891385648329,0.7161897664752039,0.6565429956637291
37,0.3995188020116134,0.9391125050206892,0.6331959636145411,0.8207083661524004,0.7148602753465724,0.6501572341471787
38,0.3968829568341481,0.9392265210820608,0.6334943207257073,0.8221689438447674,0.7156041775312619,0.6557880411703718
39,0.3917241436328819,0.9401091310516332,0.6375104731230672,0.8252163548080044,0.7193196415583,0.6572853568923157
40,0.3889937839276499,0.9408810482825508,0.6417643223274367,0.824583452574713,0.7217772614403726,0.6573071823500453
41,0.3829920783960562,0.9420731804451076,0.6480334302824353,0.8254349763097281,0.726054874037282,0.6596458200666058
42,0.3773346493998877,0.9428226995795363,0.6504450942732396,0.8326483045278646,0.7303545486385274,0.6599108054588083
43,0.3755910266860783,0.9433283527437352,0.6539190359859717,0.8297521787578164,0.7314164209005966,0.6594681529976147
44,0.3701388019023182,0.9445343893040204,0.6598593518228228,0.8329416457052873,0.7363665154986293,0.6601347086092938
45,0.3734630108308449,0.943931515217632,0.6563256789410513,0.8335999467216225,0.73441659311545,0.6532908193162478
46,0.3653842832544725,0.9451301223663904,0.662620367340362,0.8352766355708775,0.7389978216353951,0.6633680564693992
47,0.3672869369494829,0.9444665221103682,0.6586457814201867,0.8362547840527539,0.73689942786869,0.6614692916841203
48,0.360571541588941,0.9459897025335036,0.6665953306205684,0.8387300578944586,0.7428208472523001,0.6553807617270402
49,0.3574758255653244,0.9466489083132066,0.6700990237614253,0.8397338266603938,0.7453869046595013,0.6533637704389963
50,0.3538600041819133,0.9472029899797152,0.6727012450384886,0.841896488736378,0.7478484927545471,0.6545996556194196
51,0.3526455380504937,0.9475759436918172,0.6747870776234476,0.8421701901571447,0.7492439946039636,0.655491086286004
52,0.3598818242978707,0.945851262796715,0.6655741692548074,0.8396180554632635,0.7425338512640395,0.6363749951749033
53,0.3438657798784242,0.9490363174354364,0.6825358355902805,0.8450387021339999,0.7551437686653294,0.6582844730780864
54,0.3450256219441942,0.9486804747155017,0.6803861947174693,0.8451995857045017,0.7538902594322917,0.6537634253666885
55,0.3343863649119576,0.950894549212422,0.6919556982555196,0.8506745739575645,0.7631499645946473,0.6597690848803466
56,0.3364626219589933,0.9501048480851508,0.6871185295829881,0.8509737479950467,0.760318270834586,0.6527529783555536
57,0.3379699714321026,0.949833523504296,0.6858901233402375,0.8496832830821364,0.7590511393280053,0.6613623393040873
58,0.3303444447170058,0.9516425646119852,0.6963094592489079,0.8513068855214828,0.7660464935194017,0.6539991949259055
59,0.3266706990359498,0.9517535251390412,0.6954608930421617,0.8560834072408386,0.7674579846797733,0.6588697990193336
60,0.3242004752802334,0.952701619672137,0.7014126482251716,0.8556474932434807,0.7708911919318079,0.6588656835296653
61,0.3202564534094694,0.9531400716805004,0.7029859548343647,0.8590838599889131,0.7732354621620054,0.6334151527951256
62,0.3150474069465836,0.9538912044117028,0.7070133368061947,0.8609890640518915,0.7764410957481234,0.6567450700425246
63,0.3182518557250071,0.9532962335163192,0.7035190362661956,0.8603856952872558,0.7740851510366095,0.6459846146167875
64,0.3154198015979725,0.9542399541722038,0.7097654734739445,0.8593447881844861,0.7774256218533363,0.6547119047102608
65,0.3111569184086306,0.9546138966414776,0.710860642414863,0.8629784385005386,0.7795681459706277,0.6594765773242229
66,0.3055956947396127,0.9555723662585076,0.7164602832551885,0.8643324742047301,0.7834801701526398,0.649710355373455
67,0.3010719772294271,0.95640838104636,0.7204268214042017,0.8681685764484173,0.7874275965034238,0.6553585137590748
68,0.3054461747729521,0.9558865438498424,0.718357574334449,0.8646484084856744,0.7847433807740566,0.6575643737528895
69,0.299835870484654,0.9568062734115724,0.7235064906331594,0.8667912093039877,0.788693923131482,0.6615623294135549
70,0.2951055190546049,0.9574973322782196,0.7269119515551166,0.8697036523154682,0.7919225863089999,0.6624057964979831
71,0.2963550913033725,0.9572886839158652,0.7256016018482865,0.8695702348708162,0.7910891363774276,0.6535001781346568
72,0.2888442177673895,0.9586251128281796,0.732622985108616,0.8741133683541205,0.7971383032030153,0.6636737335163537
73,0.2859015938082187,0.9591010964108554,0.7356148221626049,0.8745280182540464,0.7990791332000047,0.6620731963529612
74,0.2917442340001785,0.958190451055641,0.7311050955309362,0.8706386080994356,0.794794224949672,0.6526000756920096
75,0.2818483740305729,0.9597832976611718,0.7391889823910207,0.876980772825901,0.8022109347723317,0.6520079644915153
76,0.2853536847040807,0.9590864779107252,0.7355613068475777,0.8744176369149457,0.7990014804002309,0.6611385699967509
77,0.2804485303785303,0.9600905470859348,0.7415087323812733,0.8763548109577438,0.8033121800227607,0.660944557383574
78,0.2765775704555374,0.9607496361373608,0.7449507997758915,0.8788278697892994,0.8063703960838335,0.6553025563124742
79,0.2723524127182343,0.96123911213561,0.7468838691069373,0.8821707631064366,0.8089097808423341,0.6567262915001197
80,0.2714885203636807,0.9616846983016228,0.7504256138871066,0.8809973245630744,0.8104862847474698,0.6573918428505761
81,0.2798264938935959,0.9602023865082546,0.7419990964626112,0.8770010770856018,0.8038714478554994,0.6563413156544033
82,0.2732942015361443,0.9612260248358224,0.7479576270569106,0.8794011144159063,0.8083709559631982,0.6568410994996015
83,0.2671490829947183,0.9625667383625478,0.7560995647973888,0.8819931192924726,0.8142086465905332,0.6476347846218554
84,0.2685469268894881,0.9620837098850228,0.7525852438874098,0.8823703355208774,0.8123265274244663,0.6614436995976588
85,0.2594111046666721,0.9637296472575833,0.7618739971278178,0.8873222122103763,0.8198269153532681,0.6574080303040826
86,0.262345778320333,0.9632156857865936,0.7590131639850438,0.8856565245781957,0.8174589288033154,0.6360157159089354
87,0.2634387198540804,0.9631572117860734,0.758751659540842,0.8853242730558192,0.8171657380227457,0.6586120543416558
88,0.2561057826919521,0.9642088580338058,0.7650410631892114,0.8878007282362701,0.8218621002367777,0.6396549510546942
89,0.2518907207593643,0.9649297306757298,0.7688524997657694,0.890658681998081,0.8252853751361532,0.6560456582204897
90,0.2527724150166237,0.964722338858948,0.7670152707573934,0.8914410235827701,0.8245606235160076,0.6563894434602755
91,0.2618719623993626,0.963159937734665,0.7586327216040728,0.8856355558154501,0.8172293065363171,0.6524850972555704
92,0.2543039681564132,0.9643484719197356,0.765180342081,0.8896619274309515,0.8227392187278678,0.6590255847799887
93,0.2518276202378513,0.9649660881009008,0.7690542179192461,0.8907831655684646,0.8254550205302784,0.6583815615028804
94,0.2498604169638036,0.9652163260617934,0.7708792258936696,0.8907100702335418,0.8264736551176728,0.6558597783017996
95,0.2472721459947044,0.9655087509953488,0.7718793249223568,0.8930485302816991,0.8280547346506568,0.6590363899390845
96,0.2484679643949158,0.9654473999861136,0.7716711861117708,0.8925548045194477,0.8277227113993634,0.6536366576662214
97,0.2395165267286541,0.9670477927314484,0.781075488597375,0.8971158057512886,0.8350837817658633,0.648406747372779
98,0.2397853333851416,0.96704485392541,0.7811459883898921,0.8969278990569668,0.8350426467684502,0.6546030949608788
99,0.2384306098059784,0.9672568187441114,0.7816877695154566,0.8989861603212532,0.8362436924990683,0.6600282440293266
100,0.2355223311473139,0.9678317467076584,0.7861302846724796,0.8985507631595968,0.8385895575240508,0.654141964587905
101,0.2317802688415102,0.9683774445373144,0.7890765054566181,0.9007346893330131,0.8412165609909211,0.658556603249608
102,0.2276455895613423,0.969173929637403,0.7935460591454009,0.9036206998900468,0.8450137755084075,0.6587038020585033
103,0.2304617814558873,0.96881697456565,0.7914509082089157,0.9025020459310412,0.8433363655901293,0.6555733541699255
104,0.2327493090959761,0.9682649665426546,0.7884395538488127,0.9003420418672359,0.8406833418860743,0.6529724424703269
105,0.2345155376217348,0.9680185325503256,0.7870889096127914,0.8993957156978359,0.8395029311917263,0.6578173249418777
106,0.2273502576050998,0.9691242033913052,0.7931576503854122,0.9036517100321354,0.8448070641471176,0.6596262593377662
107,0.2201680569983214,0.9705544612394004,0.8018479558635192,0.90767867231701,0.851487512368188,0.6576626678318901
108,0.2389914813123161,0.9672103814888836,0.7842914282809305,0.8930310317015205,0.8351364750218707,0.6517863868035854
109,0.2347014798320454,0.9678775797223922,0.7863680906110859,0.8987528459188734,0.8388128638789111,0.6579050207902222
110,0.2204595918385244,0.970453484413232,0.8014218320202834,0.9070353595360174,0.8509641835208681,0.6592730359158007
111,0.2165723478408168,0.9712220439895868,0.8060165656057484,0.9094223283064417,0.8546028242079287,0.6597664341651616
112,0.2141283627787082,0.9717550184370254,0.8096872170703089,0.9102276321630106,0.8570187980121163,0.6513726618263893
113,0.2167733384550904,0.9711757028635286,0.8057476252698338,0.9092619615716412,0.8543808406737042,0.6555245335019043
114,0.2128667467468076,0.9719102807784727,0.8099884222982614,0.911862678821461,0.8579118276730779,0.6580347741650326
115,0.2153150194304452,0.9715574455282688,0.8083571442580932,0.9098674715127544,0.8561137632118203,0.6564268404788546
116,0.2160405751934154,0.9714883698536289,0.8081565639016237,0.9092598203951636,0.8557322485836699,0.6541887009844629
117,0.2132498178657867,0.9719007365252172,0.8106408316540299,0.910546593624492,0.8576942139767944,0.6559445853522634
118,0.2130299718688718,0.9719690912310862,0.8108492390350304,0.9111286982916956,0.8580690793515345,0.6453209183291095
119,0.2075526516536157,0.9728868570112112,0.8159416631638021,0.9148161733543728,0.8625546731338735,0.650324184787243
120,0.2062834372623361,0.9732271748702752,0.8190381887921272,0.9140724467799513,0.8639497396983151,0.6493207000616794
121,0.2069764595559175,0.9729627853223612,0.8167448038441737,0.9144473741645353,0.8628390894151508,0.6594664747444013
122,0.2038046275433019,0.9737167950622784,0.8218981288497766,0.9158360378607254,0.8663280497912009,0.6590663180635274
123,0.2018020625273101,0.9740922138009408,0.8237206578462952,0.9178353060213722,0.8682349780956317,0.6584236782463554
124,0.203796714329891,0.9737500969531336,0.8217519384740487,0.916546465449238,0.866564489715412,0.6546115893353943
125,0.2015301907341257,0.9741107941961272,0.8237603681946363,0.918021145372888,0.8683401802490367,0.6578271581147938
126,0.2033154685184252,0.973736398546483,0.8217693824209124,0.9163281392822008,0.8664765926079729,0.647611386843125
127,0.2153640795204279,0.9715045264204704,0.8083603858589127,0.909115697068124,0.85578264871081,0.6503133088815822
128,0.2036140076012062,0.9735528192982548,0.8206473675525412,0.9157529749801312,0.8655956231265398,0.6517506484477997
129,0.2015338526140871,0.9739687084172678,0.8229919647658629,0.917400278028074,0.867635511956792,0.6449116633309626
130,0.2090596105340573,0.9724916356636364,0.8146934018355055,0.9115387705039798,0.8603994685609359,0.6551987923413037
131,0.1953599617260394,0.975149902453612,0.8308470710516692,0.9201155113026062,0.8732057272944074,0.6549421207514153
132,0.1985446577020686,0.9743032516597936,0.8257602824440364,0.9172232248834832,0.8690919977841106,0.6559589668583453
133,0.1946116499334788,0.9752336996239208,0.8313836269214687,0.9203492687070158,0.8736072890583423,0.6523424103528492
134,0.1937817226318146,0.9753192957829726,0.8310749390609892,0.9220205676982411,0.8741887525903442,0.6607274798087792
135,0.1891346507900052,0.976253870435018,0.837554830396439,0.9238394601990731,0.8785837521239709,0.6553781415984054
136,0.1864376733307358,0.976772185184111,0.8406980161084148,0.9256277855598468,0.8811210731791589,0.6551353660674982
137,0.1896729227825463,0.9762927066194876,0.8380954595387238,0.9234751648632054,0.8787162228382346,0.6522344412115892
138,0.1871565104924517,0.9766917594011032,0.8404088069826602,0.9250279608114498,0.8806904434674333,0.6579434368757605
139,0.1966328514780072,0.974964977397011,0.8303975517406095,0.9183700094713834,0.8721710356160822,0.6370188828345736
140,0.1976484047423163,0.9746671554972262,0.8283367763356357,0.9178010471977316,0.8707770377653834,0.6460829972608633
141,0.1900866367726874,0.9762188313527428,0.8380561343606034,0.9225546066452076,0.8782776673734923,0.643085092920466
142,0.1885542663202869,0.9764114398765328,0.8385916761068077,0.9242487940746412,0.879339178414677,0.6562316946652205
143,0.1856860304050308,0.9769711176339788,0.8422557051406151,0.9257543364730364,0.8820333064866898,0.6518430643304165
144,0.1844013561126139,0.97724457765567,0.8442838715513781,0.9261223234924862,0.8833115733522624,0.6577308142181761
145,0.1824755254570099,0.977569816967864,0.8463254423269949,0.9271623445911964,0.8849015901695343,0.6547048673137162
146,0.181825059057354,0.9777196960758204,0.8471568868624563,0.927816880090278,0.885654170613607,0.6438103644396257
147,0.1865721669235675,0.9768176817467517,0.8411887923505211,0.9254389928614652,0.8813049532171896,0.6493352091035821
148,0.1873146179232666,0.976653348931527,0.8410459547141438,0.9234905222669064,0.880342206694744,0.6511985097082624
149,0.1870309152245092,0.9766387510305048,0.8399592358047526,0.9250515875863744,0.8804542321119121,0.653590751604446
150,0.1786907823930541,0.978152812915278,0.8501424434036252,0.9288015259352586,0.8877329610207606,0.6555420915901934
151,0.175028154559487,0.9788840537747672,0.8547712698536742,0.9311466310138632,0.8913258418262802,0.6516028120900212
152,0.1770696611337953,0.978596387235101,0.8529017044544558,0.9302942212747886,0.8899185058926308,0.6539430240177243
153,0.1839657723635649,0.9773767277982268,0.845655806858318,0.9256836776492776,0.8838619408246113,0.6464028515681837
154,0.1798689248000117,0.9780761773680954,0.849655027789916,0.928561788003446,0.8873576998974942,0.6539692715915819
155,0.1801839434414458,0.9779771025262086,0.8493447967844296,0.9277519802929072,0.8868186891477767,0.6530284766711303
156,0.1747970083098617,0.978973316574998,0.8553385062031519,0.9314323673231072,0.8917651182919885,0.6517303331754731
157,0.1785965076506995,0.9783444258155268,0.851688233634749,0.928895368531912,0.8886179280700737,0.6491257525993489
158,0.1836071353164508,0.9773107969207026,0.8454132878915431,0.9252003624347274,0.883509149746201,0.653803848380229
159,0.1737342137280556,0.9791851371999452,0.8569221590683773,0.9317507381152154,0.892771233327735,0.6534739341883685
160,0.170096125802119,0.9798152845049886,0.8609190262602172,0.9338116573916808,0.8958850819402552,0.6573604256151316
161,0.1683464347512173,0.9802222748094556,0.863778191361688,0.9347448411675288,0.8978614048138303,0.651428496121174
162,0.1690955338664621,0.9799560588073216,0.8617608717991078,0.9343525628701096,0.8965897850376745,0.6433503540567045
163,0.1686013581351839,0.9802377584721108,0.864024132313249,0.9345768695645496,0.8979167341311265,0.6554576937240214
164,0.1705026174459954,0.9799087632559378,0.8617541150773682,0.9337569466409962,0.8963118171824147,0.6551776109826415
165,0.1695708994545954,0.9799393872627862,0.8618031647479162,0.9340756866014628,0.8964851746234154,0.6430960582591608
166,0.1824066285445964,0.9778402969853014,0.8492890590905198,0.9260507048309962,0.8860103826422244,0.6511042487668316
167,0.1683445148866811,0.980207532714679,0.863481478607558,0.9349982383285946,0.8978179222424876,0.6551411841332618
168,0.1654056218995464,0.9807835867627828,0.8675429370767912,0.936325915412011,0.9006230509462092,0.6505656791433406
169,0.1737946331661811,0.9792004011387846,0.8577206959762415,0.9307339007894,0.8927369256088267,0.6485308291272478
170,0.1739275170315941,0.9791292792861084,0.8570155894737693,0.9308875486600812,0.8924254611258318,0.6507318999028183
171,0.1665359402892829,0.9804788984937493,0.8654796762917462,0.9354931454295924,0.8991255114063313,0.6524146399376906
172,0.1683556402651526,0.9801984347754248,0.863778585165437,0.934439908103659,0.8977209218625392,0.650322551630747
173,0.1636888111988417,0.9809291331917434,0.8681451524937694,0.9372884849891716,0.9013928153748236,0.656055116459075
174,0.1613363621475027,0.9814897516417764,0.8721342549090206,0.93856580750853,0.9041314000085066,0.6505736800647683
175,0.1614884299179204,0.9814680676476896,0.8720071386860032,0.9384763949321748,0.9040216060222384,0.6549786018011582
176,0.1606026502768341,0.9816074618098036,0.8727283355405941,0.939189997368568,0.904740250454696,0.650883013959013
177,0.1733865590511466,0.9793978229874176,0.8596391638818689,0.9303767673196812,0.8936102661577409,0.6513500739799938
178,0.1707136884546108,0.9796674447086988,0.860536157196683,0.9324904038376972,0.8950695167375031,0.6523320861879206
179,0.1608348110382505,0.9814215067978154,0.8716972453498204,0.9383379567978514,0.9037908336559894,0.6503144506420744
180,0.1577604339598751,0.9820322222778856,0.875817950622437,0.9400884793187456,0.9068158488621854,0.6387612750028857
181,0.1561343949154126,0.9823313487878276,0.8778765418355171,0.9409009450414636,0.9082967804501298,0.6483144966241741
182,0.1567258466597941,0.982253635220673,0.8773586503841135,0.9406649726269046,0.9079096007352028,0.6478136299407456
183,0.1570444075162891,0.9822985206764504,0.8775734640680315,0.940920880132806,0.9081438155970344,0.6436957697402022
184,0.1580550419769698,0.9821070451035866,0.8761729360476573,0.9405190034580738,0.9072064214615048,0.638483666724565
185,0.1560824710956151,0.9824135735595786,0.8781524279957814,0.9415365791206056,0.90874059223101,0.6536493327847518
186,0.154770186023532,0.9828160526594492,0.8812533463551567,0.9421781198934788,0.9106979191566964,0.6543406351458557
187,0.1542460341408527,0.9829018136113632,0.8818026933034371,0.9424738975820652,0.9111294037409636,0.6515843532738442
188,0.1566935453108317,0.9824589671266803,0.8788809232822161,0.94107194382498,0.9089138447618624,0.6461166029452948
189,0.1597467201808802,0.9817593252984728,0.8742978455161124,0.9388409117690576,0.9054205952456736,0.6306726582021643
190,0.1556737763043359,0.9825003644668796,0.8789708016130021,0.941461194941862,0.9091434371310156,0.646465757003946
191,0.1556187353277806,0.9826126708023084,0.8799831742954581,0.9414326951446093,0.9096713664996878,0.6532019376241112
192,0.1540087100734813,0.9828257960374128,0.8813192764693988,0.9422067673580748,0.9107465059831672,0.647614490293768
193,0.1533836795003723,0.982945662245384,0.8820125536784944,0.9427246367309522,0.9113585985191892,0.6495173448196293
194,0.160897253309008,0.9815220029781366,0.873669631568245,0.9367602789022644,0.904115650103914,0.6494181965908719
195,0.1529061945972682,0.982940189749093,0.8821402710673146,0.9424781061013487,0.911311540423448,0.653596014164469
196,0.1526127483615343,0.9829461840894468,0.8817256456813818,0.9431327892677738,0.9113960312253812,0.6537913442753354
197,0.1552937585565683,0.9825017583398372,0.8791120450076081,0.941279047273928,0.9091340335385676,0.6445925876995515
198,0.1505249402077078,0.9834229641709556,0.8851627026325166,0.9442512955594362,0.9137527422089258,0.6455156646298005
199,0.1512872933698215,0.9832378743214928,0.8838514683469136,0.9437819349088258,0.9128341028156762,0.6489228565091812
200,0.1546172621599633,0.9826422991856156,0.8804339838085248,0.9411674845960812,0.909788284942163,0.6454139643829496
201,0.1645077592123755,0.9810048692445544,0.8698137891131631,0.9358104825502978,0.9016060256755398,0.6482776234366957
202,0.1545002830328701,0.9826089423638064,0.8805024283224671,0.9406563340873229,0.9095859224100178,0.6516549551251729
203,0.1507376743038352,0.983243765666308,0.884348388229456,0.9431645377465786,0.9128100019822292,0.6467844991251233
204,0.1469751016752754,0.9838804909530916,0.8884372374809439,0.9453811722365312,0.9160250901371636,0.6504249337364381
205,0.1462771933016588,0.9841021579515412,0.890140090857049,0.9457781020552636,0.917116033758144,0.6498712692337157
206,0.1451103526482479,0.9843502536052284,0.8918367710398939,0.9465137069258052,0.918362127621957,0.6483180240007409
207,0.1445989294125022,0.9844848962398224,0.8928625963367239,0.9467733061152886,0.9190280219185398,0.6500458986521263
208,0.1444798147560452,0.9845606803572182,0.8933307342071746,0.9470676809641142,0.919414687390736,0.6382915116901929
209,0.144800192160572,0.9843823538814652,0.8920712593248512,0.9465890172708772,0.918521890583674,0.632683419258792
210,0.1446917910638044,0.984502041563836,0.8929076437072181,0.94692200712997,0.9191219391166916,0.6510853662902982
211,0.1495546228754863,0.9836660679741992,0.8876958015497519,0.9437590464706176,0.9148693391290712,0.647654435296384
212,0.1491153307741494,0.9836307679698926,0.8872163462712817,0.9439823933273264,0.9147195133346048,0.6379347860816214
213,0.1611514490017359,0.9814541632499614,0.8739244101537323,0.935542540155919,0.9036843280719468,0.6470784538954398
214,0.1456717839933556,0.9841219674268232,0.8903292702651286,0.9457635568219508,0.9172095930732646,0.6489549123099013
215,0.1421504433420922,0.9849090456010412,0.8959086003994765,0.947854600236445,0.9211498396183948,0.6478952802050747
216,0.1400297098397779,0.985186529315112,0.8976809004454603,0.948864718698141,0.9225634354778808,0.641984392999387
217,0.140419177174997,0.9851608078959072,0.8973937903060314,0.9489342700168252,0.92244465067901,0.6512301032445524
218,0.139889469705254,0.985231730623875,0.8978684883339715,0.9491639665692948,0.9228039427052538,0.6500630182186378
219,0.1397335043967627,0.9854014123407442,0.8992372926041355,0.9494065840143012,0.9236411804216575,0.6484912956191825
220,0.1408629489781187,0.9851631149959746,0.8976596348371071,0.9486088111922396,0.92243123245638,0.6498457533692004
221,0.153363340380166,0.983030983749666,0.8842164427880221,0.9407148841889328,0.911591089789855,0.6324824651651975
222,0.1487356647045063,0.9836570936295912,0.8870000930423848,0.9446040728425285,0.9148962599074856,0.6505963179966094
223,0.1432000824498187,0.9846276892547144,0.8936284832105832,0.9474846197078608,0.9197688531277574,0.6538466229229704
224,0.1403664370074117,0.9850739002603288,0.8968793361170116,0.948563698818868,0.921997768943242,0.6422227967803057
225,0.1389788784783521,0.9853694150600462,0.8987446937436204,0.9496709823924412,0.9235062948737628,0.6499630060400279
226,0.1375859498763255,0.985637066133353,0.900753735784869,0.9502567787432268,0.9248433076849116,0.6494618438170688
227,0.1356874686940539,0.9859618659979152,0.9030657306612392,0.9511436688069572,0.926481391455916,0.6461646036609904
228,0.1381419974265338,0.9855807207072996,0.9001506757962614,0.9503702610965364,0.9245790368836828,0.6512750985544022
229,0.1359147074893653,0.98594163080774,0.9026286201628316,0.9514714903090352,0.9264067172762824,0.6401176860535489
230,0.1362187311106877,0.9859585083433527,0.902928517426402,0.9512825499433104,0.926475046546204,0.6440006686640863
231,0.1369938221659591,0.9858047360040324,0.9020178808114512,0.9506207787444082,0.92568179539547,0.6405144417625447
232,0.1443490100046284,0.9844868119568428,0.8933451158048898,0.9461463105757284,0.9189879042303856,0.6522394597444675
233,0.1427441137246519,0.9847936974640356,0.8952377709627233,0.9473477320806416,0.9205558934374236,0.6509100737349764
234,0.1380315498321605,0.9855436423133578,0.900140668427599,0.9499350116022232,0.9243677386133964,0.6486144287069434
235,0.1344995419059297,0.986180800181404,0.9043900695510728,0.9520515276334328,0.927608979025728,0.6493848208522585
236,0.1334665678441524,0.9863566204323811,0.9056208376988782,0.952564966986012,0.9284999177041569,0.6455265043116976
237,0.1336429551136579,0.9863632052804906,0.9057532427985728,0.9524723795617764,0.9285255095862148,0.6372193870557867
238,0.1337588823420538,0.9863988348705212,0.906073202981993,0.9524855219553284,0.928699853378208,0.6522197793096095
239,0.133377703080932,0.9864065252040796,0.9060715221764424,0.9525799552213547,0.9287438559816176,0.6429116284816141
240,0.1335592811002577,0.9864343271331668,0.9063443718239766,0.9525603892983704,0.9288778701516396,0.6491001501395911
241,0.1382889131204687,0.985515490199439,0.9001287609997642,0.9496102172806824,0.9242076621082936,0.6405080296666923
242,0.1436436107422379,0.9845040808755028,0.8936013394587333,0.9460123762953748,0.9190602563599074,0.6361429867403239
243,0.1407041111223989,0.9850340753186876,0.8970534697201413,0.947848029039669,0.921751501409702,0.6437672615247944
244,0.1481968904141899,0.9837412615838396,0.8888442539049426,0.9431131495111176,0.9151748857937456,0.6283438377553223
245,0.1436770821003605,0.984391410622504,0.8927388164467757,0.9457978894792628,0.9185027263584504,0.6404748225359552
246,0.1344896277024162,0.985998580474287,0.903253458147862,0.9513406570428906,0.9266736385198412,0.6465147716928845
247,0.1299489073776941,0.986766281754486,0.9087657466184356,0.9534153832159524,0.9305552813144472,0.6471002555565596
248,0.1287243175688836,0.9870145559337736,0.9104248306390316,0.9542559057338934,0.9318252228571584,0.6435646160912241
249,0.1274842196713677,0.987244421377106,0.9119683918955972,0.955028132105568,0.9330017047753508,0.6495041285132029
250,0.1280378815617492,0.9871699693353444,0.9115204916721148,0.9547113856542356,0.9326161472531048,0.6505858248077391
251,0.1278330699252567,0.9872300637990072,0.9118640437671922,0.9549898862636588,0.9329288440159428,0.6489095339760157
252,0.1288093989379972,0.9870384989633432,0.9105257556174584,0.9544125807851118,0.9319527829177344,0.6498086480545979
253,0.1312565534985322,0.9866058490369944,0.9074502314501598,0.9531879755073036,0.9297569465737476,0.6456134074462274
254,0.1285594804681462,0.9871510456216952,0.9113483065133516,0.954705183625818,0.9325230567233292,0.6471909207151085
255,0.1278276672358993,0.9873278752289524,0.9127282898373074,0.9550563365681342,0.9334126905752728,0.6473116401530806
256,0.131382652672289,0.9866879982786836,0.9081878137276826,0.9532216436615712,0.93015996788704,0.6434140672129713
257,0.1332395193334535,0.9862958118663164,0.9055397418000168,0.9519401126229292,0.9281603800343188,0.6501385971704176
258,0.1281090913970264,0.9872445449717524,0.9119792507970226,0.9550158018824042,0.933001503405248,0.6489508077715666
259,0.1263227933119955,0.9875789783523702,0.9146908672456016,0.9555581102005942,0.9346779889343312,0.6474867065637799
260,0.1310982448216393,0.9866244294321808,0.9078243728876768,0.9529285239851636,0.929829792174419,0.6323055120923372
261,0.1303146346974716,0.9867473511744678,0.9082010203940324,0.9539146465035768,0.9304967148112164,0.6292898441052903
262,0.1275406342616184,0.9873392322036892,0.9128077329612584,0.9550906692254464,0.933470629374187,0.6466764376701202
263,0.130497543395852,0.986698620551911,0.9083985978996644,0.953077815669218,0.930202010761234,0.6485370022614659
264,0.1303620166915783,0.9868228263052472,0.9089616645327712,0.9538397791605348,0.9308601260737216,0.6422869525304584
265,0.1277731850528888,0.9871947363292236,0.9119207263329264,0.9544973418401536,0.9327234065042308,0.6354394147175659
266,0.1256532015131531,0.9875904863872308,0.9145700150806462,0.9558468736903752,0.9347529900247968,0.6489161934073269
267,0.1245274148720631,0.9878010024020208,0.916138247855782,0.9563693207508944,0.9358215993409308,0.6443821372750084
268,0.124937520744346,0.9876660713799184,0.9149088414971178,0.9563162343409858,0.9351543962972164,0.6438028694496108
269,0.130382860012406,0.9867672018479652,0.9094502759377542,0.9525493880812962,0.9305010313106162,0.632856661333757
270,0.1315448423780554,0.9865132903795244,0.9073382670245024,0.9522238554230388,0.9292393433586984,0.6433884366975189
271,0.1266789054431074,0.9872911744853188,0.9122423440399304,0.9552364168932622,0.9332444644495612,0.6386431452795887
272,0.132045036329211,0.986366061690098,0.9068070750923454,0.9511445548110168,0.9284467882331798,0.6369486500924555
273,0.1244109224715678,0.9877231583738504,0.9153076186692466,0.9564908509744124,0.9354461789371796,0.6273984898000987
274,0.1227097786534175,0.9880123149156436,0.9175435962674654,0.9571091341407192,0.9369088393973636,0.6435994245614084
275,0.1213604263532504,0.988263012923276,0.9193485062979104,0.9578192663945452,0.9381896756091956,0.6438931020149506
276,0.1214261420821543,0.9882682519630126,0.9193506085900834,0.9578784071655284,0.9382191402240428,0.6419436629749653
277,0.1226696734912961,0.9881074141297356,0.9186952307891572,0.9567964485413272,0.9373588204077864,0.6367839083989797
278,0.1251451184423707,0.9876339573709432,0.9152948342731784,0.9554499438716428,0.9349414289420652,0.6447518451871037
279,0.1230696102858876,0.9879860785187452,0.9172398242101464,0.957178759293075,0.9367837948669776,0.6431469857600308
280,0.1211383126729683,0.9883386253814406,0.9197930297260888,0.9581583844483842,0.9385838171714864,0.6478624090504205
281,0.1209448005119673,0.9883992554219048,0.920369457055518,0.9581578676126828,0.9388835869543906,0.6399305586703222
282,0.1218545909086577,0.9882392484193068,0.9191120817726794,0.9578329256237984,0.9380731036778244,0.6447188111907116
283,0.1291403453663098,0.987034186883455,0.9108523052166208,0.9539446229742624,0.9319005686351765,0.642070751149999
284,0.1218709393317322,0.9882146118864432,0.9189723929216412,0.9577161207552654,0.937944329936491,0.6500260086630893
285,0.1212342108914749,0.9883299119588642,0.9197381513462936,0.9581238302900572,0.9385386668981048,0.6492271055568872
286,0.1204655592550905,0.9884756437797946,0.9207357015880232,0.958603527654697,0.9392881049320227,0.6420329678762854
287,0.1195717858646413,0.9886511138459402,0.9220625297172544,0.9590280712666226,0.9401820933020978,0.6511304348602986
288,0.1189047156853212,0.9887357349805588,0.9226235008680084,0.9593310108213584,0.9406192659786674,0.6459711464017508
289,0.1343801324959281,0.9862813306935714,0.9063156686388416,0.9507626870612989,0.9280072839101666,0.641354820962005
290,0.126106269336004,0.9875597868503206,0.914414224753157,0.9556791235884108,0.9345914049518989,0.6368775945909712
291,0.1202407276941289,0.9884404673701344,0.9205371975315628,0.9584352607170312,0.9391040353388308,0.6484205158908707
292,0.1183868439318679,0.9887573159791068,0.9229183687981704,0.9592217369873324,0.940719936942874,0.6385200801464365
293,0.1179341581656778,0.9887933712840308,0.9229876022469472,0.9595596737024248,0.940918396853352,0.640991545453066
294,0.119573457394358,0.9885300734888276,0.9214007070627198,0.9584218968224646,0.9395467546474394,0.6503318115605532
295,0.1167137785245188,0.989047131692348,0.9250199957159404,0.9600433580853334,0.9422063202198696,0.6348993200839986
296,0.1167573809168107,0.9890385487307872,0.9247518675658124,0.9602704704592956,0.942176538720367,0.6444040249894031
297,0.1185814015192093,0.988777269648143,0.9232977589738752,0.9589899730920568,0.9408054655517442,0.6466432439293454
298,0.1180491482691584,0.9888477117302636,0.9232737372097446,0.959845557679012,0.94120451910597,0.6475918579079265
299,0.1177584754852511,0.9889467659730424,0.9242628063519944,0.959793947942536,0.9416933389325592,0.6376648796378344
300,0.1200395136160387,0.9884656600789072,0.9206902310757876,0.9585423195409082,0.9392350610193816,0.6122254609025607
301,0.1273273951876506,0.9871729150077518,0.9123115679570128,0.9537416542109264,0.9325666960004616,0.6480210287130349
302,0.1199912412507499,0.988440927416874,0.9206239571308752,0.9583332964164976,0.9391002269280608,0.6387559333385044
303,0.1162597426354027,0.9890827132177936,0.9251164341232264,0.9603419414534424,0.9424001334897234,0.6348308902268893
304,0.1157630352745596,0.9891623081701224,0.9255311589922464,0.960766854233726,0.9428199085037676,0.6426764406076346
305,0.114428906694805,0.9893943296533988,0.9273678876396908,0.9612430814157992,0.9440016822169008,0.6476978633695509
306,0.1150944628384259,0.9892797368170104,0.9264432742223692,0.9610282992650006,0.943418927943266,0.6419028328849666
307,0.115713172357717,0.9892067404455296,0.925956790272802,0.9607675187367708,0.9430410194003076,0.6409460194407014
308,0.1169588602007293,0.9890110008573624,0.9249373012255836,0.959721517110658,0.9420084116318644,0.6466789482124404
309,0.1239002147327652,0.9877517156035548,0.9160467789186372,0.9559006246033286,0.9355494566639064,0.6474026349148448
310,0.1171847243907211,0.9888718126863258,0.9232927987998828,0.9601047877001372,0.9413390384811536,0.6394276100761599
311,0.116851450982604,0.9890266767783568,0.9250350714073352,0.959785604737641,0.9420899894096086,0.6382883388273336
312,0.1148469482126424,0.9893323675373004,0.9267857740329616,0.9612265426733518,0.9436920273133206,0.6320589047604332
313,0.1139492516894992,0.989485789691789,0.9280347413575256,0.9615017946012228,0.944471887456558,0.6442833975093891
314,0.1147070946104878,0.9893278151344884,0.9268257708678216,0.961124799873833,0.9436637244091722,0.6422780963447215
315,0.1148587408200871,0.9892668349091924,0.9265563524209324,0.9607401264445928,0.9433386615737496,0.6476035526732706
316,0.1191406080083881,0.9885172059128556,0.9215237733001008,0.9581188096003856,0.9394650543937936,0.638291950023723
317,0.1146675851866066,0.9893060212784938,0.9266416368612848,0.9610940850664312,0.9435534707731285,0.6426029154572764
318,0.1128210550401922,0.9896360807819004,0.9291098095734568,0.9619535090043116,0.945246447106482,0.6499305795020023
319,0.1140360460757351,0.9894308656041702,0.9276554587571848,0.961320680604692,0.944188079877355,0.6509794149398962
320,0.1127933950143323,0.989674340191353,0.9292936697678578,0.9621770773620352,0.9454495329045384,0.6456566800621699
321,0.1120578159558044,0.9898587502702604,0.9308303518224496,0.9624727073832786,0.9463871137554988,0.6427312099688193
322,0.1139187945736397,0.9894982384192366,0.927989206036224,0.9617020315187084,0.9445448938284838,0.6368836365957476
323,0.1158230720128086,0.9892363756952062,0.9263544559285718,0.9606298189391635,0.9431808469464072,0.6446965345309383
324,0.1134817881657065,0.989595040492902,0.9288519489142798,0.9617868664074218,0.9450325446224191,0.6402567076809391
325,0.1183623323659245,0.988737788024964,0.923323713759902,0.9584951398247308,0.9405807476505706,0.6458064812678632
326,0.1166287011353017,0.9889647215286274,0.924582934869127,0.9596126862786618,0.9417721852858296,0.6288790826217437
327,0.1144810882966509,0.989299786615216,0.9267627366668924,0.960874134558618,0.9435102228723004,0.6374429221584138
328,0.1120802030342517,0.9897549170344844,0.9299682572618104,0.9623018562671054,0.9458588114184154,0.6456912173769356
329,0.1102582289160584,0.9900292765505472,0.9319467945653171,0.9631145434908382,0.9472743637165882,0.6451203639007412
330,0.1096288899107159,0.990154828112256,0.9328012401640638,0.96354927614945,0.9479259788940824,0.6419786112186143
331,0.110586451420145,0.9900496765335844,0.9324286338945516,0.962775277769656,0.9473589954865668,0.6306117130216338
332,0.1104359445329621,0.9900887530409777,0.9325421314095048,0.9630927625577048,0.9475712653305544,0.6442639762884222
333,0.1102319018875094,0.9901371540778104,0.9327125889160768,0.9634502651957818,0.9478322910861398,0.6397903914955382
334,0.1111622768045543,0.9899282516597936,0.931210583334339,0.962823786491923,0.9467533579652668,0.6413302597402903
335,0.1123186262498656,0.9897026639645032,0.929743184086312,0.9619650270570872,0.9455796850351926,0.6480862310282941
336,0.1112043346084064,0.989928615577364,0.9312951697684776,0.9627266213800458,0.946750091777012,0.6390593790718545
337,0.1097871019712669,0.9901477214200838,0.9327188766851388,0.963565224222524,0.9478911658010672,0.6387400901200228
338,0.1094705767581145,0.9902360297949888,0.9333893693021804,0.9637886449129044,0.9483454569633988,0.640380829793982
339,0.1114671520567197,0.9898998660893203,0.9311981552303488,0.9625091073833968,0.9465947803893932,0.6370590169094744
340,0.1134635274224787,0.9895226002973304,0.9286474042768528,0.9611901426732338,0.9446385827718676,0.6461435956414135
341,0.1110029061251192,0.9899828255625808,0.9316611258918288,0.9629174814212332,0.9470314732985796,0.6385154693367926
342,0.1151882433768013,0.9892944995108948,0.9268013347580896,0.9607655252276366,0.9434778603575018,0.6365318943657207
343,0.1104511300624488,0.9900221149274208,0.9318188035777794,0.9631846116452238,0.9472421265712194,0.6435846218512074
344,0.1095765733139978,0.9901307820871478,0.932708496507953,0.9633813045464708,0.9477968054337084,0.6449427324415935
345,0.1081287498257571,0.9903778477854476,0.9345834811756656,0.9640097767594638,0.9490685899001746,0.6440832559270394
346,0.1072739335514015,0.9905221788670512,0.9355216489541756,0.9645656704732356,0.9498216817084384,0.6442249069146923
347,0.1072315301129715,0.9905524183572216,0.93581759152161,0.964564710635504,0.9499737219706322,0.6394575470498445
348,0.1070625280170775,0.990590252051781,0.9361414718974168,0.9646186092158008,0.9501667186971304,0.6456965788462135
349,0.10846175242671,0.990388552455106,0.9344754755193097,0.9642617710807684,0.9491349881815244,0.6471801098458626
350,0.1074005114651626,0.99055563181803,0.9358057578563024,0.9646158035362784,0.9499924031665506,0.644918538707378
351,0.1067732807061226,0.9906196675776416,0.9362770734360852,0.9647978773705408,0.9503235342705022,0.6392899893848482
352,0.1073591180628152,0.9905445700971708,0.93581408443843,0.9644782514060146,0.9499299815880338,0.6392435751231544
353,0.1067431758982028,0.9906295826148364,0.9363198643358296,0.9648617434965088,0.9503765585061918,0.6437127365788066
354,0.1157660253962381,0.9891599667382088,0.9264619168122036,0.9596067057512592,0.9427430766414134,0.6332428428798098
355,0.1097594598348406,0.9901151061661534,0.9327926916475971,0.9630991860871372,0.9477037089132226,0.627622275698527
356,0.1091824559186645,0.990173229981842,0.9331246283448074,0.9633768006925008,0.948009429719776,0.6407902973324007
357,0.1070332033760684,0.9905121814334256,0.9353094134932524,0.9647015244290515,0.9497781291685172,0.6319916525868119
358,0.1049385157634886,0.990860560409987,0.9380318073710672,0.9655074189549936,0.9515713222054628,0.6349111561530228
359,0.1050020236682763,0.9908920907775762,0.9384033690036452,0.965434102119056,0.9517268440412392,0.640984302058729
360,0.1048756507258835,0.990962628988866,0.9390087025691956,0.965535992585918,0.9520876060176916,0.6405218272327675
361,0.1050177435625157,0.9909104445825776,0.938332591191766,0.9657284031342098,0.9518334103799956,0.6386674902980229
362,0.1088144381751688,0.9902606800605912,0.9339613302603458,0.9633934132686196,0.9484490940759902,0.6474986281068142
363,0.1099952570960032,0.9900237353905634,0.932251954994462,0.9626854960249428,0.9472243373851352,0.6373542709276964
364,0.1061641787105112,0.990665404463206,0.9365102964138238,0.965050167026532,0.9505660591418532,0.6374230854542047
365,0.1052850093290531,0.990816904034305,0.9378062819157986,0.965269748365987,0.9513398512269295,0.6408916484948033
366,0.1040397430200585,0.991018988147658,0.9392150847808914,0.9659423731146204,0.9523912515456352,0.6386524680109772
367,0.103863209419006,0.9910617244298606,0.9395434498983236,0.9660493581048256,0.9526120615841124,0.6351081497211749
368,0.1042215603289844,0.9910490422458588,0.9395755865215746,0.9658660290981452,0.9525394358472644,0.642878224825033
369,0.103852983054926,0.991114671003136,0.9400179427916904,0.9661031090177788,0.9528820388415976,0.6393204329088865
370,0.104614923714841,0.9908943978776436,0.9381467033923858,0.9657619974548056,0.951754077042363,0.647094727277972
371,0.1043567320452534,0.9910082834779996,0.9392784881245982,0.9657450895440004,0.952327937831376,0.641515993789831
372,0.1047335889110033,0.990949857542064,0.9388010822158592,0.9656323455274072,0.9520277031452916,0.6328338941976042
373,0.1035832954208842,0.9911591994077124,0.9403162052780012,0.9662662814321016,0.9531146429569312,0.6435250757626753
374,0.1031934267995383,0.9912090149166104,0.94070613256854,0.9663833816353212,0.9533718965427572,0.6355478672770708
375,0.1040900806434077,0.9910661875698722,0.939759540751125,0.9658480136822654,0.9526251967901284,0.6341676539201165
376,0.1050349518844335,0.990875034716363,0.9381788891890988,0.9655012907602476,0.9516440187975193,0.6364580849317681
377,0.1038066359009031,0.9911195529916716,0.940094858728205,0.9660693670298396,0.9529051409601302,0.6379552832948249
378,0.1056868846280326,0.9907756989524448,0.9374899641841048,0.9651671195624084,0.9511272378820176,0.6429997989067331
379,0.1064913477480626,0.9906387560841524,0.9367816368107756,0.9644228023186135,0.9504012853529636,0.6453783389425117
380,0.1030856758999309,0.9911658460531452,0.940205423904169,0.9664719082076167,0.9531577418412804,0.6410462242831567
381,0.1024193844938878,0.9913188836909558,0.9415809653499688,0.9666253345772832,0.953938801792776,0.6472035732604859
382,0.1020552985932972,0.9913696604915484,0.9418667542796184,0.9668752615557816,0.9542071760768872,0.6392821352655395
383,0.1022504627329411,0.9913493978358962,0.9417684150654256,0.9667572753485024,0.9540992521410222,0.6323833164391564
384,0.101873579334548,0.991405063491394,0.94202178109986,0.9671008972563112,0.9543966137588344,0.6377129296372603
385,0.1030410079942118,0.9912050873534004,0.9408405121434998,0.9661817418780746,0.9533427551097498,0.6414434274721107
386,0.103713743482455,0.9911108945000492,0.940042507777837,0.9660310473542588,0.9528596059696276,0.6348646468086486
387,0.1030811082250137,0.9912658409885112,0.9413779292332832,0.9662532128722214,0.9536533856798938,0.6442876153101689
388,0.1017096819851895,0.9914488365953532,0.942499601164908,0.9670478846800744,0.9546159520772756,0.6454499242052953
389,0.1015039992069812,0.9914523590427776,0.942405139239042,0.967197767033502,0.9546405101488752,0.646687646610271
390,0.1031704006059993,0.9912100654711056,0.9407792034153002,0.9663102863003984,0.953373846691612,0.6168321630022878
391,0.1044406246715526,0.9909573830827604,0.939086011137482,0.9653851503947593,0.952053996308544,0.6411497057061953
392,0.1025133217892629,0.9912767104510316,0.9412180612145928,0.9665638311288076,0.9537225809997896,0.6462815560122809
393,0.1027070360539628,0.991276229805184,0.9414685166732888,0.966267019768818,0.9537065913325298,0.6461763773474426
394,0.1013457479370798,0.9914353647788876,0.9422778988321306,0.9671507349846676,0.9545523160963986,0.6411976351380669
395,0.1001485699935139,0.99165600182195,0.9439226377695886,0.9677716761631536,0.9556983945235076,0.6443477089017323
396,0.10178113412514,0.9913004337567852,0.9413816464803432,0.9666455650033122,0.9538463477553344,0.6420471887697641
397,0.1009867961029354,0.9914738439121562,0.942676064092198,0.9671296923882504,0.9547463230683666,0.6439968846616353
398,0.0996743240561202,0.9916894341738208,0.9442105911449808,0.9678214400578384,0.9558702355681024,0.6451707011659362
399,0.1086164455485644,0.9903181447048318,0.93486143471292,0.9629900599204546,0.9487172959288144,0.6447663026437316
400,0.1023336101135761,0.9912273069242884,0.941064025731627,0.9661764258537164,0.9534548998529436,0.636545390529635
401,0.1004732722992734,0.9915394040057408,0.9431382052592012,0.9673449175410788,0.9550882062324068,0.645077217916554
402,0.0996350080123265,0.9916873536639386,0.9444576900944576,0.9675127414767148,0.9558462137943782,0.6374687051558773
403,0.0992484500484286,0.9917343882932907,0.9446707004048536,0.9678046059807046,0.9560977356771372,0.6263680347248187
404,0.0987401151319416,0.991799158754412,0.9450857046103912,0.9680664201803372,0.9564380406245748,0.6439163102699472
405,0.0983761519515257,0.9918927748327462,0.9458178999735825,0.9682930895522696,0.9569235446959335,0.6372148802043325
406,0.0979549967342143,0.9919687649412194,0.9464072148346364,0.9684835065914272,0.9573181047155284,0.6478486641149344
407,0.0979734577586968,0.991950294407941,0.9461698175047072,0.968545157707246,0.957226748604177,0.6432698908301141
408,0.0987954357196744,0.991830407600862,0.9452740213143468,0.9682064826554369,0.9566028328206856,0.6394210368575036
409,0.0991983261736605,0.9918060388563992,0.9451025029528484,0.968125634784992,0.9564755426291828,0.6424054177993374
410,0.0990555362521315,0.9918297072311988,0.9453565107048744,0.9681036323508434,0.9565948631868192,0.6222450763463115
411,0.1013406853479661,0.9913954093762304,0.9421396255161076,0.9668534806226482,0.9543365800887884,0.6362270787741178
412,0.0993511777022759,0.9917562233475012,0.9448260676528504,0.9678750433034484,0.9562116798128668,0.6394349495981967
413,0.0985737977643236,0.9918906805901254,0.9458110492765296,0.968277067645524,0.9569122144834968,0.6354856256267548
414,0.0979120184486504,0.9919727886335992,0.9463230527993692,0.9686258579103476,0.9573445784915552,0.6400225471409577
415,0.0976909590255227,0.9920245198595172,0.9468582569276154,0.9686022311354232,0.957606827125429,0.6434307281897178
416,0.0977924859968664,0.9920068938896563,0.9467677792656572,0.9685049921898742,0.957513033474041,0.6294564382626504
417,0.0996997122043114,0.9917331454804568,0.94477357948285,0.9676719268727688,0.9560856684056036,0.6393492017781879
418,0.0979945868414511,0.9919560072271556,0.9463056671399384,0.9684544899584728,0.9572519762512682,0.6280852181466389
419,0.0972788032787523,0.9920690139322476,0.9471221203555292,0.968807119574222,0.9578419016563612,0.637246357481469
420,0.09902109420128,0.991778655775836,0.9451289529165512,0.967782603546556,0.9563216403292726,0.6346560419255192
421,0.0981881028215447,0.9918991124915626,0.9460639241098178,0.968083032756456,0.9569468316404616,0.6361786901498805
422,0.0973946507618152,0.9920087752748306,0.946695259662422,0.9686094668352436,0.9575269961285596,0.6429473767434754
423,0.0969022118198357,0.992127295674429,0.9475183217830102,0.9690177670394086,0.9581474554619512,0.6362018112166492
424,0.0967486508378236,0.9921966803356852,0.9481710253003586,0.969062288743407,0.958502835484084,0.641688208022202
425,0.0972406481452983,0.9921074930655164,0.947502028009567,0.9688109589251472,0.958038018421824,0.6440367412359412
426,0.1036075187860418,0.991179194274964,0.9413720176296542,0.9652664996844348,0.9531695327736424,0.6369095552918228
427,0.0989684673736421,0.9917670584781751,0.9449268686851212,0.9678827220052988,0.9562670473947026,0.6422177718752232
428,0.1016911285788678,0.9912554384390996,0.9415515871093816,0.9659321102342624,0.9535860387142662,0.6479742425848913
429,0.0970686726513312,0.9920413493305454,0.9468005270313532,0.9688600583167872,0.9577032808943596,0.6340309985782215
430,0.0953274318050566,0.9923165465436564,0.9490328468366732,0.969443565823752,0.959129631252922,0.6296720329944767
431,0.0945482116406984,0.9924235108438098,0.949689568519038,0.969912188137646,0.9596943577068588,0.6409110716218709
432,0.0943406026596002,0.9924775285706878,0.950174122205154,0.9699755374279124,0.95997272943002,0.6392367739225545
433,0.0944349119613925,0.9924803643811876,0.9501332882843856,0.9700540226208648,0.9599903229146352,0.6401859182592734
434,0.0949325050703055,0.9923759131721792,0.9494709059357644,0.9696200282989696,0.9594396912198404,0.6413251167797199
435,0.0951861041671723,0.9923664787808316,0.9493774401372512,0.9696190684612384,0.9593914996711436,0.6423272435106983
436,0.1002528421687994,0.9915475337869312,0.944507151450669,0.9658584242299664,0.9550634711882856,0.6312353852809586
437,0.1079814298440226,0.9901508662171996,0.934283244871611,0.9617409418636624,0.9478132759871988,0.6380315776990214
438,0.0983437357617796,0.9917918804030086,0.9451228369981768,0.967940607603864,0.9563956445726828,0.6357884205274245
439,0.0950886405093206,0.9923261594606044,0.9490726660024852,0.9695075057833916,0.9591812599280368,0.639461566407208
440,0.0940203577306845,0.9924692751948512,0.950111511726107,0.9699528704907192,0.9599296738383486,0.6404565961422495
441,0.0933783272107084,0.9925944216407744,0.9510294661766986,0.970332744731303,0.9605841386871828,0.6363431722795486
442,0.0933279362406662,0.9926052842369256,0.950970593497419,0.9705224972674158,0.960647071451736,0.6384256889855804
443,0.0936746211762694,0.9925871364230018,0.951140957864585,0.9701240907752506,0.960538742533964,0.6301818929195355
444,0.0935819918731991,0.992596618878934,0.9511092714788426,0.9702674019319024,0.9605928234289972,0.6409059612444025
445,0.093585728982584,0.99262991390342,0.9513277667168956,0.9703977921960172,0.960768159839704,0.6388740477213742
446,0.093514888594262,0.9926146224991036,0.951204482729346,0.9703638287070632,0.9606886398481445,0.6410496327533873
447,0.0937005455652586,0.9926012811436536,0.951039664084258,0.9703989735347636,0.9606217921815292,0.6417766288784881
448,0.0942510382922218,0.9925532302916528,0.95084408690473,0.9700754343856404,0.9603634930187094,0.6384295989207409
449,0.0965371528546587,0.9921923133248431,0.948029914438247,0.9691735560865672,0.9584851452423532,0.6303868200613364
450,0.0952167169278045,0.992383782031338,0.9495489308510068,0.969620766635686,0.9594798870528052,0.6429193973919765
451,0.094562124313532,0.9924836602384268,0.9502033225943824,0.9700120112617022,0.9600054950153928,0.6371886081674217
452,0.0954648991443699,0.992326592041867,0.9494163030095985,0.96912187251642,0.9591678884554996,0.6331688138428726
453,0.0974111305482739,0.9919723903841828,0.9467684655193428,0.968111089551679,0.9573208385663784,0.6410335246816855
454,0.0941394432816359,0.9925299532999,0.950625867350852,0.9700584526411632,0.9602438550931314,0.6442618641466034
455,0.0932814513849054,0.9926677475979792,0.9517187833328048,0.9703848713034804,0.9609611915089632,0.639526797873315
456,0.0931315221455243,0.9926702881546012,0.9515956833790752,0.9705526214054446,0.960980672222587,0.6396072405062632
457,0.0929718104814239,0.9927056293571233,0.9519164086528132,0.9705909410810254,0.9611629760819548,0.6390666751956534
458,0.0935147089763082,0.9926122947999284,0.9512051142825836,0.9703367317495716,0.9606756821063728,0.6324912182057908
459,0.0928362486950999,0.9927446097353472,0.9521817762556788,0.9707330708989308,0.9613679368968492,0.645431710279342
460,0.0928514501173719,0.992749169004528,0.9523453784281344,0.9706003179573236,0.961386199147506,0.6393482321145615
461,0.0934422625724574,0.9926622819680574,0.951812914480514,0.9702167520331578,0.960926722952774,0.6304967048938918
462,0.0945959585256499,0.9924753931298514,0.9503324071102216,0.9697719041615316,0.9599537510743666,0.6054550560293908
463,0.0942893606081283,0.9924853150334156,0.9503318001708358,0.969885165013826,0.9600089276765024,0.6381108640795112
464,0.0927085067353231,0.9927560353737764,0.9522588673629448,0.9707755252601236,0.96142804901885,0.6425742835761764
465,0.0922463767016105,0.9928406015774413,0.9528951747039964,0.9710160015286524,0.9618702504019678,0.6392984865571645
466,0.0927629959267034,0.9927469648999993,0.952310387680347,0.9706147893569648,0.961375468352791,0.6419921513106253
467,0.0936968661710727,0.9926378102280558,0.9513638327157716,0.9704465224192992,0.960810436417518,0.6345383490901617
468,0.0929851670809786,0.9927473356839388,0.952361563606412,0.970561333778698,0.96137532156942,0.6375199279337296
469,0.0922216585160588,0.992837195858294,0.952819526729673,0.9710625905754566,0.9618545644293772,0.6375002929318199
470,0.092577287726265,0.9928167340779334,0.9529410826686614,0.970694382054992,0.9617358094494868,0.6364554597298363
471,0.0928194062556508,0.9927832055968928,0.9525203110206651,0.970788519986332,0.9615676568266204,0.6443758633321046
472,0.0935765940615599,0.9926248808547607,0.9514933660159708,0.970153698077578,0.9607329306040964,0.64461030876929
473,0.0924581022624918,0.9928108290003796,0.9526304550055712,0.9709770911836983,0.961716281480319,0.6364024478024766
474,0.0925670337709162,0.9927910469905749,0.9525964320047748,0.9707915471668692,0.9616079273302222,0.6354336361837047
475,0.091524410014637,0.9929372319918754,0.9536876789732004,0.9712180842879288,0.962373055616127,0.6280736603760282
476,0.0909860868864565,0.9930259180170892,0.9543983605450256,0.9714231942277426,0.9628355250969894,0.6386479104615337
477,0.0911475425760308,0.9929904806853976,0.9540787252517808,0.9713811090349084,0.9626521766267032,0.6435899618373123
478,0.0911208173434297,0.992989800914842,0.9541559244585076,0.9712868972698966,0.9626452023613702,0.6404778728387329
479,0.090581655448718,0.9930640606982648,0.9546659670888896,0.9715542489949024,0.9630360733953496,0.641298318432444
480,0.090909659272904,0.9930048382634964,0.9542420675363268,0.9713602141058344,0.9627250526940648,0.6368816167514929
481,0.0907677924059492,0.9930407631074044,0.9543914718042202,0.9715985491978858,0.9629181452241816,0.6409013051836221
482,0.0918752017879872,0.992924151558457,0.9537790064753212,0.970967788141072,0.9622966458580892,0.6333296062791106
483,0.0921244409551723,0.9928586326630878,0.9531768793390816,0.9709031836783876,0.961958376417668,0.6353656181088191
484,0.1016959655199119,0.9912411151928472,0.9427036328780818,0.9644332866999864,0.9534446674565664,0.6259478059407014
485,0.0977219694273935,0.9918069932817246,0.94570810175358,0.9674406059795232,0.9564509181560862,0.6371673114593938
486,0.0917275741615955,0.9928255230305716,0.9529248989686036,0.9708119990939132,0.9617852909987812,0.6381181088494757
487,0.0898106422730915,0.993091533041628,0.9549065832047656,0.9715951528489905,0.9631785845839,0.6362888411132102
488,0.0886286859728878,0.9932687746310398,0.9562174086017398,0.9721307423030612,0.964108414542214,0.6359887341924712
489,0.0886452850356376,0.9932900878411872,0.956503913946646,0.972051814108079,0.9642151909098804,0.633772481520374
490,0.0887771472468865,0.9932459645523962,0.9560591525791748,0.9720500420999596,0.963988286637774,0.6360206910009966
491,0.0885447235040956,0.9932951826871697,0.9563558071409398,0.9722741272933846,0.9642492747502064,0.6297170963340263
492,0.0889304873513446,0.9932790947840204,0.9563626997104664,0.97208518692766,0.9641598512048796,0.6377393264191566
493,0.0894089367294268,0.9932363379027098,0.9560677287184972,0.9719319820590084,0.963934587086936,0.6221597952353021
494,0.0903815823814851,0.9930830942738216,0.9549448220552106,0.9714571577166966,0.9631302213672694,0.6327267690546179
495,0.0902600232243752,0.993073103706565,0.9548204217913968,0.971483516337472,0.9630798987347332,0.6360761486830985
496,0.0890962817578864,0.9932622447138844,0.9561490518595172,0.9721333264815686,0.9640749392690598,0.6350841308425355
497,0.0889874048624857,0.9933075009536012,0.9565647244733332,0.9721802846967312,0.9643092910135306,0.638844345051037
498,0.0888850801631057,0.9933160976479004,0.9567564032222317,0.972063848996556,0.9643493848620266,0.6291501290119802
499,0.0886743929933944,0.993336696755646,0.9567631739361352,0.9722883033583392,0.9644632650309514,0.6443873385826916
500,0.0886450372368311,0.993341695472459,0.9568183628058812,0.9722832088349962,0.9644887980365344,0.6320382979711171
501,0.0887457217297536,0.9933182880196908,0.95648605443953,0.9723893816548134,0.9643721576144492,0.6375324440152109
502,0.0888456496068363,0.9933335038939456,0.956879026196079,0.9721235066032404,0.9644410295210314,0.6430351559437415
503,0.0896317695917414,0.9932204491242688,0.9559193263231522,0.9719183228297552,0.9638524372721776,0.6395229260522888
504,0.0890874246657966,0.9932857620285606,0.9562996238666324,0.9722305654271176,0.9641992945623308,0.6430269797378576
505,0.0899192500832698,0.9931136770824543,0.9550520261617768,0.971682424248868,0.963295453472462,0.6419334258091127
506,0.0897704467793806,0.9931543328547748,0.955314747797432,0.9718475163386532,0.9635102162866568,0.6295922969294935
507,0.0891102326618467,0.99323578859317,0.9558811294298444,0.97213384331727,0.9639389830910516,0.6389979966762369
508,0.0889362175044396,0.9933070271741232,0.956597744039971,0.9721381995038968,0.9643053645091734,0.6387157189581409
509,0.1005453151121413,0.991379204744804,0.943329098866738,0.9652913816317772,0.9541838814814512,0.6375643632725314
510,0.0934132730065704,0.9925271106230312,0.9505828524463018,0.9700749175499388,0.960229976018098,0.6286067648657416
511,0.0901954105298081,0.9930439765682127,0.9547128347914188,0.9712750838824344,0.9629227470275726,0.6411903539131665
512,0.0877994024630287,0.993420885309002,0.9573275696360556,0.9726087414932536,0.96490765765807,0.6366563092850626
513,0.0869287393665571,0.9935169732802656,0.95816930168207,0.9727558920008303,0.9654075018492094,0.630275616030733
514,0.0874671189637064,0.9934483439196268,0.9576897153696878,0.972515711066988,0.9650457736446,0.6389932597685417
515,0.0866151551226917,0.9935911575336264,0.9586756539132664,0.9730291504195672,0.9657990754724276,0.6353542399747294
516,0.0863566885722412,0.9936051855260012,0.9588122088278146,0.9730357216163432,0.965871603876018,0.6369117410341376
517,0.0864956676289975,0.9936087354389028,0.9590835558598688,0.9727756794248298,0.965881095927026,0.6463456031134474
518,0.0866302077946581,0.9935617900723508,0.9584456205162102,0.972953692407152,0.965645166396218,0.6396823612483377
519,0.0866446018942611,0.9935928123286154,0.9587090790048014,0.9730107658353292,0.9658069804143328,0.6341893836020364
520,0.0866736563043199,0.9935942954643732,0.9587164019014672,0.9730193305412392,0.9658149154568572,0.6407239500302547
521,0.0868134723587645,0.9935911506672572,0.9589050577349152,0.9727753840901432,0.9657904233505116,0.6447989478105379
522,0.0891882114031975,0.993171327118665,0.9554818848128014,0.9718525370283246,0.9635976852972656,0.6355337237173602
523,0.0892643284776227,0.9931805623853042,0.9559485548068298,0.9714361151202796,0.9636301095738322,0.6437427419281097
524,0.0884343262279419,0.9933175670509196,0.9565334679876034,0.972328468875711,0.9643662976409988,0.6363779072169208
525,0.0881837321941158,0.9933520224918088,0.957015391709142,0.9721804323640744,0.964538307289595,0.6390866032862303
526,0.0891325016164308,0.993199678357292,0.955993502689886,0.9716015025447512,0.9637343125647382,0.6364175317196582
527,0.088669924614884,0.993300613985245,0.9564673743015216,0.9722110733378048,0.9642749663329764,0.6361562805949219
528,0.0868130028783846,0.993596444637948,0.958803186057495,0.9729474903787344,0.9658235558252904,0.6377256980988023
529,0.0866474537513882,0.9936010039071288,0.958878760246618,0.9729151512305564,0.9658459616157972,0.6342126510569019
530,0.0863327418031881,0.9936804958639188,0.9594959536575784,0.9731261678641012,0.9662629958191092,0.6275570778641589
531,0.0858148864651326,0.9937388600025312,0.9597943724992144,0.9734520696907166,0.9665749777131328,0.6329928803953758
532,0.0865104099561413,0.9936355966754028,0.9590875202080128,0.973073007620521,0.9660296485913296,0.6257835882767355
533,0.086876387580586,0.993579374843996,0.9586391291755988,0.9729371536647048,0.9657352225926358,0.6385234073621303
534,0.0878555156933746,0.9934362385106416,0.9575589869255744,0.9725245711075848,0.9649837585466946,0.6349659686919648
535,0.0872008931427765,0.9935484487169008,0.9584476842631856,0.972801447376232,0.9655712245619368,0.6435769285713544
536,0.0869546205662994,0.9936008940452208,0.9589281377592922,0.972859332974797,0.9658435025637284,0.6349975862902719
537,0.0861131181980637,0.9936984239540269,0.9596121063868124,0.973199263199024,0.9663579277191694,0.6291617476767012
538,0.0862287753563133,0.9937026055728992,0.9596729944472954,0.9731790327729948,0.9663788260684486,0.6392362662428305
539,0.0860907621547687,0.9936904932975448,0.9594607814023036,0.973277231556275,0.9663196220584374,0.6323024800068797
540,0.0856105875250675,0.9938084918530804,0.9605069457562884,0.9734482303397914,0.9669342889972808,0.6379452081800802
541,0.0854933107231589,0.9938273949676216,0.960592294653324,0.9735662903807424,0.9670357788758982,0.6320387711073033
542,0.0858554201830419,0.9937844114961258,0.9603003615030896,0.973405554477584,0.9668085494581292,0.6343212550794436
543,0.0863994446402187,0.9936931368497054,0.959637818778183,0.9731115487971166,0.966327719239719,0.6433296181332796
544,0.0860021021887124,0.9937379330426828,0.9597811243601464,0.97345627821,0.9665703342731976,0.6282642402256672
545,0.0858642478748191,0.9937972310075128,0.960429764523956,0.9734068834836734,0.966874782162608,0.6383945392014178
546,0.0860773533877494,0.9937420528642318,0.9598740019065424,0.9734000907858826,0.9665897289272642,0.627135015263242
547,0.0864695793406354,0.9936643736289232,0.9593936983260656,0.973058019385178,0.9661775488077444,0.6350378366746763
548,0.0859604908836831,0.9937163863759808,0.959702981721924,0.9733006368301846,0.9664539831306016,0.6457234857884022
549,0.0922820177197241,0.9928180867526754,0.9533807918774831,0.9702157183617548,0.9617245871886828,0.6411470334917715
550,0.0868746260944887,0.9935730577842876,0.9585791094468158,0.9729325759770632,0.96570251090893,0.6368037640523366
551,0.0853816696556566,0.9938043514324236,0.9603796999441644,0.97354185143543,0.9669159852918218,0.6422928841229021
552,0.0845964496700669,0.993903721528188,0.9611436642413596,0.9738157005235398,0.9674381878408947,0.6390719276382308
553,0.0843209623352443,0.993963349078742,0.9616537219263314,0.9739237930188196,0.9677498660710552,0.6350397732902779
554,0.0842042703637116,0.993979869563154,0.9618121943326946,0.9739350157369088,0.9678356448099248,0.6344816544951286
555,0.0848379679252025,0.993846030293762,0.960816839294797,0.9735282660398484,0.9671307864981294,0.6338002613079843
556,0.0842757195823913,0.9939516556519118,0.9616140240416684,0.9738363739515988,0.9676866069879012,0.6414063727726754
557,0.0838548842040326,0.9940026796417974,0.9618538977550816,0.974144703364364,0.9679602860938968,0.6303426835241583
558,0.0848597988834698,0.9938921860278505,0.9612546838322132,0.9735645183726233,0.9673704418811744,0.6347829455193164
559,0.0848763620199488,0.9938911011415092,0.9611745579977043,0.9736403455533966,0.9673672939653386,0.6363011363385485
560,0.0843259994637408,0.9939641387112056,0.9617444608678146,0.9738331252700466,0.9677510431466138,0.6320103854141504
561,0.0841733139383492,0.9939848682799668,0.9617882285764112,0.9740172664471148,0.9678641203439956,0.6416641805478368
562,0.0851336659314177,0.9938570370836672,0.961061676208308,0.973382592205704,0.9671828968473432,0.6255260792574048
563,0.0858211702660476,0.9937377407843436,0.959929230548978,0.9732908169518566,0.9665638489780648,0.6389924488334144
564,0.0852583343792948,0.9938455496479146,0.9607797718593944,0.9735636323685636,0.9671294585575452,0.6436614315527668
565,0.0848339428629377,0.9938950630365656,0.9611012460703904,0.9737652721258102,0.9673918150102462,0.6388644654304194
566,0.0842123724144997,0.9939578010523892,0.96161592288002,0.9739031195907606,0.9677205200166744,0.638031090176726
567,0.0841958106448538,0.9940147095207208,0.9620992036108303,0.9740105475829955,0.96801823508231,0.6348459722028574
568,0.0844353107909718,0.993943484672506,0.9614629839431348,0.9739105767915962,0.9676467512559668,0.6346275159126405
569,0.0833869169218291,0.9940961240609004,0.9626640125891168,0.9743033719247168,0.9684487214342724,0.6297109228139155
570,0.0841742279075032,0.9939383829601544,0.9614468366375396,0.9738711496109408,0.9676191124550276,0.6272163630336691
571,0.0842375276248446,0.9939183056964718,0.961271745474242,0.9738384412944048,0.9675142890298952,0.6299289638266372
572,0.083854428968198,0.9940325208825516,0.9622201560573608,0.9740774408895008,0.9681124933094384,0.6375910224837463
573,0.0839043937007085,0.993989262756286,0.9619358986569456,0.9739045962641936,0.9678832480996228,0.6340270327638938
574,0.0836790010547466,0.9940370595526248,0.9622045159598848,0.9741453678674088,0.968138124201758,0.6461348351569228
575,0.0847207596726554,0.9938755282160536,0.9610450574833944,0.9736080802388904,0.9672857787221564,0.6353475980775932
576,0.0837998491169201,0.9940338735572934,0.9622802411241372,0.9740267909907564,0.9681178860071809,0.6406235733839961
577,0.0835592482882223,0.994089758936607,0.962739000137911,0.9741501670560656,0.9684109691980232,0.6336356767570073
578,0.0831893550352655,0.994110069656844,0.9628324664182596,0.9742751674621506,0.9685200203135,0.6357907835230471
579,0.0830924044088494,0.9941332505194272,0.9629586065642552,0.9743965500183256,0.968643814076708,0.6270132881650786
580,0.0827846615943763,0.994192239497641,0.9634826943276908,0.9744837475845314,0.9689519966866548,0.634035013523883
581,0.0821579971598635,0.9942613632368658,0.9639632304953348,0.9747321240559258,0.9693177682266796,0.6268750267202825
582,0.0822675094785664,0.9942653045328144,0.9639871002753088,0.9747501394718058,0.9693387439805352,0.6344241234308515
583,0.0832874688232759,0.9940853987921342,0.9626598926744327,0.9741878960622732,0.968389587371468,0.6297510317319571
584,0.0833047999591707,0.9941094997481964,0.9628270405762456,0.9742747244601208,0.96851705634842,0.6430618132335904
585,0.083262402845694,0.9940854880549344,0.9625246076452736,0.974336892411641,0.9683947303978856,0.6404493365206702
586,0.0829517212595871,0.9941650830072633,0.9632827707302148,0.9743983958601165,0.9688087005674604,0.6313745143807313
587,0.0826948356660578,0.9942135046432036,0.9635583420549316,0.9746388721286454,0.9690669338064758,0.6396193874013023
588,0.0827137258225422,0.9942002868824004,0.9635547774869349,0.9744950441362924,0.9689940319784112,0.623601658438129
589,0.0841153700226288,0.9939869075916336,0.9619999735963024,0.9738080218216894,0.9678679843225384,0.6343262620825695
590,0.0863064640074325,0.9936313669919458,0.9594732384852224,0.972599659951642,0.9659918590426024,0.6290368557820006
591,0.0845973408586687,0.9939132451823356,0.9613833272374464,0.9736592469733364,0.9674823478573948,0.6423814346477289
592,0.0828642886694815,0.9941535200414487,0.963178172932638,0.974383333791102,0.9687483529375666,0.63583912649737
593,0.0815675486710003,0.994347797092966,0.9647470192992572,0.9748441297358024,0.9697692927830472,0.6346098312082614
594,0.0834841686267432,0.994046988322558,0.9624442846012572,0.9739940088405484,0.9681847030387944,0.6313355574090191
595,0.0831454304991651,0.9941108249574616,0.9630129694867636,0.9740863747637692,0.9685180216307286,0.6311938580100382
596,0.0816785840840219,0.9943028635726038,0.964288713914595,0.9748411025552652,0.969536196153594,0.6303493923388451
597,0.0810915588823368,0.9943685335280964,0.9647715695099894,0.975048870507258,0.9698829950877986,0.6345172363672905
598,0.080538812314542,0.9944521453064356,0.9654427944151168,0.9752525776073104,0.9703228928758084,0.6372221744134254
599,0.0817998357036774,0.9942704955079664,0.9642460924801016,0.9745260542783808,0.96935881963136,0.6321933699265141
600,0.0845355861317768,0.993814918774697,0.9607983891853884,0.9731997800347254,0.9669593238446526,0.6308073224671216
601,0.0818892121918017,0.9942637939315796,0.9639642297161704,0.9747581873420144,0.969331160513914,0.6302443231289897
602,0.0813397430151486,0.9943182785715668,0.964372763903647,0.9749217289246952,0.9696185553970444,0.6246574897102212
603,0.080905365710743,0.9943999403010392,0.9650774070731468,0.9750669597568096,0.970046465956905,0.6361799058404044
604,0.0802438376645604,0.9944911806156134,0.9657011028436217,0.975407628317753,0.9705300968122078,0.627638495290533
605,0.0806115273078032,0.9944315942632748,0.9652123976279662,0.9752734725363844,0.970216852638116,0.6353397384999654
606,0.0804640444786214,0.994459396192362,0.9654647840753254,0.975309577201816,0.9703622112362442,0.6328273376391921
607,0.080817073094491,0.9944419556144708,0.9653666558034192,0.975221567465222,0.9702690884782752,0.6390388930423669
608,0.0815792422634448,0.9943584605644088,0.9647338386166276,0.9749774733467828,0.9698286076132604,0.6373075053458672
609,0.0811078382401372,0.9944152591708326,0.9651525682245328,0.9751562246658214,0.9701286085029276,0.6342657851162332
610,0.0820994030871837,0.994264322642012,0.9641388950021924,0.9745738246639312,0.9693282773441142,0.6303469361708897
611,0.0818893739404223,0.9942958392768626,0.9641901639224548,0.9748699715208762,0.969500657006584,0.632166506373385
612,0.081568845232828,0.9943464787500704,0.9645934879296048,0.9749963747667224,0.9697670336836556,0.6363759417995551
613,0.0823666818922372,0.994236967026926,0.963943171298621,0.9744814587407106,0.96918366920582,0.6407044232095314
614,0.0816537395200069,0.9943057474476882,0.964245732950973,0.9749201045839192,0.9695535395860598,0.6385091302978173
615,0.0809553247481155,0.99445082696354,0.9655418736192248,0.9751303828807476,0.9703124407083236,0.636179736782254
616,0.0811997752020256,0.9944174152107766,0.9653726443451672,0.9749413686813512,0.9701334122690268,0.635046133932679
617,0.0827364403379263,0.994148747914821,0.9633910079223909,0.97409767131553,0.968714756829073,0.6353307861270066
618,0.0845305558642466,0.9938403174745472,0.9611600738155068,0.9730871836854756,0.9670868558019194,0.6223391461139887
619,0.0816047088973385,0.9943472340506876,0.964680665836035,0.9749099893709048,0.969768353081887,0.6273815161582751
620,0.0800033303902303,0.9945481234157912,0.9661888757689308,0.9755137273038984,0.9708289106573964,0.6373667962396887
621,0.0797968215757994,0.9945698005435089,0.9663554294497284,0.9755749354176876,0.9709432971766896,0.6339698080434825
622,0.0796076244801926,0.9946142946162392,0.9668367137869588,0.9755499796366732,0.9711738034864572,0.6277403753279511
623,0.0799385431028312,0.9945414493048818,0.9660590650134232,0.9755799561073588,0.9707961675583612,0.6364650393704355
624,0.0795315703805938,0.9946285560651684,0.96687010413131,0.9756726911989376,0.9712514533068144,0.6331968768318448
625,0.0793844595310284,0.9946333762563808,0.9668162029403508,0.9757846230451428,0.9712797107058694,0.6326877292370353
626,0.0802410379279967,0.9945293026976813,0.9662187210515568,0.9752717005282652,0.970724104212074,0.6364219728006281
627,0.0799328105778788,0.9945875295089084,0.9666442436043056,0.9754599763909452,0.9710321015079252,0.6320409611986286
628,0.0798296857920053,0.9946086367279784,0.9667392840466766,0.9755922863305226,0.971145609526876,0.6311053513757581
629,0.0802278064941759,0.9945474917098204,0.9662322896617708,0.9754596810562586,0.9708240599575526,0.6354905820466177
630,0.0801572328393193,0.99454082446528,0.96613265785167,0.9754932753768544,0.9707904027519464,0.6368162518205291
631,0.0830404528235788,0.9941351593700782,0.963411438343328,0.9739234976841332,0.9686389485797572,0.6318313552222252
632,0.0828193860168722,0.9941307854928668,0.9631501356873152,0.9741597654333786,0.9686236669884528,0.6337107609463807
633,0.0812881330309583,0.9943664942164298,0.964942204099996,0.9748406595532354,0.9698661765719696,0.6398683253851748
634,0.0802704129475269,0.9944895876179476,0.9658252192349394,0.9752553094531612,0.9705173578751508,0.6410988195762694
635,0.0800518419647173,0.9945084975988582,0.9659195684940652,0.9753638449504708,0.9706187336836156,0.6315632265293736
636,0.0791467698893958,0.9946667262118208,0.9671922603014624,0.9757496258847858,0.9714520983437656,0.637617168830351
637,0.0791170040024913,0.994649326832145,0.967053114544111,0.975706211685862,0.9713603925627534,0.6360205545596094
638,0.0797998497342999,0.994549551620595,0.9662867058829984,0.9754237240581703,0.9708337171458196,0.6313992944200397
639,0.0795572573828289,0.9946221222771824,0.9669800473423122,0.9754822741597802,0.9712125534761314,0.6382528668129877
640,0.0793896005053421,0.994628047953844,0.9668430082959608,0.9756963179738622,0.971249488230035,0.6329320626133957
641,0.0787265100080868,0.9947083913404208,0.9675174334924216,0.9758623699013788,0.9716719849820232,0.6388689096438791
642,0.0786694734283595,0.994718395640416,0.9675289736235448,0.9759612331877038,0.9717268107995932,0.6333950020179753
643,0.0785444518015217,0.9947370309665564,0.9676840992169682,0.9760012510377324,0.971824880319564,0.6307858983190753
644,0.078461126625377,0.994764901559336,0.9679887168904664,0.9759829402871656,0.9719693912072626,0.6325807364506576
645,0.0784876141563165,0.9947577262034712,0.9678944341346424,0.9760047212202992,0.9719326589097378,0.6387272652247349
646,0.0792376826510583,0.9946411283872624,0.9670660961534858,0.9756009248701044,0.9713147622393342,0.6299006167713768
647,0.080753113846663,0.9943998167063928,0.9652709614942876,0.9748554262875632,0.9700395196689902,0.6405065883161813
648,0.0798294776648604,0.994544964885937,0.9662715527408958,0.9753890222325,0.970808881003247,0.6313054496472957
649,0.0798370203659903,0.9945248326913004,0.9659932889130044,0.9754660307520197,0.970706550196106,0.6339098857093708
650,0.0789805302838627,0.9946902641256048,0.9673761242797584,0.9758131228423956,0.9715763075517506,0.6308769532441416
651,0.0785354172020292,0.9947483467430778,0.9678070891204656,0.9759945321736132,0.9718835675747488,0.6311349715516749
652,0.0794350285042854,0.9946021274099308,0.9667848609460986,0.9754705346059896,0.9711082768164992,0.6372317450065242
653,0.0788933138141958,0.9946865219543642,0.9673715385813012,0.9757764275075907,0.9715558057982724,0.6368883641767431
654,0.0789583774028922,0.994695221644202,0.9674141800385604,0.9758272250736786,0.9716024908901432,0.636549281634362
655,0.0782601636157726,0.9947828983131364,0.9681218086601072,0.9760397183806564,0.9720646400415784,0.6298996606178697
656,0.0788876526995742,0.9946795251241,0.9673159438993788,0.975758559759054,0.9715189103393714,0.6352704473031283
657,0.0786830782957321,0.9947221103461792,0.9676975859972377,0.9758207277105744,0.971742181086086,0.6344950619245433
658,0.0803156692414082,0.9944591490030692,0.9658046666185393,0.9749382676671424,0.9703499746858436,0.6354911183168787
659,0.0789039502148147,0.9946868240746112,0.9674277554925738,0.9757191325783988,0.9715557544479412,0.6406923964035555
660,0.0784997405122509,0.9947513954110242,0.9678842495330332,0.9759452851146296,0.9718980528194242,0.638312053320485
661,0.0775534606759818,0.9948888669897484,0.968920273049426,0.976358606008466,0.9726252182268476,0.634845519746162
662,0.0775738831797092,0.9948772971575648,0.9688797393479964,0.9762736234524092,0.972562628646524,0.6388044278724607
663,0.0775339655819342,0.9948990017507594,0.9690239028497438,0.976359861180884,0.9726780502239648,0.6373628587835863
664,0.077544679329228,0.9948950398557028,0.9689838946016056,0.976358827509481,0.9726573816074034,0.6300032547823163
665,0.0777127194828052,0.9948550432548304,0.9685750761935524,0.9763538806534812,0.9724489226371184,0.6286277629635192
666,0.0774295936278302,0.9949038425410796,0.9690582235711324,0.9763767690916894,0.9727037304875924,0.6369030202293321
667,0.0774850359843146,0.9948896154239968,0.9688877459475954,0.9764018725400466,0.9726302967265305,0.6315873713075019
668,0.0775741116686476,0.9948917851966792,0.9689889345802666,0.976317259152348,0.972639293296153,0.6295522847290549
669,0.0774824332526261,0.9949026615255688,0.9690768082914252,0.9763436916067948,0.972696677666634,0.6347754655312183
670,0.0774045636770214,0.9948801947653876,0.9688813200213164,0.9763041167587964,0.9725785557528176,0.6306150206734426
671,0.0779490844420284,0.9948458423200374,0.9687134496496368,0.9761028461699078,0.9723941097764404,0.6318956583592068
672,0.078210691304998,0.9948126846229364,0.9683922067029388,0.9760798100643564,0.97222081165031,0.6347626839055582
673,0.0777994794905078,0.9948701904653926,0.9686987097811064,0.9763892469821964,0.9725287748629016,0.6226006332285403
674,0.0790960714690012,0.9946831368343249,0.9676609302955836,0.975426677405036,0.9715282855515132,0.6290979269694821
675,0.0809013013319253,0.9944154857610178,0.9656433271518916,0.9746263204044668,0.9701140292025702,0.6243494047186832
676,0.0809684678938963,0.9943828911061952,0.9652483725129608,0.974691146368166,0.969946777801906,0.6287271854493856
677,0.0784218281762098,0.994784353983417,0.9682600216849806,0.9759071131063922,0.9720685280489756,0.6315603261513797
678,0.0776624902144824,0.994882357671701,0.9688977047795588,0.976310540288229,0.9725899980486572,0.633911814506417
679,0.0770129067153274,0.9949832864332848,0.969795708556086,0.9764676583414772,0.9731202474543792,0.6293904676665809
680,0.0770117589440062,0.9949775530149624,0.9696786118935932,0.9765295309583109,0.9730920133395126,0.6303540665019683
681,0.0763148577254024,0.995050597451028,0.9702548920578056,0.9767227536769908,0.973478079746126,0.63151664422561
682,0.0763676293569503,0.9950586997667412,0.9702747107757566,0.9767914189916151,0.9735221593768514,0.6262450200731201
683,0.0762393614746255,0.9950686010711975,0.9703323499660867,0.976839558545524,0.973575081111192,0.6342958415572302
684,0.0765676107123601,0.99500041802456,0.9697743000724612,0.976680742317828,0.9732152684219108,0.6338302798147176
685,0.0768705313395467,0.9949825654645136,0.9697068184677502,0.9765549297413548,0.9731188262317372,0.6378366158177422
686,0.0766851655576083,0.9950045859106936,0.9699187459874392,0.9765722068205184,0.973234105033104,0.6365119202742912
687,0.0769672405055101,0.9949616985683676,0.9695340363850098,0.9765085621955654,0.973008801102859,0.6375081731088137
688,0.0774985525033456,0.9948766723179632,0.9688656519653086,0.9762818189899612,0.9725595978520412,0.6351231787704823
689,0.0767387740126402,0.9950350039264646,0.9701711608004984,0.97663939546171,0.973394532848391,0.636132892102218
690,0.0767109010824196,0.995015510304168,0.9699605040452886,0.9766486985043366,0.9732931115661788,0.6340255556594209
691,0.0763756069522217,0.9950692533762762,0.9703429743364976,0.9768354238599122,0.9735783752566778,0.6354383825363377
692,0.0762908610736401,0.995065161020204,0.9702631741246884,0.9768754417099406,0.9735580806522746,0.6304252430504766
693,0.0764693758792156,0.9950677427750416,0.9704233013241256,0.976732721222662,0.9735677889853503,0.6361701248096909
694,0.0761793990076767,0.995095606501452,0.9706115668453518,0.976840370715912,0.97371600755979,0.6336019967884826
695,0.0762447221405643,0.9950448159681208,0.9700160026087448,0.976914425888566,0.9734529928967646,0.6373097835684376
696,0.0781004599315657,0.9948311551562148,0.9686341551737316,0.9760248778126568,0.9723154721851176,0.6341377625088175
697,0.0773286239491949,0.9949217225666028,0.9692808050110884,0.9763363820733026,0.9727958003863756,0.6221206473334862
698,0.0773007888882923,0.9949275452477254,0.9693009451168716,0.9763794271038684,0.9728273101755672,0.6334566408280364
699,0.0760362718468733,0.9951037774808577,0.9706106110071292,0.9769319983024162,0.973761045588515,0.6317476912438096
700,0.076083629995102,0.9951078904360376,0.9707077511733686,0.9768737435354928,0.9737809866687,0.6305562208312566
701,0.075981196337681,0.9951069016788656,0.9707239500355336,0.9768454652392552,0.9737750871976566,0.6323586694956171
702,0.0761313619051905,0.995093869310032,0.97070287849392,0.9767234920137072,0.973703878666488,0.6378209583321179
703,0.0757564065924329,0.995154519949604,0.9710887275539508,0.976983608038892,0.9740272488216748,0.6342352941460451
704,0.0759319644354337,0.995110994034938,0.9707999781035792,0.9768095820748384,0.9737955083797682,0.6318785811565218
705,0.0757364936628573,0.9951357335633402,0.9709263311248112,0.97694883237955,0.9739282714734616,0.632247903689154
706,0.076380427317064,0.9950738263781956,0.9704858249251987,0.976733311892035,0.9735995461433612,0.6354317549142631
707,0.0759284669104561,0.9951482028898956,0.9710338823183726,0.976972163819788,0.9739939719710972,0.643376873829426
708,0.0755442887504431,0.9951815322462276,0.9712996290657928,0.9770578108788894,0.9741702110978624,0.6353115637782664
709,0.0757342486126388,0.9951597452566022,0.9711640580171368,0.976961088769042,0.9740539482886924,0.636677286578273
710,0.0766893109480897,0.9950324221716272,0.9701773043324996,0.976604176800338,0.9733801321108428,0.6408420432019217
711,0.0772121229724918,0.9948896497558428,0.969203882988348,0.9760627544862076,0.97262122679129,0.632014494337221
712,0.0758729444334296,0.9951232230385696,0.9708496019262336,0.976892128119731,0.9738614920855349,0.6343420516019324
713,0.075274202208832,0.9951959378889113,0.9714021591056814,0.977108017775604,0.9742467341544944,0.6291139522432913
714,0.0750369304965297,0.99524199749383,0.97171607793677,0.9772834465794188,0.9744918105902738,0.6294257249800768
715,0.0751878508306343,0.9952362228772922,0.971761920915404,0.9771706287291542,0.9744587696574084,0.6407090068341681
716,0.0780283159864463,0.9947705525812276,0.968286500481206,0.9757251869394732,0.9719916117855568,0.6367645960541074
717,0.0764192516024378,0.995020728744797,0.97010619390098,0.976550573554728,0.9733177167140752,0.6358817284183073
718,0.0763116318250088,0.9950240314684056,0.9700972496715916,0.9765967934331742,0.9733361713447556,0.6254206913825732
719,0.0751276240824795,0.9952167361213649,0.9715583594732424,0.9771718100679004,0.9743569998063032,0.62298627034597
720,0.0747469312196476,0.9952809160747308,0.972169894299923,0.9772309508388834,0.9746938527832676,0.6331506574537694
721,0.0764917160297254,0.9950516686046308,0.9705195770256976,0.9764514887673882,0.9734764964045453,0.6291813632833633
722,0.0754240754348554,0.9951802207697014,0.9712845596625252,0.977059361385994,0.9741634024009772,0.6373590437689105
723,0.0749330358887962,0.9952558263614968,0.971888875451484,0.9772524364373304,0.9745632763392772,0.6297749022501531
724,0.0752214352204967,0.9952274682565004,0.9716846696811556,0.9771560096621696,0.9744126593205942,0.638431636122221
725,0.0745398689249007,0.9953102629368988,0.97231742339202,0.9773987747745192,0.9748514775729452,0.6359405900947233
726,0.0744121647004386,0.995333725320621,0.9725686670466502,0.9773911699063406,0.974973955139869,0.6307156563798545
727,0.0742826258710069,0.9953526078360544,0.9726563527394266,0.9775068672697992,0.9750755778194686,0.6224016395987951
728,0.0745424489028376,0.9953334300667434,0.9724749953484586,0.9774875228478296,0.9749748165558652,0.6358911515811942
729,0.0746784955129134,0.9952917100071894,0.9721695702430768,0.977350782887954,0.9747532915477652,0.6320521656535183
730,0.0745075054118316,0.9953178159430722,0.9723809285260816,0.9774147966812652,0.9748913645310096,0.63274009203089
731,0.0745117002763122,0.9953318096036008,0.9724557081484724,0.9774901070263372,0.974966408644751,0.6353883865023066
732,0.075147274787799,0.9952244882522464,0.9717201340653152,0.9770852031710676,0.9743952835895384,0.6376921864262716
733,0.0763435347555138,0.995061377650748,0.970398651852617,0.97668849485335,0.9735334140426926,0.6286583208471993
734,0.0755995112544984,0.9951595735973712,0.9711606853142778,0.9769627869434898,0.9740530959210646,0.6268119918509976
735,0.0747129071517277,0.9952978142094512,0.9721797786937388,0.9774074871477728,0.9747866240178564,0.6330683111516218
736,0.0744126036615787,0.9953352771200712,0.9725952324763631,0.9773800948555946,0.974981793102473,0.635640333232607
737,0.0746051140142966,0.995322258483976,0.9724327644615964,0.9774088161538624,0.9749144407943404,0.6321764534742763
738,0.0740929980219589,0.995393963978038,0.9729920294410614,0.9776076502315868,0.9752943789630594,0.6252737849501797
739,0.074216492634883,0.995366189514428,0.9727597153221744,0.9775472542881858,0.9751476086713948,0.6374457961468548
740,0.074132714668463,0.995383018985456,0.9729473636637208,0.9775340380609624,0.9752353079419048,0.6274541428404018
741,0.074664504997593,0.995291119499434,0.9722077507903628,0.9773036031717764,0.974749016924579,0.6273119622743546
742,0.0743670999239996,0.9953564392700952,0.972793906700466,0.9774030571274744,0.9750930352160078,0.6276806448127092
743,0.074432221395399,0.9953359500242576,0.9725696671943606,0.9774147228475936,0.974986175853746,0.6264578958282649
744,0.0742765533664136,0.995373261874754,0.9728997730104018,0.9774766692980988,0.975182850914133,0.6283338861769723
745,0.0739362423690103,0.9953908329136608,0.9729136246279292,0.977656306621197,0.9752791998655076,0.6312342452877222
746,0.0792476811426149,0.9945395885188154,0.9672336877239376,0.9742898603628068,0.9707489517491592,0.6110736090183323
747,0.0776982149109244,0.9948013688464148,0.9683927142433376,0.9759534806521816,0.9721583970850262,0.6283107641352516
748,0.0750928809531301,0.9952116687408596,0.9715577878527416,0.9771162871468276,0.9743291098235256,0.6358282787272895
749,0.0743786517879088,0.9953072691999064,0.9723040478202138,0.9773798733545798,0.9748353533613292,0.6318526847449193
750,0.0734782366537683,0.9954310767038264,0.9732334316211672,0.9777617411042976,0.9754923312019146,0.6311625387204549
751,0.0728508540154468,0.9955360772223746,0.9741944443177688,0.977903501753845,0.9760454493634696,0.6334276640523308
752,0.0740762004936985,0.9953606483544444,0.9729130760134233,0.9773230214274176,0.975113062755239,0.6382718007205902
753,0.0741641190264829,0.9953427339970752,0.9726683973039678,0.9773848202105796,0.975020905157794,0.6339712066607753
754,0.0735348540043337,0.9954210724038312,0.9732764126722934,0.9776055090551092,0.9754361576320748,0.6327849346217607
755,0.0735195596910101,0.9954286185436354,0.9732741882943156,0.977691303781554,0.9754777457164768,0.6345861406693598
756,0.0731803479557521,0.9954723573157483,0.973656871518862,0.9777689029704468,0.975708554821951,0.6305779849339045
757,0.0732896905593413,0.9954529872880984,0.9734848309420804,0.9777372283253136,0.9756063959008476,0.6305073375262055
758,0.0733500877931285,0.9954804870969386,0.9737139805213912,0.9777982149380876,0.9757518238720588,0.6278539652417697
759,0.0747223923773431,0.995302339146786,0.9723848922361716,0.9772392940437786,0.9748060496119262,0.6337708393294796
760,0.074099821775562,0.9953896724972578,0.9730834060276448,0.9774631577361887,0.9752683647408996,0.6356609110057082
761,0.0742447542281245,0.9953711676321332,0.9728556586087096,0.9775003699066948,0.9751724836410544,0.633964470145127
762,0.0749420671114068,0.9952137767162188,0.971751053103038,0.9769336226431924,0.9743354462945614,0.6258190579567987
763,0.0733765920074723,0.9954601626439632,0.9735244596004848,0.9777745143294914,0.9756448585186452,0.6277277828505102
764,0.0734313499155662,0.9954382314605832,0.9734551602439164,0.9776055828887809,0.9755259570425592,0.6342748572157266
765,0.0726485765679813,0.9955563604771348,0.9743097115980692,0.9780055398880504,0.9761541275511724,0.6324422352533755
766,0.0733883678444105,0.9954246429158404,0.973332057158236,0.9775859431321248,0.9754543624449088,0.6338346520679591
767,0.0733479062470493,0.995446594698328,0.9734800921493116,0.9776715901912264,0.9755713390457046,0.6292650860743157
768,0.0731354937654176,0.9954870582123094,0.973732338846234,0.9778513751816678,0.975787510169844,0.6313444151884885
769,0.0761820127008308,0.9950437860127336,0.9705079769679024,0.9763764737570028,0.9734333806530115,0.6332502978757243
770,0.0736990156750992,0.995396861585861,0.9730982731736466,0.9775268761948134,0.975307547443418,0.6318272575945982
771,0.0727425413809234,0.9955328980934124,0.974138810436028,0.9779272761961127,0.9760293670899136,0.6330497007487054
772,0.0723655744583057,0.9955849177068392,0.9745663060940912,0.9780494709226758,0.9763047817944652,0.6339175525722398
773,0.0724059764175213,0.9955779620747904,0.9745336159653544,0.978007238062498,0.9762673371808892,0.6235042726084361
774,0.0723118136013797,0.9955856112101332,0.9745572081546532,0.9780667480018392,0.9763088241504508,0.6303059412881059
775,0.0722055561880735,0.9956084350215152,0.9746789904966944,0.9781899763998052,0.9764313273168808,0.6321623748553391
776,0.0723193521350086,0.9955960824232372,0.9746221384078856,0.978113706217002,0.9763648007827704,0.6326030550509092
777,0.0724968069346903,0.9955652180934652,0.9743634348479516,0.9780465175758102,0.976201502274872,0.6319380184191907
778,0.0754295902447306,0.995088561606603,0.9708800704976672,0.9764753370433276,0.9736696654310152,0.6266356231794504
779,0.0732801233036376,0.995460883612734,0.973550076497198,0.9777553175748652,0.9756481656970174,0.6216971645793218
780,0.0724854578444962,0.995569688099846,0.974386714223749,0.9780712518558092,0.9762255064431512,0.6332434087414754
781,0.0723796992716815,0.9955797953953798,0.9745414477281936,0.9780191991173036,0.9762772262706207,0.624636628800188
782,0.0728123058705664,0.995497817812922,0.9737456039402104,0.9779562189953954,0.9758463694627348,0.6359718481743803
783,0.0724446493261259,0.9955819171034777,0.974611720658143,0.9779683277175444,0.9762871390792508,0.6289005093957754
784,0.0719848291734032,0.9956192358203432,0.9747503689021704,0.9782337597670872,0.976488957803516,0.6292000238206428
785,0.0726076989575362,0.9955310991046694,0.97418706876051,0.9778563220376676,0.9760182468539192,0.6348523376423697
786,0.0727551894115029,0.9955155742437986,0.9740565944064596,0.9778229492180868,0.9759361380253896,0.6325293481202933
787,0.073299972233262,0.9954347021467896,0.9734975340336012,0.9775216340041272,0.9755054340389874,0.6324955424276851
788,0.0727415716865187,0.9955218569716608,0.9740474628045208,0.9779020250804122,0.9759709380933832,0.6258275966332709
789,0.0724456255263883,0.9955785457161764,0.9744647993095338,0.9780864615921672,0.9762722716561412,0.6265937200489238
790,0.0723675379408992,0.9955745632220124,0.974583457901502,0.977917013315755,0.9762473898752052,0.6317259404804478
791,0.0722572241688696,0.9955827616668952,0.9745736792737338,0.9780178701112142,0.9762927370754853,0.6274595620326403
792,0.0716001398647003,0.9956775106961554,0.9752740774020432,0.9783237630128154,0.976796539834629,0.6363984640596673
793,0.0713963348807083,0.9957020716989572,0.9754235286419296,0.97843702386511,0.9769279523534216,0.633164420490346
794,0.0716474665422662,0.9956551263324052,0.9750338269701544,0.978330408043263,0.976679335781064,0.6285555251058128
795,0.0716451057936433,0.9956688659372714,0.9751726593465664,0.9783354287329344,0.9767514837457204,0.6361242277904718
796,0.0719942669819692,0.9956329754252096,0.9749131775557616,0.9782133816737149,0.9765604914320758,0.6355667094734879
797,0.0723044381095029,0.9955812579320298,0.9745396123145548,0.9780372883668552,0.9762853176247126,0.6436411074304333
798,0.0728708747774362,0.9954948858732529,0.9737884591107272,0.9778783983054876,0.9758291432424416,0.6309011027761092
799,0.0720176679825932,0.995629260719446,0.9748315334555512,0.9782586417144296,0.9765420807931978,0.6410213532166602
800,0.0724799070748493,0.9955849451723162,0.9745948750948108,0.9780195682856618,0.9763042184031584,0.6319116620433177
801,0.0719289956681376,0.9956584839869678,0.9750977908931808,0.978299914736876,0.9766962282606224,0.6331556266067698
802,0.0718269576888075,0.9956717498123558,0.9752218291726036,0.9783153459742486,0.9767661382096964,0.6323913788323248
803,0.0720711794929753,0.995608785206347,0.974687676314428,0.9781846603754472,0.9764330373421338,0.6280154220576464
804,0.0716473798287643,0.9956878445818744,0.975304940182199,0.9784052015526336,0.9768526110295008,0.6349129358452565
805,0.0713941018907822,0.9957119455379366,0.97545601356888,0.9785116697071372,0.9769814523880442,0.641405469978227
806,0.0714546256437361,0.995722952327842,0.9756916439308116,0.9783846019582462,0.9770362673304112,0.6306620522226991
807,0.0714440232665418,0.9957306975923544,0.9757057808353924,0.9784551131146616,0.9770785129408324,0.6318086806540321
808,0.0711222465196959,0.995759783532491,0.9758672568808542,0.978605659971134,0.9772345400439536,0.6312664446988528
809,0.0715631010118041,0.9957059786630597,0.9755021145228646,0.9783972275160964,0.9769475261599518,0.6320890414201581
810,0.0715955703271378,0.9956964412761736,0.9754403138822552,0.978357209666068,0.9768965844039604,0.6322107747167339
811,0.0715823531780633,0.9957043719326556,0.9754034894651572,0.9784835390782428,0.97694108662223,0.6376020327461851
812,0.0717461455090762,0.9956756087118735,0.9751508163520756,0.9784328891794982,0.9767890957807612,0.6285578666391385
813,0.0719181663631428,0.9956505395977472,0.9750151218801464,0.9782995455685178,0.9766545724081078,0.634667771525292
814,0.0717045625122331,0.9956926853721946,0.975437224905532,0.9783190376578306,0.976876005928356,0.6447517326188764
815,0.0713887775598241,0.9957152688606528,0.9755570614115644,0.978441749220095,0.976997275983993,0.6323901074267771
816,0.0711896630781267,0.995743125720694,0.9757125900004034,0.978584986543075,0.9771466773695928,0.6309871785006462
817,0.0713061303061118,0.9957728914313864,0.9760969928512891,0.9785081995245702,0.977301108952133,0.6346795275814201
818,0.0717964229314661,0.9957008082870156,0.975502016694982,0.9783403017552628,0.976919097681566,0.6310356017327372
819,0.0714900144744369,0.9957221420962706,0.9756529076034138,0.9784164981043943,0.9770327486161388,0.6309286491646223
820,0.0711947067057807,0.995763319712654,0.9759146334504344,0.9785947325877312,0.9772528454910796,0.6379412405408966
821,0.0709606206727971,0.995781886375102,0.9760836616732586,0.9786213865431932,0.977350876788718,0.6326976319282768
822,0.0716748276805813,0.9956988651045182,0.9754945050090994,0.9783267901933528,0.9769085947421992,0.6280431802424619
823,0.0714547570071203,0.9957289123363496,0.9756790484303092,0.9784636039869,0.9770693422823958,0.6298284914730111
824,0.0713482852891194,0.995738202533943,0.9757706430779646,0.9784695106806311,0.9771182132684406,0.6241581502793628
825,0.0709871888736919,0.9957705843313188,0.9759640982733704,0.9786227155492826,0.97729159879368,0.6281548336637989
826,0.0711653996191972,0.9957578884145784,0.975999384882878,0.9784455885710202,0.97722095587994,0.6370248187995362
827,0.0710030320576197,0.9957585063878108,0.9758539629893538,0.9786055861374624,0.9772278376008466,0.6309539324118079
828,0.0710018195493294,0.9957824288182726,0.976094599431178,0.9786158490178202,0.9773535982293337,0.6289183389533022
829,0.0718862798815365,0.9956692916521648,0.9752264229309712,0.9782833759944288,0.9767525076236528,0.6375441217601263
830,0.071730213119186,0.9957366438681235,0.9757628815880542,0.9784605029726912,0.9771098303742078,0.6218011042093199
831,0.0732525713111964,0.9955173251679568,0.9741685385943236,0.9777237905970751,0.9759429267591102,0.6220161703075044
832,0.0729766212966587,0.9955262239825028,0.9742450262676808,0.9777411415099104,0.9759899530208652,0.633783996765639
833,0.0715996479454765,0.9957043719326556,0.9754768404405332,0.9784061613903648,0.9769393050518228,0.6362173525972095
834,0.0707284185780788,0.9958228854658848,0.9763497201177328,0.9787931974970976,0.9775699319160434,0.6220152428291487
835,0.0710821293776841,0.9957643771335184,0.975940488528652,0.9785791536830156,0.9772580399638984,0.6388254362946442
836,0.0706523767665779,0.9958132107516136,0.9763255131098676,0.978712054291966,0.9775173270591344,0.6280214454399454
837,0.0708623901143562,0.9958062413868264,0.9763751139629768,0.9785830668676124,0.9774778435712248,0.6325348066701347
838,0.070139244607509,0.9958806865622188,0.9768133119602802,0.978942489181152,0.9778767415825552,0.6417231741667109
839,0.0704115070938635,0.9958503921410944,0.9767090893791828,0.9787183301540554,0.9777126774990824,0.6276828611899057
840,0.0703560495548111,0.995876189090361,0.9769001042790366,0.9788017622030076,0.9778500086873052,0.6280466507973306
841,0.070374681848845,0.9958589957017628,0.9767204415828736,0.9788011715336348,0.9777596995806838,0.6309239427064564
842,0.0703902399877635,0.9958520538024525,0.9766640581244694,0.9787839682881428,0.977722864104146,0.6308283227838455
843,0.070207603362878,0.9958865435751876,0.976861350894662,0.9789565175787636,0.9779078120147756,0.6261189811849195
844,0.0704297592608834,0.9958549308111676,0.9766222911660368,0.9788595739679012,0.9777396527201894,0.6326798483769287
845,0.0702939808382083,0.9958728383021676,0.976847898450369,0.978819703785216,0.9778328070796763,0.6249219650558873
846,0.0702521254797633,0.9958807414931728,0.9768362303701644,0.9789190100735708,0.9778765111947249,0.6336944466912922
847,0.0707092204553296,0.9958168224618384,0.9764196257911548,0.9786528396873114,0.9775349572764578,0.6391004572996754
848,0.0702195363923264,0.995875886970114,0.976761465722416,0.978944113521928,0.97785157165985,0.6361264653119435
849,0.072168915271223,0.9956491663238975,0.9752385706229414,0.9780485110849444,0.9766415197057272,0.6297827079847091
850,0.0726298844749979,0.9955628972606592,0.9743931562466346,0.9779894441476332,0.9761879880167588,0.6398742298433705
851,0.0713697510416344,0.995727127080345,0.975731471691,0.9783886628101864,0.977058260640928,0.6154562518877826
852,0.0707094250246882,0.9958330064941572,0.9765161636508504,0.9787296267058162,0.977621642287592,0.6357826114115748
853,0.0701430721288855,0.9958891390627636,0.9769466787679852,0.978895457132318,0.9779200970800992,0.6296591704383075
854,0.0697481653941192,0.9959417972485304,0.9773508986244644,0.9790508770111184,0.9782001492357294,0.6307362144767241
855,0.0696846279751161,0.9959499544951976,0.97743585154556,0.9790515415141632,0.9782430294021092,0.6344321510918824
856,0.0696546351805114,0.9959627122092616,0.9774647004931648,0.9791617013522488,0.97831246501014,0.6351115496427997
857,0.0698936223688957,0.9959182250029004,0.9771601288522412,0.9789915885727922,0.9780750013545014,0.6356244817504662
858,0.0694674156244388,0.995961455663689,0.9774765733852604,0.9791354165651454,0.9783052917799068,0.6313865676951216
859,0.0694692029597626,0.9959792738918888,0.9776299119621517,0.9791707090601888,0.9783997038945146,0.6330399292545532
860,0.0699688963685854,0.9959181975374234,0.9771950782789026,0.978954597903301,0.9780740467637952,0.6356664491408084
861,0.0699127440963932,0.9959130271613792,0.9772053491706728,0.9788868924264078,0.9780453980341274,0.6247290718301326
862,0.069795552051539,0.995930817924102,0.9772924284287872,0.9789913670717773,0.9781411600269214,0.6285234902614729
863,0.0708748844767109,0.9958035360373424,0.9763620052356824,0.9785670449608668,0.9774632815236832,0.6309891410289444
864,0.071236919223083,0.9957757890392092,0.9762009875438412,0.978430674169349,0.9773145591329896,0.6297986581736119
865,0.0706072351191755,0.9958457504754824,0.9766980939801296,0.9786787553060567,0.9776874215067184,0.6222842550992329
866,0.0700720521829111,0.9959023636899365,0.9770508931190778,0.9789316356314212,0.9779903601768872,0.6362704282310256
867,0.0705443478236309,0.9958542579069812,0.9767995670985782,0.97866583441352,0.97773181018706,0.6327813341285711
868,0.0696996454310288,0.995978642185918,0.9777255503967192,0.9790635025689688,0.978394069071246,0.6269679823355897
869,0.0693410212616268,0.9960077967897472,0.9779046369042572,0.9791966246789344,0.978550204336296,0.6212650492048937
870,0.0694345405539698,0.9960231705904946,0.9780450286570068,0.9792187009467545,0.9786315129058578,0.638555702642599
871,0.0691947830278131,0.9960395880793678,0.9782161722325418,0.9792201037865156,0.9787178805609013,0.6239145379168406
872,0.0692007113181108,0.9960418608475892,0.9782004797381332,0.9792615244763052,0.9787307145369026,0.6323978104530564
873,0.0691898021940811,0.9960376242977628,0.9781202830974828,0.9792988843141546,0.97870922887614,0.6329886685890804
874,0.0694134518731948,0.9959938786592804,0.977746663223292,0.9792090287357696,0.9784772995918684,0.6332775989883916
875,0.0696918026698257,0.9959829199339598,0.977798720085775,0.9790338952666414,0.9784159178478408,0.6318475672407562
876,0.0708339060757228,0.9957877777199172,0.9762592630325178,0.9785014806604512,0.9773790858732758,0.6230176609282392
877,0.0706393867195081,0.9958623327572176,0.9768417740338612,0.97871042995119,0.9777752091820624,0.6382403777841903
878,0.0699985272472174,0.995938357197537,0.97744402364346,0.9789153183899888,0.9781791177675884,0.6297079146689191
879,0.0697870273277056,0.9959509226532618,0.9775380247809042,0.9789550409053308,0.9782460196967302,0.6331711061707418
880,0.069128027158997,0.9960406386338628,0.9781290303216986,0.9793228802574372,0.9787255912250252,0.6386215530627369
881,0.0690476173910198,0.996059795804066,0.978377809780818,0.979273190196424,0.9788252952263604,0.6342306449606475
882,0.0699205013099227,0.9959418521794844,0.9774212186716856,0.978977707842524,0.9781988440943906,0.6249530977451012
883,0.0691465688534349,0.9960495305820396,0.9782221664994984,0.979323175592124,0.978772361417984,0.6269267442582963
884,0.0693564877691243,0.9960136812681932,0.9779586121155074,0.9792048202164862,0.9785813194094956,0.6324414642264019
885,0.0698311494113944,0.9959583451984194,0.977623687094685,0.9789469192014504,0.9782848556959792,0.6339497467864543
886,0.0694798806400822,0.9960130358294838,0.9780188764892151,0.9791346043947572,0.9785764224166572,0.6341205159048175
887,0.0731395737020124,0.9954913084948744,0.9742323860943392,0.9773688721375056,0.9757981087381922,0.6154531830094597
888,0.0722797447011518,0.9956050979660606,0.9749714771837348,0.9778441394818472,0.9764056954377974,0.6283038500037335
889,0.0701198000996876,0.9959037712956322,0.9771088997296108,0.978886227923363,0.9779967563358486,0.6414056927189665
890,0.069377750453117,0.9960066157742364,0.9780027651239196,0.979080853481804,0.9785415123624304,0.6219149236407578
891,0.06849406080039071,0.9961095220501638,0.9787233838485675,0.9794585127122386,0.979090810291576,0.631727733821725
892,0.068300384539012,0.9961477196622933,0.9790890351663777,0.9794963155521179,0.979292633013043,0.6348858377932763
893,0.06936725857500121,0.9959815054618946,0.9778654770961331,0.9789483958748832,0.9784066368369065,0.6331122710254176
894,0.06913051589412227,0.9960291649308485,0.9781963072198578,0.9791262611898621,0.9786610632871635,0.6306318287990906
895,0.06862550161832529,0.9960982406054886,0.978676654171219,0.9793833500345098,0.9790298745738198,0.6277450207111446
896,0.06859014209413486,0.9961173291119994,0.9789041490162507,0.9793554409066302,0.9791297429600686,0.6315064255279457
897,0.06851746949280123,0.9960938667282773,0.9786102509702912,0.9794046879656136,0.9790073083021392,0.6315887050770108
898,0.06833569046190317,0.9961517776865192,0.9791231848337483,0.9795052494263862,0.9793141798658903,0.6339937806141763
899,0.06865044072163191,0.9961070295581266,0.978775588329396,0.979376557336719,0.9790759806125044,0.6301198207584244
900,0.0683990344807184,0.9961328127746548,0.9789750216024458,0.9794515723471044,0.9792132389944013,0.6345597746438166
901,0.06828937644688346,0.9961337466008726,0.978887376245751,0.979553388980295,0.9792202693665643,0.6308643637838012
902,0.06812028324218106,0.9961568450670245,0.979148155569603,0.9795348567287135,0.9793414679761141,0.6358017149351533
903,0.06832096474446195,0.996119251695389,0.9787987229253957,0.9794867171748047,0.9791425991953776,0.6242556489945882
904,0.06855028846951054,0.996122375893397,0.9789457976061472,0.9793674019614358,0.9791565544002868,0.6388694806610788
905,0.06890337500158403,0.9960612034097621,0.9784131445950902,0.9792517045979772,0.9788322449991734,0.6348127788664213
906,0.06945945162379699,0.9959825079518049,0.9778339986848084,0.9789924007431802,0.9784128568385789,0.6347905697289324
907,0.07000785800728866,0.995931065113395,0.9775183039809172,0.9787571666653376,0.9781373430520046,0.6367765397792289
908,0.06964819599613012,0.9959822744952505,0.9778983679102272,0.9789224064224662,0.978410119217721,0.6387787143296644
909,0.06956205564624757,0.995993919857496,0.9778830176125998,0.9790666035831777,0.9784744526745843,0.635523059343905
910,0.06955196489345469,0.995991351835397,0.9778331441809026,0.9790905995264604,0.9784614678537936,0.6314187623931673
911,0.06885659965358192,0.9960751902039213,0.9785030702364306,0.9793114360383333,0.9789070862535255,0.6355731543342957
912,0.0681022400733271,0.9961842487466953,0.9794220701053602,0.9795500664650713,0.9794860641036687,0.6303448515250077
913,0.06892536093460784,0.9960358115762811,0.9782628420654593,0.9791297313724292,0.9786960947551346,0.6283861387675005
914,0.06928926907988975,0.9959599175969773,0.977660763301927,0.9789253597693318,0.9782926528635534,0.6291824519367573
915,0.0688705470801579,0.9960366973379141,0.9782423049899772,0.9791609630155326,0.9787014184282278,0.6219580031024021
916,0.06844864221517559,0.9961299288995704,0.9790119127759868,0.9793813565253756,0.9791965998035731,0.6303705955277268
917,0.06789167217320675,0.9961862811919929,0.979376089790065,0.9796203561204717,0.9794982077265424,0.6286551816916292
918,0.06770594864949692,0.9962204825772197,0.9797295825459074,0.9796273703192775,0.9796784737665801,0.6323149193401552
919,0.06796462598705677,0.9961813717379803,0.9794288664008829,0.9795113776211323,0.9794701202733075,0.6359320218616658
920,0.06833025190657635,0.9961311236478196,0.9789766900893674,0.9794312680874037,0.9792039263309518,0.6352714525386858
921,0.06811859793023026,0.9961670759572049,0.9792318599566756,0.9795598863433992,0.9793958456837918,0.6325593400413528
922,0.06834796589645122,0.9961665472467727,0.979300302263068,0.9794826563228646,0.9793914708047866,0.6249867142950272
923,0.06838603586414092,0.9961470536244762,0.9790620852705976,0.9795171366475202,0.9792895580963119,0.626975948210593
924,0.06873030826556596,0.9960977530932719,0.9787243666412319,0.9793281224481237,0.9790261514621184,0.6381770189684649
925,0.06839526674489109,0.9961344195050589,0.9790273499475582,0.9794145816776132,0.9792209275300076,0.6328270474879641
926,0.06818786552242881,0.996156941196194,0.9791089271048171,0.9795768680878763,0.9793428416994887,0.6288124560436716
927,0.06794647623871942,0.9961908473275431,0.9794592061424163,0.9795838084530103,0.9795215033351317,0.6240591214578753
928,0.06995339963665541,0.9959155196534164,0.9773307833625539,0.9787827131157248,0.9780562093900358,0.6319894089194863
929,0.06880264589228004,0.9960960845655445,0.9786284153465045,0.9794100778236432,0.9790190905625467,0.6307524215343301
930,0.06799781270887997,0.9961940813874592,0.9794216972768602,0.9796584542950376,0.9795400614797742,0.6346469885408654
931,0.06798490918100737,0.9962025613534812,0.9794986027596374,0.9796713751875744,0.9795849813555043,0.6332448584982272
932,0.06781754203864353,0.9962193908245093,0.9796684933412344,0.9796790538894249,0.9796737735868699,0.6258608496716962
933,0.06760768381302519,0.9962544642386306,0.9799157404799694,0.9798064908066743,0.9798611125981221,0.6298185562386439
934,0.06803682084001011,0.996184681327958,0.9794563576061496,0.9795190563229828,0.9794877059612026,0.6195405197562805
935,0.06933094671652686,0.995998231937384,0.9780962081847684,0.9788908056110046,0.9784933455822862,0.6321085674937355
936,0.0684508494362771,0.9961227260782287,0.9789142787394395,0.9794041711299121,0.9791591636590048,0.6335757677719392
937,0.06797102672590626,0.9961904147462806,0.979396397298136,0.9796445735647694,0.9795204697116541,0.6277001719369726
938,0.06831971850755403,0.9961366373423262,0.9790257286953153,0.9794406449637019,0.9792331428778963,0.6275555177091
939,0.06875589828965047,0.996087728194169,0.9788479451497639,0.979088827518341,0.9789683715163331,0.6183319412253869
940,0.07094893256778555,0.99576299012693,0.9763949736305545,0.9780855755881074,0.9772395434342419,0.6296844511594553
941,0.06845484866941576,0.9961204052454227,0.9789158026906782,0.9793770741724205,0.9791463841058194,0.6306851444075867
942,0.06781982491797894,0.9962227141472255,0.9797726513118844,0.9796069922259051,0.9796898147659301,0.6292947422537982
943,0.06760092945300418,0.996242262700476,0.9798946754232586,0.9796944851267975,0.9797945700493758,0.6318248875475482
944,0.06732495193429988,0.9962635003805617,0.9799872247411717,0.9798312250866733,0.9799092187052117,0.6293459463778874
945,0.06708237269504679,0.9963118258873327,0.9804020437554183,0.9799297930383117,0.9801658615134498,0.6357292916280436
946,0.06675299819853665,0.9963502088914318,0.9806845660491944,0.9800570822882178,0.9803707237638744,0.6294332689191482
947,0.06689571268293712,0.9963294518571936,0.9805891924324729,0.9799285378658938,0.9802587538356131,0.6329117524240049
948,0.06700228356334159,0.9963274674764807,0.9805443256598024,0.9799534198132362,0.980248783685226,0.6300607070991825
949,0.0670639669067032,0.9963133570876751,0.9803954823251463,0.9799534198132362,0.9801744012262107,0.6338216805779776
950,0.0672914227738762,0.9962760177717017,0.9801036378870219,0.9798473946607623,0.9799754995233229,0.6372167398167744
951,0.06760807006398765,0.9962428532082314,0.9798935981742977,0.9797020899949763,0.9797978347267416,0.6335206283653173
952,0.0677703339003509,0.9962301847569679,0.9797814326280601,0.9796798660598129,0.9797306467116396,0.6270123781243538
953,0.06778279348216254,0.9962303838816761,0.9797297571677464,0.9797359058165871,0.9797328314825198,0.6346300964773207
954,0.06790287821493346,0.9962244307395376,0.9797052945444966,0.979696035633902,0.9797006650673233,0.6291447372665241
955,0.06791776842806194,0.9962207160337742,0.9797094427166744,0.9796509232605304,0.9796801821147134,0.628780385696994
956,0.06762197854251956,0.9962536059424746,0.9799651737130731,0.9797455780275719,0.9798553635669086,0.6335674245951833
957,0.06803369180386444,0.9962365224157843,0.9798480021060972,0.9796800875608279,0.9797640376390532,0.6300006892873857
958,0.0684114778012359,0.9961715253644778,0.9794447422989314,0.9793866725497337,0.9794157065635908,0.6325655903474197
959,0.06853653289538493,0.9961645422669522,0.9793323395299377,0.9794272072354635,0.9793797710853586,0.6236665122723858
960,0.06799074293201347,0.9962189994414621,0.9796863286619546,0.9796561654512168,0.9796712468244111,0.628927933382849
961,0.06904962691042921,0.9960336624027063,0.9782229693361121,0.9791478206219808,0.9786851764844451,0.6265164985996658
962,0.06822125633789909,0.9961823467624135,0.9793985030233419,0.9795537581486532,0.9794761244336898,0.6348455711912454
963,0.06736369471219804,0.9962999882667483,0.9803164414372824,0.9798889630178952,0.9801026556156881,0.6257548291634979
964,0.06685141603991711,0.9963626232870332,0.9808063431385052,0.9800666806655308,0.9804363723976831,0.6358038003555436
965,0.06670207379506432,0.9963775576401487,0.9809273148491284,0.9801047788400966,0.9805158743422123,0.6359855391937405
966,0.06671533627743773,0.9963774889764562,0.980970803758527,0.9800588542963371,0.9805146169827497,0.6339725292069994
967,0.06674409123713808,0.9963636051778356,0.9808571404713452,0.9800246693063681,0.9804407281805417,0.6332133521272222
968,0.06674555824439732,0.9963725863888128,0.9809213898922503,0.9800564177851729,0.9804887130724665,0.6288841790605935
969,0.06680361779822076,0.9963590527750239,0.9808220911066318,0.9800111577444581,0.9804164567384358,0.6301324980811988
970,0.0667315514744829,0.996386023873432,0.9809999203360253,0.9801222035866035,0.9805608655465469,0.6250352384064718
971,0.06690898129595912,0.9963492475997371,0.9806762692552805,0.980055162612755,0.980365617559132,0.6361645797510174
972,0.067775402325306,0.9962613786724639,0.9800879512464955,0.9797030498327076,0.9798954627424339,0.6295609208474017
973,0.06735066260150868,0.9962966031467088,0.980266270259786,0.9799040250869097,0.9800851142013669,0.6330647060198148
974,0.06719972885367896,0.9963392844979575,0.9807055959254692,0.9799153954723421,0.980310336459369,0.6290064887204432
975,0.06682501159099152,0.9963940094608681,0.9810924889894588,0.9801136388806934,0.9806028196600043,0.6234145797532259
976,0.06694818079042777,0.9963522825349449,0.9807521963690639,0.980009533403682,0.9803807242399416,0.6245530079090466
977,0.06698848029075981,0.9963389137140181,0.9806236214282733,0.9799965386774736,0.9803099797701199,0.6325528256659
978,0.06726553041166325,0.9963178133613173,0.9805055948754313,0.979887781679149,0.9801965909261283,0.6265157111317676
979,0.0677873793949219,0.9962395367518844,0.9799287493905012,0.9796290684937252,0.979778886026576,0.6301690946607574
980,0.06757405090058664,0.9962421940367835,0.979919965820967,0.9796673881693059,0.9797936607173549,0.6127941084247079
981,0.06740072799725927,0.9962981824116359,0.9802944883791617,0.9798919901984324,0.9800931979649773,0.625281852247833
982,0.06675686366293285,0.9963748248251877,0.9809005982958466,0.9801025638299474,0.9805014186819736,0.6317049876869252
983,0.06676910639398818,0.9963619366501083,0.980805419729646,0.9800601094687549,0.9804326229557841,0.631159141915526
984,0.06734059045506681,0.9962895445191212,0.980268390311853,0.9798243585552109,0.9800463241389219,0.6319599999034281
985,0.06661238298892118,0.99639298637185,0.9810164858836102,0.9801813443575865,0.9805987373054494,0.6287413682561268
986,0.06799778536551719,0.996176668275045,0.9794874415258137,0.9793986336045392,0.9794430355520816,0.6350182846200084
987,0.06722249841759745,0.9963085712283088,0.9804013575280355,0.9798947958779547,0.9801480112525006,0.6337169483945175
988,0.06760783311944428,0.9962516902254542,0.9799779472639762,0.9797112453702597,0.9798445781688574,0.634185747977853
989,0.06696529981258104,0.9963407745000844,0.9806130730826839,0.9800279179879202,0.9803204082152658,0.6342352765661085
990,0.06658253970174052,0.9964040549590787,0.9811536288628645,0.9801603017611693,0.9806567137717828,0.6325178281010988
991,0.06642892998944727,0.9964103788851565,0.9811409729124299,0.9802427739723903,0.9806916677811424,0.6292321805160861
992,0.06635495107084942,0.9964226971515884,0.9812988160307393,0.980213978840451,0.9807560974447584,0.6290235745166817
993,0.06634352382326084,0.9964343013156183,0.9814382819789339,0.9801964802602725,0.980816988061849,0.6333568043777732
994,0.06607617670335143,0.9964628722780614,0.9816645500586183,0.980274965453225,0.9809692656547737,0.6341318990934953
995,0.0661664741689996,0.9964572075234314,0.981565579856206,0.980315500138955,0.9809401417320293,0.6352796583620349
996,0.06624147827944739,0.9964457338204171,0.981469393777526,0.9802895106865379,0.9808790974167422,0.6293635150671459
997,0.06616717205791593,0.9964594802916527,0.9815831196672502,0.9803222190030741,0.9809522641498422,0.6303148290825331
998,0.06625123902244105,0.9964527993143738,0.9815800857527334,0.9802521508486886,0.9809156688710715,0.6276612470398666
999,0.06653534909107274,0.9964316440307192,0.9813969655174045,0.9802102133231975,0.9808032304338572,0.6326688204202005
1000,0.0669558424328407,0.9963543973766734,0.9807814087993096,0.980002371537533,0.9803917354091202,0.622585557246669
