Epoch,Loss,Accuracy,Precision,Recall,F1-score,Validation-F1-score
1,0.7114968520703076,0.7632617398984173,0.2599572913060643,0.836931321985984,0.3966973434425699,0.43162293653933914
2,0.6629329392378279,0.8007777550180525,0.29898524133635784,0.8494612652315173,0.44229553564517315,0.46159636560381334
3,0.6389201581478119,0.8250730224636841,0.3259472233360298,0.8249017495331497,0.4672627618809667,0.4587888207354566
4,0.6225653299324804,0.8406491133155269,0.34712787217923435,0.8100645040488909,0.4859969239254376,0.48975559559106674
5,0.6132474142870457,0.8468501863148097,0.356486484547199,0.8033369275564687,0.4938316544104323,0.5174830709858314
6,0.6045840367567625,0.854945848516249,0.3697831234214874,0.7947871360479907,0.5047335997691212,0.48225592069896445
7,0.5976299101071392,0.860222721947421,0.3795666404381056,0.7926726873595868,0.513328808842094,0.5352644414984588
8,0.5936799366697133,0.8636654645576696,0.38617394575086533,0.7904870630117227,0.5188673813697222,0.5245235822055141
9,0.5865422146354647,0.8675655073598689,0.39407628203813583,0.7888325980976312,0.525586074513396,0.5188928604009413
10,0.5817665973370024,0.8710495786466244,0.40145657820055314,0.7874786362271112,0.531801018036056,0.5513455060669625
11,0.5789074066945975,0.8737906332506293,0.40746618217720515,0.7862809064057799,0.536768436323141,0.5484178186420992
12,0.5744066175153787,0.8760318642379274,0.41237824089377795,0.783658703557513,0.5403909956684566,0.5397266801729361
13,0.5689218708937117,0.880494379409857,0.42321825220398057,0.7855569672553573,0.5500808443726632,0.538013124900619
14,0.5650952246120508,0.8806577303342791,0.4238939624188727,0.7889052504305242,0.5514716187725208,0.5544292521929052
15,0.563394451205679,0.8815558308328763,0.42607977477475323,0.7885890208148933,0.5532402472157768,0.5286062253261401
16,0.5595429338139596,0.8854104251370197,0.4355500315694413,0.7845144358118116,0.5601266103879444,0.564406726241209
17,0.5536787784356865,0.8885503265315629,0.44386599740177185,0.7844469518359333,0.5669391158035476,0.5207533554383478
18,0.5518756128257984,0.8877307566980608,0.44200812609665524,0.7897226630092419,0.5667859202677848,0.5548651154039874
19,0.5510040588087315,0.8902000816054253,0.4483066623932097,0.7834330678569836,0.5702799954144487,0.5636214066314316
20,0.5432321538599275,0.8939487140993257,0.45890276483766756,0.7836674159307665,0.5788439952122744,0.5523425228611972
21,0.5379786938428879,0.8964090646620824,0.46609206745383025,0.7828744422973613,0.5843096104151456,0.5770037284026859
22,0.534482111390546,0.8985871868496175,0.47262221108629554,0.781030003346142,0.5888907989897447,0.5246746678728651
23,0.5328940729871928,0.896848155242786,0.4676364758142398,0.7888398337974518,0.5871822286453374,0.5818928630105374
24,0.5264084835489877,0.9016876340864587,0.4824389124073147,0.7849749364218254,0.5975987321650282,0.5390377959862405
25,0.5264219073511713,0.9016911428011447,0.48246195602537634,0.7855249234418659,0.5977757297136725,0.5920308066740817
26,0.5219119976964786,0.9034625699380906,0.48816555359787356,0.7850078662393765,0.6019820923537925,0.5634401385264807
27,0.5228827672896625,0.9035354495812943,0.4884075567352112,0.7852842995059937,0.6022473711908726,0.5572394073054784
28,0.5179378622941834,0.9050958800576028,0.4935491247841487,0.784159074350212,0.6058050266865308,0.5896265853160018
29,0.5112790256309853,0.9084292757375689,0.5049437019868431,0.783674873131602,0.6141641898290475,0.5601725912923503
30,0.5143197785607345,0.9053984466185384,0.4945931768737624,0.7887512333914848,0.6079599134351831,0.5753956609389209
31,0.5053154560301801,0.9092025181777513,0.5076144674620399,0.7886382678738767,0.6176637988165814,0.5985072626835031
32,0.5046791878106783,0.9095410645135491,0.5088290312120487,0.7866765072184227,0.6179577518907089,0.5923411998422161
33,0.4971318608350891,0.9127759277947991,0.5205237788467401,0.787294273549028,0.6267009230854768,0.604523816526284
34,0.4963980825256101,0.9123020384547439,0.5187445349537353,0.7885678305511329,0.6258110354226587,0.579958279562289
35,0.4951085261732554,0.9118144095098225,0.5168253351224327,0.7947347141411268,0.6263366060898979,0.6008717687848433
36,0.4877659431893191,0.9139702503291462,0.5247493733571797,0.7943218362493204,0.6319899680626025,0.5811753852774839
37,0.4814752661924568,0.9162925182063154,0.5335276241149866,0.7948445048108543,0.6384829837336384,0.5838695698861929
38,0.48310851546929034,0.9158278915983765,0.5318668439747873,0.7919724488177605,0.6363671015975713,0.6050421337822407
39,0.4786747833378881,0.9175288011231403,0.5383732543748229,0.7940364691084348,0.6416764909950361,0.6063682832498839
40,0.4789186306565786,0.9166599582239109,0.5348650999489615,0.7965758305771223,0.6399992691680477,0.6004470345905988
41,0.4711714559536186,0.9190521669382453,0.5442532812607013,0.7967807928495928,0.646740555405497,0.5912177567358821
42,0.4675032949919323,0.9208748721207392,0.5516135552373715,0.7971291401123867,0.6520253870167235,0.5786880538982972
43,0.4620700119425067,0.921323417691898,0.553311939765244,0.7991400739931523,0.6538845592850471,0.6109898148684633
44,0.45944314637630107,0.9224650271095244,0.5580838099097635,0.7987863368723289,0.6570853124638242,0.6126314081389015
45,0.4582760832506976,0.9225187701816325,0.5581869030500404,0.8002902549299481,0.6576651455880503,0.5948507407448793
46,0.4572731300438051,0.9227774331775931,0.5592040419458255,0.8011099563524867,0.6586478213056116,0.6032599647817413
47,0.4520649284981995,0.924359925298297,0.5658162163310542,0.8022924026037888,0.6636169750700858,0.6121032235900769
48,0.4476629459171844,0.9259850301065573,0.5727743516799005,0.8032737259335455,0.6687187680114366,0.6092336757935873
49,0.44699933288766325,0.9260432431850462,0.573313194391129,0.8005674265332817,0.6681451963744287,0.6108117840175239
50,0.443277189199873,0.926534586835731,0.5749382479412205,0.8056944366919089,0.6710322781192533,0.6041594230838847
51,0.43811622572888576,0.9279333486480833,0.5808557201515369,0.8084403109401714,0.6760073713615725,0.5824086351021053
52,0.4386924026038149,0.9280511686780185,0.5819499844548518,0.8036463644743087,0.6750623869274249,0.6099256114021676
53,0.43066022089488215,0.9290018106341054,0.5854542791284296,0.8103479515143138,0.6797835185842181,0.580806360337256
54,0.4344768817905042,0.9286568854412758,0.5844522647234176,0.8057252991666541,0.6774788891358359,0.6083399446750276
55,0.4293682213953073,0.928820133370159,0.5846397932785151,0.8102606801144363,0.6792034923775757,0.6097418824876929
56,0.4204315161533493,0.9316576810612133,0.5975979885696989,0.8116692789019693,0.688374646387487,0.6078509880319201
57,0.4213937360176937,0.9310479268728379,0.5944881794159911,0.813394107305133,0.6869227442667682,0.6113430193228322
58,0.4156284073917128,0.9325456742642768,0.601195879463228,0.8158879133984192,0.6922786840267955,0.6214532813536531
59,0.42000245243954143,0.9319560591369073,0.5992150083716242,0.8102898444147337,0.6889480869038355,0.6152976740034493
60,0.4115445476641758,0.9335950065455725,0.6061274815395952,0.8165779628935593,0.6957875167570026,0.6224956740245866
61,0.40699875537011265,0.9347878665432697,0.6118550240326356,0.8171677462626133,0.6997623850666899,0.6004261485140897
62,0.40573165517487975,0.9343793725039374,0.6095079319739849,0.8192562054986002,0.6989861272044801,0.5792050614236328
63,0.3994834901188775,0.9362114228149785,0.6183113142356716,0.8207261600672654,0.7052829126699434,0.6158522865324519
64,0.40140568384592484,0.9356552812376955,0.6159480854350804,0.818369093933855,0.7028750458243542,0.6186680952827107
65,0.3944856946845706,0.936789708433088,0.6202256637239264,0.8261978996387761,0.7085464502243843,0.622520834729513
66,0.3902438940118543,0.9378736128835499,0.6260111086297713,0.8245691288424151,0.7117006300706926,0.6086356112707862
67,0.394365781502758,0.9368196389366422,0.6206555586810141,0.8246525608913673,0.7082575527897713,0.6145996243529445
68,0.3878005164132701,0.9383252277217629,0.6279273830317142,0.8266220740823434,0.7137036601899086,0.6033742521494979
69,0.3838868006099042,0.9386657721710119,0.62941647689475,0.8279532213483269,0.7151615684653866,0.6216780411860826
70,0.3799841807042952,0.940084144333938,0.6363560772705419,0.8300687775418054,0.7204178371742772,0.6132944147896792
71,0.3808206424867506,0.9395853026080339,0.6337068157335298,0.8302800895100368,0.7187962539908349,0.6204268463619956
72,0.3814211920868579,0.9388559294009802,0.6298083229652937,0.8309282014796858,0.7165227791881646,0.6185047479944068
73,0.37296074639550214,0.9412903662861929,0.6425238442161704,0.8310809633463074,0.7247388617134484,0.6244837443258123
74,0.3722296949985216,0.941407465347357,0.6427756372625815,0.8327747816073826,0.7255425963063153,0.6144745559280967
75,0.3669717155343337,0.9425200094239544,0.6478544907571524,0.836732192573573,0.7302782850021119,0.6029677117090391
76,0.3729399686558641,0.9416135731530895,0.6439828172714369,0.8322998095977275,0.7261303038374466,0.6184808023383996
77,0.3601768954837923,0.9439364452707525,0.6550509920800437,0.8389327313231083,0.7356756426901557,0.6214569501387115
78,0.35638489107862653,0.9445464123165745,0.6581044506309124,0.8402162558708844,0.7380930598924582,0.6157107593628987
79,0.37298309760127996,0.9401060480518407,0.635305136902645,0.8356875199535497,0.7218480279930106,0.6168268045829944
80,0.3610182358957023,0.9432347435317703,0.6517136719707094,0.8368127451093315,0.7327546231082663,0.6200468724370204
81,0.3553267583358202,0.9443722605933246,0.6572827965650281,0.839638212055621,0.7373532056061035,0.60351710752823
82,0.3474053649379195,0.9460732113163038,0.66589852614982,0.8431746234261246,0.7441239534136046,0.6160326440901627
83,0.34785079934614166,0.9463626631119748,0.6679421314052317,0.8416600733197893,0.7448057793401364,0.6123829368813515
84,0.34622533104831366,0.9466906077736529,0.6693080337920336,0.8435474096342309,0.746393927596914,0.6214577182780473
85,0.3411883091111835,0.9469980288576471,0.670489250628993,0.8456815719129626,0.7479637452355479,0.6166794401515028
86,0.33778651530365295,0.9479178820140236,0.6745569691077221,0.8500971946453458,0.7522217178161533,0.6096025755468609
87,0.3376458788947236,0.9477621664922059,0.6741168041755827,0.8484487840923287,0.7513023901842426,0.5927996877369832
88,0.3355164273822908,0.9480298244318821,0.6749763678255706,0.8509085528629892,0.7528001051402998,0.6181466185360399
89,0.3329942815488191,0.9487668467742786,0.6796140919877832,0.8496266526559891,0.7551698424147415,0.6117628723655425
90,0.33427074594463374,0.948533767870138,0.678254915460672,0.8496246591468549,0.754329216700183,0.6120011057926062
91,0.32910461616601877,0.9494110014725891,0.6826064473783411,0.8523297033747008,0.7580846285107105,0.6188529206172984
92,0.3228898125050737,0.9504481116166223,0.6876620004371717,0.8559431970983957,0.7626297347495279,0.6218972688386165
93,0.31753807868674505,0.9513692487840484,0.6925374045157352,0.8579974713444137,0.7664391831964414,0.6051206165547579
94,0.32000182885274614,0.9511354489111367,0.6917097995876873,0.8561361983160607,0.7651895588566071,0.6166018440665637
95,0.3166084972967347,0.9515998557952596,0.6938676316202009,0.8581845658683475,0.7673279199960337,0.6111508163257536
96,0.3186642804162965,0.9512116518770566,0.6921398236081212,0.8562270137321769,0.7654889009003621,0.5968961046041669
97,0.3107083130547469,0.9530988597322709,0.7023950666399034,0.8600987776392658,0.7732883434373292,0.6166018608157927
98,0.31730876278748615,0.9513143727610143,0.6924452829635035,0.8572324068388881,0.766077411354784,0.6063961076029966
99,0.31158641999145203,0.9529382416228098,0.701337693861119,0.8603061025892287,0.77273075892984,0.5986964673483073
100,0.3014980515987753,0.9547283658832194,0.7110105340209971,0.8646210161934962,0.7803279267488994,0.5974673585306314
101,0.303419516401754,0.9544474489845244,0.7097048606305869,0.8632952587855425,0.7790016462895857,0.6170816511373524
102,0.3011687540000291,0.954685334347139,0.7104129081464368,0.8655668255271945,0.7803524786254581,0.6159431027759772
103,0.2977936836026555,0.9553297293683731,0.7134619967741233,0.8684447882140196,0.7833613947005091,0.5639803557181721
104,0.3043159406176574,0.9540745776688534,0.7077987337655961,0.8620458453940636,0.7773444147501888,0.6153707412161227
105,0.30454551240951894,0.9535509895481775,0.7046451540298581,0.8617369991455968,0.7753137371556358,0.6053658468763914
106,0.2985834368913294,0.9550996373348556,0.713003319791319,0.8656143744117302,0.7819320977853731,0.6093420103276063
107,0.29725505116817763,0.9554158954360726,0.7146717814748189,0.866557230398563,0.783319803707747,0.6174024100801164
108,0.2908843848452294,0.9565726932624768,0.7208225580388514,0.8699724807139066,0.7884055125835315,0.6177766918330166
109,0.2883069111610488,0.9571310664097655,0.7241592841284203,0.8706880766594339,0.7906924133245851,0.6155101320762604
110,0.28868410012704865,0.9568552168915759,0.7227899526052273,0.8695714900432341,0.7894156681285093,0.6047031262638316
111,0.2827752119988846,0.9580610405944144,0.7291109403238035,0.873606943200347,0.7948452892153813,0.6161861690683608
112,0.2817746481235079,0.9580121589117343,0.7281107731240536,0.8753948255590908,0.7949886844798899,0.6126651398749849
113,0.2767715864151502,0.9590267542310018,0.7340657635107616,0.8772084020355648,0.7992788181767421,0.6024506372708498
114,0.2784559763699984,0.9587550588662075,0.7324883229164488,0.876660113189972,0.7981156761796694,0.5950862404756038
115,0.2844389917717563,0.9577896885480826,0.7280645750316956,0.87169819512113,0.7934333612803518,0.6068339320467575
116,0.277702270330285,0.95889985686092,0.7338846705916873,0.875530236512877,0.7984742981811698,0.6131051050076186
117,0.28342907334403167,0.9577673110507017,0.7274995042784677,0.8728003841713603,0.7935535725541955,0.5968761852954833
118,0.2960552782249108,0.9557236598385294,0.7170799946841043,0.8652974802930548,0.7842471501026252,0.6146297876999927
119,0.27726529136621697,0.9589754899181925,0.7336606633727453,0.8773788839833797,0.7991093391951276,0.6151482649780549
120,0.2706190698224006,0.9601518980951703,0.7408265527927025,0.8790433902768142,0.8040382345016885,0.614206753009763
121,0.2640161431736226,0.9613160841348858,0.7472826250060022,0.882469051139859,0.8092690422406773,0.6178956098781582
122,0.2621057410891965,0.961534256151388,0.7479909745454955,0.884320504289884,0.8104626652338377,0.6156597973040985
123,0.27085812330889186,0.9596982370789213,0.7375769697618848,0.8795859939296908,0.8023463146431401,0.6134660195348901
124,0.2684217520433364,0.9604774738594576,0.742084582275042,0.881326105902884,0.805733903207308,0.6197106556522121
125,0.2662320074310406,0.960953690898688,0.7458539939007677,0.8799891996105126,0.8073883898994678,0.6151129628335394
126,0.25646932739362444,0.9627910008485734,0.7553666236012947,0.8872336856380809,0.8160070465055582,0.6160031515088293
127,0.2553547664726381,0.9627995288791801,0.7552958278859786,0.8875321951725182,0.81609195207211,0.6123681225087482
128,0.2597437668189728,0.9623175578225194,0.752550052096389,0.8861984637280275,0.8139243985350133,0.6012409703813171
129,0.25975712662120515,0.9621830181834641,0.7516950065582848,0.8860383923279136,0.8133566007566092,0.5995541073572286
130,0.2575087647000663,0.9626613157325767,0.7551036798661006,0.8857751752885198,0.8152364110163094,0.6112374347332102
131,0.25450559394608296,0.9628480123124438,0.7557631020587242,0.8872290341167677,0.8162363681441657,0.6190051466428175
132,0.24786457419395447,0.9639791367842278,0.7617836479879502,0.8914265521831287,0.8215218739457476,0.6082136377325279
133,0.24559358180426866,0.9646737936283609,0.7660724870871938,0.8927486179075006,0.8245737313141326,0.6195538360023576
134,0.24624818606342344,0.9644054353190215,0.7647537955333046,0.8914831826092761,0.8232700471633386,0.5941239934961601
135,0.25764347007163135,0.9626796214729934,0.7556125144533816,0.8848985481051475,0.815161119275929,0.5992468062707819
136,0.25411030023003656,0.9631114543014013,0.7579669454246,0.8863761075419915,0.8171576965267235,0.6045683566806949
137,0.2509207428573704,0.9635187398597459,0.7598088652016854,0.8886347533911068,0.8191879369574802,0.6005152166015088
138,0.2398956735893119,0.9656007603432789,0.7714867871084399,0.8952907112220388,0.8287908314343849,0.6130372183238402
139,0.24820713114609821,0.9639932265739256,0.7622959233011016,0.8905040004559968,0.8214273965935779,0.598223917879103
140,0.2398245263335516,0.9656197115224048,0.7712169436021701,0.8961577400280981,0.8290062695987928,0.6040341448526426
141,0.24138765492670827,0.9653568943730488,0.770013784368705,0.8947170235934021,0.8276947095364158,0.6025105714285393
142,0.2358615789696467,0.9663815489232654,0.7764014716519072,0.8967652434783456,0.8322540108726305,0.591705569630284
143,0.2334217487050475,0.9668846546644729,0.778841616121414,0.8992666544398107,0.834733141782041,0.5860895200129866
144,0.2285623638857183,0.9676399209499628,0.783159935079622,0.9016933457255768,0.8382570875995661,0.6111268111700088
145,0.2296985469812112,0.9674528055215716,0.7818601873111326,0.9015573441024174,0.837453312417095,0.593066947144964
146,0.2377063524272802,0.9660149260036105,0.774060852800957,0.8961302000685767,0.8306346818156014,0.6140947647397995
147,0.2551968611187215,0.9632151708089001,0.7594241119408273,0.8847242268064073,0.8172996248829144,0.5661357512116457
148,0.2397201804162787,0.9657079718327252,0.7725829662709881,0.8945910633495856,0.8291225811374182,0.6127240445494879
149,0.22788072983137994,0.9678619518659826,0.7850864990312446,0.9010904199629709,0.8390980983671614,0.6139059288140954
150,0.22331205851954522,0.9686533833183042,0.7895188238309975,0.9039084297084249,0.8428501652878423,0.6132168378016692
151,0.2250180282502723,0.9683041048473711,0.7878514818572796,0.9020844426842497,0.8411071149008159,0.6092834197792766
152,0.2210742002018064,0.9691402432298698,0.7926525805533196,0.904868415107078,0.8450514439932247,0.61728305217666
153,0.2221185783688113,0.9687725285575044,0.7903532955394962,0.9040069238263916,0.8433683029977014,0.6125456507283162
154,0.2450313955652628,0.964780394010944,0.7672904072308444,0.8917388686141626,0.8248470230207753,0.5947912614340799
155,0.23078965942422264,0.9672693018034052,0.7816650074684778,0.8992188840542601,0.8363313364652603,0.6080371773144614
156,0.24148922188462113,0.9652840833935377,0.7696679007352626,0.8943449018883405,0.8273356576155944,0.6071634288699729
157,0.22356291956824365,0.9685234853448609,0.7888848542978486,0.9032575120592536,0.8422059336866987,0.6052199150840111
158,0.22059780000139484,0.9691955998987513,0.7933818290744086,0.904254488127398,0.8451976109014577,0.6165050117901766
159,0.21384078317837749,0.9704289852077532,0.8005081106480653,0.9084051218122682,0.8510504266129773,0.6081417858677378
160,0.21224749720782685,0.9707217397270327,0.8021752312451494,0.9094531907811868,0.8524523363053997,0.6116741902887943
161,0.21035477170626893,0.9711430464113827,0.8047185104204064,0.9107038593450835,0.8544370949604417,0.6076309212279257
162,0.20957853259156933,0.9713436130571317,0.8059505249358829,0.9112658812536012,0.8553787544835039,0.6124566668253245
163,0.21414995509729112,0.9706094814561889,0.8017347373380239,0.9086770512249154,0.8518626471827428,0.596959867634159
164,0.21598594994853726,0.9701841922776746,0.79914983948955,0.9074654406733158,0.8498703482687517,0.6084533764277892
165,0.2269441357833876,0.968366739867656,0.7894516568821087,0.8998379793909549,0.8410382311027328,0.5597764639512228
166,0.22285759631249544,0.9689343963461687,0.7916274392836415,0.9038706268685457,0.8440337433300512,0.6084298058007922
167,0.21072350790817962,0.9710636917819777,0.8045469003143088,0.909895602141649,0.8539845288063149,0.5971171428340275
168,0.2290955957212894,0.9678605236611788,0.7854495203853844,0.9003394576887285,0.8389794979363773,0.6061406729872311
169,0.21429702982628088,0.9704644500049218,0.8015497199927804,0.9069520751544083,0.8509996114159872,0.6121323129787699
170,0.2072336620671286,0.971695988260596,0.8083980406723366,0.9117453571172263,0.8569671124312095,0.6144639525977077
171,0.20480186360881483,0.9721442454442464,0.8108605274779689,0.9135646926200882,0.8591541574659296,0.6034909259311526
172,0.20410336580851096,0.9723355836897254,0.812475201444239,0.913328572538186,0.8599550275004774,0.60018788096444
173,0.20338191033052883,0.9725468275396557,0.8137415731902885,0.9140056273071177,0.8609643550347481,0.6007249676551547
174,0.20407745333241045,0.9722907394321634,0.8125228267548894,0.9126160776068676,0.8596657269096014,0.6127401677460268
175,0.21090865874890802,0.9711784562775974,0.8054285559296157,0.9098904337846343,0.8544786626065549,0.6046217361299824
176,0.21561561905437235,0.9701843639369059,0.7994190252064002,0.906957465012438,0.8497996271513641,0.610989144984956
177,0.2080400504118247,0.9715442415002039,0.8077068876701896,0.9108704281083015,0.8561922839356231,0.5999363580768687
178,0.20123856632615164,0.9729428385196943,0.8160514569585332,0.9153985733562631,0.8628748464075816,0.6162158886536496
179,0.20139186180752816,0.9727792472723485,0.8153066558637229,0.9144491461726544,0.8620366810687932,0.5987489314070412
180,0.2039075715185927,0.9723713918053564,0.8130216947141863,0.9128473246664416,0.8600475129705568,0.5954054257937369
181,0.2139558476938618,0.970758138350419,0.8031438623251052,0.9081603631907842,0.8524298728751598,0.6118804603158033
182,0.20850569280467446,0.9715322253540191,0.8080664239281807,0.9100429003165692,0.8560283117062969,0.5928760513369472
183,0.21209781482922946,0.9708858528184413,0.8045667558776386,0.9073329092327235,0.8528652819560313,0.6033533435118542
184,0.19783090730365233,0.9735956860414733,0.8205298231677617,0.9165475729543127,0.8658849854818929,0.6043348184549246
185,0.19276527695947412,0.9743842816832954,0.8250885323669033,0.9194765547082403,0.8697291567859071,0.6053938080153748
186,0.19015265545613474,0.9749095795299141,0.8285525950094212,0.9207240484242566,0.8722100103183836,0.5887222719543534
187,0.18914917545567314,0.9750759791222825,0.8290919220625285,0.9220673782460604,0.873111446533124,0.5933926279363038
188,0.19064183163342716,0.9749534487630428,0.8286787371446115,0.9211054731719447,0.8724510322870351,0.6056559495569793
189,0.18985840104681126,0.975157585920801,0.8304175989577869,0.92093905207607,0.8733389580700385,0.6017580060453488
190,0.2235108870182106,0.9696050758288861,0.7973675364811246,0.9025195445112196,0.8466912818854688,0.6026100202100276
191,0.20407543556510116,0.9725782411789677,0.814849003195395,0.9124673765921862,0.8608997644726737,0.6038739515257115
192,0.19698491290533285,0.9737244167321444,0.821298818099006,0.9169800167691035,0.866506096589519,0.610407467610833
193,0.18904570776888793,0.9751218945334472,0.8295879953218103,0.921851783924874,0.8732897156635351,0.6008804041745452
194,0.18962694554448986,0.9750592389140545,0.8296186843212677,0.9209521944696217,0.8729028423303715,0.6093239625680185
195,0.18664698171422636,0.9757338802918284,0.8339655274805274,0.9227854845364235,0.8761301722311082,0.6123417734972787
196,0.18631957857300052,0.9757667152695747,0.8345238281342381,0.9223025384902314,0.8762202796371362,0.6033212349046378
197,0.18579520668378838,0.9759363077236437,0.8353496411905751,0.9232130553288862,0.877086379732501,0.6086264721198696
198,0.18369118349372054,0.976294155423399,0.8372216104421184,0.9249221571599908,0.8788894892552679,0.6049188086709865
199,0.18748483311036507,0.9755400220888352,0.8325140796833023,0.9225909328116542,0.8752410093821219,0.5873354263040818
200,0.18886582379182465,0.9753649365393675,0.8319018504712352,0.9212535835172531,0.8743007562514754,0.6122274181639182
201,0.21046623190958724,0.9716321722248004,0.8102112439785494,0.9075530812415515,0.8561240912196335,0.6089618801097805
202,0.20415480091846247,0.9725051349455788,0.8147489227896649,0.9116279615793199,0.8604701631569561,0.612763638978044
203,0.19080075069511537,0.9748238872416927,0.8284646995088811,0.9197106812810083,0.8717063992267219,0.6045218870791976
204,0.1871316130641553,0.9754823926517325,0.832616336456343,0.9216449758106124,0.8748715575117821,0.601193084742066
205,0.18159261300302237,0.9765586960314363,0.8394163420943402,0.9248678894113359,0.8800727306706404,0.6031668552122396
206,0.1786331325340614,0.9771445689875654,0.8431398077878471,0.9266297823176626,0.8829154494707196,0.604557361965611
207,0.17912328436220293,0.9770620283628291,0.8423996908401599,0.9267257660907936,0.8825530103476018,0.610435276762179
208,0.17676172968294981,0.9776356929144343,0.8463042495106337,0.928061417210747,0.88529927728324,0.6089296688260777
209,0.1779819486810149,0.9773450669696219,0.8441749903327775,0.9276209993594191,0.8839329727828967,0.6036219020516186
210,0.18590152035835836,0.9760503649832307,0.8367358993767168,0.9224619453873004,0.8775101991077954,0.6075911253858657
211,0.18851305287090137,0.9752723092182051,0.8312052193999566,0.9211683794601814,0.8738775400993857,0.5845807082130186
212,0.1788692949808759,0.977193601730369,0.8435882302326957,0.9265598618306202,0.8831294935727738,0.6141323324884443
213,0.17447757562823432,0.9780483548399005,0.849451575565203,0.9285163064617162,0.8872259700920132,0.6056761379225345
214,0.17498816654300517,0.9778716900255056,0.8481560046989985,0.928236181511517,0.886391076519364,0.59783932796812
215,0.1797171441985549,0.977097781547506,0.8438498541106455,0.924877709289664,0.8825077826614193,0.6005428732942493
216,0.19920557120935523,0.973441748909291,0.8212244003651755,0.9132240240591449,0.8647842633959707,0.6123142034969747
217,0.18393228530026168,0.9761960899377918,0.8372811142240134,0.9235158472162787,0.878286814998005,0.6032869282838653
218,0.1831922726772672,0.9763015230376026,0.8379552309035645,0.92382129711585,0.8787957791770646,0.6112519692887749
219,0.17363873333167687,0.978187405683552,0.8503609344925576,0.9289122764427173,0.8879026634051569,0.6059225670755172
220,0.17139606432413027,0.9786460722829832,0.8531467551600455,0.9305611299977643,0.8901740191224403,0.6095150887791825
221,0.1797000689686631,0.9771939450488314,0.8444324181391366,0.9252183778506073,0.8829814264889418,0.5894127136158573
222,0.1822927679678948,0.9765626510601235,0.8398916330161513,0.9241500784556594,0.8800085774599118,0.5992525470282449
223,0.18130591206198973,0.9766646303762023,0.840939271368257,0.9238119202395518,0.8804297475835987,0.5964513326205603
224,0.17632383440467095,0.9776610984806537,0.8469387390438068,0.9273921149773375,0.8853414307461683,0.6088282790225367
225,0.17080506237505153,0.9787349368337974,0.8537082360945887,0.9308485644814558,0.8906111431119792,0.5940997337113924
226,0.16756206375660657,0.9793737014322477,0.8578528980935057,0.9327670586053292,0.8937428866211599,0.6009261244707911
227,0.166948514554998,0.9796250380122201,0.8595655324042092,0.9334079348751576,0.8949661588787653,0.6041464516330445
228,0.1793209945233606,0.9773664419770924,0.8460541442558194,0.9249184654764088,0.8837303259403517,0.5859627896709693
229,0.17504561520952114,0.9780112833123278,0.8492039195910737,0.9284192151835107,0.8870465523700363,0.5995861642407616
230,0.17285284000656587,0.9784433358645517,0.851949164800226,0.9297783454110453,0.8891638932244457,0.6025086284335338
231,0.1695549219793124,0.9790025604416273,0.8554454148720295,0.9316470018065622,0.8919215912246049,0.6015775550546302
232,0.16878484854166456,0.9791928824644575,0.8566819250288435,0.9322169239179454,0.8928547183052576,0.5913001005080843
233,0.16922669450370528,0.9791293410834317,0.8564394681793084,0.9317661693525879,0.8925162809006835,0.5794300129667983
234,0.17192109057800375,0.9787163839040879,0.8539747121266533,0.9301974991649412,0.8904579238965483,0.6052453031346651
235,0.16731969671819708,0.9795723248954994,0.8592441860583688,0.9332157458278807,0.8947036301078304,0.6024714259125757
236,0.17164791126152595,0.9786913834536541,0.8535615913139045,0.9305093725939452,0.8903760857853578,0.5994367971268492
237,0.16790312946700364,0.9793417934143499,0.8578498376634957,0.9323604565756121,0.8935545381356449,0.5851360710983953
238,0.1664877943426585,0.9795794384540408,0.858977526153669,0.9337106529288783,0.8947863617939814,0.5785320954882325
239,0.16655297928469645,0.9796288831789993,0.860233543055993,0.9324504598213402,0.8948873995515738,0.5872996318378911
240,0.1654873346682075,0.979924212586747,0.8616865971390438,0.934055973011135,0.8964130230025703,0.5943304010179142
241,0.1667920849788532,0.9796296110141397,0.8598391504675648,0.933053828585976,0.8949515901784523,0.6014505896387715
242,0.1754127651613822,0.9781955217320037,0.8513809900758442,0.9274324281620525,0.8877809564751692,0.588460060858192
243,0.17478785610241857,0.9782355801301995,0.8509292099609603,0.9286558521011143,0.8880951041905965,0.601095386872257
244,0.16297207638728534,0.980321177992111,0.8645163831891538,0.9349102285920008,0.898336396869071,0.6081962169616549
245,0.16173923653449943,0.9804920063926447,0.8654658644776633,0.9356804614545411,0.8992045652132034,0.5967781622471113
246,0.16375670289928965,0.980021969085738,0.8622652996541954,0.9344411632760768,0.8969035357588412,0.6057912832418019
247,0.17781790370027795,0.9776519730759224,0.8484369378546257,0.9249185393100805,0.8850284822892653,0.6035846878418811
248,0.16511141061246823,0.979827589038682,0.8608955093053755,0.934004806276689,0.8959612257157414,0.5989139388168075
249,0.15893042500284935,0.980982395618004,0.868948347350538,0.9367877450281143,0.9015937226885997,0.5948477763138853
250,0.15734285022393404,0.9813016131243671,0.8708791649466459,0.9380115381355344,0.9031996279818134,0.600925633547458
251,0.1652602348342645,0.9798199536360775,0.8610152052778207,0.9337270440039823,0.8958982079886482,0.6045430505831222
252,0.15819103927385036,0.9811291230624754,0.8699728282568034,0.9371501206885197,0.9023128630759965,0.601460992584947
253,0.18211225347874835,0.9768861737800055,0.8436065108648219,0.9224725774360165,0.8812786217496007,0.5908666537390371
254,0.16401901227428758,0.9800315270717319,0.8624181034177256,0.9343349904562596,0.896937273322007,0.610381753005445
255,0.15865131314817094,0.9809517990766327,0.8687459572532645,0.9366960436079385,0.9014423068382831,0.608950820205014
256,0.1638363293713803,0.9801985995682867,0.8642638987509251,0.9337213588112661,0.8976510330317025,0.6058577996043446
257,0.17483624858821897,0.978197684638317,0.8516224847420469,0.9270865174104228,0.8877536714240314,0.5984251627140575
258,0.16356189364044788,0.9801016464344977,0.8636252474090279,0.9334320784857836,0.8971728370661829,0.607704635471855
259,0.1596782327555924,0.9808645412562226,0.8682869425377332,0.9362619016186999,0.9009941588487058,0.5853136327905712
260,0.15454592880049198,0.9818024666964612,0.8742334523441045,0.9394751430084386,0.905680879241897,0.6035543342936895
261,0.1530905703632094,0.9820198696796075,0.8759491743890443,0.9397464079180411,0.9067269846027051,0.5911707803474598
262,0.15419507962015036,0.9818670174337665,0.8748919485082808,0.9393412825617568,0.9059718573559706,0.5951728526723902
263,0.15494921246020915,0.9817182850094744,0.8739953912606352,0.9387594732292397,0.9052205228372177,0.5976632639508102
264,0.16106738485127903,0.9805926673658278,0.8663517501133321,0.9356531429960345,0.8996698522110588,0.6015770795130868
265,0.15469347388088275,0.9818955952625787,0.8753509426378443,0.9390431421956775,0.906079122027132,0.6116608474526017
266,0.15351192430733776,0.9820292972045858,0.8758475078817304,0.9400096249574349,0.9067950033233495,0.5973901487611427
267,0.15330799797670447,0.9820656477633873,0.8761951339568631,0.9399689426043617,0.9069623435564693,0.5924462971545317
268,0.1588814905811128,0.981221839646438,0.8716217591427483,0.9359294285953085,0.9026316494046963,0.5693299609665295
269,0.16563825668405285,0.979916034740972,0.8626370879370812,0.9325307908560837,0.8962233062865989,0.6073829772322421
270,0.15512673366520044,0.9816407568342895,0.8730473479513523,0.9391487981797932,0.9048925187629574,0.5941143459614411
271,0.15215573422342754,0.9822313263869846,0.8774796170771618,0.9402143657288904,0.9077643975435471,0.6083144008960598
272,0.15108349126019924,0.9824904356969464,0.8793046378293852,0.9408660955484498,0.909044306911667,0.5934832847517044
273,0.17309628043779365,0.9787309955378487,0.8551137028062646,0.9286398301943686,0.8903613969975587,0.572726372975603
274,0.16821432078806617,0.979406975857626,0.8591224951298922,0.9312730342597096,0.8937439797039229,0.5946433109769759
275,0.1551306595583614,0.9816540775906317,0.8738300044259508,0.9381901417872297,0.9048670871166665,0.5939228228161525
276,0.15065021960319375,0.9824716630434209,0.8793176766539296,0.940613732058787,0.9089334658911589,0.601145761419273
277,0.1493147322171026,0.9826842664344625,0.8807708236057543,0.9412165839877211,0.9099910377154776,0.6026341055789389
278,0.14797061772869646,0.9829811339089218,0.8826734683530891,0.9422415430174168,0.9114853082138348,0.6073021737001529
279,0.14744133748810925,0.9830719691077103,0.8829803753791915,0.9429397880501088,0.9119756106408741,0.6029571580719574
280,0.14652436936823585,0.9832616182263542,0.884551264721101,0.9431039941358345,0.912889700323594,0.5712005732020795
281,0.1552688191048533,0.9817239840959507,0.8749412985198096,0.9374760963488068,0.9051298618000373,0.578101254499542
282,0.15559607891620492,0.9816356413891995,0.8734140477559914,0.9385562829648886,0.9048141994963568,0.5906651821995209
283,0.14804644622712684,0.9830619098767613,0.8831975040614558,0.9425125864260043,0.9118915080933784,0.6001599095567323
284,0.1476690173149109,0.9831035338071458,0.8834334204712199,0.942699902450953,0.9121049255784529,0.598008812494659
285,0.14839770301854868,0.9830133371806974,0.8832315646414499,0.9418632931176091,0.9116056478073055,0.6028219408730603
286,0.1509322800653444,0.9824493679424711,0.8788867525316753,0.9409439900720292,0.9088572781943498,0.5883785195043418
287,0.14790622686310637,0.9830786157531429,0.8834244705456978,0.9424036817603365,0.9119614817505518,0.6005815421515758
288,0.1483553720892762,0.9829981899701351,0.8830214316894875,0.9419680630976651,0.9115427678440237,0.6002362969493027
289,0.1457752359749602,0.9834554626966089,0.8859962419764478,0.9435005547862086,0.913844667366993,0.6031227487444499
290,0.14549175904487535,0.9835787620892044,0.8866501463475247,0.9441202407922766,0.9144831657190328,0.6013885818484241
291,0.1446259506046772,0.983696705713786,0.8876367216117789,0.9442172582368106,0.9150531874378538,0.5883102720128747
292,0.14943373157716483,0.982785682708263,0.8812770112331355,0.941767530845493,0.9105187017686477,0.5939831388964855
293,0.15238059411267582,0.9822052616493173,0.8780424866193375,0.9390912079159147,0.9075413458465816,0.6073916006662307
294,0.14571032791043356,0.9834916003979638,0.8861597643990999,0.9437209482960518,0.9140350268720991,0.600772788322721
295,0.14513691533490908,0.9836626691214211,0.8878386848855802,0.943521375881611,0.9148335114103521,0.6022862156930028
296,0.15136937799749614,0.9824966016965315,0.8797905136163593,0.940258444430859,0.9090200086106511,0.5961216595700051
297,0.16871457806915688,0.9794819016788657,0.8612338826935781,0.9290655551450403,0.8938647004217563,0.5791999720381837
298,0.16285652745005896,0.9803484306116583,0.8664455496635389,0.9324100728029536,0.8982183427637745,0.6068751806583825
299,0.14816870250933462,0.9828105801631581,0.8813108556851044,0.9420294927124689,0.9106591855247026,0.5925319773800601
300,0.1544867054217582,0.9817651617123341,0.8750050972921531,0.9379015259647919,0.9053622568854915,0.5792216193525154
301,0.14723767712712288,0.982995505219759,0.8827587962339808,0.9423007576220714,0.9115585085772344,0.6014265246814122
302,0.1419200282677901,0.9839549155293762,0.8893512942555982,0.9450461150346324,0.9163532190796922,0.599403992074654
303,0.14145381670954416,0.984031777666744,0.8898533064942225,0.9453051973884145,0.9167414735703396,0.6020716037890276
304,0.13900180822975344,0.9844975852901936,0.8930446689181833,0.9466827122001873,0.9190817704451918,0.595195913086037
305,0.13894999332779603,0.9844905815935602,0.8930551396363534,0.9465830367434743,0.9190403383777228,0.5899717312267191
306,0.1384660041750335,0.9846388333720048,0.8941821334901119,0.9468759349188671,0.9197749469878347,0.5910449267778259
307,0.1440994752128776,0.9836559400795576,0.8880222493455482,0.9431872046837718,0.9147738083311713,0.585907881768334
308,0.1457525924008956,0.9833630276337855,0.8859875071975744,0.94237185944786,0.9133102713141477,0.5978436505057462
309,0.14299464389253005,0.9837876301753747,0.8883963808391894,0.94429515276039,0.9154932849049884,0.5994841734618407
310,0.1388433499516343,0.984541056273906,0.8933110324094345,0.9468545969877634,0.9193038322901804,0.6035699936998741
311,0.13753296048949948,0.98485048920409,0.8955909844668998,0.9475665750833804,0.9208459444280114,0.5818565914739
312,0.13995571753425565,0.9844056240068484,0.89273797739819,0.9459727276137045,0.9185847205020156,0.6040784391963377
313,0.13889559545962932,0.984626879023143,0.8941149803333921,0.9468203381641228,0.9197131909314424,0.5990188185604588
314,0.16166755516859269,0.9808477598497792,0.8699134923079738,0.9336790521174168,0.9006690645652754,0.5752958190053692
315,0.16068159193872547,0.9810149696737189,0.8703249974507794,0.9351955218992146,0.9015948935389949,0.5964274203318348
316,0.14319701297141665,0.9837845746410592,0.8883279745311158,0.9443511925171642,0.915483295907097,0.5890624291265365
317,0.1379318528091736,0.9847256242793059,0.8950334147915139,0.9467922075352283,0.9201855510487836,0.6015934749013688
318,0.13694658910306237,0.9848368319956547,0.8957481250928656,0.9471903186927069,0.9207512653893319,0.6010425280316992
319,0.13640150540381027,0.984963550840136,0.8961247683678689,0.9482288631179842,0.9214408298009188,0.598558614115198
320,0.13796928977901987,0.9846899809565369,0.8947224098184882,0.9467745612877065,0.9200128268702197,0.5975611978584211
321,0.13577280981506376,0.985094684760044,0.897422050739903,0.9480938951662277,0.9220623312212067,0.6057638744895778
322,0.13527963704449666,0.9851564408850652,0.8976533510903852,0.9485361588593466,0.9223935647361337,0.5993900737003914
323,0.13731224360547478,0.984820538101428,0.8956587317718536,0.9471114643313963,0.9206667817652421,0.588561992989053
324,0.13487182353897917,0.9852930884994797,0.8984532211791952,0.9491321442568184,0.9230976259990168,0.5957162292234902
325,0.13718184885039603,0.9849123895228653,0.8962368202593687,0.9474570797483394,0.9211354666654032,0.5949434116978489
326,0.1362440010412134,0.9849531551570937,0.8962834800227286,0.9478905572345332,0.9213649364486035,0.5968971315115301
327,0.13819893551387374,0.9846407834208712,0.8942706021059138,0.9467809109834675,0.9197769093454645,0.5926763692691864
328,0.1402504478963159,0.9843077095813646,0.8919051778284697,0.9459005182828414,0.9181096475565624,0.6028257144295704
329,0.14143748077557242,0.9840559060882833,0.8904565745233827,0.9447803876504028,0.9168144768265482,0.6003799295208144
330,0.13797866778193618,0.9847300256219942,0.8948160654447123,0.9471370107817834,0.9202334460778707,0.6011377909090094
331,0.13443221280471884,0.9854181182171258,0.8998971989065645,0.9487375771155784,0.9236722139143435,0.5999339263391131
332,0.1327755164167435,0.9856132672975377,0.9005810304035022,0.9501965304671692,0.9247237362132171,0.6073458877161902
333,0.1336341373515215,0.9854831496002784,0.9000970054333124,0.9492609101801571,0.9240254635562303,0.603906289797992
334,0.13392148027531534,0.9855241761565383,0.9003600593286021,0.9494104971988981,0.9242349420783303,0.5941619362603413
335,0.13311659793952385,0.9856379106967705,0.901292645778923,0.9495586075442064,0.9247962937908262,0.6075331492592099
336,0.1324662522767945,0.9857920744191381,0.9023198740653617,0.950072563732487,0.9255807123453682,0.5948378605628841
337,0.13489935091502375,0.9853510612550449,0.8997202786914017,0.9481593856329716,0.9233049566541663,0.6079286161059755
338,0.13611585936314768,0.9850643628734426,0.8972658510687888,0.947933380764084,0.9219039732668148,0.5983854445723563
339,0.13623989973780062,0.9851177214288728,0.8977209323008742,0.9479764996283213,0.9221645241778746,0.5972466408264308
340,0.13460368764915054,0.9853137768700254,0.8989756431991142,0.9486911357361173,0.9231645377497694,0.6033268803359606
341,0.14207968011284047,0.9841733896661252,0.8918227204402635,0.9443683957626561,0.9173437169748139,0.6013011677400597
342,0.13422047025222572,0.9853512123151683,0.8990887989274012,0.9489949612949127,0.9233680402409465,0.6012772170643824
343,0.13173089704389196,0.9858064319972367,0.9022440599752503,0.9503449361471641,0.9256700491701286,0.5993200771729196
344,0.13185020313738918,0.985782262377482,0.9023292149368691,0.9499420258010289,0.9255236744215825,0.6012939955591371
345,0.13168836385011673,0.9858160380478154,0.9024314017522472,0.9502155795544522,0.9257072567806067,0.5953043132923787
346,0.14910317153381786,0.982797039683,0.8830553252528668,0.9394277417912462,0.9103696874665728,0.588880910240674
347,0.1381058510955718,0.9846159546296687,0.8941998263820351,0.9465731430314747,0.919641426966762,0.5919418564819565
348,0.13074040335180948,0.9859491288829593,0.9032243855414115,0.9507830651546713,0.926393741821355,0.5973279074193899
349,0.1282474280958124,0.9863795815711484,0.9062821748467276,0.9519842651585696,0.9285712228062547,0.6057974271224416
350,0.12750326204214166,0.9864699292577203,0.9069812960107825,0.9521645669847126,0.9290238815236336,0.5914328368328847
351,0.12887594519223242,0.9862570992764934,0.9054444924347782,0.9515987795589412,0.9279480849514786,0.5833968924696304
352,0.13144219358511966,0.9858364654963298,0.9027895908301681,0.9499935617038331,0.9257902606561601,0.576331301637666
353,0.13045595189650283,0.985938039696623,0.9030743652688173,0.9508453807735348,0.9263444014164252,0.5982138611580285
354,0.13808468035120758,0.9846603594395988,0.8949505456741267,0.9461080647338193,0.9198185478870826,0.585850110386478
355,0.12990932383661646,0.9860768227518738,0.9039578763784938,0.951363693148442,0.9270551454229522,0.5973352835717326
356,0.12694152074752094,0.98660561558044,0.9078963099372634,0.9526108176961,0.9297162406389258,0.6017691878642977
357,0.1267414424541614,0.9866693492198046,0.9082809797154378,0.9528788339241504,0.9300455710294322,0.5977850084736204
358,0.12567025382848954,0.986867217382439,0.9096725756078098,0.9534592404169062,0.9310513786595195,0.5764418013648916
359,0.12620797195880534,0.9867638167279257,0.9089754553600191,0.9531169475151868,0.9305230073880821,0.5299207208892682
360,0.14270565211236905,0.9838574542842629,0.8898191737434085,0.9432123081321292,0.9157381146863814,0.601137021713495
361,0.14582240978162064,0.9835871665251645,0.8878093954063836,0.9426321969740599,0.9143998086251883,0.5943966015928572
362,0.13336881183141427,0.9853993112317542,0.8992981895110744,0.949300632695499,0.9236231572037448,0.5860545078797617
363,0.12738151725033203,0.9865194014481558,0.9071764414592209,0.9525056047140141,0.9292885810587967,0.5899750654395309
364,0.12544341849015772,0.9868030442954424,0.9092322368628617,0.9532565669882566,0.9307240923164538,0.5976841129269878
365,0.12511877710227487,0.9869008076608027,0.910143735058733,0.9532579698280178,0.9312020772101913,0.5957124242946218
366,0.12403273812944082,0.9870562553942197,0.9107770143407573,0.954303676119444,0.9320324395144695,0.5924722304195565
367,0.12510554119944572,0.9869015766941585,0.9099150645002245,0.9535592850419774,0.9312260816113896,0.60338898550991
368,0.12359103662290162,0.9871746933973872,0.9119186291411784,0.9542614432592663,0.9326096661828925,0.585923833928888
369,0.12360534093362822,0.987194084024145,0.9122573584405876,0.9540622400131837,0.9326915921403967,0.5906367945760559
370,0.12332064642323007,0.987235941411084,0.9122598438631419,0.9545570732805098,0.9329292858152592,0.5991280136440053
371,0.1265278521308796,0.9866351409682086,0.9083829630049576,0.9523387406161095,0.9298416687479506,0.5845798188561557
372,0.13021037440827424,0.9860602542028771,0.9041745035142075,0.9508823714430259,0.9269404164438152,0.5939180284377525
373,0.12657928086227652,0.9867022185293973,0.9089191301814981,0.9524530351398071,0.9301769956236193,0.577733888041019
374,0.12424048293623136,0.9871010859190432,0.911332987211694,0.9541295763217187,0.932240371877852,0.5945659927668429
375,0.12352858794678886,0.9872465774170499,0.9124093907224146,0.9544938716575866,0.9329772885790918,0.58904461032759
376,0.12319619224654685,0.9873066100833896,0.9128074562644469,0.9547031901166838,0.9332853787438178,0.5998431361621074
377,0.1399231206009285,0.9846148628769582,0.8948987639369859,0.9456230513448213,0.9195619337652153,0.5707627206130561
378,0.13418083753195598,0.9853980752852894,0.8999586497424401,0.9484141118001269,0.9235512459510581,0.5880692806933835
379,0.12938518312980804,0.9861394783712665,0.9048928416954105,0.9509014205303089,0.9273268121476883,0.5960174175241734
380,0.1297265052956214,0.9861284372495148,0.9047362523521176,0.950972005520396,0.9272781373001876,0.6018980057766772
381,0.1231912659655372,0.9871572734186037,0.9117683183078634,0.9542450521841624,0.932523228656331,0.5939068588044787
382,0.1207662966075561,0.9876519953229589,0.9155457787500807,0.9553484225731389,0.9350237067427595,0.5930745238447884
383,0.11976484411643992,0.9877490308531788,0.9159203230154903,0.9560274708512048,0.9355442419737418,0.5894500477734511
384,0.11951313473337846,0.987800205903188,0.916406218372872,0.9560240006686377,0.9357959834411623,0.6036854207636605
385,0.11941807759965924,0.9878656973330802,0.9168724348009171,0.9562150822108401,0.936130578691491,0.6066188190473472
386,0.11953055783570242,0.9878628958544268,0.916764283992311,0.9563172680123887,0.9361231651024886,0.5972817895394209
387,0.12055828553631151,0.9877460920471405,0.9159485544149409,0.9559572550294759,0.9355253468512975,0.5900319829424308
388,0.12148320956303062,0.987606409497518,0.9151679248213775,0.9552830059400665,0.9347952964554929,0.5860889911789989
389,0.12138983320525225,0.9875929514137909,0.9147359596799943,0.9556670148662622,0.9347536288967621,0.5927324093509558
390,0.12695962064664998,0.986668971569496,0.9086342450801007,0.9524208436589723,0.9300124424183078,0.586435013139094
391,0.12274006764880187,0.9874075388449735,0.9135156494707822,0.9550063511724344,0.9338003479110124,0.5869973999613899
392,0.1263561598795781,0.9867458474396024,0.9094394849272167,0.9523081734760509,0.9303802809891244,0.5811286085958755
393,0.12709679701131024,0.9865030732220827,0.9075151698514421,0.9518737361521257,0.9291653322788682,0.597750360403455
394,0.12184028193461809,0.987545044755544,0.9145340984853984,0.9553531479281238,0.9344980897125348,0.592725082705817
395,0.11995703311596843,0.9878102445350293,0.916323888848718,0.9562459446855852,0.935859359729518,0.6018211641655962
396,0.11908458324698665,0.9879859068595138,0.9177566393852047,0.9565312379927992,0.9367428611610175,0.5861684969396541
397,0.12014204132363951,0.9878054449429245,0.916463017624056,0.9560148452933545,0.9358212103462259,0.5804256501654468
398,0.12063182818053438,0.9877324142395973,0.9160489217327437,0.9556694513774262,0.9354398429209471,0.5919865288221693
399,0.11839419930315703,0.988115358518956,0.9185511749513036,0.9570694116253774,0.9374147829790865,0.5952960530555795
400,0.11766317887432712,0.9882563868769512,0.9196070709694659,0.9574201953993353,0.9381327563573114,0.5933162369174048
401,0.11931894368512168,0.9880096576307444,0.9181571066881523,0.9563125426574038,0.9368464915529241,0.5925309381624552
402,0.1287028372770162,0.9863428258965611,0.9066399978434458,0.951081500855437,0.9283291715022377,0.6036547319295478
403,0.12549438965406348,0.9868150055106732,0.9096881531936827,0.9528160014695854,0.9307527465536993,0.5863383977844577
404,0.12630565255451545,0.9867075399655649,0.9088876898498954,0.9525569191158034,0.9302100674881267,0.5971246192870198
405,0.12044678883050842,0.9877852028863799,0.9164122716948917,0.9558388996538382,0.9357104546769857,0.5931661572751464
406,0.11802668081556293,0.9881001151792244,0.918493632571933,0.9569611714627543,0.9373328972963731,0.5932990210316003
407,0.11653732040749608,0.9883766787998158,0.9205044478251805,0.9577250546295336,0.9387459534928221,0.5893932014321493
408,0.11550809812845944,0.9885293387873179,0.9215086584760012,0.9582800623392457,0.9395347093130346,0.5909748369207329
409,0.11882443881506542,0.9880781221985213,0.9186952189815265,0.9564509069580557,0.9371929613993424,0.5964417241201451
410,0.12610721419290674,0.9867160885952793,0.9095383777861877,0.951826408768605,0.9302020259745207,0.5958718573514644
411,0.11915239924899966,0.9879607622153258,0.9174085296453126,0.9566687162893913,0.9366273906505754,0.5979265297176811
412,0.11675293986156261,0.9883619229723007,0.9204085361721484,0.9576700485441624,0.9386696538575227,0.5892869923036438
413,0.11494940330388306,0.9886370789871962,0.9222178296527136,0.9586719714683066,0.9400916357241759,0.5914987132846927
414,0.11512042291248016,0.9886644002704361,0.9226639308519708,0.9584440469239563,0.9402137062669632,0.5954809750599355
415,0.11406187222694321,0.9888274490746112,0.923570091968422,0.9592443300908539,0.9410692458933224,0.5908449951526447
416,0.1176085768790125,0.9881757345037582,0.9189163024299121,0.9573273864740848,0.9377286622160836,0.6063210432564813
417,0.11708457103307299,0.9883255518143914,0.9201316046185771,0.9575846968197474,0.9384846294065032,0.5882586312802045
418,0.11521801643287964,0.9886640569519737,0.9225534309130685,0.9585758400278324,0.9402197325500408,0.5880266893016738
419,0.1172729812080054,0.9883482314320192,0.9204973067567153,0.9573990789692465,0.9385856220622764,0.5950968295717021
420,0.11793694926573219,0.9882327528339978,0.9196824091552326,0.9570482951952886,0.9379933730105563,0.5891275316631734
421,0.1192974411219144,0.98802130299299,0.918039416144044,0.9565966546258715,0.936921515585055,0.5847085784959448
422,0.1187024024589885,0.988050732251589,0.9180815950244884,0.9568915463103985,0.9370849082954315,0.5887486457686196
423,0.11531603332314132,0.9886815799262958,0.9226953442778042,0.9586070716709357,0.94030845282947,0.6020716100385639
424,0.1162879733810965,0.9885040842812218,0.9213053403960959,0.9582340639618144,0.9394069189829681,0.596966956827466
425,0.1172371162704641,0.9883763354813534,0.920641000777172,0.9575521361705546,0.9387338709724118,0.5933515599416742
426,0.1167568514699773,0.988421694716609,0.9207454287836361,0.9579567446911376,0.9389825658373958,0.606126330476111
427,0.11709859839928664,0.9883880975718761,0.9206963364852591,0.9576221304912685,0.9387962720717238,0.5968270274276961
428,0.11453396722459964,0.9888381812097466,0.924015357137114,0.9588247333349281,0.9410982726443357,0.593165999890393
429,0.11403600071563566,0.9888612796758985,0.9240775242727564,0.9590192850596975,0.9412242241352948,0.5926040424701946
430,0.12494497781070016,0.9869647266921371,0.9113429015778667,0.9524926838214772,0.9314635400306165,0.5984555788700804
431,0.11723475637946197,0.9883242472042342,0.920313682001698,0.957343925216532,0.9384636574537994,0.606660901279866
432,0.11350535436553492,0.988948269707908,0.9244969862605579,0.9595251195440978,0.9416854277099405,0.5790629742611044
433,0.11252586865167824,0.9891164064916962,0.9257767795549069,0.9599308355697552,0.9425445073471468,0.5967485883470561
434,0.11822514457078717,0.988147712850855,0.9192960884308848,0.9565252574653964,0.9375412318417068,0.6047166678265343
435,0.11979157257851937,0.9877334991259387,0.9160637587946697,0.9556636923510383,0.9354448198350799,0.5922386775052286
436,0.11360327949037226,0.9888779718195417,0.9240087978059961,0.9592989670078669,0.941323241800663,0.5992335153707657
437,0.11172104507631106,0.9892147809639196,0.9265964966087054,0.9600834497690335,0.9430427908198844,0.5903814505073081
438,0.11072421032372567,0.9893388150580247,0.9272822418568011,0.9606992225905046,0.9436949945211421,0.5929917046141432
439,0.10999377634671094,0.9894451545185763,0.9280160346987847,0.9610507447011789,0.9442445454736044,0.5920700063208246
440,0.11019647425616817,0.9894302750964148,0.9281110852678843,0.9607623503797561,0.9441545112203269,0.6083729705475566
441,0.1116436447599809,0.9892703161584016,0.9270898499282333,0.9601331398300467,0.9433222182506068,0.5956011670652597
442,0.11160757521288,0.9892677344035641,0.9268125700507454,0.9604394019000062,0.9433264065241355,0.587225419691095
443,0.11071317218136874,0.9894096622559307,0.9277187276301875,0.9609967722872106,0.9440645802737351,0.6055006097911444
444,0.11663716192618548,0.9883154925834423,0.9204807793433838,0.9570341929640055,0.9384016562223684,0.5793230386364473
445,0.11535522889801496,0.9886266077740923,0.9225539229176283,0.9581356436775194,0.9400081889774046,0.5920450496212553
446,0.12216997055484237,0.9874557750889442,0.9147751529284627,0.9539910643537235,0.9339716372396166,0.5997860164878678
447,0.11630285083711576,0.9884879963780726,0.9216136270619933,0.9576647325198044,0.9392933868970192,0.5890954223363971
448,0.11383841645052965,0.9888114023696775,0.923511562674353,0.9591279682243504,0.9409828639014233,0.598513926690015
449,0.11023821957784591,0.9893987241297179,0.9276707651733846,0.9609272948021981,0.9440062210554963,0.5943440259025166
450,0.10917877624307176,0.9896381750245212,0.9295484035104589,0.9614492988606874,0.945229769123001,0.5879181540454446
451,0.11230029677637189,0.9891074733453039,0.9259011096811034,0.959675075731197,0.9424856173165113,0.6020990387720143
452,0.11363415562098833,0.9888786035255126,0.9244430554522315,0.9587752647749299,0.9412962116401303,0.6010498500189166
453,0.11151355451388324,0.9891655422300385,0.9261259845794797,0.9600801272538098,0.9427974467370551,0.5989322951645498
454,0.11025376301660812,0.9894724071381237,0.9284555076376286,0.9608371438891267,0.9443688223375646,0.6013871500565895
455,0.10889807305962061,0.9896805473891537,0.9299435052456354,0.9614667974408658,0.945442459015358,0.5772456621718441
456,0.10899488097257751,0.989647176834606,0.9297323478452612,0.9613326416594974,0.945268469302517,0.5973143871708608
457,0.10880468472195186,0.9896671167709037,0.9298094516864568,0.9614718181305374,0.9453756014983855,0.5973481419077824
458,0.10857297129017844,0.9897026708308724,0.9301183247859244,0.9615139033233717,0.9455555765312716,0.5949832353559292
459,0.1081306717003421,0.9898089004295161,0.9307306521332429,0.9620132404446677,0.9461134326212322,0.5954726838655287
460,0.10879207963941337,0.9896575313194327,0.9295598185399091,0.9616607584962621,0.9453378532562781,0.5984162424296272
461,0.1260513060545321,0.9867867366684772,0.9109295573136134,0.9508969905100105,0.9304842877320371,0.561730070237067
462,0.11618059077601639,0.9884293987829058,0.921139394676336,0.9575607008764647,0.9389970080473709,0.5879016119861471
463,0.10961672630187848,0.9894887010323504,0.92843094458591,0.96105665139491,0.9444621246025955,0.5801300741760821
464,0.10783338836199946,0.9897851221928086,0.9305459789694598,0.9619586035276547,0.9459915909599661,0.5937840933347333
465,0.10653177743925037,0.9900110806720385,0.9323474631067572,0.962424715496713,0.9471473690161133,0.6014291120517077
466,0.10687240746488674,0.9899494206761869,0.9318994670427271,0.9622447828389283,0.9468290499504122,0.5964605247558227
467,0.10614916966330233,0.9900462982799141,0.9324834704853876,0.9626706554569433,0.9473366429113843,0.5954356993132881
468,0.10637798558304207,0.9900285967799914,0.9322290553081033,0.9627692234085816,0.9472530436552273,0.5970858471420737
469,0.10643074027657938,0.9900882105978069,0.9328604947241185,0.9627066862887033,0.9475486225348632,0.6049578494595591
470,0.10658489486618007,0.9900421715919957,0.9323467993809299,0.9627859836520437,0.9473219379490677,0.5912012031053439
471,0.1074441650868963,0.9899470105805807,0.9319519346549542,0.9621541150901554,0.9468122327312797,0.5932400991320529
472,0.10766195855605945,0.9898619568646994,0.9311890054481952,0.9620799122501579,0.9463824481300105,0.5842382134955828
473,0.10942208738796574,0.989577853970673,0.9293584583612942,0.9609760988591516,0.9449028610797827,0.5925033277235238
474,0.13018103510730986,0.9859712866565242,0.9052837978328999,0.9483746846194716,0.9263283872280975,0.5794301798310807
475,0.11329061911850095,0.9889202343222663,0.9243802866441058,0.9593395016935967,0.9415354970041447,0.5897182059985805
476,0.11086200461756411,0.9892716825658819,0.9268221974821665,0.9604738083909901,0.9433479888123406,0.608232008917373
477,0.10700391425932054,0.989894633915953,0.9315250529476422,0.9620568761446064,0.946544819340203,0.5983781895124445
478,0.10578008641977962,0.9900414506232247,0.9323461059989894,0.9627784526175366,0.9473179344929049,0.5902261825025283
479,0.10474739749011376,0.9902349517750169,0.9338171370116041,0.9632670838564449,0.9483135229628876,0.5899403497808525
480,0.1042686501156083,0.9903484803241718,0.9346951065521626,0.9635378319303459,0.9488973436559859,0.5945550472148745
481,0.10673409933559329,0.9899039103808077,0.9317170151081081,0.9619349029190585,0.9465848585412466,0.5932501921513003
482,0.10666730272308957,0.9899517346426236,0.9316959607329033,0.9625150140771278,0.9468547724472666,0.6038524799535099
483,0.10577448188132949,0.9901512781993546,0.9333497565362749,0.9628544274656533,0.9478725477319462,0.598392473243712
484,0.10484618741831334,0.9902730395252384,0.934136935622918,0.9633277751345324,0.9485078175766354,0.588115688797495
485,0.10434002986700415,0.9903990580000562,0.9350769366560191,0.9636699203689084,0.9491581394878682,0.5978301356511863
486,0.10456384201165583,0.9903575439315797,0.9348381789919462,0.9634730059666466,0.9489396233267233,0.5926056300338534
487,0.10455943823611136,0.9903415178257537,0.9346348855254105,0.9635287503887343,0.9488619066146191,0.5962369716695536
488,0.10481295865967119,0.9903197377024975,0.9345336830760398,0.9633969572848583,0.9487458473029009,0.5794128382500114
489,0.10587042425390628,0.990172454082117,0.9333939878207278,0.9630469856812884,0.9479886576842445,0.5815054572590481
490,0.10655072627575707,0.9900587813392079,0.9327144187997883,0.9625398221907986,0.9473924409815382,0.5863823461946964
491,0.11927619367409095,0.9878244716521122,0.9183546345432319,0.9538810521829811,0.9357807794028203,0.5742616258930879
492,0.11893806248742471,0.9879508677772387,0.9178047674421407,0.9560573734882186,0.9365406303582596,0.6021980934770119
493,0.10747733576853069,0.9898363933719871,0.9310425775383239,0.9619585296939831,0.9462480983761541,0.5890755815407971
494,0.10465768717979784,0.9902647518175554,0.9339758745697512,0.9634232420719618,0.948471048819296,0.5921064556411064
495,0.10321522936921754,0.9905234010807775,0.936205550282803,0.963771515501084,0.9497885614154188,0.5926657902737721
496,0.1021664453898188,0.9906434526807184,0.9368340467173469,0.9644151974504347,0.9504245641803585,0.5927006610305026
497,0.10212016693926115,0.9906696959439862,0.9371013975992473,0.964402867227271,0.9505561375218362,0.5861657616613904
498,0.10234575750802061,0.990672202168762,0.9373114269693922,0.9641846148939054,0.950558126182113,0.5944706195978049
499,0.10284716192391707,0.9906056052534207,0.9365370672743112,0.9643288120546168,0.9502297740738948,0.5952108147316797
500,0.1032227034539842,0.9905683826657244,0.9363102025738744,0.9641670424800554,0.9500344623530985,0.5975867454823375
501,0.10594323662062771,0.9900078122802762,0.9322725597936657,0.9624762513995172,0.9471336710514021,0.5910037059369384
502,0.10647116235638265,0.9899388739330212,0.9319113838393995,0.9621081905463957,0.9467690697400183,0.5917255598396284
503,0.10426218305185116,0.9903589103390602,0.9347530855487686,0.9635896631678367,0.9489523548452714,0.5916671343493101
504,0.1039356112667768,0.990401152242677,0.9351725078860206,0.9635809507945832,0.9491642110629027,0.6015581419158824
505,0.10391499080675111,0.9904273268422523,0.9352430293972943,0.9637998676309935,0.9493067369320144,0.5778002321723575
506,0.10324990859241795,0.990518828078858,0.936140563908812,0.9637954376106951,0.9497667329173485,0.602248166312226
507,0.10425978865501263,0.9903247501520489,0.9347355591826675,0.9632155479536407,0.9487618732058558,0.5983755141673394
508,0.10314716745784386,0.9905071552511355,0.9357586011802067,0.9641118887273408,0.9497236755549645,0.586439091422156
509,0.10661697701262914,0.9899320487619881,0.9317624559807482,0.9622070538327206,0.9467400641834769,0.5856759105671757
510,0.10709564768367534,0.9898294652054154,0.9312823316608442,0.9615909118428914,0.9461939721091079,0.5638632258219147
511,0.1105511827300564,0.9892252247115466,0.9269112446421948,0.9598234075775202,0.9430802665416752,0.5667342934543925
512,0.10763915516972113,0.9897539282773126,0.9303758426199515,0.9618003779693318,0.9458271669926439,0.5896227266628448
513,0.10250236518788251,0.990592929935788,0.9363923402447438,0.964353324833601,0.9501671720256323,0.5904693909940648
514,0.10541050220511371,0.9901962872497785,0.9336839982501116,0.9629778773646341,0.9481047163167083,0.6037966730984178
515,0.10544187377253883,0.9901168158920963,0.9331375674480914,0.9627079414611212,0.9476921430954102,0.586128662533418
516,0.10135116909208486,0.990784158319359,0.9378696451801014,0.9648181816302416,0.9511530719001775,0.59987439791188
517,0.10018994832049599,0.9909390910750823,0.9388901666349165,0.9654041256483704,0.9519625659469183,0.5993207383038975
518,0.09969515377561823,0.9910425054623341,0.9397818375718273,0.9655498733161862,0.952491609756936,0.5802976159803637
519,0.09897913732867447,0.9911427475869931,0.9405079591540787,0.9658537727086532,0.9530123747541654,0.5913732181475357
520,0.09938684416760643,0.9910934058575732,0.9401891255504241,0.9656590733165406,0.9527539079566391,0.5889779366030072
521,0.10010265521437144,0.990999123741422,0.9395429448875572,0.9653305134777461,0.9522621772482769,0.5940823999010026
522,0.10121403144096298,0.9908479812215238,0.9385706318565046,0.9647303933946625,0.9514707372998064,0.5846375918005523
523,0.1009252708432057,0.9909123877650748,0.9388381095939328,0.9651579641871252,0.9518161208783728,0.5958633666163153
524,0.10059685694227974,0.9909672706544781,0.9392651181456543,0.9652892404552997,0.9520993805049403,0.5979374216543347
525,0.100998026271947,0.9909327396835274,0.939211348514243,0.9649551430911323,0.9519092213772661,0.5927002747113993
526,0.10261940852933221,0.9906538758292377,0.9370188117940305,0.9643177370038709,0.9504722987527444,0.5823357158255628
527,0.10151509779820339,0.9908184077691705,0.9381755062121426,0.9648534002916135,0.9513274592366838,0.5894382041297411
528,0.10105172830144707,0.9908870714616556,0.938772610569915,0.9649434773710133,0.9516781552062048,0.596012643059872
529,0.10113796176348659,0.99087807651794,0.9386743880966635,0.9649550692574607,0.9516333188444901,0.5930485384846099
530,0.10996626645809027,0.989370874136046,0.9284798356597627,0.9596248688344823,0.9437954774326206,0.5965624236877647
531,0.11028177785626847,0.9892575378452301,0.9273811283834579,0.9596311446965716,0.9432305518056086,0.6010622761462245
532,0.104759655852648,0.9901787299436101,0.9334118036333338,0.963098447750421,0.94802277871714,0.5914998193340544
533,0.10051875966165563,0.9909508119673894,0.9391284421463678,0.965259928487659,0.9520149008315233,0.5932732589446662
534,0.09885296013822659,0.9911604422205464,0.9404972579494165,0.9660693670298397,0.9531118176270166,0.5933240712513571
535,0.09830622618897356,0.9912733459300997,0.941569800136619,0.9661162514113306,0.953685104540108,0.5966816504958038
536,0.09907401150775899,0.9911364373936536,0.9403384425106862,0.9659789946157533,0.9529862819324025,0.5956767079854399
537,0.09972911289216374,0.9910393949970645,0.9400509625317167,0.965199975546288,0.9524594875289119,0.5898536203969914
538,0.09869277781451778,0.9912098457472895,0.9410595905020883,0.9659812834595741,0.9533575954842625,0.5897583529743151
539,0.09833395507910268,0.9912786604998981,0.9415068495811589,0.9662503333590274,0.9537181308006378,0.5903524839953269
540,0.0978119808966093,0.9913809282034853,0.9422666709566404,0.966540204353883,0.9542490992485826,0.5864836761517432
541,0.09892441581586282,0.9912228506506462,0.9412282499753408,0.96593425141074,0.9534212259163152,0.599520356524579
542,0.10078374954382721,0.9908843249139562,0.9387128652354444,0.9649818708802657,0.9516661255916979,0.604280553614767
543,0.10102643506775658,0.9909185194328137,0.9391524921516471,0.9648604883240909,0.951832935468553,0.5967134332747683
544,0.10157748735208305,0.9907607096683753,0.9376955450848619,0.9647526911634976,0.9510317110089763,0.594588030525627
545,0.09841183528786512,0.991296396331667,0.9417665240170788,0.966151986908404,0.9538034178845065,0.5810658921643012
546,0.09735356276627068,0.9914694975004219,0.9430058665093276,0.9666980607438477,0.9547049984191448,0.5972383918976399
547,0.09866985107818954,0.9912481051567422,0.9413674796386481,0.9660619836626758,0.9535548781565418,0.5801429589289641
548,0.09821638286703353,0.9913319366588972,0.9418753770574094,0.9664329240289913,0.9539961380478089,0.5927970240069885
549,0.09795547383937904,0.9914105977850082,0.9426044444866898,0.9664885207837356,0.9543970794602651,0.5687295012529505
550,0.10067316639176804,0.9909216848290373,0.9393236684968863,0.9646967252403951,0.9518411356520101,0.5844100709881179
551,0.10286333840742386,0.9904597155059975,0.9354607082227592,0.9639163771648401,0.9494753872595337,0.6043430633000483
552,0.09900875009006734,0.9911907709735172,0.9408077425105306,0.9660556339669149,0.9532645404422794,0.5894764765251457
553,0.09793930437764246,0.9913887627307979,0.9424306922644816,0.9664397905604537,0.9542842524359572,0.5952544308511964
554,0.09758193392922981,0.9914592734766109,0.942940344953178,0.966656861555073,0.9546513279130716,0.5867580356847842
555,0.0997542538713637,0.9910933852584655,0.9403315547229391,0.9654927260543374,0.9527460483335749,0.5918198802720412
556,0.09821429352858942,0.9913570607039776,0.9421390883727465,0.966414760945768,0.9541225385833593,0.5888791159654875
557,0.09768374975797513,0.9914210277998966,0.9425986121284002,0.966614702528567,0.9544556075233934,0.5961054465205575
558,0.0970967915311134,0.9915398297206344,0.9434792177633183,0.966955444923182,0.9550730884511938,0.5946725615636614
559,0.09820657306545072,0.9913844369181714,0.9425554141015524,0.9662457556713858,0.9542535731671286,0.5613809977072595
560,0.10796523263021339,0.9897227068963396,0.9306057390469883,0.9611616428759809,0.945636920859693,0.5660409616238854
561,0.09964064359932924,0.9910461652371435,0.9398448935818353,0.9655182725047247,0.9525086180156543,0.5616304618223293
562,0.09832421353877448,0.9912427837205746,0.9412633752108562,0.9661220104377185,0.9535307036033381,0.5843878543507186
563,0.09658537589335184,0.9915240302049936,0.943327189185724,0.9669504242335105,0.9549927396588905,0.5803070854559153
564,0.09683255260314444,0.9914706167186094,0.9428723125364552,0.9668654416774538,0.9547181573956469,0.5900815430827593
565,0.09543291768796153,0.9916769579808963,0.944439518965736,0.9674149118617928,0.9557891639308124,0.5917911102429387
566,0.0950409632390566,0.9917681502308858,0.9452201167178579,0.9675578538500863,0.956258553391754,0.5799162705925001
567,0.10175017094601402,0.990637636865965,0.9373947938854303,0.9636883049531466,0.9503597191971666,0.5794826787909357
568,0.09796842891160104,0.9913048076339964,0.941723466879944,0.9662983990792646,0.9538526729241574,0.5850456083675624
569,0.09584941382674005,0.9916228715903258,0.9440575274537789,0.9672372680478288,0.9555068384882369,0.5866681558990084
570,0.09483341055272294,0.9917993304136433,0.9454514552376841,0.9676478570958146,0.9564208912217537,0.5935915132191688
571,0.0948583802891721,0.9917908916458369,0.945150572999103,0.967897414905955,0.9563887598078535,0.5835558491008979
572,0.09428789262934555,0.9918741395066057,0.9460049582378908,0.9678658879281652,0.9568105713335276,0.599335809979401
573,0.09460990589192446,0.9918618624383895,0.9459318816456854,0.9678097005040477,0.9567457378904493,0.5892732595362237
574,0.09503339295335811,0.9917719610658187,0.9452010522999661,0.9676232704831587,0.9562807442346739,0.5892309209129678
575,0.09478836521345506,0.9918232459777359,0.9454911829052997,0.96787511713712,0.9565522183455335,0.5848259373972695
576,0.09462938576990323,0.9918674379302193,0.946002635552739,0.9677921280901975,0.9567733397888377,0.5895245514038318
577,0.09639261746042066,0.991617708080651,0.9443093792934464,0.966887887113632,0.9554652641828875,0.57996568678558
578,0.09727087371694527,0.9914132413371688,0.9425835360289638,0.9665430100334053,0.9544129277343383,0.597355216083196
579,0.09686435968112603,0.9914878032408384,0.9431141299979285,0.966782304963188,0.9548015648935562,0.5821106236639394
580,0.0950533949749933,0.9918047823108266,0.9455750476189652,0.9675681167304442,0.9564451684546141,0.587398252631998
581,0.0939816773446987,0.9919299218903807,0.9462655693133234,0.9682030863065415,0.9571086389796621,0.5885965400476975
582,0.09397144961378558,0.9919262483828327,0.946132463161953,0.9683138368140003,0.9570946498213493,0.588385839643883
583,0.09402184012821681,0.9919673230036773,0.9466012234192449,0.9682448023310176,0.9573006937691011,0.5682026281530882
584,0.09483049625008226,0.9917943934941535,0.9453751741534151,0.9676791625725896,0.9563971490818318,0.588235768486516
585,0.09450560485233934,0.9918419499675688,0.9455380670650984,0.9680346717015325,0.9566541305585466,0.5923956229598889
586,0.09381214548036348,0.9919451583637431,0.9462880822549579,0.9683509751508348,0.9571924104241136,0.5827457593173864
587,0.09386489552398808,0.991942501078844,0.946321040296562,0.9682829005055834,0.957176011372795,0.5842948313861585
588,0.09644491501527724,0.9914682272221109,0.9432134971060758,0.966443408410364,0.954687163299981,0.5970987018243311
589,0.09570307161310594,0.9916399413842776,0.9443310284129328,0.9671169929967286,0.9555881973904746,0.5934412550389109
590,0.0958908870950234,0.991584859370166,0.9437689576506466,0.9671357467493249,0.9553094861450944,0.5896003633281677
591,0.09433192356402496,0.9918721482595237,0.9459839375253432,0.9678672907679263,0.9568005048533783,0.5814921554597607
592,0.09410279911520669,0.9918838073545077,0.9458352414811733,0.9681708948257067,0.9568727442738914,0.5983860136409942
593,0.09532146001730463,0.9916829797867273,0.9447087475020782,0.9671736234228758,0.9558092028003082,0.5946009587888479
594,0.09517037884580146,0.9917173596975546,0.9448791902002706,0.9673700948231078,0.9559923792145565,0.5881012127549493
595,0.09421886391133713,0.9918289931287968,0.9455669058421211,0.9678537053723447,0.9565805115017474,0.5895307241253419
596,0.09575998013932928,0.9916352447877116,0.9442150361264943,0.9671970286967855,0.9555678696386248,0.5857973519511822
597,0.09379470314857342,0.9919393356826204,0.9464277542594618,0.9681245272799174,0.9571532008102953,0.5937877493901025
598,0.09217191940481714,0.9922069386913426,0.9483577900219197,0.9689660834692612,0.9585511829588453,0.5789323908037218
599,0.09182121082068347,0.992265749143956,0.9488542497137902,0.9690694506095561,0.9588553145504839,0.5995505707423777
600,0.09368997048452604,0.9919234606369178,0.9466808465638429,0.9676538376232173,0.9570524545669106,0.5795938656023124
601,0.0940058427534515,0.9918759316289797,0.9459253963865317,0.9679775982733553,0.9568244533759359,0.58231813257249
602,0.09181010157620306,0.9922538703251561,0.9486935596414277,0.9691172948287783,0.9587966759059428,0.5915618205218296
603,0.0927537229153321,0.9920921879284614,0.9474928658078553,0.9686471958414513,0.957953258129346,0.5833626548455592
604,0.09471079480680202,0.9918594111445678,0.9458398847187061,0.9678872996929405,0.9567365917349606,0.5898568988955382
605,0.09430071203667911,0.9918445179896677,0.9457068700366998,0.9678700964474486,0.9566601349672106,0.5878683933882255
606,0.09372244601091034,0.9919535696660725,0.9464148279017661,0.9683015804245082,0.9572331125480268,0.5857436957629512
607,0.09245902945776638,0.992166639970223,0.9480404111511982,0.9688695090267571,0.958341795846427,0.5903113240071725
608,0.0913632427134531,0.99231523506713,0.9491212204701327,0.9693281637949799,0.9591182727081288,0.5992606091893832
609,0.09072280145859976,0.9924184915278891,0.9499886886118449,0.9695157751546151,0.9596529075221653,0.5921619730229252
610,0.09109768323707494,0.9923723083283237,0.9497996662249375,0.9692058952347453,0.9594046565419952,0.5815037456183715
611,0.09080242009150039,0.9923895841133529,0.9495973268551031,0.9696316940190887,0.9595099434825283,0.5930460732604129
612,0.09528015796497143,0.9916074977895785,0.9443126994805141,0.9667673905615168,0.9554081266482141,0.5909222235694828
613,0.09283840566498341,0.9920370853152422,0.9470924218691222,0.9684774522303528,0.9576655679967643,0.5921929862209879
614,0.09221376634115795,0.9922018713108371,0.948449213925433,0.9688043138946996,0.9585187108829766,0.5885205797075869
615,0.09212702559642226,0.9922152538645025,0.9485152764441808,0.9688812485805477,0.958590102093889,0.5699479678537634
616,0.09144370986832132,0.9922783351987885,0.9488767304736488,0.969186919981134,0.9589242939163913,0.5827739358228144
617,0.09136153745511882,0.9922946428257537,0.9490765451565709,0.969144982455643,0.9590057857913601,0.5901442148445396
618,0.09190000040228848,0.9922315614914677,0.9486120386482215,0.968956485091948,0.9586763396508844,0.5818392458564432
619,0.09104650388572284,0.992392516053022,0.9499160659837139,0.9693032818476375,0.9595117528157818,0.5874773575831423
620,0.089961882452849,0.9925610785517036,0.9510708314548627,0.9699079796183626,0.9603970468523606,0.5773476433235405
621,0.0906881658400563,0.9924561741623249,0.9504164833857957,0.9694586278927664,0.9598431215624772,0.5897310287175872
622,0.08991869630144654,0.9925297885070382,0.9508647065705131,0.9697863017275011,0.9602322996153001,0.590529190645333
623,0.08995959631723466,0.9925338259321563,0.9509086441554334,0.9697823885429043,0.960252784561198,0.5883707289422803
624,0.09024897744383314,0.992500633903209,0.9506179791383005,0.9697348396583686,0.9600812564783694,0.5866610865587462
625,0.0903294451079137,0.9924891602001947,0.9507830565691759,0.9694179455396932,0.9600100784667569,0.5874204617873425
626,0.09519292126081401,0.991716734857953,0.9453496070812938,0.9668222489795448,0.9559653650306479,0.5969106830276448
627,0.09796310218868495,0.9913215890404398,0.9422711906917169,0.965855249382086,0.9539174729279496,0.5905664968891718
628,0.09174573713605352,0.9922482124368953,0.9486884930232317,0.9690587447271684,0.9587654327841674,0.6077582244544458
629,0.09083940092769029,0.9923641716807642,0.9496776342356333,0.9692519674458482,0.9593649653594681,0.5878119075628817
630,0.0888745474005989,0.9926549830175463,0.9517031885760826,0.9702578773882609,0.9608909691291329,0.5749623531568828
631,0.08880742189052293,0.9926619043177488,0.9518678403955,0.9701505232296974,0.9609222272605659,0.5797577784520311
632,0.08864998490475923,0.9926963734913763,0.9522447332224343,0.9701160429050419,0.9610973173639669,0.5808288303061161
633,0.08825979475601972,0.9927580472199664,0.9525826759018835,0.9704336015267622,0.9614252856596178,0.5827098409583384
634,0.08880803310613838,0.9926982411438119,0.9521395734264584,0.9702556623781117,0.9611122575474549,0.5885871709452516
635,0.08963710932637291,0.9925525299219893,0.9512049417073968,0.9696595293132967,0.9603435848510103,0.593843415530575
636,0.08928968714509937,0.9926222510353386,0.95152838048447,0.9700843682599087,0.9607167817415859,0.5862730870777167
637,0.08887651975420739,0.992691615097487,0.9520265012310166,0.9703080842849755,0.9610803629692182,0.5891867114327735
638,0.08846939385955711,0.9927526845855833,0.9524554409243535,0.9705161475716548,0.9614009804300176,0.5853705179830577
639,0.08986975215107416,0.9925724080609637,0.9512701352461074,0.9698111836748436,0.9604511862889208,0.5566551873272708
640,0.09227819263720684,0.9921942839728175,0.9483641972185644,0.968814872109744,0.9584804603188841,0.5952829757223984
641,0.09060112512904964,0.9924639537586835,0.9503965568676574,0.9695694522338968,0.9598872737110169,0.5977290581597988
642,0.08986002615512274,0.9925277148635251,0.9509383906021919,0.9696794644046393,0.9602174913422987,0.5831482192629297
643,0.08937367530231424,0.992606678109883,0.9513526374446236,0.9701063706940571,0.9606379844196103,0.5913528086720903
644,0.08831190588555747,0.9927859590109616,0.9527405152346355,0.9705718181600708,0.961573508421186,0.5921838125021798
645,0.08772417387033966,0.9928483262428458,0.9531867654032292,0.9707755252601235,0.961900747583029,0.596798390917311
646,0.08874125905978165,0.9927050457157371,0.9522169231763629,0.9702455471650971,0.9611467000268867,0.5775900929237283
647,0.08922706497498124,0.992650307020088,0.951676402754967,0.970235136617396,0.9608661644687924,0.5903901145569118
648,0.0901691094710887,0.992482479222916,0.9504982318238132,0.9696644761692965,0.9599856993625018,0.5964798925206823
649,0.08950122440461632,0.9926092323992435,0.9516034340392848,0.9698521613626033,0.9606411404683446,0.5973125046307021
650,0.08832385862688366,0.9927577450997195,0.9525795069957111,0.9704337491941055,0.9614237441201221,0.5851079122657072
651,0.09082467048663459,0.9923962376251547,0.9501849960681187,0.9690407293112884,0.9595202371398696,0.5660200180796364
652,0.0915385206772698,0.9922781841386651,0.94899459523401,0.9690511398589895,0.9589180043060321,0.5825308830292183
653,0.09351018008193095,0.991958225064423,0.9472219930989269,0.9674313029368967,0.9572199926237022,0.5846556289064656
654,0.09076471778182246,0.9923528353051349,0.9497449022972723,0.9690469313397061,0.9592988327266603,0.58882243212899
655,0.08838614341702393,0.9927333969543642,0.9524336295211142,0.9703224080172735,0.9612948027007387,0.5867629320911988
656,0.08711785169170914,0.9928893596654749,0.9535902270021566,0.9707863788098544,0.9621114708461841,0.5877741548185114
657,0.0882788480212577,0.9927137866037905,0.9523981378440994,0.9701404080166829,0.961187405091758,0.5934163619468279
658,0.08789202690178113,0.9927828897439075,0.9527822375081701,0.9704901581192379,0.9615546777822511,0.5935651244850387
659,0.0953338997934362,0.9915600305789635,0.9447975317144655,0.9656673426877642,0.9551184468797284,0.5848320213362929
660,0.09574972756421395,0.9914657072645967,0.943235375338776,0.9663892883290525,0.954671962970608,0.5837658473724174
661,0.08988705395365791,0.9924135820738764,0.9499659823982424,0.9694857986839296,0.9596266374023559,0.5909726602133436
662,0.0902045123788307,0.9923244428682922,0.9499477491583016,0.9684946554758447,0.959131549447349,0.5903644566159734
663,0.08750556777867911,0.992744554804393,0.9524243465053962,0.9704591479771494,0.9613571726778479,0.5784605926076487
664,0.08631931116683877,0.9929475658775945,0.9540970415334629,0.9708757913862095,0.9624132916754738,0.5870124781070477
665,0.08535653559102428,0.9931027526889801,0.9550883210661053,0.9715185873315005,0.9632333948503247,0.5872670444353822
666,0.0854098180429541,0.9930835611869305,0.9549127539807112,0.9714982830717998,0.9631341215684047,0.5854340632160463
667,0.08558029448278516,0.993080951966616,0.9549505379515816,0.971426590576638,0.9631181054982525,0.5845988289568608
668,0.08524065230229347,0.9931408679046785,0.9553413732750942,0.9716658855064207,0.9634344833877063,0.589764173805785
669,0.08531112284165063,0.9931289959522479,0.9552221407424015,0.9716651471697043,0.9633734861263593,0.5938454681407457
670,0.08539684857878325,0.9931583290816774,0.9556779649629703,0.9714871341873822,0.9635177056674913,0.576179253704245
671,0.08617047436213751,0.9930090473478457,0.9544064519574235,0.9712236218133018,0.9627416019079457,0.5868651676128567
672,0.08718860953403033,0.9928196110866485,0.9527037027082847,0.9709939990945039,0.9617618998847189,0.5949484744585459
673,0.08599198915117937,0.9930878869995571,0.9550556267686211,0.9713873848969976,0.9631522781624479,0.5827142214192067
674,0.08625104845159774,0.9930033688604771,0.9543058781846517,0.9712721305355688,0.9627142596035926,0.567565339333645
675,0.08657941764904012,0.9929718590919957,0.9541268743929147,0.9711167844904399,0.9625468630747476,0.5867787618514584
676,0.08718676775318684,0.9928550896165556,0.9531838662152198,0.9708552656254937,0.9619384141516766,0.5958019564518443
677,0.08796181435958086,0.992797988889885,0.9528547475278155,0.9705794230282496,0.9616354177776822,0.5806678652544935
678,0.08679861974694746,0.9929542880530888,0.9539690825549065,0.9710951512246496,0.9624559370348584,0.5924716184192488
679,0.08654627149000013,0.9929908789348141,0.9543217349019385,0.9711133143078728,0.9626443055318807,0.590289255697185
680,0.08595846269092114,0.9930583135472038,0.9547049805865842,0.9714457134975926,0.9630025977657056,0.5766623348645388
681,0.08802452897853988,0.9927122966016636,0.9524029637833904,0.9701181102478478,0.9611789185567902,0.5878317697273017
682,0.08566298930765055,0.9930959481170548,0.9549826396020281,0.9715599341876184,0.9631999656846106,0.5885106642394025
683,0.08533672053072093,0.9931602379323285,0.9555337458556508,0.9716695771900027,0.9635341115529462,0.5843868998401633
684,0.08480338670527764,0.9932443784210998,0.9561581919754908,0.9719217930123223,0.9639755524500331,0.5856117619856418
685,0.08744045503759126,0.9928231953313963,0.9532438876100487,0.9704271779973296,0.9617587874926501,0.5870626727835749
686,0.08592999173100475,0.9930643010211884,0.9549482219251793,0.9712412680608236,0.9630258360529002,0.5880605262121985
687,0.08548898202963441,0.9931378055039937,0.9552312662466418,0.9717543382450445,0.9634219631312104,0.5916151559299554
688,0.10008795099775139,0.9909211355194975,0.9402822738397758,0.963572386088673,0.951784874413393,0.5825428289830678
689,0.09356509091453158,0.9919071186781063,0.9463343876145206,0.9678642635873891,0.9569782473734898,0.5878335710713389
690,0.08698993527310357,0.9928891605407667,0.9534707444918704,0.970918245747402,0.9621154011054827,0.5881936564596046
691,0.08479031165994758,0.99318845870994,0.9557752169390571,0.9717183812469562,0.9636808625606135,0.5834921641529567
692,0.08391056350506038,0.9932849929952048,0.9563833230575053,0.9721286749602553,0.9641917224820046,0.5894831420771953
693,0.08391736269586807,0.993311469715027,0.9567221551079635,0.9720498205989446,0.9643250845086413,0.5955698349834669
694,0.08333819209457301,0.9933777919755984,0.9571367281804551,0.9723357045755316,0.9646763531533273,0.591182340882415
695,0.08333577514498783,0.9933966058273392,0.9573218536316224,0.9723418327702777,0.9647733874775731,0.5883589144683119
696,0.08395519705234672,0.9932950384934153,0.9565903133757395,0.9720114270896922,0.9642392165633271,0.5870745348715687
697,0.08339508888211182,0.99343259933494,0.9576094498455198,0.9724276274967225,0.9649616541709526,0.5814054470154035
698,0.08381154721857403,0.9933745991138978,0.9572109132928883,0.972217349199894,0.9646557737725714,0.5821331700017863
699,0.09102684389397823,0.9921898894964984,0.9492518451300227,0.9677557280900795,0.9584144824024458,0.5799521500974328
700,0.09081358957044083,0.9922354066582468,0.9490588610248613,0.9684919974636658,0.9586769581163199,0.5785251807773857
701,0.08656533515389017,0.9929103295571599,0.9534459717124208,0.9711853759713927,0.9622339214419362,0.5860658253559087
702,0.08413514389033369,0.9932820473227971,0.9564526540435,0.9720182936211547,0.9641726548575964,0.5924693919232003
703,0.08314645481999401,0.9934395824324657,0.9576262917745069,0.972487506604422,0.9649996860587137,0.5847553252104605
704,0.08302862400845658,0.9934582314913446,0.9577518501692971,0.9725580177608374,0.9650981496626112,0.5891989975321185
705,0.08295705198250014,0.9934564393689708,0.9577407307364696,0.9725501913916437,0.9650886509422292,0.5881214678704112
706,0.08333919894137828,0.9934234601974702,0.9575080715340386,0.9724372997077073,0.9649149425735353,0.5952838506822066
707,0.08293585988471834,0.9934498682535999,0.9576565911065086,0.9725696096472848,0.9650554910350717,0.592503366120494
708,0.08307977417390124,0.9934463252070678,0.9576918059925635,0.9724906814523024,0.9650345115957306,0.5911666938800861
709,0.08488451496517058,0.9932384115462228,0.9562956305948752,0.9717014733361509,0.963937001045627,0.5766669180862538
710,0.08460228087501132,0.9932490338194503,0.9561536583734301,0.9719793094425292,0.9640015373415495,0.596269686197886
711,0.0836020955186096,0.9934001763393485,0.9573086409146017,0.9723966911883057,0.9647936805531824,0.5848959054871192
712,0.0833644442287066,0.9934690528892803,0.9579007698873008,0.9725146035619135,0.9651523711335673,0.5827847168662422
713,0.08381708352257022,0.9933602415357992,0.9569378372865833,0.9723591836831129,0.9645868771743478,0.5839799094605954
714,0.08342981179037111,0.9934197660908145,0.9575289623012039,0.9723725475776797,0.9648936711911955,0.5816830866420759
715,0.08302974101263198,0.9934774847907175,0.9578427369338856,0.9726737889579676,0.965201293709665,0.5911204954656135
716,0.08368949330807161,0.9933786365390159,0.95722763205681,0.9722442246563707,0.9646774931810483,0.5871920043622405
717,0.083698645193907,0.9933901789057227,0.9572581835727484,0.9723402084295016,0.9647402543387764,0.5911861604958644
718,0.09342602005215,0.9919092815844196,0.9471464648126563,0.9669601702781668,0.9569507676359456,0.5852572473071694
719,0.0871525602616209,0.9929458355525439,0.9540152285788531,0.9709479268834009,0.9624071045467808,0.5885585343156206
720,0.08425917941406905,0.9933260332842031,0.9569832305167649,0.9719235650204416,0.9643955376388141,0.5947016261570974
721,0.08326818304900215,0.9934403583321908,0.9576253755827362,0.9724972526490783,0.9650040191222521,0.5828108194309433
722,0.08297996938550214,0.993476228245145,0.9579952908188132,0.9724905337849591,0.9651884928220926,0.5905988892653486
723,0.08201238644316042,0.9936411858999712,0.9592297616443631,0.972978648188166,0.9660552888986568,0.5786675623155723
724,0.08584190074274008,0.9930153644075543,0.9546896944138215,0.9709779771877581,0.9627649484845523,0.5891659784657295
725,0.0904270662865836,0.99235333655009,0.9506644140061344,0.9680117094296526,0.9592596408070282,0.4076744420991961
726,0.10684419140594897,0.9897844561549914,0.9328227140153429,0.95923199986769,0.9458430466321703,0.5750004756673613
727,0.08706077131972038,0.9928557075897879,0.9534068136272545,0.9706118360100993,0.961932399162252,0.5896440239174079
728,0.08342018090992523,0.993373637822203,0.957285738341257,0.9721234327695689,0.9646475325520261,0.5874068922592672
729,0.08251360915065241,0.9934924466093099,0.958123639354701,0.9725306993023308,0.9652734146578381,0.5832520961931039
730,0.08123863524616622,0.9936399980180912,0.9591719599936709,0.9730291504195672,0.9660508653152654,0.5910534591976363
731,0.08091082747543243,0.9937557581372518,0.9602383924645775,0.973152378817533,0.966652256480101,0.5897161151747728
732,0.08049996406268731,0.9938158800663918,0.9606138575900579,0.9734134546804494,0.966971301592317,0.5847706937835748
733,0.08035846448523536,0.9938248544109995,0.9607096443878905,0.9734087293254644,0.9670174968648849,0.5814045967333173
734,0.08073271104811336,0.9938157015407912,0.9606488240372195,0.973372993828391,0.9669690519859552,0.5894769641055141
735,0.08061132949890851,0.9938469641199797,0.9609042142645055,0.9734426928144185,0.967132816194689,0.589280866327807
736,0.08146677264045897,0.9936528724604321,0.959588573589553,0.9727138806416677,0.9661066498071162,0.5872023545829768
737,0.08140304245108324,0.9937004426665859,0.959672805852763,0.9731549629960404,0.9663668630176925,0.5833667449381884
738,0.08187064628967707,0.9936476540198033,0.959311655139484,0.9729608542733009,0.966088047055534,0.5807930277016353
739,0.08213868371391897,0.9936230037542011,0.9590886749756522,0.9729302871332424,0.9659598981489793,0.5921698941277055
740,0.08151374433002026,0.9937442638351298,0.9599708540518687,0.9733181354103632,0.9665984204192479,0.5917316999409652
741,0.0821408833035355,0.9936543281307129,0.9594171347982262,0.9729193597498397,0.9661210737928204,0.5855799977795004
742,0.08217944924404724,0.9936493500130077,0.9593573965157014,0.9729294011291827,0.9660957352692229,0.5817429534786346
743,0.08214264070253363,0.9936555503444391,0.9594598776522865,0.9728859130965871,0.9661262529907043,0.5912383103233559
744,0.0825502719033322,0.9935991087892163,0.9589105945485771,0.9728586684717523,0.9658342764367378,0.5876480715775394
745,0.08340500746753148,0.9934906956851516,0.9582250580822934,0.97239868469744,0.9652598437246686,0.5906163513223209
746,0.09476916506725679,0.9917511422342572,0.9460327895487668,0.9664313735218868,0.9561232946006111,0.5768925115239145
747,0.08517015934419289,0.9931956340658047,0.9558747073472137,0.9716883309425991,0.9637166520857625,0.5898784343618629
748,0.08230415612405581,0.9936235393310024,0.9591298093640127,0.972890859952587,0.9659613272857834,0.5840553246287552
749,0.08192971916936284,0.9936809902425048,0.9595832217475305,0.9730354262816565,0.9662625062404268,0.5960216219515597
750,0.08134067874643014,0.9937435291336202,0.9600320487656302,0.9732424558969329,0.9665921178053376,0.593021042476703
751,0.08087179449339993,0.9938196085048937,0.9606496499839988,0.9734158911916134,0.9669906373428097,0.5945337924263083
752,0.08136602351776988,0.9937363331786477,0.9599636682167101,0.9732370660389033,0.9665547994103357,0.5854883812032721
753,0.08086745331077266,0.9937919164377145,0.9603871500982452,0.9733941840921515,0.966846923024882,0.5918279890668481
754,0.08033478760542415,0.9939015448891362,0.9612927634972075,0.9736275723282031,0.9674208516922697,0.5846420004857847
755,0.08074041908915094,0.993836252583952,0.9608609356571534,0.9733701881488688,0.9670751113601634,0.5821143467017836
756,0.08053771568556055,0.9938654689851045,0.961012268380359,0.9735313670540572,0.9672313100158746,0.5761869592940715
757,0.08110987894880257,0.9937942166714127,0.9606072182931019,0.9731778514342486,0.9668516769575813,0.5919577179457226
758,0.08104927221433722,0.9937813422290718,0.960290753799862,0.9733817062016444,0.9667919171612391,0.5888148502745703
759,0.08156631600192125,0.9936975244596552,0.9596317988926679,0.9731674408865475,0.9663522239675647,0.5857251500459744
760,0.08131031949314282,0.9937780738373094,0.960456680172092,0.973162420196876,0.9667678057091769,0.5920453067338608
761,0.08089977718568106,0.9938407363230713,0.9609348900985356,0.9733391780067803,0.9670972603822543,0.5798805537635108
762,0.08114282026377728,0.9937805113983926,0.9603661228604076,0.9732894141120955,0.9667845830652748,0.5748205745243034
763,0.08211187846797834,0.9936474548950951,0.959461081219403,0.9727936948407098,0.9660813903210127,0.5844513191833145
764,0.08124547872504742,0.9937880575381968,0.9604082018331286,0.9733277337876762,0.9668248093049286,0.5796223704367994
765,0.08056553877997312,0.9939011054415042,0.9614552632951077,0.9734443171551945,0.9674126468472951,0.5873604744063389
766,0.08072629704964247,0.9938703853054864,0.9610570446281541,0.9735372737477883,0.9672569036890795,0.5921584827446731
767,0.08058869885615737,0.9938667804616309,0.9610326360201032,0.9735236883522067,0.9672378360435667,0.5817153463320471
768,0.08045214088298648,0.993927623359542,0.9615181331083171,0.973672389366888,0.9675570929168396,0.5900904705749711
769,0.08039251763186009,0.9939031790850174,0.9612754117262949,0.9736649321660525,0.9674305065846003,0.5855972294604354
770,0.08047167542759034,0.9939292781545309,0.9614881901199098,0.973723777602349,0.9675673034469067,0.5984160417994527
771,0.08035711445611157,0.9939190541307199,0.9613914266916711,0.9737154343974538,0.9675141869324947,0.5808417267790936
772,0.08068469761730097,0.9938867478634056,0.9611679903667291,0.9735987771962638,0.9673434501668117,0.5895137547945466
773,0.08602443306619743,0.9930870905007242,0.9557227819915977,0.9706339122779194,0.9631206366891601,0.5287529210122937
774,0.09474936017779995,0.9917196324657758,0.9457649847075245,0.9663788039476797,0.9559607809411018,0.5943850708657444
775,0.08372318014341722,0.9933690442211758,0.9572654407379275,0.9720942684692715,0.9646228683063226,0.5772409471185076
776,0.08092802533169659,0.993804447561593,0.9605531657362328,0.9733520250656456,0.9669102430661626,0.5867053829625949
777,0.07987594632632869,0.9939470757836231,0.9616856072234934,0.973706574356857,0.9676587589118623,0.5901654372311254
778,0.08048534958804254,0.9938466482669943,0.9610230968678652,0.97330853703305,0.967126802947531,0.5860246963124827
779,0.07923560391227119,0.9940183898946381,0.9623113389055216,0.9738194660407934,0.968031201015843,0.5912201569010027
780,0.07967820248345463,0.9939484902556882,0.9616290238872932,0.9737844688804365,0.9676685749947705,0.5806320236700481
781,0.08236011239639718,0.9935433058063337,0.9586613032778605,0.9725072940284213,0.9655346625260487,0.5815291063445792
782,0.07984358225714602,0.9939403673408672,0.961497837659533,0.9738374076230017,0.9676282844988824,0.5877055825523488
783,0.08012704453397569,0.9939045660916055,0.9612850605363535,0.9736698790220524,0.96743783481774,0.5845783175015116
784,0.07952369119060769,0.9940431774876252,0.9625049893863803,0.9738849565075374,0.9681615334912456,0.5907203101723542
785,0.0789911171434809,0.9940923475578137,0.9627573808117756,0.9741590270966621,0.9684246460945521,0.5857161205968973
786,0.07848563546435439,0.9941532453866787,0.963247578876309,0.9743044794297914,0.968744480310446,0.580899097249659
787,0.07853784974289241,0.9941292748916322,0.9629219785150098,0.9743921199980272,0.9686230939609519,0.5868545606984752
788,0.07870483316695519,0.9941440581846243,0.9631202475947226,0.9743408055962379,0.9686980353818742,0.5822378602414553
789,0.07883295337100038,0.9941375351338382,0.9631021418766279,0.9742876453526577,0.9686626039100008,0.5912258532702216
790,0.07865127635677513,0.9941630368292271,0.9632447094558022,0.9744170757790412,0.9687986832374845,0.5855999049412434
791,0.08072510566026402,0.9938926529409593,0.961472265419474,0.9733309824692283,0.967365281962235,0.5811877495843498
792,0.08837970768322619,0.9926749298202132,0.9530202945681652,0.9690014497979763,0.9609444324242001,0.5770417379503965
793,0.09092000469886999,0.992280916953626,0.9499773159390075,0.9679671138919825,0.9588878452055714,0.5887462744323091
794,0.08510547939339559,0.993123804977096,0.9560788489578224,0.9706512631907546,0.9633099483933432,0.5947004060292735
795,0.08140356404532631,0.9936771588084641,0.9596727558645892,0.9728936656321092,0.9662379878641222,0.580292920958554
796,0.07885386225291723,0.9940543010058077,0.9623551197043038,0.9741734246626318,0.9682282096290339,0.5773133775962113
797,0.07869838877654761,0.994073897623643,0.962598619948181,0.9741262449464544,0.9683281255252273,0.5816525556346154
798,0.07869562918735708,0.9940931646557543,0.9628029562876574,0.9741183447435889,0.9684275985749377,0.5823574774256466
799,0.07827510013372349,0.9941680561451478,0.9633645593651705,0.9743423561033423,0.9688223611787705,0.5871411230556512
800,0.07786432403749485,0.9942216412907632,0.9637954753691385,0.9744711958603528,0.969103935375424,0.5825998761779466
801,0.07728431865626531,0.9943237510678578,0.9646452858822284,0.9746863471795094,0.9696398222887659,0.5891714276347276
802,0.07751201081806593,0.9942771902179836,0.964122448422181,0.9747354465711495,0.9693999005690898,0.5720730082900674
803,0.07800878709677955,0.9941894860835724,0.9635019273449363,0.9744319901807124,0.9689361356597986,0.5726425709191171
804,0.07932595199764632,0.9940248923463164,0.9622595112064519,0.9739489703008486,0.9680689544052986,0.5833610770647948
805,0.07847514479226775,0.9941694362853667,0.9634230819214443,0.974293921214747,0.9688280081712917,0.5889966400245655
806,0.07858817606976778,0.9941603040142662,0.9632649441387677,0.9743644323711624,0.9687828971806465,0.58700042885975
807,0.07862119292237348,0.9941350838400165,0.9630484572148692,0.974318876995761,0.9686508848962332,0.5892140824238621
808,0.07904554696472214,0.9941022007976853,0.9629467859672521,0.9740622311531432,0.9684726158016744,0.5742959819120903
809,0.07882489684781582,0.9941670879870838,0.963344495922032,0.9743534311540882,0.9688176901767043,0.5815592411540387
810,0.07913538273557913,0.9940831672221285,0.9627659046538131,0.9740470214167855,0.9683736091665268,0.5944849458874251
811,0.07862830361043163,0.994150100589563,0.963147830808619,0.974378239267759,0.9687304878440874,0.5747314330170216
812,0.0797835261085265,0.9940026865081667,0.9621493764158896,0.9738210165478979,0.9679500133035077,0.5920570061523737
813,0.0800427895494931,0.9939922015623243,0.9619569624728492,0.9739144161425214,0.9678987600209977,0.5799967111988681
814,0.0792381641716301,0.9941058743052333,0.9629204593051656,0.9741320778065139,0.9684938222522389,0.5821045437985135
815,0.07888029614905659,0.9941322274304091,0.9630645709498346,0.9742693346020912,0.9686345508425266,0.5897506877681609
816,0.07817967920798621,0.9942371249534185,0.9638399082649864,0.9745957532644082,0.9691879901556053,0.5804125791611042
817,0.07866426886280449,0.9941536093042489,0.9632110008909853,0.9743484842980884,0.9687477323420538,0.5802518455970961
818,0.08006843564053662,0.9939175847277006,0.9614422924866893,0.973643151232919,0.9675042581954144,0.5639279930114445
819,0.08059736870550852,0.9938370559491542,0.9610013801898466,0.9732248834830828,0.9670745081150403,0.5973690667268241
820,0.07852039389687476,0.9941827021107549,0.9636171569246769,0.974230498090809,0.9688947635587742,0.5817066094831855
821,0.07800970753159026,0.9942263928182832,0.9637756986717131,0.97454584170238,0.9691308484278118,0.5869303598037
822,0.07791961856829606,0.9942743956056994,0.9642506283226,0.974564669288648,0.9693802146706705,0.5837094490828857
823,0.08403856200065545,0.9933516311087616,0.957883622157048,0.9712129159309141,0.9645022189710578,0.5880337863651885
824,0.07997379158523014,0.993925220130305,0.9616171161844715,0.9735369045794301,0.9675402997754936,0.5876082396876637
825,0.0785165087005003,0.9941012463723597,0.9627756241365968,0.9742386197946893,0.9684732037149463,0.5759127823839257
826,0.07713853457956005,0.9943179695849504,0.9644841876293395,0.9747970238532966,0.9696131846044679,0.5840715399538637
827,0.07703599540798141,0.9943199265001863,0.9644767158707788,0.9748270003239822,0.9696242377748473,0.5845001750030856
828,0.07672730778350675,0.9944040875880653,0.9653122037647024,0.9748583058007572,0.9700617702323685,0.5861262688634533
829,0.07663114766235189,0.9943938360987773,0.9651931765906623,0.9748731463687567,0.9700090123530029,0.5727881361812593
830,0.07650951676660304,0.9944081593450297,0.9651124765746117,0.9751205630024197,0.9700907079937716,0.5867571235335365
831,0.07664442103918936,0.9943954908937662,0.9650005838204715,0.9751007755784203,0.9700243888376172,0.5799029179936719
832,0.07664139520564525,0.9944050008151754,0.9651126633808113,0.9750851228400329,0.9700732642935117,0.580551869198678
833,0.07638075193323249,0.9944610235218739,0.9655712070670851,0.9752122644225956,0.9703677892334707,0.5895550592598643
834,0.08457919272507052,0.993258530008121,0.9573803109858692,0.9707230295195879,0.9640055036043622,0.536961020584975
835,0.08020310564864454,0.9938949257091806,0.9614284369335302,0.973404520806181,0.9673794145371567,0.5859297437272237
836,0.07767083021483832,0.9942876270992413,0.9643357697284115,0.9746197492076909,0.9694504869925102,0.5812279932481711
837,0.07697403453049256,0.9943836258077048,0.965062436613966,0.9749012031639795,0.9699568706256874,0.5807319788804814
838,0.07666693040230077,0.9944344506728822,0.9654942029477172,0.9749994757809314,0.9702235591515042,0.5911583070345102
839,0.07656522759189494,0.9944476478345778,0.9654495773307042,0.9751950611771036,0.9702978494325065,0.5931494003020131
840,0.07638993859291077,0.9944623487311389,0.9657193815449967,0.9750663690874365,0.9703703673768188,0.5880719087532109
841,0.07615562940431798,0.9945017960224716,0.9659328769463333,0.9752747277088024,0.9705813240064808,0.5967837580736703
842,0.07648896795141397,0.9944575834708804,0.9656242741056159,0.9751163544831363,0.9703471016124323,0.5825329728413201
843,0.07637525843657392,0.9944978409937845,0.965985693029711,0.9751734279113133,0.9705578171545357,0.5802729053457211
844,0.07664710688639245,0.994459918036425,0.9656717045436681,0.9750909557000923,0.9703584725375487,0.5710765603533267
845,0.07871617863236142,0.9941763095209845,0.9636377765882335,0.9741365816604838,0.9688587380142067,0.5729030927695398
846,0.07853878031504884,0.9941825716497391,0.9635717415762048,0.974278563811046,0.9688955745466319,0.5887100575367001
847,0.0778810176797372,0.9942722532984939,0.9642711811013037,0.9745183755765302,0.9693676982996596,0.5859609806391163
848,0.07844507943490427,0.9941792277279151,0.9634319643604903,0.9743936705051316,0.9688818138689609,0.5812023772639917
849,0.07736346177863988,0.9943671259224006,0.9648275491702873,0.9749723049897682,0.9698733995827665,0.5846794613001061
850,0.07685166565205553,0.994436709708365,0.9653760828516903,0.9751528283169261,0.9702398270535654,0.5874144742662475
851,0.07604189845565841,0.9945430285698089,0.966242073855086,0.9753993589465294,0.9707991223338421,0.5793756629047837
852,0.0760686899126648,0.994521756557877,0.9660282950316934,0.9753938214211564,0.9706884683208581,0.5747066594330006
853,0.07576918689091858,0.9945765158526338,0.966402927031628,0.975598340691597,0.9709788636306185,0.5831394115463628
854,0.0766426207993528,0.9944841219880259,0.9658882991833102,0.975126026694121,0.970485180718279,0.5788349122046377
855,0.07657222365357465,0.9944796657143836,0.9657500838460549,0.9752261451528638,0.9704649829081115,0.5867432191752953
856,0.07616007837915806,0.9945327290159361,0.9661315785412946,0.9754042319688575,0.9707457624490763,0.5825801620531038
857,0.07630472680513593,0.9945133727210246,0.9659239948134878,0.9754133873441408,0.9706454986725308,0.5851438228446575
858,0.07696316365769013,0.994398525828974,0.9651860053707645,0.974933246977471,0.9700351408960028,0.5796959304846324
859,0.07622861323489559,0.9945585465643105,0.9663918553055018,0.9754101386625886,0.9708800552415398,0.5883397002082735
860,0.07636174379358832,0.9945308064325465,0.9662204216928323,0.9752866149299363,0.9707323502552655,0.58631162389717
861,0.07684180077513773,0.9944668462029966,0.96566034596134,0.9751805159437907,0.9703970818881794,0.5696966258669351
862,0.07721830118554744,0.9944215556314335,0.9651551751426317,0.975223634808028,0.9701632827873545,0.5787276068230014
863,0.07669982109084833,0.9944894159587165,0.965832990943731,0.9752449727391318,0.9705161632316243,0.58324367310661
864,0.07581204465396113,0.9946224655956449,0.966841104246807,0.9756362173651479,0.9712187496302063,0.5865692130654593
865,0.07678500971616171,0.994467574038137,0.9657423356812352,0.9750997419070174,0.9703984813041879,0.581689758271886
866,0.07724966469267719,0.9943718980490283,0.964830965297612,0.975021847383438,0.9698996377947343,0.5754912586470037
867,0.08098303122620146,0.9938209817787433,0.960999967040336,0.9730462798313875,0.966985607876941,0.5815191034075154
868,0.08075614257467736,0.9938669589872314,0.9612981240108208,0.9732341865257094,0.9672293325210864,0.5621736509545829
869,0.07826304110102088,0.9942148916497919,0.9637468165717322,0.9744488242578461,0.9690682741280003,0.5937612438235219
870,0.07612867299601328,0.9945313626084556,0.9661897269373644,0.9753260421105916,0.9707363878520798,0.5785293445308459
871,0.07489006105381593,0.9947037908730243,0.9674687515554684,0.9758636989074684,0.9716480926826536,0.5789347408527005
872,0.07465881353123582,0.9947297594815221,0.967600187502507,0.9760108494150453,0.9717873205702935,0.5789591312312342
873,0.07469328679144382,0.9947411439217362,0.9677876962771947,0.9759353175689585,0.9718444304846537,0.5873353260483885
874,0.07651279190649017,0.9944465286163904,0.9654982317141951,0.9751297922113745,0.970290110690499,0.5850974309612845
875,0.07482209435845022,0.994705274008782,0.9674007040552706,0.9759536283195249,0.9716583449893662,0.5827385291497812
876,0.07467220237197207,0.9947243899807697,0.9675535656383557,0.9760013987050755,0.9717591225459699,0.5727750450604346
877,0.074853804659286,0.994722021083379,0.9675833438194108,0.9759429224371373,0.9717451548390481,0.5855948915391117
878,0.07502381998724003,0.9947046148373341,0.9674040326417097,0.9759427009361223,0.9716546082073972,0.5844882456485981
879,0.076261845263217,0.994521674161446,0.9661300450218014,0.9752827017453394,0.9706847985986005,0.5803356972239012
880,0.07625367267311906,0.9945599541700064,0.9664043003900016,0.9754123536727378,0.9708874329310501,0.5901713035131411
881,0.07581452230031756,0.9945861493686895,0.9665087901021919,0.9755911049917764,0.9710287106260714,0.5811317440170476
882,0.07520662804248093,0.9946824913956154,0.9672357908966077,0.975878096473438,0.9715377246762533,0.5924798003389451
883,0.07521778776598491,0.9946856430591005,0.9672823700585936,0.9758628867370803,0.9715536835283755,0.588817717471071
884,0.07506131636742637,0.9947285098023189,0.9675738812720416,0.9760253208146866,0.971781226156642,0.5873332006782607
885,0.07502737367297892,0.9947135823155726,0.9675680360852303,0.9758655447492594,0.971699077270084,0.58993513175095
886,0.0751635893348524,0.9946910262925913,0.9673654425603024,0.9758331317674097,0.971580837747143,0.5953436795172444
887,0.07523444999116573,0.9946885818651388,0.9673173205444534,0.9758578660474089,0.9715688248086658,0.5749314273160134
888,0.07508856004519428,0.994715580429024,0.9675396349307841,0.975918409658153,0.9717109607093144,0.5958231203281587
889,0.07500497140526342,0.9947246715019089,0.9676706641043199,0.9758782441407813,0.9717571238743203,0.5918890434503151
890,0.07496384133939905,0.9947345178754113,0.9675875935469417,0.9760773735531922,0.9718139421950046,0.5799042320173613
891,0.0751119628749627,0.9947163219969027,0.9675611111058242,0.9759034952564819,0.9717143982053976,0.5829545196777544
892,0.0752354067207562,0.9947023420691128,0.9674159006511037,0.9759046027615565,0.9716417117734181,0.5828089455930718
893,0.07591281557227854,0.9946330192051799,0.966965291987156,0.9756195309553575,0.971273134101426,0.5758511059812025
894,0.07559705039204882,0.994667811098162,0.9671989310118253,0.975754498907114,0.9714578782388145,0.5851901443993435
895,0.07555959949926506,0.9946699122071521,0.9671829805520209,0.9757951074265155,0.9714699576367866,0.5837861700184402
896,0.07583908876069158,0.9946340628933056,0.9669417405573311,0.9756565954585203,0.9712796197836375,0.5750674723890259
897,0.07530165403384528,0.994710416919349,0.9674693385066198,0.9759367942423912,0.9716846199454681,0.5831439165882488
898,0.07520657896379129,0.9947368387082173,0.9677571053820184,0.9759204031672873,0.9718216116595745,0.5809407061254448
899,0.0747370892773858,0.9947637617420407,0.9678889638602768,0.9760777427215505,0.9719661060564286,0.5721939705048743
900,0.07477530156992537,0.9947804058210991,0.968105259812248,0.9760298246686566,0.9720513914264824,0.5865730499888114
901,0.07477599011881532,0.9947547942638022,0.9678036170792202,0.9760699901860284,0.9719192271492343,0.585049764798868
902,0.07510560797192424,0.9947058095855833,0.9676310817297906,0.9757110847081901,0.9716542857529398,0.5897077693085545
903,0.0744618852991316,0.9948035866836821,0.9682719518109775,0.9761080883605942,0.9721742296963672,0.5847088727651644
904,0.07408754384185341,0.9948457255917602,0.9685166970470849,0.9763131244667363,0.9723992836105563,0.578542704992112
905,0.07576216128822282,0.9946075312425294,0.966925418842199,0.9753788331858136,0.9711337302827531,0.5832667215398359
906,0.07650431928311964,0.9944878504265279,0.9658847475793242,0.9751714344021791,0.9705058756234309,0.5859321984714417
907,0.07705577069612073,0.9944056737193617,0.9652058591933248,0.9749914279107227,0.9700739663308567,0.586581937837911
908,0.07649873846324443,0.9944824809257755,0.965838166161537,0.9751620575258809,0.9704777174747868,0.598926103789537
909,0.07733449849748997,0.9943525966850707,0.9648905314080631,0.9747417224332389,0.9697911103319594,0.5920437392423182
910,0.07421041422744663,0.9947684720713452,0.9678540640700611,0.9761677459672787,0.971993128133058,0.5812820280425269
911,0.07365615639781994,0.9948956234970892,0.9689801702000068,0.9763693118908537,0.9726607077276562,0.5868226920243742
912,0.07328666043769327,0.9949560269473683,0.9694645969129615,0.976520080248341,0.9729795481805829,0.5889746619413578
913,0.07317489076057355,0.9949713595499001,0.9695026267612581,0.9766495106747246,0.9730629459130754,0.5885309478004048
914,0.07541481885898242,0.9946382033139625,0.9670540621561979,0.9755813589471201,0.9712989950506004,0.5893552838460617
915,0.07384541087361762,0.9948296376886109,0.9682708225792871,0.9763989191931811,0.9723178844660864,0.5861168935128468
916,0.07338151627173312,0.9949231919696219,0.9691369979603509,0.9765070855221325,0.9728080828185566,0.5810521535945573
917,0.07320721563380614,0.9949419371576703,0.9692320002614475,0.9766132583419497,0.9729086294806414,0.5964996025464855
918,0.0734402605285533,0.9949208711368158,0.9691143704890647,0.9765056088486997,0.9727959503382141,0.5900530321514909
919,0.07522268437867542,0.994634625935584,0.9671183801706251,0.975472085113094,0.971277270959376,0.5890834142110682
920,0.07654049974470901,0.994464312512744,0.9656741281016937,0.9751373232458818,0.9703826548952547,0.5814881558959507
921,0.0746737391413223,0.9947575339451323,0.9678164070012408,0.9760866765958188,0.9719339490080908,0.557718299918772
922,0.07438922029578214,0.9948110092288397,0.9683555490316161,0.9761006311597586,0.972212665140941,0.5840396968442347
923,0.07383750798515708,0.9948792334736929,0.9687927902900972,0.9763885824791516,0.9725758558758125,0.5823180584794826
924,0.07323755287705995,0.9949644725815439,0.9695009352566658,0.9765748648326973,0.9730250432793787,0.5794640890860974
925,0.07363660896880378,0.9949016590356585,0.9689985938227118,0.9764165654407029,0.9726934370712714,0.5839684062833824
926,0.07398459815802119,0.9948507037094654,0.9686446797032211,0.9762307999228585,0.9724229447218914,0.5847918922077507
927,0.07361867044308631,0.9949217362993412,0.9691782561159776,0.97644661574506,0.9727988595591274,0.5908894410078853
928,0.07376569792253079,0.9949053050777295,0.968989422405673,0.9764669200047608,0.9727138010625606,0.5846232224083331
929,0.07547675711002282,0.9946083964050547,0.966997572323892,0.9753105370395474,0.9711362651811687,0.5783451476704811
930,0.07400455962357333,0.9948523104398695,0.9686156246181633,0.9762798993144987,0.972432660613611,0.5915857814977953
931,0.0735580990787783,0.9949529302148371,0.969523542388851,0.976422472134434,0.9729607779317229,0.6007127335542631
932,0.07444218534761839,0.9948240484640426,0.9683474646465726,0.9762542790304398,0.9722847971553727,0.5788959523628066
933,0.08267403880415632,0.9937828734294142,0.9607762457591921,0.97286487050017,0.9667827706501692,0.5952531588108652
934,0.07558877062615302,0.9946591732056475,0.9670310100116131,0.9758397029641857,0.971415387822199,0.5801978620971522
935,0.07404062296632383,0.994863763543776,0.9686899025254309,0.976327300531691,0.9724936068415694,0.58536216472514
936,0.07293477943904109,0.9950237636800048,0.9699402722092743,0.9767619593566311,0.9733391634117112,0.5810781646435287
937,0.07290357479946219,0.9950240246020362,0.9700052781453544,0.9766952137174693,0.9733387507789356,0.5917594094037505
938,0.07228521754790981,0.9950980303297967,0.9704877961843906,0.9769996299456377,0.9737328262222122,0.5870663674759549
939,0.07199688656456607,0.99512824235449,0.9708549657147024,0.9769420396817592,0.973888991319638,0.5891841517897825
940,0.0720796455836875,0.9951101151396741,0.9706913192526812,0.9769159763956705,0.9737937006555052,0.5794714159313709
941,0.07225565617006245,0.9950956751651444,0.970561877091674,0.9768942692962086,0.9737177779194863,0.5769893615479474
942,0.07692359625730369,0.9943630678981747,0.9651001468959566,0.9746308980921083,0.9698421081091884,0.5714711671721276
943,0.07440796294149092,0.9947811542553472,0.9681032518718239,0.9760403090500294,0.9720555787570205,0.5846853612080221
944,0.0729489092239373,0.9949995047974498,0.9698297362182402,0.9766111909991438,0.9732086502193663,0.5900798296630758
945,0.07278667438587696,0.9950260845128108,0.970032959147113,0.9766884210196785,0.9733493132183784,0.5856083190811182
946,0.07263395215029554,0.9950816403064005,0.9704606110795906,0.9768469419126878,0.9736433042876154,0.581223504232463
947,0.07231053440637297,0.9950828281882804,0.9704205456333708,0.976902981669462,0.9736509739761589,0.5922795420516532
948,0.07224789829991704,0.9950893581054358,0.970517710272233,0.976871454691672,0.9736842173045976,0.5884273673953305
949,0.07281189732816365,0.9950387941622898,0.970159058254621,0.9766944015470812,0.9734157607362909,0.5690556452476463
950,0.07470265566873893,0.9947315241384189,0.9679536647577628,0.9756495074260431,0.9717863499585135,0.5910215718029376
951,0.07362818405058959,0.9949312668198581,0.9693448905426507,0.9763735942438089,0.9728465471662211,0.5928010446333501
952,0.07272416797446475,0.9950509613685982,0.9702578359308308,0.9767236396810504,0.9734800015409426,0.5793467066991883
953,0.07226198445335566,0.9951091950461948,0.9707050514340584,0.9768910944483281,0.973788248746312,0.5886593165782473
954,0.07206982829802328,0.9951448589680715,0.9710013923617211,0.9769698011422955,0.9739764534177817,0.5778438333533014
955,0.07329209765298761,0.9949571942301405,0.9695402129055448,0.976451931769418,0.9729837979154639,0.579618250620801
956,0.07325487691748271,0.9949844125178415,0.9697363442114995,0.9765437808569373,0.9731281574664213,0.572338052263523
957,0.07533354460925078,0.9946597087824488,0.9675852909742066,0.9752475569176391,0.9714013144836108,0.5747427545084998
958,0.07439614979134833,0.99480726019123,0.9683245751744192,0.9760922879548634,0.9721929160229424,0.5798592983999884
959,0.07336693243023089,0.9949441549949376,0.9692078368435043,0.9766638344070225,0.9729215510502608,0.5865360483976054
960,0.07250656300097061,0.9950649138309111,0.9702335771807991,0.9769043845092231,0.973557553901649,0.5834607345145869
961,0.07266701168963592,0.9950661635101143,0.9703327503713953,0.9768120924196741,0.9735616410281845,0.58410495346258
962,0.07236424708243111,0.9951142074957462,0.9707470953774465,0.9769017264970441,0.9738146865239443,0.5825423804998091
963,0.07220122711263972,0.9951354039776164,0.9709393603643328,0.9769312599656998,0.9739260942395698,0.5837956071496915
964,0.07201521268127847,0.9951655061404018,0.9711450868952046,0.9770451853210391,0.9740862018777413,0.5856819667596294
965,0.07194482580014913,0.9951772132999704,0.9711663294547852,0.977152244144916,0.9741500913902387,0.5841778372322857
966,0.0718138644659369,0.9951831733084782,0.9712385665686305,0.9771411690941701,0.9741809268852549,0.5949435449793299
967,0.0719874544109372,0.9951770485071085,0.9712187692051619,0.9770944323800225,0.9741477409702298,0.5872880246979993
968,0.07206852485512873,0.9951662957728653,0.9711626190677488,0.9770352177753678,0.9740900673144149,0.5834958688593697
969,0.07225982771797788,0.9951294989000625,0.9709172059225082,0.976889470107552,0.9738941820911042,0.5881851237956985
970,0.07216375622657134,0.9951274870538728,0.970791445949979,0.9770015496211004,0.9738865980200888,0.5772496262209704
971,0.0725949684345572,0.9950796009947337,0.9704830900084639,0.9768002790322119,0.9736314377124525,0.5860804351917469
972,0.07265415431248198,0.9950849086981628,0.970373871424428,0.9769760031707132,0.9736637456406003,0.5876831848218902
973,0.07292305443623512,0.9950444520505506,0.9702381768805778,0.9766724729466044,0.973444692641928,0.5745092077472826
974,0.0722517610976486,0.9951327535590864,0.9707749924863667,0.9770775244692171,0.9739160621438679,0.5850359415723363
975,0.07208497698331694,0.9951601572387572,0.9711376972863196,0.9769937970855782,0.9740569454431102,0.5829073588660084
976,0.07192499000284312,0.9951969609779292,0.9713332093515896,0.9771929264979892,0.9742542570896654,0.580978129268237
977,0.07739617302343785,0.994417092491422,0.965709120466599,0.9745729386598716,0.9701207832097235,0.5792628464809971
978,0.07742031578564172,0.994391947847234,0.9654680246727918,0.9745538895725887,0.9699896808318476,0.5823221582969731
979,0.07387182669941898,0.9948916135374479,0.9690216664829663,0.9762801946491853,0.9726373886494734,0.5724137807981252
980,0.07313565316898145,0.9950030272448743,0.9698879913321459,0.9765878595589058,0.9732263948030482,0.5893419018731739
981,0.07226078330184059,0.9951322935123467,0.9709157938146751,0.9769219569230733,0.9739096153585702,0.5886984726380806
982,0.07126897418027302,0.9952563001409748,0.9718028246730221,0.9773493800481927,0.9745682106535218,0.5844315155260924
983,0.07170960985847728,0.9951639955391671,0.9710246008417187,0.9771571171672442,0.9740812069899555,0.5636538396076708
984,0.0714747662113296,0.9952320069265735,0.9716331356394552,0.9772612226442555,0.9744390526461325,0.5855128817375538
985,0.07081291784378264,0.995317452025502,0.9723155975463389,0.977480287148009,0.9748911021392088,0.5774688116073617
986,0.0709166019659141,0.995288716270197,0.9720582200207374,0.9774362084460404,0.9747397962179588,0.5786823255989956
987,0.07083040066465414,0.9953352496545942,0.9725386333185769,0.9774399739632941,0.9749831437938413,0.5858678109271147
988,0.07061881777033102,0.9953689772603428,0.9727767143056778,0.9775600275133794,0.9751625052339372,0.5770918771407286
989,0.07091327538218001,0.9953141149700473,0.9722739565224289,0.9774876705151729,0.9748738427144674,0.5828901674814645
990,0.07104867789224326,0.9953036986878973,0.9722483909218135,0.9773995869449074,0.9748171839047682,0.573519445489501
991,0.07281546090334225,0.9950338641091694,0.9701944554855453,0.9766018141228456,0.9733875907515517,0.5906569616317018
992,0.07250311309404725,0.9951135963888831,0.9708133652846572,0.9768241273081514,0.973809471146321,0.5857633718050814
993,0.07438387477221034,0.9947960268111394,0.9682947073289702,0.9759995528632845,0.9721318637226357,0.5937590621316551
994,0.07911662609323108,0.994121090179488,0.9638817819734599,0.9732538262823653,0.9685451327118915,0.5897465182433499
995,0.07376288022953185,0.9949316925347516,0.9694079973490504,0.9763106141219006,0.9728470618996937,0.5903495279177026
996,0.07167765801678673,0.9952191256178634,0.9716309599028874,0.9771208648344694,0.9743681794558018,0.5828424539509968
997,0.07139766133196063,0.9952499418830507,0.9717990371197996,0.9772830035773891,0.9745333054634638,0.5847922123655701
998,0.07173027451947439,0.9951949285326316,0.9714115394135425,0.9770868275118436,0.9742409184070109,0.5848818723908141
999,0.07753417990002916,0.9943343527419775,0.9651123993735908,0.9742972437299707,0.9696830723132558,0.5841356583477523
1000,0.07237539908064784,0.9950833088341279,0.9704970978455117,0.9768264161519722,0.9736514710164856,0.5853873756556873
