Epoch,Loss,Accuracy,Precision,Recall,F1-score,Validation-F1-score
1,0.735754642555182,0.6697771594017184,0.2065968032628286,0.8980832483507772,0.3359183102874858,0.3452692803149869
2,0.6732312273636138,0.7938424336895495,0.2950152239554711,0.875612930225113,0.4413342422803527,0.4457470266857798
3,0.6269328759299765,0.8562559586352338,0.3768578627078827,0.8349722931763807,0.5193233924718454,0.5030126552162545
4,0.590089668687299,0.8799119190392445,0.4242068867555864,0.8151898160330704,0.5580281651486945,0.5749566632899938
5,0.5633942399093573,0.8912250932068427,0.4523836444183903,0.8058892099176932,0.579478602790626,0.541614017536645
6,0.5460300641737396,0.8991888661877566,0.4749190924601865,0.7954445510602662,0.5947459315587066,0.601276492271469
7,0.5309429517109617,0.9053438589830128,0.4944545096017191,0.7949810232697153,0.6096961685678829,0.6060393193625483
8,0.5209696715255435,0.9088853880476396,0.5064868096593703,0.7905487879612131,0.6174117876627238,0.5937644325860425
9,0.5128176054722972,0.9111509465811852,0.5145030725833641,0.7913024082476345,0.6235653416417468,0.6064907053065434
10,0.5048556258138135,0.9153124538579986,0.5300220036934771,0.7887983392739906,0.6340218795099383,0.6428243726494105
11,0.4949007769711583,0.9169985388915548,0.5363426249640091,0.7931666346228532,0.6399490214602699,0.6033110104177644
12,0.4913455347577445,0.9178418526299184,0.5395668739643408,0.7947423190093057,0.6427545143706305,0.6476652383814491
13,0.485240025164412,0.9195170201363694,0.54592108378057,0.7999075011761704,0.6489479787358494,0.6533658539419587
14,0.4838281165567233,0.9201142432008662,0.5490204907070221,0.7895482678768301,0.647674129082794,0.6405753379059668
15,0.4808657798621294,0.9203964715760876,0.549828689747976,0.7946290581570111,0.6499421116996146,0.6160359227196694
16,0.4751904704373517,0.9219962188827132,0.5563075351827655,0.7964598378789771,0.6550669658445348,0.6571822831166532
17,0.4728362060708108,0.9235395864314392,0.5629448547852225,0.7951881267186633,0.6592094745050417,0.6353629883458822
18,0.4621249909023587,0.9260746499579888,0.5735162623574225,0.7999561575657806,0.6680700083698582,0.6522649679053789
19,0.462576427262464,0.9268521564134744,0.5776088963666239,0.7942903831052021,0.6688380093860099,0.6576759971046697
20,0.4595641798252682,0.9264190052421708,0.5751077195071311,0.7993551514786374,0.6689381400509531,0.6651612506633462
21,0.4594610390260065,0.9255530530843952,0.57114018711276,0.8007353243025893,0.666725397668412,0.6377807889386907
22,0.4532542321964991,0.927844092714222,0.5814155379766477,0.8002282346457712,0.6734950625769203,0.6498552058701677
23,0.4464928255878764,0.929594192908282,0.5891918402062898,0.8023863190341138,0.6794580221438911,0.6654419408827038
24,0.442116918323709,0.9306619201927944,0.5941291127090774,0.8029044099080062,0.6829168762610991,0.6525745248798578
25,0.4380776753528512,0.9314734220424296,0.5974331564135249,0.8067436869995739,0.6864882149306979,0.6519706352059081
26,0.4340820871025538,0.9319099171355572,0.5989831908710167,0.8103720951249399,0.6888245542538948,0.6619874451096706
27,0.4326515890282693,0.932663748349874,0.6030085268771403,0.8076635807145268,0.6904907574169719,0.6591142638404381
28,0.4297390100981691,0.9333735318054618,0.6064933618761034,0.8074821713833092,0.6927030422490785,0.6632518550979533
29,0.4296560340004859,0.9328325237060024,0.6035751771842491,0.809287626155903,0.6914555626990619,0.6674602536928728
30,0.422588104824368,0.9346825364389976,0.6127070937196585,0.8090407263579416,0.6973177453095162,0.6674541911648105
31,0.4233229191397591,0.934224460347322,0.6101914666782586,0.8104751669305482,0.6962154514172043,0.6671356316615541
32,0.4178555263675374,0.9352419807398892,0.6145972280674223,0.8142826217096394,0.7004869475124874,0.670325489975359
33,0.4156193842561982,0.9360708888355692,0.6191020610355694,0.8123922582146604,0.7026974744733427,0.6549955916064186
34,0.4178151797047622,0.9356176466678444,0.6166806945519486,0.8131286014219183,0.7014092188334579,0.6708559550304736
35,0.4061799370985237,0.9379998648149224,0.6281697564143236,0.8168038939287753,0.7101742000148997,0.6714424940315417
36,0.4061665330216181,0.9378027588192746,0.6270793578359295,0.8171531271956288,0.709608547884532,0.6682514861067974
37,0.4018751801989919,0.9385828332968592,0.630570824661157,0.819985017671351,0.7129110286045683,0.6623057417684617
38,0.3980449394142027,0.938987887285198,0.6322957136560474,0.8219161373530747,0.7147432477220601,0.6716168069276376
39,0.4007797627140292,0.9383262920089964,0.6289426141419493,0.8214675239641948,0.712427358828824,0.6713953376016344
40,0.3900842149909451,0.9402836947570382,0.6387398072527581,0.8238024399961134,0.7195626830298735,0.6525358910325549
41,0.386750306264102,0.9415237679096884,0.6446658827433219,0.8270969722583269,0.7245748836821212,0.6680797249026252
42,0.3879477901638841,0.940940298182796,0.6418014902615216,0.8258568619094746,0.7222882136461282,0.6729279270504792
43,0.3828692963655046,0.941758618337095,0.6454423615603058,0.8292756562410569,0.7259009946141387,0.6655080379123548
44,0.3806941172630667,0.9423565829694708,0.6491877903904765,0.8271374331103851,0.7274379845341281,0.6563118407647166
45,0.3862005596538241,0.9406440830134156,0.6398608880410896,0.8274979629289995,0.7216824719623207,0.6628544980716451
46,0.3794364801628127,0.942485155733649,0.6497753765698004,0.8276371394000394,0.7280001057305125,0.6661110988833249
47,0.3801830275882062,0.9424713886633058,0.6495587448975373,0.8282381454871827,0.7280964437797154,0.668951437413225
48,0.3722255730586086,0.943535572901286,0.6540814658121517,0.8338128091969584,0.7330917439670305,0.6744363238876716
49,0.3656915803607419,0.9444908427902464,0.6585843583990676,0.8370436968342189,0.7371670838918064,0.6683407173757755
50,0.3671355453326548,0.9447635337785816,0.660735623890012,0.834565174310962,0.7375465080854137,0.6539884900325751
51,0.3688958770722794,0.9442193053519448,0.657578138691271,0.8350093576795435,0.7357476872180565,0.6652566880280733
52,0.3581057554311889,0.9462495877431903,0.6676981657342452,0.8401560814284984,0.7440648531591577,0.675886515017419
53,0.3588319630931607,0.9459020258645692,0.6657618906199024,0.8399999232129814,0.7427999991251131,0.6619110520472317
54,0.3529467218213801,0.9471818278296912,0.6728738895331173,0.8408287061771317,0.7475334766021694,0.6557684220623665
55,0.3690435402899337,0.9440400656490816,0.6572240851963009,0.8324107816062013,0.73451612424054,0.6655089265784905
56,0.3606246782721375,0.9452769596727696,0.6632987840468237,0.8358648684328271,0.7396499374059873,0.6635516424906986
57,0.3481401304761283,0.9478864203101268,0.6762507714690399,0.8433926542584751,0.7506299483651143,0.6696723126144347
58,0.3459888485481413,0.9480620345700268,0.6768566504681941,0.8448699183606326,0.751588143017092,0.6689129773074811
59,0.339649766790781,0.9490951553535268,0.6822814881842928,0.8470865528505852,0.7558043039904473,0.6709666240616393
60,0.3456269095269896,0.948170900854462,0.6782682572299755,0.8421549065871153,0.7513788981936776,0.6722702768486236
61,0.3408496492415023,0.948749310067218,0.68048792304204,0.8462448489938981,0.7543682957810081,0.6667830302084738
62,0.3459629080921625,0.9479896836372552,0.6771728773185617,0.8422692011108128,0.7507516956257922,0.657985126472134
63,0.3334587213697193,0.9502333659183752,0.6882605835531076,0.8497433836908508,0.7605245364580897,0.6717221961748605
64,0.3371542133122897,0.9494458070983096,0.683919624663737,0.8485679516383544,0.7573989948898322,0.6728867063895623
65,0.3322304973392178,0.9506311140898336,0.6907611512844972,0.8493950364280569,0.7619085621826373,0.6611826984502404
66,0.3286990065583222,0.9507684964057578,0.691176609086017,0.8507293585419209,0.7626979149597697,0.6698713833113027
67,0.3284190306238991,0.950773756044602,0.6909643160621007,0.8515158348122218,0.7628844443587453,0.669604822210755
68,0.330052182346368,0.9506292876356136,0.6898476285237491,0.8523178161535669,0.7625244441203338,0.6735516963532003
69,0.3229007597664277,0.9519058830062964,0.6972330007399342,0.8534491695040947,0.7674724541892449,0.6695925043695766
70,0.314142104908288,0.9535071889787412,0.7055145573538446,0.858341831588939,0.7744607006799964,0.6697675073663074
71,0.3112628157619092,0.9536848494166772,0.7059570244280648,0.8603090559360943,0.7755275158304584,0.6654781273135509
72,0.3147086933147993,0.9533567742939836,0.7048247116401883,0.857607777225502,0.7737462688351818,0.6580258549068899
73,0.3194787924667056,0.9524633017282595,0.7003100965445365,0.8545251476008929,0.7697697757617102,0.662547137062597
74,0.3122840387036474,0.9535948450485676,0.7060571149961438,0.8583549739824908,0.7747928321985044,0.6716560234248282
75,0.3053783308580625,0.9548221467544156,0.712324686005514,0.8625493172009714,0.7802721618218179,0.6707910200257232
76,0.3129694924937735,0.9533949032424204,0.7050442153022043,0.857661380471112,0.7739003387775361,0.6657120749589392
77,0.3039294152165488,0.9550039544793776,0.713956585621564,0.8611932141539739,0.7806934512837441,0.6682394282387014
78,0.2973867832220715,0.956141615734686,0.7192978434916564,0.8665661642728314,0.7860941041003201,0.6651487883793775
79,0.298215455878124,0.9560729039776164,0.7200506750338442,0.8632965139579603,0.7851938500305903,0.6524303471082676
80,0.2995749069310778,0.9556041712808668,0.7163900250792739,0.8650944376960469,0.7837510143216091,0.6628003210073796
81,0.3005488258149984,0.9555694823834232,0.7159804234103181,0.8656212409431927,0.7837218138699998,0.65860259872845
82,0.2981451589533751,0.95584535936709,0.7172417786450549,0.8670084279659502,0.7850460291935951,0.6695273752615666
83,0.2942922716196492,0.9566598824191944,0.7223988719185043,0.8672179679260623,0.7882116822548285,0.6639903435687579
84,0.2948213845705814,0.9567047335431256,0.7227190818784304,0.8671374892239756,0.7883689905936202,0.668989720516351
85,0.2870997820826743,0.9577287083227866,0.7281507931645149,0.8704255979567566,0.7929568997304527,0.6658754234636711
86,0.2876864351707396,0.9576186541564716,0.7276211930760823,0.8699247841620277,0.7924350451969304,0.6450162824124811
87,0.2880683476976353,0.9574508538247763,0.7259743562267796,0.8713829253432306,0.7920603180664608,0.6613290502183791
88,0.2945410041071528,0.9566055076411154,0.72170538029824,0.8681438421684181,0.78818050531062,0.6687524615346796
89,0.3114336443354757,0.9540271859883002,0.7096517108943892,0.855801141114162,0.7759042288598011,0.6686832134383507
90,0.2885501318269496,0.957113255047935,0.7249231989499619,0.8683376555564711,0.7901758324812537,0.6632245670722081
91,0.2808549185986999,0.9585282420908215,0.7321373087913446,0.8737188750465521,0.796686767164894,0.6584611487923835
92,0.2765340798085542,0.959479591282941,0.737305869951886,0.8766147793155855,0.8009479558605522,0.6704618598854178
93,0.2682040804367271,0.960937170414276,0.7451965199906253,0.8813010762881982,0.8075542154092128,0.6669965326951776
94,0.2736035760679691,0.9601045132809864,0.7415559390846709,0.8764698438181577,0.8033882092359735,0.6675122115811499
95,0.2788739800453186,0.95929612876299,0.7354751319531854,0.8781557618763676,0.8005073865544043,0.6676726314172468
96,0.2774729856269822,0.959128630551542,0.7350934994030964,0.8763090340813275,0.7995135430604894,0.6559766876330332
97,0.2782397329700078,0.9589379789429878,0.7340332122230595,0.8757944872236738,0.798672107487006,0.664943257526779
98,0.2676738483442677,0.96108159075868,0.7463808425106456,0.8808108945421854,0.8080429153993509,0.6658505741934768
99,0.2630926670788003,0.9618656408640596,0.7511074264638407,0.8823134097600435,0.8114407993857231,0.6665322790229077
100,0.266793130381073,0.9614798195759856,0.7493943667018934,0.8801146430186276,0.8095112719175798,0.6703115835757947
101,0.2718420827881895,0.9602176710462018,0.7413473940943061,0.8788492815540747,0.8042636236382004,0.6645649629696126
102,0.2757987175806821,0.9597410900894012,0.7399632117522443,0.8743670608498728,0.8015701242521486,0.6656151047626513
103,0.2594281974241887,0.9621505333905496,0.7523381701249963,0.8840154973923424,0.8128787986026819,0.6689452417754408
104,0.2528280372456681,0.9634719180878404,0.7593755661154752,0.8888746389902625,0.8190378864786705,0.6655451511373245
105,0.2515111826628232,0.9637596189593528,0.7612392915935454,0.8892065951779524,0.8202619716514085,0.6713059208422585
106,0.2501214822526458,0.9638349018317935,0.761815828177762,0.8890982073479861,0.8205504012769123,0.6645477754409174
107,0.2529608117912313,0.9635713156490816,0.7599116955338328,0.8892298527845188,0.81950050417181,0.6577612888687144
108,0.2525400356959096,0.96327200374717,0.7576526738353436,0.8896275947736393,0.8183534262413343,0.6616529642161828
109,0.2546905667232952,0.9630677017965498,0.7580607306870364,0.8854726049021423,0.8168279831511207,0.6714662377234283
110,0.2575708078287488,0.962723490706122,0.7572754774468172,0.8818079444440015,0.8148109159384919,0.6480366577472445
111,0.2686939010088392,0.960637604456702,0.7445460727090124,0.8779702178595382,0.8057722211636273,0.6620052802086691
112,0.2533201063386828,0.9636682275846552,0.7621867874022632,0.8856675257952699,0.819300687914015,0.6622522851401926
113,0.2400433361101493,0.9656017765659276,0.7715440507871361,0.8951838738991769,0.82877808913831,0.6613751780723118
114,0.2431390392694541,0.9650688158512276,0.7681207492785156,0.8943817448904884,0.8264567162285061,0.6665170011365904
115,0.2359205598561026,0.966412097400052,0.7762350262982401,0.897574755854198,0.8325067419777655,0.6605846997373334
116,0.2367718088969909,0.9661978323476524,0.7754527665965214,0.8959735988510299,0.8313680104482892,0.6665112882285055
117,0.2358401836894399,0.9662968316594772,0.7758984151180376,0.8965373189339954,0.8318668044358102,0.6654810468614557
118,0.2338194610189191,0.9668545044371027,0.7795351192102918,0.8973823453059062,0.8343178103009061,0.6681760984593558
119,0.231785783182374,0.9672399412084984,0.7812722728022677,0.8995835485584862,0.8362640919300774,0.6623706597170691
120,0.2352169065488328,0.9666460277339796,0.7783077267625697,0.8967862122410911,0.8333570100033102,0.662587681185757
121,0.2367051701537139,0.9662051244317942,0.7749111561047612,0.8972222739057923,0.8315933849260967,0.6600941184104046
122,0.2344692754123708,0.966506008732264,0.7761844072394527,0.8990997165082344,0.8331329242778749,0.665429980982792
123,0.2297455999705431,0.9675798264862998,0.7834211863911832,0.9002696110353577,0.8377907485474876,0.6639026296538546
124,0.2302905966480858,0.967398135489615,0.7818349716207479,0.9007935347693096,0.8371091836586965,0.6660288798066416
125,0.2294515736347479,0.9675221558509816,0.7829390534097393,0.900390698256846,0.8375673753692175,0.6605710184697136
126,0.2296455089780066,0.9675372893288052,0.783287859064212,0.8999076783769824,0.8375577799153695,0.656137433363116
127,0.2387387495246722,0.966137202307188,0.775717847835999,0.8945010601038574,0.8308856209592976,0.6666076976588377
128,0.2287808848585156,0.9675261932760996,0.7825924539044927,0.9011560580970582,0.8376998415502407,0.6552413894425176
129,0.235988999656636,0.9662608312855072,0.7758033550181015,0.8961919988517387,0.8316635065287173,0.6618893753415308
130,0.2242083680286682,0.9683361364599152,0.7878161655220199,0.902626086499395,0.8413223480610115,0.6642812653757827
131,0.2171591163324795,0.9697276542527103,0.7955478228190483,0.9077780524390364,0.8479655757138871,0.6584874782190936
132,0.220363272983822,0.9690809452650396,0.7917538820978173,0.9057614333655544,0.8449292028047511,0.6584670279791541
133,0.2236583387787393,0.9687353540343928,0.7900119796220623,0.9041355420823872,0.8432298844064674,0.6692666594687293
134,0.2189982069267643,0.96932343796142,0.7926866502179405,0.907469501525256,0.8462034014951509,0.664813604540148
135,0.2236368760680981,0.968396114195301,0.7871474320498223,0.9048441976627803,0.8419022577746671,0.6584834294811579
136,0.2218756457026914,0.9687442047843544,0.7895873753545953,0.9051043136879652,0.8434087971137207,0.6684427354762561
137,0.2169130595682336,0.9696527421642092,0.795051630294714,0.907652239862563,0.8476287693839837,0.6669096767050081
138,0.2129803915782798,0.9704555374576372,0.7996332748712227,0.9104427096484956,0.8514478796137515,0.6596651324784125
139,0.2186475716156067,0.9695333016711316,0.7946796897569683,0.9066409400621208,0.8469763175047679,0.6598350127023093
140,0.2192940885643307,0.9694036852188274,0.7935292863321579,0.90699268367381,0.8464756935561863,0.64053188186173
141,0.2240643475017101,0.9685506693007158,0.7889865801377166,0.9034550171308884,0.8423497572084695,0.6643683254060239
142,0.2116044494959948,0.9706038510334052,0.8010377291896792,0.9099085968678576,0.8520093296961613,0.6626353154525375
143,0.2062892203601144,0.9715267597240972,0.8059927930809826,0.913781468280021,0.8565092459306832,0.6619847087484818
144,0.2046574986131071,0.971864949008694,0.8083594612742296,0.9141972995186932,0.8580269206306,0.6657476913659053
145,0.2010840474487208,0.9725177759313652,0.8119719594223669,0.9167847267076178,0.8612009970931352,0.6561297619898663
146,0.2020579551299698,0.9723976762668396,0.8113756147395738,0.9161833514521164,0.8606002394666042,0.6560985986731221
147,0.2047000543462286,0.9717355316810982,0.8071679437320144,0.9145623331912772,0.8575157302988475,0.6671796564145762
148,0.2082130677408451,0.9711738489438316,0.8043215935163789,0.9118795867322664,0.8547301455523894,0.624795788527731
149,0.2088247154363625,0.9711278717353437,0.8043602825180348,0.9111542447420828,0.8544332024850545,0.6642172674236234
150,0.2169387037698313,0.9699230230569384,0.7973387286541035,0.9071583664329684,0.8487107436726338,0.6556454336060704
151,0.2084533187875644,0.9713022912469942,0.8057449709025508,0.9110604759791008,0.8551724926567628,0.6637357395815637
152,0.2000431850445356,0.9726393175334332,0.8135107695823498,0.9157094131138642,0.86159007028769,0.6604921626760072
153,0.2071789904035252,0.9716571314770186,0.807298143041233,0.9132149425175332,0.85699636170158,0.6583233097840169
154,0.1967042897888224,0.9733528568929998,0.817554402156303,0.9184194780313816,0.8650566645731688,0.6651470159785331
155,0.1982354844431225,0.9730349989277478,0.8153147552649599,0.9179902090644712,0.8636113990806968,0.6585430121751803
156,0.199836482300604,0.9727702660613716,0.8143951063767632,0.9159500370497364,0.8621924136843234,0.6590019331056738
157,0.2097064286148805,0.9710193625021092,0.8046202282668785,0.9091299469667504,0.853688426731065,0.658340992190383
158,0.2067751265901455,0.9715089277631588,0.8063460846026788,0.9128753814616644,0.8563102591510349,0.6586731010951251
159,0.1980469034408493,0.9729648040349202,0.8154920421734952,0.9166983413117998,0.8631386128691801,0.6647555732755568
160,0.1962440644236777,0.97337295475579,0.8176191729534547,0.918583093447734,0.8651654979238634,0.661721900869475
161,0.194059286748977,0.9737431001228696,0.819610450215455,0.9201866131283948,0.8669914211935198,0.6560683286665425
162,0.1894690779794892,0.9744661906020609,0.8240757177702245,0.9223377571516032,0.8704423782407069,0.6589743247776156
163,0.1953299507337937,0.9734172565701816,0.8179114918688078,0.9186793725555518,0.8653718403673432,0.6649492028372315
164,0.2126751832074398,0.9707195012906576,0.8020909584845614,0.9095793725260184,0.8524601700567427,0.6538948716636085
165,0.2000383342877566,0.9725988128212362,0.8130829225506626,0.9159129725465736,0.8614400978417028,0.653843584227475
166,0.1919658818690897,0.974066581644536,0.822407175594623,0.9197535048105592,0.8683606404876332,0.6703238727822902
167,0.1863886403094092,0.974999377906946,0.8272811403251048,0.9241029725731535,0.8730157539947362,0.6599861649742461
168,0.1854171330551449,0.9752547793775136,0.8295132713586679,0.9237763324098218,0.8741108438149005,0.6553818415076021
169,0.1837144053990034,0.9756027051737048,0.831224429958226,0.9255941174055792,0.8758746812727223,0.6666157994111025
170,0.183475924695996,0.9756065366077455,0.8316608035843982,0.9249132232857225,0.875811736661315,0.6643796406100837
171,0.1980569213092756,0.97282418765908,0.8152691956498889,0.9151405985075556,0.8623228349387496,0.6626868373080106
172,0.2029037265468844,0.9724438251345588,0.8123987201113088,0.9149795672697104,0.860643247409247,0.6608533695287847
173,0.1931273192167282,0.973843658100514,0.8205233399938533,0.9199718309775962,0.8674064393211469,0.6534414108578185
174,0.1879894636410603,0.974691132858642,0.8256001135136989,0.9227843031976772,0.8714912100413995,0.6636095373145691
175,0.1812347146354133,0.9759176243329184,0.8334342163331061,0.9261363518900976,0.8773433002287092,0.66664891170561
176,0.1796012257607721,0.9761527837469416,0.8348482712484755,0.9269422464160396,0.8784882472786346,0.6651667882754644
177,0.1795729943048611,0.9763771629612442,0.8365954843461393,0.9270589036172298,0.8795071163400363,0.6659274426468883
178,0.1795744006153491,0.9762900630673268,0.8361131634718122,0.9266890707559888,0.8790741416820973,0.6619497525366894
179,0.1808834896563626,0.9760806113397704,0.8348855851853558,0.925913005033389,0.8780463879653587,0.6558481680027279
180,0.1852022377278307,0.9752607531187598,0.8297142804833565,0.9235176930580696,0.8741065982974672,0.6437709266008876
181,0.189092789890526,0.9744486813604772,0.8244669996098889,0.9214236962967096,0.8702531401723481,0.6621655972730164
182,0.179914787545693,0.9761267808065972,0.8345368026195835,0.9271103656863624,0.8783912399432298,0.6599575407730518
183,0.1797581715174287,0.9762940043632756,0.8355762217492994,0.9276285303939262,0.8791994709307023,0.6618287500580192
184,0.1783081104161499,0.9766048998301096,0.8376557219421699,0.9283566780636322,0.8806770364473903,0.6588532631100716
185,0.1780785466376826,0.9765149915911696,0.8376068170848109,0.9272376549362682,0.8801462034135272,0.6642639515701576
186,0.1746541614101516,0.9771287969374016,0.841119601183762,0.929675052104422,0.8831830473449086,0.6605342206419985
187,0.1747270439275734,0.9771225004768008,0.8409192866055838,0.9299162667096674,0.8831814135879948,0.6604537899129383
188,0.172317437988391,0.9775984016630456,0.8443326331994733,0.9307093141767442,0.8854193526453842,0.6421648355713122
189,0.17071134264735,0.977934201451144,0.8464096579889245,0.9318160070809444,0.8870618429984233,0.6654799226776551
190,0.171332896961797,0.9779368312705662,0.8465800249090468,0.931579960832714,0.8870484014603882,0.6607891215117794
191,0.188318827062202,0.974841135561245,0.8284555673235035,0.919960017590134,0.8718133204300174,0.658905795624205
192,0.1759903838576601,0.976886606361268,0.8395732562416356,0.9289722293840884,0.8820132090706192,0.665527438726204
193,0.1697668549236205,0.9780694620589704,0.8472929201307989,0.9321902699624836,0.8877164115415176,0.6595278385415304
194,0.1728091322743206,0.9775448233837996,0.8442982081326506,0.9300580273592148,0.8851056064748986,0.660149618962516
195,0.1844023333983026,0.9754278462144224,0.8316914294722032,0.9224529376793604,0.8747241295825365,0.6471183264936866
196,0.181133478611922,0.9759456528521908,0.8351227920415436,0.9237123186165106,0.8771865036030241,0.6650065437599442
197,0.173786239524325,0.9773153355907758,0.8423633850796843,0.9301349620450629,0.884076012234611,0.6605713643848705
198,0.1680321428093978,0.9782144935102374,0.8482814838754829,0.9325280590102332,0.8884120020728011,0.6573644523738129
199,0.1656086474067444,0.9786751513567506,0.8512448353528004,0.9338930959314988,0.8906557423396315,0.6652517181859173
200,0.1646811740218306,0.9788746743143738,0.852705152937014,0.934215379908204,0.8916012254135732,0.661426202141763
201,0.162832310838665,0.9791862220862864,0.8546438964648325,0.9352573206823768,0.8931352781794404,0.6588279036751437
202,0.1648902186065269,0.9788911398678316,0.8529899665200027,0.9339873076965104,0.8916529760250623,0.6640492581317375
203,0.1770325700799338,0.9769087092038792,0.8408454466085965,0.927200442765762,0.8819140669125354,0.6443864494683897
204,0.1765066604498479,0.976761796367438,0.8393498232139134,0.9276767437815068,0.8813057205095034,0.6648341970641488
205,0.1668511490813262,0.9784703618939138,0.8497929425441437,0.933495058607692,0.8896796391746774,0.6616215482284481
206,0.1764192465665958,0.9767305955855728,0.8400486881164496,0.9261266058454412,0.8809900613262571,0.6527379381179952
207,0.1810829663823405,0.9759344332048387,0.8353067192873233,0.9232586845379592,0.8770833102452564,0.65412808959037
208,0.168135049585387,0.9782051552480594,0.848384534805825,0.932243208705049,0.8883392093888183,0.6624831239678869
209,0.1633284308498712,0.9790828626299886,0.8540544132015775,0.9348278302144514,0.892617540273309,0.652830159145016
210,0.160792063841288,0.979634678394645,0.8580583267248162,0.9358176444164468,0.8952526651847351,0.661972727103562
211,0.1656881691150956,0.978566079081238,0.8507604246666348,0.9332282975520594,0.8900882531913025,0.6630363647180925
212,0.1690018422258414,0.9779731955621064,0.8475589769152374,0.9305070099164529,0.8870982012794096,0.6633646961745172
213,0.160679942573146,0.9795542800771144,0.8572977291769647,0.9359413158164424,0.894895041386171,0.6630969157293526
214,0.1582421232952917,0.97995817364905,0.8599949733396588,0.9370390010127028,0.8968654373766773,0.6613043307935113
215,0.1572132390126479,0.9801536317160782,0.861262411633227,0.9376329929010402,0.8978265780849042,0.6662824603753159
216,0.1557779899068015,0.9804532251391292,0.863030820517328,0.9388106399636856,0.8993271990777292,0.6650805070462047
217,0.1577101149897781,0.98022853693821,0.8620236268585784,0.9374473750505392,0.8981548303615653,0.6515684805892078
218,0.1556218616503605,0.9805181123285276,0.8635769278754497,0.9388223056838046,0.8996289695067858,0.6638537730940971
219,0.155525987525638,0.9807240416086596,0.8655296131029185,0.9385401872244712,0.9005575338410083,0.6576768500132048
220,0.1700030232933785,0.9779845800023202,0.8484243584895358,0.9292926675190024,0.8870191641907045,0.6521314908445168
221,0.1614610740124321,0.979495558887301,0.8571582058570906,0.9353968663217748,0.8945701163045924,0.6547736634777716
222,0.160747095272481,0.9795865794780592,0.8578178450759271,0.9355641734217092,0.8950057878322697,0.662942379134641
223,0.1631789297508679,0.9791532017165704,0.8556759410844067,0.9332425474506858,0.8927776197380496,0.6562890993256572
224,0.1593021067301575,0.9798833714224569,0.8597601933811074,0.9364334172379176,0.8964603494113729,0.6500946540479287
225,0.1555539783653166,0.9805540509051742,0.863657254558744,0.939161128402957,0.8998281018327303,0.6438334641831409
226,0.1533750939658648,0.9809257412053344,0.8666242220154929,0.9394848152194232,0.9015848769921232,0.6591734651981455
227,0.1539328426605077,0.9808897339649952,0.8662945123359718,0.9395148655237804,0.9014202520378434,0.6542800776461182
228,0.1683560260069027,0.9784442765571388,0.8512351113145267,0.9308999527169168,0.8892869467268291,0.5899911494501601
229,0.1798654579483776,0.9765195851921968,0.8389557396620865,0.9250960354567012,0.8799227320102648,0.6552068140853768
230,0.1582514305712936,0.980085489867656,0.860924714402897,0.9372684022304856,0.8974759429842213,0.6576677562803765
231,0.1526887349837975,0.980971896939423,0.8669805018615158,0.939544841994466,0.9018052931326036,0.657690184489063
232,0.1514120803837724,0.9811654392894308,0.8683009165802826,0.9400554756675228,0.9027546059588568,0.6594267161470226
233,0.1509483142508019,0.9812535622723662,0.8686479847481408,0.940662240781054,0.9032219552555092,0.6528678165669667
234,0.1498572135196744,0.9814620733073356,0.8701875813444544,0.9410455852042048,0.904230550596782,0.6629402179616772
235,0.1509846407357308,0.98128331425032,0.8690723248372028,0.9404163746544952,0.903337882425616,0.662240823495186
236,0.1506837113834113,0.9813311041802896,0.8691503837401056,0.9409069255688662,0.9036063236407822,0.6455498467793711
237,0.1549126504243706,0.980516519330862,0.8636433882041519,0.9387026213020776,0.8996100727623833,0.6366991418175826
238,0.1506395929044099,0.9813627169443097,0.8694717348947827,0.9408361190777644,0.9037472945953682,0.661218547977843
239,0.1473376773994603,0.9819748468964452,0.8736210626794482,0.9425229231400338,0.9067649747404772,0.6433872095358754
240,0.1457266072146326,0.9823137159515974,0.8760281300833969,0.9433143462663346,0.9084269878627144,0.6598165479600939
241,0.1558045409619808,0.9806860843194538,0.8655748992747729,0.9379898310360724,0.9003285991070342,0.655984495430281
242,0.1610134779442128,0.9797643291787954,0.8596243251329372,0.93510928417074,0.8957793882766727,0.6590772442335627
243,0.1782310721631959,0.9766838974083136,0.8414821236602016,0.9231940062416032,0.8804462640584156,0.6563812012564697
244,0.1612115507449606,0.9794055476528224,0.8566180598600723,0.9350608492821448,0.89412227433839,0.6604987033642157
245,0.1507848450552216,0.9813072298144124,0.869364318423629,0.9402913004147384,0.903437866293542,0.6631590630452656
246,0.1456738282129061,0.982142427504324,0.8748535624705583,0.9428520736482014,0.907580940635858,0.661159123481352
247,0.1517319496479823,0.9810998585967382,0.8691109497736468,0.9380373060869364,0.902259669479188,0.6509431826138513
248,0.145632220874373,0.9821716576382152,0.8750192434242642,0.942980691904197,0.907729682008622,0.6648291666972308
249,0.144937068009548,0.9823786512055808,0.8764773669370916,0.9434846805468062,0.9087474870087522,0.6536718108698132
250,0.1517044266940449,0.9810565936041034,0.8676671540674052,0.9396075267816876,0.9022055112507326,0.6590208708031735
251,0.1432852766764678,0.9825241633026952,0.8774092183779011,0.9439745669581324,0.9094755247429036,0.6528937258985069
252,0.1417193539547834,0.9829426341765456,0.880178477290421,0.9452651057047144,0.9115614518305948,0.6550891772736805
253,0.1415418335806123,0.9829937130973851,0.8808167240513497,0.9450003381582162,0.9117803960892096,0.6572308053622161
254,0.1408107956643584,0.9830555584852064,0.88084063080525,0.9457357215277428,0.912135371140169,0.6593501015641988
255,0.1454974050037294,0.982336938012396,0.8765884668079995,0.942803860260621,0.9084912342112462,0.6549150717200968
256,0.145361961971084,0.9823649802644068,0.8765444974591328,0.9432176241564872,0.9086596633045873,0.6585083152178827
257,0.142271705990215,0.9828934847054648,0.8800014962681313,0.9449032468800104,0.911298273737375,0.6633256032424035
258,0.1462883087906906,0.982119933278666,0.8747096671836816,0.9427766894694578,0.9074685829201468,0.6536479620783836
259,0.1442140505093035,0.9825003507341412,0.8773670312131375,0.9437370440364692,0.9093426123475672,0.652507132336138
260,0.1426741092485918,0.9827899055253508,0.8791491193556537,0.9448189288269986,0.910801842232302,0.6527154409055802
261,0.1455494937815254,0.9823656051040084,0.8763936700379469,0.9434410448468676,0.908682258883181,0.6349298684839779
262,0.1671014633699715,0.9786123652763422,0.8552582087434165,0.9268834748134148,0.8896315121260844,0.6455775075900306
263,0.1461823211460233,0.9820578544342904,0.8744823717062595,0.942324384396996,0.9071367219610807,0.6612065986319003
264,0.1401784739209164,0.9831405298046568,0.8817769481592391,0.9454742764964682,0.9125153792130652,0.6575647165424316
265,0.1377656950528244,0.9835117669244466,0.8840233389241263,0.946932860679701,0.9143973508663652,0.656584949062966
266,0.1371839814316883,0.983671286414828,0.8854202169517745,0.9469620249799984,0.9151576591562506,0.6617411225166956
267,0.1371353868689897,0.9837401080338058,0.8855830763793369,0.9475859933390216,0.9155359786253288,0.6487848767336091
268,0.1355895433280108,0.9840269918073778,0.8877350453968131,0.9481480890812108,0.916947567191114,0.6570325165806927
269,0.1363994088961923,0.9838562252041674,0.8866460392234621,0.947546787659381,0.9160853689357144,0.659312155879422
270,0.1380654586840876,0.9835718064571556,0.8848268230517382,0.9465568257900424,0.9146514653348844,0.6550625853231685
271,0.1413052710268995,0.9830733286488216,0.881632688492542,0.9448422602672364,0.912143714521137,0.6465694202190281
272,0.1542955579892765,0.9807637978866084,0.8668624095637353,0.937075548680164,0.9006025560467952,0.6521866705774946
273,0.1484481204274318,0.9819628032847832,0.8746542782466409,0.9408841109643298,0.9065611808372612,0.6567092458409883
274,0.1434271482469366,0.9825483947197732,0.8782972913647812,0.9430142123911212,0.9095059540925386,0.6571302342080098
275,0.1367322894201862,0.9837774267506716,0.8858930511632036,0.9476168558137666,0.9157160095356754,0.6521110831649134
276,0.1370172776925049,0.9838206436787216,0.8865552696262116,0.9472335113906158,0.9158904992583052,0.6561974902617543
277,0.1366143178918379,0.9838426572585324,0.8868305492503968,0.9471246805586196,0.9159864832206144,0.6535934835933696
278,0.1352958180439129,0.9840296559586462,0.8880015511654596,0.947814065550715,0.9169334357564736,0.6539874370381119
279,0.1372693350686015,0.9836211550529448,0.8855785282631754,0.9461234221375202,0.9148503527537064,0.6571713041917345
280,0.1403595591298967,0.98326028615072,0.8828381659664416,0.9454729474903788,0.9130826770014108,0.6521828854945156
281,0.1370776967286206,0.9837839841333038,0.8864399345550896,0.946940834716238,0.9156921307590936,0.6548327991072275
282,0.1360713684087177,0.9839511390262896,0.8875305846680576,0.94749584242595,0.9165334368841508,0.6585002444077798
283,0.1343851266897839,0.9842435570934758,0.889528945161577,0.9483476614956516,0.9179970972164476,0.6591237522744988
284,0.1371034800255899,0.9837891201775016,0.8867370922055177,0.946593742625862,0.9156882837387031,0.6504757366581264
285,0.1434222137381275,0.982763772123991,0.8797486752337283,0.9436450472816068,0.9105773152401324,0.6516497271100357
286,0.1363445847636933,0.9838667856800716,0.8868546663711266,0.9473887836020732,0.9161228446719438,0.6565858535366158
287,0.1349569334239839,0.9840678467044064,0.8886449353233721,0.947400080153834,0.9170823981511615,0.6556904823252189
288,0.1322788761245261,0.9845050215680896,0.89139442604633,0.9490085466904944,0.9192996765618716,0.6598975141387353
289,0.1333890560505201,0.984296805786998,0.8899364725140293,0.9484439406034691,0.9182591903779274,0.6541627191142755
290,0.1342709426828425,0.9843000810451296,0.8901877129142928,0.9481410010487334,0.9182508686646296,0.6582546643039475
291,0.1321090351280977,0.9846337110605452,0.8922631450247264,0.9494034830000924,0.919946883706768,0.6456027159657481
292,0.1397615757991941,0.9833868951332932,0.8840712746149695,0.945320628625787,0.913670615452634,0.6491294678418097
293,0.1345690245733415,0.9841395041338838,0.8887462349759788,0.9481419608864649,0.9174838184040356,0.6541410241807154
294,0.1338676599075468,0.9841920249922658,0.8892204680288495,0.9481371616978084,0.9177342037716388,0.6612477240878494
295,0.1298029115356558,0.9849591220319708,0.8944232605127963,0.9504572371617274,0.921589297639325,0.6580219532040777
296,0.1289255525782811,0.9851742934451112,0.8958538812201118,0.9511551130260611,0.9226766109977936,0.6530255269032514
297,0.1282708687211969,0.985241679992916,0.8962449382639115,0.951450669213633,0.9230230811174271,0.6609600919050344
298,0.1274841596111119,0.985457798965013,0.897946017303618,0.9518035941640683,0.9240907432403856,0.6530403830236567
299,0.1281761984816558,0.9853179447561592,0.8967839270660929,0.95165636982282,0.923405682059159,0.6608758336689239
300,0.1308331582293236,0.9848587013817112,0.8940205007946214,0.9497753093704676,0.9210549162162636,0.6605058532520125
301,0.1301279977339206,0.9849255111544992,0.8942794778668327,0.9502411260048392,0.9214113805261892,0.6556971591808828
302,0.1382084023073422,0.9836571348278068,0.8863526091394113,0.9454969434336616,0.9149699892860984,0.6483651412309861
303,0.1334633346405818,0.9843315152835492,0.8903625159556919,0.9482880038889672,0.9184128075242002,0.6509533009958237
304,0.1288609232673113,0.985055807377359,0.8951175972560838,0.9507011836128232,0.9220724894601274,0.6528691373745354
305,0.1271743095821614,0.9854486941593894,0.8981249615805093,0.951454951566588,0.9240211096014068,0.6502837435727066
306,0.1279749082361194,0.9852711229842536,0.896709141681456,0.9511873783405675,0.9231452176768418,0.6553837490890989
307,0.1282658107149944,0.9852189591770728,0.896408132835138,0.9509559097799786,0.9228766954754576,0.6542209385616929
308,0.1281897575467181,0.9852898750386714,0.8969547431125904,0.95108703838081,0.923228077126264,0.6382076943466612
309,0.1270314442436043,0.9854970745971144,0.8978938522589109,0.9523495941658404,0.9243203616855008,0.6510567726629876
310,0.1284015932314687,0.9852857964153378,0.8970058265501311,0.9509692736745452,0.92319964619924,0.657197421206539
311,0.1315831145901474,0.9847313370985208,0.8933523907823177,0.9491223243784904,0.9203933065148104,0.6526133266528286
312,0.1293761339172613,0.9852062151957476,0.8962734921262522,0.9509811608956792,0.9228172246072328,0.6516459089600468
313,0.128387163252496,0.9853308535303466,0.8974069219073615,0.9509813085630224,0.9234177050475983,0.6438830459079254
314,0.1300513655108084,0.98491061113323,0.8943884620216114,0.9499126399997164,0.9213147508431192,0.6536483737245118
315,0.1256145673582879,0.9857905844170112,0.9004676535334931,0.9524895089735969,0.9257483232912482,0.6436229124300638
316,0.1245641063282386,0.9859363162379416,0.90146995016583,0.952928450151492,0.9264852281178304,0.6507276011601227
317,0.1238151006132578,0.9860853851143268,0.9028827279365867,0.9528711552223,0.9272036726494478,0.6597289916626847
318,0.1240792703285491,0.9860550632277252,0.9025273555138552,0.9529714951820576,0.9270637307095816,0.6576669867191387
319,0.1232404949800144,0.9861645062871772,0.9030049602961678,0.9536642765230484,0.9276434973769324,0.6521443103027746
320,0.124099791451967,0.985998772732626,0.90200055906915,0.9529842684072511,0.9267917776522956,0.6542696145829572
321,0.1236235901123757,0.9861272836994812,0.9029269307192967,0.953318070436732,0.9274385211032036,0.6535666158391803
322,0.1370203648861363,0.9838270156693842,0.8875359451918563,0.9459601020558542,0.9158171838463732,0.6398417267482602
323,0.1500925506940848,0.9816142457826212,0.873716044668862,0.9378531649098684,0.904649243752354,0.6547166067359436
324,0.131998906836664,0.9846139496498482,0.8925183522022643,0.9488159884748592,0.9198065379754256,0.6532324525923274
325,0.1298045878090875,0.9850677273943744,0.8954990113967494,0.9503341564311047,0.9221020755435748,0.6466092802123493
326,0.1231813351724216,0.986021431751146,0.902226560550365,0.9529607154659984,0.9268999197759904,0.652983445724059
327,0.1235756952878382,0.9859635688574888,0.901804873470738,0.9528167398063018,0.926609259086068,0.6540544081248074
328,0.1203311391228394,0.9865158584016236,0.9055027214877248,0.9546299471144176,0.9294175944723176,0.6534579668857367
329,0.119358529772261,0.9867120168383148,0.9071246049213952,0.9548798740929164,0.9303898441667184,0.6521615027836142
330,0.1182941467159514,0.9869105441723972,0.9086416569436596,0.9552993231814988,0.9313865290246564,0.6437507751878536
331,0.1192614938393771,0.9867537643633458,0.9071447275205268,0.9553539600985118,0.9306254158247084,0.6540137223426445
332,0.119578044405944,0.9866763529164382,0.9066830402520892,0.9550238497526128,0.930225839798838,0.6478682826806726
333,0.1194015558567836,0.98680900430395,0.9078964952537,0.955044523180672,0.9308738890033932,0.6452649138189577
334,0.1215423730691131,0.9863901626461604,0.9047148789575096,0.9541453767274496,0.9287729041210322,0.6587809717939954
335,0.1207975832035215,0.9865823660541646,0.9063110153807752,0.9543789126308444,0.9297240860424104,0.6527669457009654
336,0.1214486919611478,0.9864642439039824,0.9054893162384178,0.9540276858548564,0.9291250103814886,0.6474364147832204
337,0.1275907116506597,0.9852888519496532,0.8973806287581197,0.9505064103870392,0.9231798504158896,0.6579828137142408
338,0.1209991448592367,0.986515398354884,0.9056285797832714,0.954460868006364,0.92940373526496,0.6545423393251044
339,0.1254790748784439,0.985699481429822,0.9005114378463727,0.9513303941625328,0.9252236193248916,0.6483689509795593
340,0.1234091907578835,0.9861123699454734,0.9027460451781488,0.9533754391995958,0.927370233630959,0.6499023325303532
341,0.1258968219911451,0.9856795277607858,0.9006301912810952,0.9509326521734124,0.925098123944311,0.6507696216985077
342,0.1251766413128633,0.98571503375617,0.9001340001109978,0.9520167519740907,0.9253487019481552,0.6506953389142446
343,0.1230775046048404,0.9860307768796932,0.9029193101702728,0.952165305321429,0.9268886534547812,0.655414157798477
344,0.1233552707452997,0.9860876784816556,0.9029527096534128,0.9528071414289888,0.9272102633631404,0.6470888051459104
345,0.1179881374612986,0.986972959468866,0.9086533630275528,0.9560304241980704,0.9317400259019076,0.6535353796947939
346,0.1170168218048785,0.9871040521905584,0.9100555892762764,0.9557957069559292,0.932365003661324,0.6563876775864053
347,0.1180628211163788,0.986940550206013,0.908888198941008,0.9553409653723032,0.9315358283343176,0.6507612342976459
348,0.1160765001349311,0.9873667732107452,0.9119038348162326,0.9565665304878428,0.9337013886937026,0.6505648683452411
349,0.1155700046006295,0.987426812743454,0.912190094568964,0.956916649758756,0.9340182329201498,0.649873642542744
350,0.1161897507556479,0.9873275319104898,0.911210809052875,0.956982952395888,0.9335361548646108,0.6507372612571763
351,0.1170623028825084,0.9872188441516552,0.9107048439689304,0.9563341020895224,0.9329618978374954,0.6599190373160421
352,0.1197087476096993,0.986734456133019,0.9074895918526764,0.9546771268305952,0.9304854903552148,0.6481168272214798
353,0.1193603753453964,0.986886834599382,0.908586663602375,0.9550866083735062,0.931256533000944,0.6543196427630691
354,0.1173357280413452,0.9872156856218008,0.9107486275424256,0.956240480993884,0.9329403173095708,0.6529222340977194
355,0.115653800369381,0.9874931624695024,0.9126148608175062,0.9571656907331948,0.9343595246012274,0.6460488975470338
356,0.1148294681053367,0.9876194967973057,0.9136662405359016,0.957333071666801,0.9349900909378106,0.6480128048972984
357,0.1265271719839933,0.9856343745166076,0.9005172827936181,0.950535648521008,0.9248506781453206,0.6511782363913254
358,0.1241792803831237,0.985990869541621,0.902536373550522,0.9521858310821448,0.9266965638137404,0.6465384430903479
359,0.119047822149323,0.9868095879453362,0.907595168869006,0.9554403454943298,0.9309033939801454,0.6543625547431579
360,0.1177875229941426,0.9869614788994824,0.909307660976763,0.9550523495498656,0.9316188002061272,0.6555583698773847
361,0.1150438787965037,0.98750442331507,0.912820450704396,0.9570384014832888,0.9344065986171062,0.6506811872696451
362,0.1160812463557763,0.9872818774213564,0.9111851346357366,0.9564718018871295,0.9332794160798916,0.6452560553576822
363,0.1161197044705744,0.9873490236462376,0.912030399294976,0.956194187281766,0.9335902896215326,0.6484437002648543
364,0.1139808818429923,0.9877004581571148,0.9141621333607732,0.9576665783615954,0.935408797654128,0.6551236538111973
365,0.1144628542334699,0.9876291646452076,0.9136318470490364,0.9574914448924672,0.935047606000411,0.6533610054876451
366,0.1308511750196381,0.9847673306061212,0.8957447388411998,0.9463490578380496,0.9203518205141222,0.6347866713318873
367,0.126658449686474,0.985612587526982,0.9001062629434353,0.9508142967977746,0.9247656782887488,0.6483641212386598
368,0.1178614225694172,0.9870193898577244,0.9093547272091153,0.9556836274423808,0.9319437556483678,0.6430588188313983
369,0.1175709861270386,0.9870147413257432,0.9098570461733564,0.954984127237271,0.9318745741348105,0.650070256775708
370,0.1153535355391691,0.987327785966152,0.911630879698192,0.9564500947876676,0.933502833343374,0.6495686101651368
371,0.1114014878654651,0.9880276818500218,0.9165307038905464,0.9585592274517136,0.9370739491179486,0.6535348207023978
372,0.1104635326124781,0.9881509400444016,0.9174467551216684,0.958868147533852,0.9377002434926212,0.6534851007850997
373,0.1101216197871475,0.9882434849691332,0.9181209068793404,0.9591181483460224,0.9381718558568656,0.6553433610602627
374,0.1107036542924616,0.9882846831846244,0.918340036046224,0.9593307893203432,0.938387985522122,0.6465939042511616
375,0.1101215819982316,0.9883507719886412,0.9188496599853988,0.9594747649800398,0.9387228849805346,0.6487629011635385
376,0.1106787667268043,0.9882477077862212,0.9181093362927016,0.9591824574740202,0.9381965790710802,0.6307638129701093
377,0.1130172132427315,0.9878307681127132,0.915089765570493,0.958040545908448,0.9360727261630726,0.6544613675693318
378,0.1113497344843989,0.9882010027425928,0.9179239167749916,0.9588626838421508,0.9379467970544376,0.6568554040479541
379,0.1106333485368987,0.9883259775292847,0.9186356524657824,0.959449144695981,0.9385989305461738,0.6523053519300283
380,0.111840534580054,0.9881284732842208,0.9174501456109114,0.958598433131354,0.9375730266519656,0.6385975634702555
381,0.1128731771579963,0.9879551729907576,0.9159210580439828,0.958467230696851,0.9367112730202594,0.6404394237193599
382,0.1112875599655316,0.9882137123920716,0.917919708637884,0.9590180298872796,0.9380189150699494,0.653850292914545
383,0.1290207729011559,0.9851601693235672,0.8978846963998858,0.9482741969923706,0.9223917751801368,0.6380761621461518
384,0.1272543447373582,0.9854777595004184,0.8993727363791025,0.9501519349294992,0.924065257360234,0.6448782856322643
385,0.1137542319115546,0.9876733153994754,0.914035290756084,0.9575048826207057,0.9352652603844348,0.642717002443484
386,0.1108812869479544,0.9881251636942427,0.9173702360341692,0.9586593459104564,0.9375604296416644,0.6500805256087008
387,0.1084053799402799,0.988570207417085,0.9205066007921956,0.9600000915537528,0.9398386345904838,0.6508794497635935
388,0.1076179348307547,0.9887064773811908,0.921484948465206,0.9603914838471124,0.94053603286999,0.6432036150441541
389,0.1078108699201679,0.9886714520316544,0.9212797620734248,0.9602334797898044,0.9403533837685256,0.6532299466970419
390,0.1080554419016237,0.9886610151503964,0.921272896659948,0.9601192590997786,0.940295034463639,0.645456601770731
391,0.1081592063654026,0.9886867159704936,0.9213963203339456,0.960268772284848,0.9404310222744868,0.6493368126646666
392,0.1082733899033326,0.988697969949692,0.9215230320742676,0.960244407173207,0.9404853322198846,0.6534833189009907
393,0.10805871288071,0.9887370739225624,0.9215546271608226,0.960664963766864,0.9407034617829032,0.6295748192981394
394,0.1085905354443213,0.9886826785453756,0.9215844420198774,0.959988795001992,0.9403946873601948,0.6441506463059697
395,0.1079143701161412,0.9888004985753108,0.9221595519149416,0.9606629702577296,0.941017566724116,0.6549066983787021
396,0.10903921113651,0.9885998426667616,0.9209290707556824,0.9598253272529828,0.9399749883884474,0.6465021119861983
397,0.110696867027943,0.988341571053848,0.9192082512950772,0.958919683436656,0.9386441349855554,0.6360317224866326
398,0.115179160596441,0.9875944276831794,0.9138524140283956,0.956799771056551,0.934833089222452,0.6097825834404376
399,0.1224607275999921,0.9862401942754035,0.9048622564847698,0.9521513507574892,0.92790469213729,0.6467324602949535
400,0.1115250765017682,0.9881378664773526,0.9177649963400796,0.9583156501689756,0.937602081026239,0.6493931224842557
401,0.1096140842804377,0.988378505254036,0.919341411361654,0.9591893978391542,0.938842770588086,0.6500860716483833
402,0.1096701382679476,0.9884173414385056,0.919826691502717,0.9590438716723534,0.9390259965493316,0.646324793966178
403,0.1195651159333668,0.986593867222656,0.9072814039841578,0.9532621783473012,0.9297036153833635,0.6549631593347195
404,0.1084581187678326,0.9885631350567592,0.9206213554718145,0.9597746035205666,0.9397903587433816,0.6483656054985717
405,0.1099489240927233,0.9882786888442704,0.9186076851210508,0.9589261069660888,0.938333994343764,0.6529180554584283
406,0.1065348740533101,0.988846592512076,0.9223716675554956,0.9609425783722274,0.9412621503339754,0.6541620720493875
407,0.1050432885615088,0.9891083179087214,0.924237883038162,0.9617167244193646,0.9426049025199212,0.6531252406761481
408,0.104663125875828,0.9891776339062852,0.9249921324814137,0.961604497238473,0.9429430546967512,0.6460302248816379
409,0.1040348443973193,0.989351504108396,0.9264673199190928,0.9618372948051516,0.943821048540403,0.6529799088066497
410,0.1042192938516465,0.9892975619115796,0.9257798409251338,0.9620448412561292,0.9435640168364196,0.6572457620846205
411,0.1045187779387338,0.9893276091434112,0.9260336764560092,0.9620864096132622,0.9437158383472064,0.6485086982828572
412,0.105520478456462,0.9891526403222206,0.9248179157766416,0.9615251260414608,0.9428143697293468,0.6557801441801466
413,0.1102417007142262,0.9884094107820234,0.9195473138168652,0.9592975641681056,0.9390019459487274,0.6364067143769376
414,0.112435284251575,0.988016057086884,0.9171327894523154,0.9576670213636252,0.9369617189020936,0.6502853878649119
415,0.1062788476618073,0.9890391941694968,0.9240325172966496,0.9611588371964588,0.9422301006630373,0.6523865385679538
416,0.1048766679981415,0.9892777455699284,0.92582732052425,0.9617552655959604,0.943449369679754,0.6368786429465078
417,0.1207019300635555,0.9867588317438512,0.9085893430424926,0.9535527876788732,0.9305282197528706,0.6522458672418011
418,0.1075823937388632,0.98876331718583,0.9218500691222672,0.9606082595070452,0.9408301654898066,0.6504127655717948
419,0.1043713617560674,0.9892940531968936,0.9259492328430684,0.9617972031214512,0.9435328446808996,0.6546849009561703
420,0.1036947548737843,0.9893798965452384,0.9266110504869592,0.96199396985637,0.9439710615708146,0.6478063794232616
421,0.1028862025508348,0.9895484109793354,0.92778876544273,0.9625298546451272,0.9448400666988802,0.6542857133146024
422,0.101991210534847,0.9896713739198376,0.9287161719462168,0.9628398822323404,0.9454702308700974,0.6552439423095312
423,0.1026039923936557,0.9895913532526156,0.9281505623448906,0.9625920225966476,0.945057602443972,0.647052408791534
424,0.104876724413509,0.9892385660669964,0.9255953212224742,0.9615802797941754,0.9432447171082669,0.6526787415909633
425,0.1050073276776418,0.9891866425827393,0.9250367912687028,0.9616552948045608,0.9429906817110864,0.652803980047643
426,0.1023640813667782,0.9896297637221918,0.9283854902748708,0.9627551950109702,0.9452580241007736,0.6504710291575193
427,0.1030068554305773,0.9895346027107766,0.9275852881214364,0.962615649371572,0.9447758666936286,0.6497162111310405
428,0.1089608229214339,0.9885789414387692,0.921209815659462,0.959232221368705,0.9398366133297038,0.642989985685504
429,0.1082306415941432,0.9886853564293824,0.9216551682679782,0.9599329029125612,0.9404046876261848,0.6453900684400586
430,0.1038712717646317,0.9893939520030902,0.9267875535141938,0.961943393791297,0.9440382875314632,0.6524245862460211
431,0.1019490300376209,0.9897488402976994,0.9293811326907334,0.962938597851322,0.9458623194996052,0.6464172384369287
432,0.1035189676172227,0.9894662342721692,0.9273490837034226,0.9621047941975004,0.9444072806020688,0.654284732803053
433,0.1026280936014523,0.9895670188399988,0.927824425433068,0.9627035852744944,0.9449422550849796,0.6493560546549745
434,0.1009784665816336,0.9898637901852888,0.9300381433505496,0.9634837118490344,0.9464655504830412,0.6535054333223522
435,0.1070855884216457,0.9888355445239552,0.9232141794363684,0.9597760063603278,0.9411401342803742,0.642925383357247
436,0.1048848475966093,0.9891673000205662,0.9249037724057608,0.9615916501796078,0.9428909650320164,0.6499849015164725
437,0.1022085100814378,0.9896617747356284,0.928504469240415,0.9629841532267234,0.9454300485428836,0.6429468518370636
438,0.1007255635512389,0.9899173478654272,0.9306013862349708,0.9634284842626484,0.9467304575904304,0.6505545389713618
439,0.1006637937355813,0.9899405561934872,0.9306787894994876,0.9636050944052093,0.9468557806319792,0.651557806548446
440,0.1054615224678096,0.9890549250214452,0.92454424340177,0.96071613050131,0.9422831777440974,0.6442553959529099
441,0.1074603243375853,0.9888312942413904,0.922676623224713,0.9603872014941572,0.9411543129135884,0.6496982689105841
442,0.1046412167869669,0.989242534828422,0.9255368654794156,0.96169804450044,0.9432710140510504,0.6269532070602389
443,0.1034447386217631,0.9894391739109608,0.9271821276912492,0.9619917548462208,0.9442662428529172,0.6524529559834467
444,0.1002130311438076,0.9900077092847376,0.9313160659504032,0.9636197873058654,0.9471925794675384,0.6470568872733301
445,0.0990078284157265,0.9902025356457946,0.93261830803608,0.9643206165170648,0.948204552228596,0.6506216458266234
446,0.0987055470778359,0.9902097865317212,0.9327188589261536,0.9642845118516332,0.9482390631764186,0.638497314144249
447,0.0989215133725096,0.9902211229073504,0.9327361231357384,0.964395262359092,0.9483015304695608,0.648041551506022
448,0.1094947973226043,0.9887071090871618,0.9231246156536588,0.9583795162949436,0.9404217695911784,0.6178374242993565
449,0.1361286590050021,0.9845550018698496,0.8952536403334012,0.9444197101644451,0.9191796829567924,0.6427171581088852
450,0.1100065664609344,0.9883398132633204,0.9195416766867044,0.958484433942343,0.938609296726161,0.6402673203945543
451,0.1028486090919954,0.989405549300751,0.926876626796893,0.9619704907487886,0.9440975452814274,0.6388278430786622
452,0.0990788690987036,0.9900015707506292,0.9312975258020786,0.963570761747897,0.9471593062664238,0.6527398834795636
453,0.0987548259549218,0.9900782337632889,0.9319229652671702,0.9637109718903398,0.9475504410215964,0.6426627266994095
454,0.0983789480901021,0.99015725880697,0.9324416750241332,0.96400689724627,0.9479615942624818,0.6423459630481826
455,0.0976612879861173,0.9902877610209072,0.9334040482137036,0.9643701589107349,0.948634465495978,0.6507164189121171
456,0.0987672746020684,0.9901310018109636,0.932454236330588,0.9636874927827586,0.9478136273750772,0.6477216843345278
457,0.0974486760875518,0.9903755200862724,0.9340492304181408,0.9646176493780696,0.9490873650738024,0.6374169541428634
458,0.0965512423715788,0.9905185122258726,0.9350566441880253,0.965074310637158,0.949828372623376,0.6484769471946884
459,0.0962708742230487,0.990592710211972,0.9357454029639084,0.9651152883249178,0.9502034510145037,0.6484171833663633
460,0.0964951162233198,0.9905814150345582,0.9357229238951515,0.965011478182593,0.9501415463100183,0.6397770527493128
461,0.0976272458277589,0.9904129555314152,0.9344933152035196,0.9645227731100132,0.9492706137453794,0.6404968842243358
462,0.0982297701667324,0.9903161191259034,0.933489104664487,0.9645971236173536,0.9487881971543386,0.6402165545843727
463,0.1060919682461795,0.9891865395872004,0.9258991515544872,0.9606016144765976,0.9429312045252536,0.6496355972651106
464,0.10265304842334,0.989639301109078,0.9287355784614132,0.9624428785799364,0.9452888385503232,0.6418050089083837
465,0.1011610869318246,0.9898801184113616,0.9305311073211444,0.9630803585008694,0.9465259886837768,0.6507813103050131
466,0.097955577598094,0.9903914569292982,0.9341553234946282,0.9646758303113212,0.9491702940787275,0.6497031628995747
467,0.0999427649507419,0.990091554519631,0.9324802228541276,0.9631991568785369,0.9475907941623212,0.5680453538914304
468,0.1071066445798325,0.9887640518873396,0.9234360373643858,0.9586654002715308,0.9407210054491608,0.6487646584416402
469,0.1004105689633878,0.98990507766358,0.9307481268110228,0.9631095966348384,0.9466523719116336,0.6568139853226486
470,0.0984160969529649,0.9902792879212544,0.9332701637296396,0.9644316623592104,0.9485950670038376,0.6490097586275757
471,0.0980757984111635,0.9902916130540556,0.9334834163464216,0.9643201735150351,0.9486512670052475,0.652699847871304
472,0.09639774124881775,0.9905032070888177,0.9348180595083274,0.9651805572906469,0.9497567078882472,0.6423444369109345
473,0.095867906596592,0.9906721472378079,0.9363052645056841,0.9653700883257447,0.9506155659533704,0.6287641406405615
474,0.09590166824595105,0.9906816571592172,0.9363322015367868,0.9654479828493241,0.9506672145102403,0.6596613533090805
475,0.0972611071984116,0.9904826835111339,0.9349906793428463,0.9647385150985428,0.9496316867262048,0.6385678945632716
476,0.12364807272021719,0.9861620206615093,0.9075013843616373,0.9478079373559689,0.9272168313833438,0.6344371130335986
477,0.10953616081542678,0.9883198458615459,0.91938556870923,0.958443087086225,0.9385081434098455,0.640196983168231
478,0.09946125615790165,0.9900288302365459,0.931397001672318,0.9637678976511737,0.9473059895745926,0.6439025130120264
479,0.09598386980486003,0.9905540250876259,0.9354859444006113,0.9649757426855197,0.9500020443494817,0.6444124788882863
480,0.09446903741616997,0.9907902693879901,0.9371950113656533,0.965682330923107,0.9512254342326956,0.6485689339510903
481,0.09429606696148571,0.990853625377046,0.9377625180221808,0.965744129706269,0.9515476585482215,0.6452577118879265
482,0.0949089187431893,0.9907347685253544,0.9368039737274126,0.9655035796040684,0.9509372850222013,0.6474357911138513
483,0.09602174882462128,0.9905743152087552,0.9355503922994705,0.9651337467428276,0.95011184324574,0.6464021318634391
484,0.09453189042028334,0.9908337541044409,0.9374458254030131,0.9658879576986221,0.951454381560005,0.6485543595720885
485,0.09560227914036606,0.9906630973631384,0.9362194628754147,0.9653670611452075,0.9505698742038228,0.648141191139444
486,0.09483520950612834,0.990835717886046,0.9374940069530094,0.9658538465423249,0.9514626462662631,0.6348665861069022
487,0.09458653000350907,0.9908699879349653,0.937969302704166,0.9656894189555844,0.9516275376679163,0.6442724409856196
488,0.09377301009974891,0.9910369711687198,0.9390293074010562,0.9663667690592025,0.9525019276106252,0.6457829564477985
489,0.09352343021590503,0.9910522351075592,0.939027062683449,0.966544929708868,0.9525873070338882,0.6443338945937639
490,0.09684812656784658,0.9905634594789733,0.935607891284544,0.9649403025231328,0.9500477436990439,0.6472961259627331
491,0.09614530745759714,0.9906331805923226,0.9359746583537537,0.9653112428894483,0.9504166208540323,0.6454741448697453
492,0.09554275917224318,0.9907464688185539,0.9369030074503839,0.96552166885362,0.9509970792272427,0.6461651192919011
493,0.09434026396639056,0.9909700309349161,0.9384590396812108,0.9662656907627284,0.952159393676525,0.6494467622661657
494,0.093839127623992,0.9910397520482654,0.9390509231972469,0.96637341408965,0.9525162756620382,0.6533438897858223
495,0.09566639720214357,0.9907121095068343,0.9365858721029922,0.9654996664194715,0.9508230085078787,0.6397827984032597
496,0.10381879869232075,0.9896307181475174,0.929428714760766,0.9615066676235511,0.9451956049354168,0.6364730722930952
497,0.11039151883811402,0.9884465921715041,0.921260093644071,0.9576139349537166,0.9390853138235423,0.6486579915106869
498,0.10217188577428996,0.9896443135586294,0.9291089552276055,0.9620503787815022,0.9452927696061584,0.642129300276572
499,0.09779175912304748,0.9903181584375703,0.9337598417033987,0.9642982449145582,0.9487833727266969,0.6522653161790267
500,0.09354266273728806,0.9909682250798036,0.9384649850237824,0.9662379293021921,0.9521489750782248,0.6475678757892361
501,0.09210372231096672,0.9911746693376293,0.9399131302535182,0.9669147625701088,0.9532227681333479,0.6482701151505731
502,0.09189616520252587,0.9912302182648498,0.9404873462230567,0.9668819065862293,0.953501999780108,0.6428651517281473
503,0.09166079373668423,0.991269377168674,0.9406988137550719,0.9670846538485506,0.9537092674555877,0.6523052092223705
504,0.09143097493663538,0.9913473791233371,0.9413598245283855,0.9672092850862776,0.9541095036111847,0.6412861897762531
505,0.09256991074025202,0.9911490577803325,0.9399559775775146,0.9665704761592551,0.9530774619309592,0.6458248790311263
506,0.09180041745626669,0.9913040866652253,0.9411166427164969,0.9669959057752403,0.9538807771932987,0.6524760695667935
507,0.09264472973861283,0.9911364785918692,0.9396308636603179,0.9668061532391274,0.9530248234873699,0.6419314614560783
508,0.09461577468477994,0.9908894678245233,0.93798594013566,0.9658941597270398,0.9517355021972733,0.6429081281186542
509,0.09447716617380543,0.9909124220969211,0.9382115152870832,0.9658933475566518,0.9518512125045816,0.6317117684217745
510,0.10147742584026118,0.9897582884217854,0.9301489042041625,0.9621237694511117,0.9458661875986717,0.622675077905825
511,0.09829564096419502,0.990281265435598,0.9336479141678864,0.9640044607351057,0.9485833822012629,0.6390211107735004
512,0.09304289531847126,0.991080909065541,0.9391417468878683,0.9667402197703536,0.9527411609584788,0.6527426626965276
513,0.09181338060888455,0.991326127710513,0.9410998002667134,0.967268352023589,0.9540046576455733,0.6474282917208981
514,0.0929653502786331,0.9910338195052347,0.9389969995172454,0.9663683933999786,0.9524860955321259,0.6469629414296393
515,0.09130813369004846,0.9913649226967671,0.9413882846695032,0.9673773305229284,0.9542058789835576,0.6456567413739778
516,0.0957583811053698,0.9906093474246611,0.9364957926029422,0.964420661142136,0.950253115732227,0.6479273816571246
517,0.09477948857029136,0.9907851402101614,0.9372714273939515,0.9655331869063958,0.9511924256298282,0.6426357404337429
518,0.09190264494299032,0.9912512980184427,0.9406981710790534,0.9668779195679608,0.9536083986938647,0.6416495962907931
519,0.09099933590820368,0.9914437486157399,0.9421198289882958,0.9674302692654938,0.9546073084670369,0.6357916850937476
520,0.09035876295495805,0.9915249434321036,0.9426565062716142,0.9677374173395129,0.9550323224366299,0.6424483546364226
521,0.0897872233964342,0.9916063511059139,0.943191667935769,0.968049069267502,0.9554587221933786,0.6484424853856198
522,0.08975160024095354,0.9916608563450086,0.9436804389179543,0.9681070286997389,0.9557376865759627,0.6537642958176447
523,0.09049948207069215,0.9915396580614031,0.9426944389949793,0.9678619009098967,0.9551124064190605,0.6434317825235093
524,0.09119706797889239,0.9914382555203411,0.9419522651649044,0.9675619885356982,0.9545853926174047,0.6431995173517824
525,0.10112492356904977,0.9896846603443336,0.9302491950552162,0.961147319143683,0.9454458790113492,0.6341682032087491
526,0.1066669262945652,0.988841950846464,0.924382597693159,0.9584199033133303,0.9410935872796029,0.6498482891052565
527,0.09690842853872467,0.9904048738148097,0.9342962839913785,0.9646634262544858,0.9492370476204212,0.6470089640754697
528,0.09149474492497581,0.9913038394759324,0.9408846485655081,0.9672634051675891,0.9538916933210697,0.6417699128212027
529,0.09133578785996643,0.9912842428580971,0.9410751200121198,0.9668166376205003,0.9537722249058794,0.6441217401972872
530,0.0893202199191927,0.9916255426079635,0.9432754596542829,0.9681716331624232,0.9555614128453377,0.645850612296379
531,0.08903125381405405,0.9916742251659354,0.9436364206748747,0.968310809633463,0.95581439907832,0.6458827853875062
532,0.08822572367976038,0.9917829266575086,0.9444002104515891,0.9686709702837192,0.9563816311766002,0.6419305115658035
533,0.08803304345112481,0.991846571034073,0.9450104282842613,0.9686943755576288,0.9567058460474055,0.6456593515499957
534,0.08944785948708761,0.991677280700251,0.9437119721801025,0.9682583877265992,0.9558276130451979,0.6357220337429669
535,0.09182544159803459,0.9913019100261735,0.9408446377104267,0.9672879179465733,0.953883049711676,0.6476306148211172
536,0.09017755065729721,0.9915389439590013,0.9427845068957615,0.9677493045606468,0.9551037991873224,0.6503774698247556
537,0.09496270858501787,0.9908016881600503,0.9375994198777079,0.9653377491775668,0.9512664194417745,0.6431789820946189
538,0.09287486857861924,0.991180958931861,0.9403416854135663,0.966486379607258,0.9532347963624288,0.6403968302065736
539,0.09002842294494454,0.9915837332856093,0.9430469240328089,0.9679578846830276,0.9553400405695891,0.6412054364794295
540,0.09033752240830188,0.9915209815370472,0.9425691379110982,0.9677933832626154,0.9550147313164955,0.6511065853903201
541,0.08852652968208996,0.9918441678048361,0.945187783481026,0.9684627593296966,0.9566837292353995,0.6433907219677422
542,0.08858201528142254,0.9918223533497336,0.9449134976611129,0.9685295049688585,0.9565757651210167,0.6460816396146978
543,0.08833063818621549,0.9918856612742047,0.9453629878727962,0.9687347625760154,0.956906186625391,0.6437579946509389
544,0.08789971304668796,0.9919368431905832,0.9457078305710096,0.9689222262683074,0.9571742941389901,0.6523090560304362
545,0.08788162555625971,0.9919489485995683,0.9459320675172405,0.9688026895539236,0.9572307890287552,0.6452809572018137
546,0.08793469262476876,0.9919451171655276,0.9457862984159656,0.9689264347875909,0.9572165372942242,0.6539747170447954
547,0.08843457371854097,0.9918658037343381,0.9451169789945689,0.9687912453348194,0.9568076916415927,0.6394887765054094
548,0.08807288127676617,0.9919348450771318,0.9456366163262506,0.9689812932056188,0.9571666355240931,0.6479694618405217
549,0.0929129935747428,0.9911459679141706,0.9403310395618449,0.9660970546567045,0.9530399289414083,0.6506774002013221
550,0.09155172758179603,0.9913621074853752,0.9413509770897573,0.967388479407346,0.9541921368217514,0.6463541537504793
551,0.08936482985510671,0.9917377116160071,0.9442082579167441,0.9683758570981772,0.956139365438754,0.648048000409265
552,0.0913733671814632,0.9914761922104391,0.9424691625679686,0.967396453443883,0.9547701343012414,0.6445793211568379
553,0.09683346429424321,0.9905233667489313,0.9358045036341751,0.9642447893362914,0.949811796783436,0.638257822659108
554,0.09099603409497001,0.9914681722911569,0.9422206478246555,0.9675929986777866,0.9547382842450742,0.6452390564786596
555,0.08817325913005596,0.991849001728787,0.944844834336792,0.9689129232256809,0.9567275344168638,0.6435889470860243
556,0.08805248082327329,0.9918610865386643,0.9452032874353122,0.9686380404661681,0.9567771861081388,0.6439784978516481
557,0.0882777379651507,0.9918021936896199,0.9447666799267834,0.9684684445224128,0.9564707497294249,0.6492705528150312
558,0.09232757576881982,0.9912186690317738,0.9409038202879229,0.9662638449209374,0.9534152237135813,0.6318436413951944
559,0.09757047556608701,0.9903173138741528,0.9342297880941443,0.9637296518092646,0.9487504626923251,0.6448325405778224
560,0.09011780812317947,0.991512632032041,0.9423884988776994,0.9679073824516264,0.9549774923521203,0.6442667077321886
561,0.08689646091874983,0.9920018333755203,0.9461180299936501,0.9691922360054921,0.9575161427292925,0.6526602569707672
562,0.08681616570344931,0.9920197340001512,0.9462176734724209,0.9692819439165337,0.9576109518222832,0.6436123765951391
563,0.08581453928951736,0.9921392500232907,0.9471250132433944,0.9696037110575374,0.9582325511515976,0.6434174126203277
564,0.08920803206483666,0.9916938904474631,0.9441723116652869,0.9679165378269097,0.9558969974243595,0.649605697149011
565,0.0895545344880159,0.991597596485122,0.9431645850826945,0.9679802562855343,0.9554113084743233,0.6399118490220601
566,0.08737514314087604,0.9919463462456231,0.9459155453094541,0.9687919836715359,0.9572171035581559,0.6439201970259381
567,0.08727334114126593,0.9919344399613462,0.945521395406299,0.969109173124898,0.9571699864554499,0.648792763600487
568,0.08571194860038997,0.9921917159507185,0.9474985727544634,0.9697736761696508,0.9585067270245164,0.6504767376899301
569,0.08496933037803757,0.9923274984026078,0.9486149044567868,0.9700439074078504,0.95920973844255,0.6474298916835051
570,0.08468260073350917,0.9923579095520095,0.9486227827226242,0.9703806627841969,0.9593783760898383,0.6498909753453853
571,0.084758557017437,0.9923434970429569,0.9485474526097523,0.9703026944269458,0.9593017469138053,0.6456032463186078
572,0.08603485235475379,0.9921752435308914,0.9474661111772854,0.9696232769805218,0.9584166510154282,0.6404483037035481
573,0.0873474588470279,0.9919726993707989,0.9459643174662208,0.969036520792005,0.9573614305303427,0.6446020769003289
574,0.08573147295404682,0.992249338521452,0.9478851380650617,0.9699876461500613,0.9588090320272507,0.6391667923516499
575,0.08549907729833675,0.9922948900150467,0.9483680617719589,0.9699545686651669,0.9590398608624351,0.6468580704994004
576,0.0868851674064029,0.9920721106647789,0.9466179252366891,0.9694197913814842,0.9578831811522186,0.6539188536260381
577,0.08566337561221432,0.9922666486383276,0.9480412231274113,0.9700063260689861,0.9588980045808089,0.6453366578493168
578,0.08520356877941451,0.992373173490849,0.9488953053899981,0.9702436274896344,0.9594507280700554,0.6442493555462644
579,0.08750119418066611,0.9920088645376308,0.946307602193125,0.9690548315425714,0.9575461415332894,0.6465846936059896
580,0.10174955802855731,0.989702464839795,0.930295196956357,0.9612990473389016,0.945543040506854,0.6416357939778258
581,0.09530813628874665,0.9907019816121927,0.936771393287264,0.965163944714528,0.9507557435583105,0.6333200977530627
582,0.08920824575981648,0.9916369270481775,0.9432810127106703,0.9682954522297621,0.9556245659374014,0.6463235449736389
583,0.0853130281132331,0.992271716018833,0.948077357028102,0.9700227171440899,0.9589244964959294,0.6481152418227781
584,0.08430390732644273,0.9924025066202786,0.949075615627391,0.9703716550762569,0.9596054968379064,0.6416012794984703
585,0.08397800319915195,0.9924398322035135,0.9493429536660365,0.9704914871253273,0.9598007362713283,0.6506087995347887
586,0.08338164299619284,0.9925651022440832,0.9503665520470945,0.9707510124811392,0.9604506352576923,0.6444057664246586
587,0.08313372808930686,0.9926377484307325,0.9509683766582351,0.970893068465373,0.9608274390122493,0.6473152950611684
588,0.08312792976875957,0.9926150550803662,0.950725625763203,0.9709106408792232,0.9607121208457237,0.640208901387593
589,0.08323669298250469,0.9926199439352711,0.9506631310855446,0.9710368964577263,0.9607420129625883,0.6427112970751301
590,0.08419156299649383,0.9924418783815495,0.9493164605339434,0.9705448688699225,0.9598133006731937,0.647550342858553
591,0.10494843074422089,0.9891261773351369,0.9264041850946645,0.9592821329307331,0.9425565367246814,0.6432811971576857
592,0.09083812591358484,0.9914142369607098,0.941756310009774,0.9675145134848341,0.9544616582289195,0.6457663528276775
593,0.08601230042551061,0.9921188569066226,0.9469646583214677,0.9695550546679271,0.9581267177631646,0.6455832238418999
594,0.08375907583470396,0.9924463758534073,0.9493025048703847,0.9706118360100993,0.9598389131867924,0.6432592248933218
595,0.08337673079892458,0.9924954703935341,0.9497131028408857,0.9707025037588722,0.9600931002769026,0.6440686648438034
596,0.08236929719343031,0.9926806426394279,0.9512045419338714,0.971112059135455,0.9610552193770352,0.641016497156491
597,0.08224529768976806,0.9927115069692,0.9513414581320387,0.9713069800285825,0.9612205542457289,0.6468293872866222
598,0.0822116502513774,0.9927252877722818,0.9513649026761527,0.971436631955981,0.9612960049916599,0.6422680613772034
599,0.08206194905872397,0.9927632931260723,0.9517905888669871,0.9713860558909081,0.9614884921504212,0.6402827476812387
600,0.08225376264815279,0.9927390891744713,0.9515150138869884,0.9714232680614142,0.961366085512673,0.6188051021034252
601,0.09711232505363526,0.9903102964447807,0.9349429594957392,0.9628028177291775,0.9486683902781445,0.6397249190356287
602,0.08672377594458543,0.9920533105457764,0.9464974632097831,0.9693436688660241,0.9577843467282363,0.6418980891139063
603,0.0839020022921425,0.9924970839903076,0.9496974544480578,0.9707386084243038,0.9601027633027576,0.6494906226634435
604,0.08278430540034239,0.9926886488259717,0.9511747902219714,0.9712364688721671,0.9611009508659702,0.6436666161877052
605,0.08279831562754061,0.9926912855117631,0.9513495058478707,0.9710687187702027,0.9611079773548169,0.647633697348482
606,0.08339944630593275,0.9926176848997884,0.9506977949276896,0.9709719966603554,0.9607279462916428,0.6495360292636482
607,0.0828189136688229,0.9926956799880822,0.9513136298142885,0.9711590911842891,0.9611339293093202,0.6465288929307521
608,0.08256140333875049,0.9927283707720743,0.9514671547527535,0.9713559317528793,0.9613086831786534,0.6515084354724762
609,0.08180124986675574,0.9928490472116169,0.9523884717216996,0.9716822765815246,0.9619386389077815,0.6364124464526084
610,0.08161387242805615,0.9928923259369903,0.9527665721594165,0.9717459212064776,0.9621626604652707,0.6444794357065247
611,0.08545313294467738,0.9922371575824053,0.9479305065548838,0.9697972291109038,0.9587392011384384,0.6438261382361004
612,0.08322284984395659,0.9926249632511918,0.9507176023867525,0.9710320972690697,0.960767479262848,0.643224021464537
613,0.08249582134508829,0.9927709010631997,0.9518208615882734,0.9714380347957421,0.9615294009530803,0.6327382701127533
614,0.08204252623932824,0.9928406427756568,0.9523638246328957,0.9716149402729897,0.9618930702014385,0.6437205386706348
615,0.08144201390552434,0.9929355634641481,0.9531013291483045,0.9718581483873693,0.9623883554758578,0.6420785893433084
616,0.08363031274337562,0.992610379082908,0.9506242180873938,0.9709725134960568,0.960690629054034,0.6400017630166082
617,0.08286563171703609,0.9927177073006314,0.9513868720190503,0.9713258814485222,0.9612529904904923,0.6475686734665987
618,0.0826321971609438,0.9927520391468739,0.951578313390681,0.971498430739143,0.9614352011757658,0.6434538852022488
619,0.08151400236667489,0.9929306677428739,0.9530628852622964,0.9718460396652204,0.9623628199749229,0.6453064015324481
620,0.08172474611255763,0.992909725316666,0.9528348208194146,0.9718659009228914,0.9622562729940577,0.6460830055123459
621,0.08350452921426982,0.9926472514857725,0.950879450398717,0.9711015009204106,0.9608840928863575,0.6265719562516152
622,0.08579653074040258,0.9923602578502925,0.9488389631891598,0.9701610076110702,0.9593815305837399,0.6114498618501101
623,0.09681977931972888,0.9907414838344795,0.9372793267869636,0.9650207812252196,0.9509477756455141,0.6231942117285048
624,0.09295046487622124,0.9912612405211145,0.9411867742471297,0.9664228088159766,0.9536378660121978,0.6389156766521027
625,0.08574212040993379,0.9922281557723204,0.9477135348444055,0.9699426814440331,0.958699269889909,0.6424215798803936
626,0.08257698918954073,0.9926745315707968,0.9510739071635651,0.9711906181620791,0.9610270008593434,0.6265232220673208
627,0.08095060733796881,0.9929095193255885,0.9528922214772549,0.9717989337827146,0.9622527149986934,0.6418525777178563
628,0.08024658111305974,0.9930050099227276,0.9534756430911823,0.9722223698895655,0.9627577565219769,0.6467392813863528
629,0.079683838385365,0.9931202275987175,0.9543655816623877,0.972524940275943,0.9633596924582662,0.641862243346338
630,0.08015880759189026,0.9930401245350644,0.9537316958780402,0.9723314960562482,0.9629417877593663,0.6438323634401951
631,0.07932783330944802,0.9931761953744621,0.9548051729300115,0.9726641905806546,0.9636519451584553,0.6472289291798697
632,0.07930101024107539,0.9931915417097326,0.9550187091268001,0.9725983309455524,0.9637283580805425,0.6450863748252526
633,0.08071170646777685,0.992978828456783,0.9532345099041937,0.9721975617758947,0.9626226548941313,0.6252002819890536
634,0.08235256710230447,0.9927168284053676,0.9513963459155229,0.9713052080204632,0.9612477025232093,0.6373815067732521
635,0.08169742234104829,0.9928679846580043,0.9525719141445507,0.9716898076160319,0.9620358909895914,0.6294416560385557
636,0.0818193725598373,0.9928536064807979,0.952474450368626,0.9716369427071382,0.9619602755778626,0.6460143782845833
637,0.0817244279218449,0.992831283914371,0.9520530095813406,0.9718596988944737,0.961854399263594,0.6243024458977303
638,0.0899207346248541,0.9915841246686565,0.9437960232085661,0.9670960980676547,0.9553040082735644,0.6482906679987117
639,0.08543410606467895,0.9922331407563948,0.9477945108135741,0.9699068721132881,0.9587232064111174,0.6485698065764294
640,0.08226357885509086,0.9927097629114109,0.951185187396798,0.9714640242481591,0.9612176619188394,0.6389260892542743
641,0.07991535873185816,0.9930855455676433,0.9540931377964321,0.9724388502148117,0.9631786439989175,0.6453190667419824
642,0.07933429309682881,0.9931828832181102,0.9549808160367362,0.9725430295254947,0.9636819156405203,0.6420400853001528
643,0.07978930349776642,0.9930985779364769,0.9543118251682684,0.9723407252652032,0.963241921336055,0.6470956860602423
644,0.07930150634790067,0.9931803563942267,0.9547623338741598,0.9727591406823826,0.9636767213387426,0.6427708360378103
645,0.0859448551434836,0.9921020823665485,0.9480213528102489,0.9681567925944237,0.9579832798416165,0.6235932150390928
646,0.08824346230613242,0.9917564087394708,0.9446180044886193,0.9681168485780669,0.9562230793770566,0.6361803993360666
647,0.08498726716841297,0.9922449921097177,0.9482057058948956,0.9695722579134191,0.958769956252133,0.6299756097949808
648,0.08180755258892937,0.9927502401581308,0.95162567043418,0.9714245232338321,0.9614231768286227,0.6367626085098405
649,0.07919075949747356,0.9931690955486592,0.9548588233170513,0.9725239804382118,0.9636104481160053,0.6399618686122484
650,0.07819716168714942,0.993331835366218,0.9560292762390475,0.9730512266873873,0.9644651517468951,0.644462456445119
651,0.07794312103617963,0.993376013585963,0.9563750071652937,0.973163453868279,0.9646961944129743,0.6534426185698334
652,0.07825632441601307,0.9933402741340245,0.956198914110218,0.9729570887560474,0.9645052140543404,0.6361428446437773
653,0.07793108671367598,0.9933707470807494,0.9562455807234922,0.9732484364243357,0.9646720933113077,0.6404700357068654
654,0.07840057860443489,0.993329789188182,0.9560973450813772,0.9729522157337192,0.9644511465646243,0.6430821604987408
655,0.07863972475417226,0.9933188991265539,0.9560494711091544,0.97288288591605,0.9643927275559034,0.6444533019975605
656,0.07859175992633799,0.993330091308429,0.9559374429287993,0.9731340680669666,0.9644591062097521,0.6479566818666288
657,0.07880469006921748,0.9933352273526268,0.9562023381587319,0.9728963974779599,0.9644771341862861,0.6413592414965908
658,0.07892570447632306,0.9933142780600497,0.9558743264027632,0.9730262709063733,0.9643740403961942,0.633167233592199
659,0.08159452246622645,0.9929540820620113,0.9531783322244448,0.9719809337833053,0.9624878125940981,0.6394944909745753
660,0.0879352229426233,0.991920343305279,0.9458366060506782,0.9685860615613341,0.9570761657120458,0.6278362212631001
661,0.09353222582730458,0.9910664759573806,0.9401595977031701,0.9653842643906995,0.9526049750869713,0.6451255913438194
662,0.08710340348829468,0.99201928768615,0.9462065509876271,0.9692896226183841,0.9576090032059584,0.6380902120544273
663,0.08179350234836126,0.9928061324038137,0.9522315076048297,0.9713735041667294,0.961707263871402,0.6422428722109959
664,0.07861417915216452,0.9932930197808563,0.9558522450647866,0.9728112672545599,0.9642571945703146,0.6347799344206196
665,0.07747677992359339,0.9934269483130485,0.956763843601635,0.9733039593454084,0.9649630294999051,0.642331051402095
666,0.07696511844347279,0.9935238396495142,0.9575969175286687,0.9734680915974624,0.9654672829974705,0.6365385618638685
667,0.07677102923768458,0.9935518613024173,0.9576394542628706,0.9737361078255127,0.9656207039150715,0.6373676466485445
668,0.07691820014080555,0.9935412046973436,0.9576261721227022,0.9736309686770985,0.9655622525835578,0.6406005099801141
669,0.07693289237753521,0.9935628955577996,0.9578528256333338,0.973623289975248,0.9656736750393295,0.6445508949622716
670,0.07750556537573286,0.9934834310664866,0.9571593132457981,0.9734997662425956,0.9652603896785593,0.6426053239576178
671,0.07746997566746293,0.9935040095751244,0.9572794820815613,0.9735977435248608,0.9653696582231373,0.6432064071957208
672,0.07709743081183314,0.9935764566370655,0.9579194662754732,0.9737018490018722,0.9657461823705256,0.6323213580822351
673,0.07743081398201075,0.9935204682622131,0.9574573833932032,0.9735851918006821,0.9654539389513536,0.6363224521230421
674,0.08079894185870243,0.9930490233496104,0.9541053891548986,0.9720125345947669,0.9629757203832682,0.637925652183556
675,0.08181717430355309,0.9928747411653448,0.9528123038492543,0.9714954773922774,0.9620631928184077,0.6381728821606987
676,0.0827800455844874,0.9926731651633163,0.9513843038786528,0.9708240339823904,0.9610058697245867,0.6439624811285832
677,0.08083119221942887,0.9929826598908237,0.9534570554970958,0.97199060599429,0.9626346326592162,0.6377560966171424
678,0.08033713908772246,0.9930733577622272,0.9540830890339422,0.9723124469689653,0.9631115163764598,0.646830381634208
679,0.08321216804303712,0.9926455966907836,0.9510001502745656,0.97094608104161,0.9608696163645901,0.6141368325125208
680,0.08529240286929145,0.992201562324221,0.9476794092926382,0.9696790214026094,0.9585530044823936,0.6467266755567295
681,0.07843938322483207,0.993314868567805,0.9559238082277696,0.9729776883504346,0.9643753595697315,0.6411310293757002
682,0.0768344363184284,0.9935373732633029,0.9575285616908417,0.9736963114764992,0.9655447603288843,0.6445304155774894
683,0.07623483245294514,0.993638583546026,0.9583712660576215,0.9738992802398354,0.9660728804302489,0.6432356899738594
684,0.07614711744429396,0.993664668882801,0.9586035407101143,0.9739350895705804,0.9662084996961493,0.6150362984783906
685,0.0777944453636841,0.9934456385701429,0.9570187876768174,0.9732306425094707,0.9650566347111466,0.6357540812219046
686,0.07657843294868366,0.9936050619313548,0.9581439809742198,0.9737744275010934,0.9658959741194597,0.6329854803802598
687,0.07648972712001569,0.9936108640133697,0.9581540720471096,0.9738284737487334,0.9659276887653323,0.634247417999643
688,0.07628991176112951,0.9936405747931081,0.958235641561116,0.9740720510314712,0.9660889519045064,0.6370649016945438
689,0.07803049151577966,0.9933565405627742,0.9562918498461009,0.973036755287746,0.9645916369107197,0.6377538859858646
690,0.07838594783499515,0.993309313675083,0.9560300617843478,0.972796500520232,0.9643404095231404,0.6391264234830057
691,0.07754718145127777,0.9934668693838593,0.957076011640758,0.9734059974796138,0.9651719367221441,0.6369587953786909
692,0.0767142124366846,0.993616810289139,0.9582308661212066,0.9738101629981668,0.9659577015843093,0.6419725271716107
693,0.0771718937501633,0.993547322632344,0.9576321703647832,0.9736931366286187,0.9655958717286596,0.643526857508542
694,0.0764168903982039,0.9936671407757305,0.9585287183346968,0.9740457662443676,0.966224947465257,0.6379718651315758
695,0.0765617706230004,0.9936544791908363,0.9585144316853768,0.9739192891648496,0.9661554586726488,0.6466611971599547
696,0.07619376263494114,0.9936965013706371,0.9588421502421527,0.9740285629988756,0.9663756973968429,0.6359750634589727
697,0.07770293168455576,0.9934769835457623,0.9573986697553218,0.9731610911907865,0.9652155328329202,0.6379651244555781
698,0.07876605616895843,0.9933259096895566,0.9563745591335505,0.972599438450627,0.9644187638886678,0.6391039326224663
699,0.07851326000615419,0.9933235888567506,0.9559321674918688,0.97306665792476,0.9644233134493292,0.641175186209842
700,0.07677551750227701,0.99360528852154,0.9582208457410281,0.9736917337888575,0.9658943438002225,0.6292525756351195
701,0.08269704221714315,0.9927784403366344,0.9521998805883878,0.9710956680603511,0.9615549516730518,0.6335777848995083
702,0.08051044349190142,0.9930352631456365,0.9542235042844728,0.9717246571090455,0.9628945639277389,0.6382264731718643
703,0.0779548604577351,0.9934117049733168,0.9565069482029859,0.9734184753701208,0.9648886157236611,0.6463484283187537
704,0.07592136408838866,0.9936940706759232,0.9587329941371334,0.9741221102608425,0.9663662892273016,0.6374727904970259
705,0.0756777774864178,0.9937148895074847,0.958993049505545,0.9740681378468743,0.9664718117064547,0.6406536164011178
706,0.07537899367350469,0.9937569116872855,0.9593724274501401,0.9741205597537381,0.9666902463313557,0.6382887475728073
707,0.07492886249163597,0.9938591931236114,0.9600723888081182,0.974495708639337,0.9672302816438227,0.6410846297394983
708,0.0747521168304433,0.993888745976857,0.9603327976699041,0.9745400826759921,0.9673842799123712,0.6401598032075477
709,0.07531906977939092,0.993813675961863,0.9597935957783493,0.9742925922086575,0.9669887476828809,0.6446818947533801
710,0.0765289086580491,0.9936119900979266,0.9583570167893628,0.973616128109099,0.9659263126886636,0.6285846502933138
711,0.08655912916866138,0.9921544727639147,0.9480899001446739,0.9686746619673011,0.958271747809581,0.6365510102947277
712,0.08017164042634929,0.9930807116436924,0.9540528372849078,0.9724294733385135,0.9631535083214464,0.639986157454169
713,0.08056418866374725,0.9930515227080169,0.9541658452153845,0.9719729597467682,0.9629870892731401,0.6457412624485325
714,0.07679227393844144,0.9936005575931277,0.9582689700439637,0.9735851918006821,0.9658663655087234,0.6419280639585289
715,0.07575401192088779,0.9937162147167496,0.9589679357770624,0.9741108137090817,0.9664800634625241,0.6440502716367869
716,0.07436492776484799,0.993924059713902,0.9605907024879689,0.9746519406885256,0.9675702379630413,0.6486722282111225
717,0.0740487597775545,0.9939820187367286,0.9611452364100902,0.9746913678691809,0.967870907210461,0.63938932600747
718,0.07396365637830693,0.9939975504639688,0.9611842665158042,0.9748224964700122,0.9679553441306841,0.6434346055442315
719,0.073708972840054,0.9940386182184442,0.9615171872221504,0.9749167082350239,0.9681705874671304,0.6386642429863114
720,0.07470412920865653,0.9938954612859819,0.9605431530468019,0.9743836291257887,0.9674138908209989,0.6464306655610049
721,0.07439511898476228,0.9939500489215076,0.9608479698404115,0.9746600623924059,0.9677047334739479,0.6373457842495717
722,0.07473994201223413,0.9939129773939349,0.9606218756213821,0.9744933459618446,0.967507893418906,0.6421375390572835
723,0.08653997234571323,0.9920524453832511,0.9480025332507241,0.9676135244385023,0.9577076457397047,0.6419072797582686
724,0.08016925616015633,0.9930455421004015,0.9539911069220642,0.9721014303354205,0.9629611263503233,0.6435524628498152
725,0.07641954512315259,0.9936351503614017,0.9583361849939444,0.973899575574522,0.9660552018235332,0.6360177975664129
726,0.0745576061308384,0.9939037146618187,0.9604573303149674,0.9745707236497224,0.9674625579943338,0.6438194670149636
727,0.073835237950033,0.9940131439885321,0.9613618163026441,0.9748020445429681,0.968035281546953,0.6415445742892768
728,0.0733996732160449,0.9940619570075199,0.9615968090904226,0.9750906603654058,0.968296725588571,0.6402174704332826
729,0.07355061237760585,0.9940718720447147,0.9617282502221689,0.9750573613794965,0.9683469398043124,0.6464977425024083
730,0.0736389156404159,0.9940748726480763,0.9618002240640606,0.9750119536714383,0.9683610277613539,0.6397279526479058
731,0.07312059795095337,0.9941288697758466,0.9621693436203883,0.9752115260858792,0.9686465357607759,0.6424438826460431
732,0.07355464165427274,0.9940799400285817,0.9618317413777733,0.9750341037729302,0.968387926590408,0.6413165272160449
733,0.0735668381475073,0.9940682877999669,0.9616997613813215,0.9750485013388998,0.9683281292900727,0.6434878948801971
734,0.07386176846921444,0.9940563403174746,0.9616374140224081,0.9749831585394991,0.9682643018224492,0.6406613730824896
735,0.07401935650343947,0.9940367299669008,0.9614587528322662,0.9749597532655895,0.9681621875483332,0.6372258308945592
736,0.08249277231558193,0.9926621927052572,0.9518081565746174,0.9702211082197846,0.960926434783747,0.6317420620708671
737,0.0870783890751626,0.9920555833139977,0.9475499229475527,0.9681653573003338,0.9577467165075959,0.635784454855304
738,0.0792881901235246,0.9932178673694313,0.9552972505700179,0.9725837857122395,0.9638630174313859,0.6383427350536369
739,0.07658990610578506,0.9936172360040324,0.9583394769189515,0.9736945394683798,0.9659559901308632,0.6360573227232744
740,0.07395490453236823,0.9939824032534066,0.9610179803857616,0.974835638863564,0.9678774960598584,0.6391707126815599
741,0.07329311800732029,0.9940668046642093,0.9617780514486114,0.9749459463689929,0.9683172342813102,0.6363364271699973
742,0.07250959160838195,0.9941762408572921,0.9625009134683374,0.9753782425164406,0.9688967926610899,0.6417982402261206
743,0.07249712246543855,0.9942073180445108,0.962772204207767,0.9754288185815134,0.9690591870207692,0.6415917032177503
744,0.07224948686822284,0.994239734173733,0.9630591313982476,0.975477401137452,0.9692284905347833,0.6428329294242113
745,0.07215096898671748,0.9942594681189532,0.96320345184243,0.975540233592017,0.9693325914781142,0.6397991969322958
746,0.07229198416922804,0.9942627914416695,0.9632981668587415,0.9754738571212134,0.9693477796884138,0.6414394327445067
747,0.07292061711815621,0.9941880578787687,0.9626845287574152,0.9753093557008011,0.9689558207744358,0.6419783035075883
748,0.07268583210412975,0.9942059310379225,0.9627442728663597,0.9754438806505278,0.9690524708809186,0.64289185105623
749,0.07486198047886221,0.9938868439925751,0.9608639480846195,0.9739339820655059,0.967354819434425,0.6475977042870488
750,0.08951898014320316,0.9916540311739755,0.944578716095046,0.9669926570936881,0.9556542803706348,0.6400353491927009
751,0.08064220219904142,0.9930570570016313,0.9541720777032341,0.9720284826678409,0.963017513311511,0.6462099132773511
752,0.07554080869278891,0.9937832098815074,0.959542888857425,0.9742274709102717,0.9668294243105515,0.6398269754144379
753,0.0738135602445804,0.9939996653056974,0.9612159597004002,0.9748113475855946,0.9679659181149257,0.6383004212811141
754,0.07234062752920947,0.9942140539527435,0.9628260620510867,0.9754452096566173,0.9690945572678422,0.6459546784801469
755,0.07185663404814202,0.9942747732560081,0.9632765595962405,0.9756314181764915,0.9694146258706148,0.6402683211244441
756,0.07136947756780566,0.994358762684656,0.9639764206965069,0.9758057394752316,0.9698550108855122,0.6454974870861343
757,0.07286016670517999,0.9941515768589514,0.9625749713118539,0.9750211828803933,0.9687581027748302,0.6418493662301851
758,0.072344194608573,0.994238326568037,0.9631355525963438,0.9753780948490972,0.9692181652791734,0.6518657016325281
759,0.07204656301588892,0.9942974048090513,0.9634971831309409,0.9756433053976253,0.9695322046567895,0.6426161597029826
760,0.07326262708914151,0.9941089641713952,0.9621123289126315,0.9750512331847504,0.9685385696113507,0.6425751607354427
761,0.07325300207133774,0.9941617390854391,0.9624949400844054,0.9752225273029534,0.9688169341333379,0.6401583338266305
762,0.07324099875048554,0.9941433372158531,0.9624276890076944,0.9750902911970476,0.9687176120362462,0.645408557384526
763,0.07280629997898777,0.9942245114331091,0.9628903637996278,0.9754917987034216,0.9691501202468513,0.6457913971175104
764,0.07769561206533325,0.993561302560134,0.9581102756393125,0.9733197597511392,0.9656551324281675,0.6141259350120553
765,0.07816837563199534,0.99338289368795,0.9566082268516717,0.9729810846993301,0.9647251926849627,0.6391152685642366
766,0.07494445212131781,0.993879242921817,0.9603418666095012,0.9744234993084738,0.9673314384042312,0.6439799254852862
767,0.07893390528750506,0.9933274065580527,0.9568462268964684,0.9720913151224059,0.9644085272975611,0.6324036595739778
768,0.0753514061300017,0.9938376189914325,0.9602418757819464,0.9740668088407848,0.9671049373803945,0.6333887067681737
769,0.07259919073620288,0.994216525845673,0.9630766334325768,0.9751987528606856,0.9690997868252518,0.6512476630033598
770,0.07226738155477767,0.994279717041867,0.9635169627222915,0.9754240193928568,0.9694339303783519,0.6366891109662951
771,0.07178794369503534,0.9943398046391607,0.963956370457177,0.9756158392717755,0.9697510602261904,0.6451978443834172
772,0.0732536323020141,0.994149963262178,0.9625441207276346,0.9750369094524525,0.968750240704691,0.6327811305625365
773,0.0729202454735478,0.9941753894275052,0.9626490264698429,0.9752065053962077,0.9688870791340372,0.6387461756187547
774,0.07299904397976913,0.9941834368122645,0.9628234928055359,0.9751055747670769,0.9689256134925159,0.6475955200845996
775,0.0722904975572936,0.9942586784864896,0.9632275249732241,0.9755050887643167,0.9693274313241037,0.648339191650071
776,0.0719873906722922,0.9943320662410177,0.9639556408770881,0.975530192212674,0.9697083789792195,0.6318403453949851
777,0.07165413571642243,0.9943734292493707,0.9642751096989639,0.9756438960669984,0.9699261898160186,0.6416252917052517
778,0.0728270901809279,0.9941689075749346,0.9627206553619252,0.9750555893713772,0.9688488632939303,0.6338462687582446
779,0.07555137502310945,0.9937399517552418,0.9594723974124872,0.9738196875418084,0.966592805634237,0.6419468116330688
780,0.07237027157366062,0.9942480699460007,0.963144227874253,0.9754775488047953,0.9692716566526098,0.6454712071043065
781,0.07162089520569542,0.9943619486799872,0.9640871065963036,0.9757206092518316,0.9698689734396596,0.6440356079422582
782,0.0712875751510477,0.9944078022938287,0.9643476357034773,0.9759486814635251,0.9701134772151102,0.6384703127960331
783,0.07119388608328944,0.9944529212061607,0.9648597663921717,0.9758947090495569,0.9703458659113458,0.6432181381290644
784,0.07105124627889918,0.9944640241252355,0.96483249630202,0.9760482830865664,0.9704079833057782,0.6479485973897745
785,0.07254844078485914,0.9942812894404249,0.9635096618283501,0.975449565843244,0.9694428515083973,0.6330231161230628
786,0.07232064115245351,0.9942990527376708,0.9635793500583372,0.9755719820708219,0.9695385820009987,0.6310945482774547
787,0.07211966454821954,0.9943484287989369,0.9639961587265321,0.9756687780143408,0.9697973463144418,0.6344585480647553
788,0.07187737440087384,0.994374184549988,0.9641435073848947,0.9757957719295604,0.9699346449358807,0.6407026283112608
789,0.07161828048071629,0.9944185618944411,0.9645700937935247,0.9758264867369623,0.9701656406555275,0.64406597880195
790,0.07164528411176564,0.9944336953722649,0.9647494258015273,0.9758002019498586,0.9702433486527133,0.6312178409034099
791,0.07333540180765039,0.994222575116981,0.9631505951969027,0.9751855366334622,0.9691307040219064,0.637840869107595
792,0.07702131978095435,0.9936489242981142,0.9589863615710592,0.973334526485467,0.9661071739327828,0.6348208360480303
793,0.07560256638785275,0.9938634296734377,0.9602773341654309,0.974317252654985,0.9672463475137043,0.631308606048704
794,0.07234625255675625,0.9942939853571655,0.9634716603743677,0.9756329686835958,0.969514179036555,0.6366802782037084
795,0.07117552540043919,0.9944697163453425,0.9648874836048164,0.9760519747701484,0.9704376195143952,0.644191376344204
796,0.07102358197833565,0.9944905557760118,0.9651079979415127,0.9760446652366561,0.9705455223967439,0.6382031823840233
797,0.0708023871248253,0.9945405086122947,0.965541966752266,0.9761303122957576,0.9708072692912341,0.6366978963120994
798,0.07086981757939291,0.9945069801312543,0.9650837404712146,0.9762542790304398,0.9706368718823958,0.6419509263963137
799,0.07120907778362576,0.9944688237173402,0.9649253610409905,0.9760008080357024,0.9704314847979527,0.638903227349019
800,0.07146311804598612,0.9944265268827694,0.9645652955375607,0.9759206246683022,0.9702097355640866,0.6361473642191965
801,0.07089581274889785,0.9945045288374325,0.9651740294706841,0.9761287617886532,0.9706204869634114,0.6485155027117769
802,0.07840711225440605,0.993396241909769,0.9571827038736147,0.9724923057930784,0.9647767733864039,0.6426223600799182
803,0.0786143749979117,0.9933606054533693,0.956984490956025,0.9723114132975624,0.9645870712251275,0.6313484461121828
804,0.07447172346250187,0.9939554802195832,0.9610768789150207,0.9744691285175469,0.9677266725134275,0.6422122730255778
805,0.07322211758561915,0.9941693744880435,0.9627082247315576,0.9750744169576452,0.9688518626755367,0.6387326860602839
806,0.07174004230433874,0.9943384725635266,0.9638793118287852,0.9756850214221015,0.9697462372219654,0.638034872831308
807,0.07049793637484955,0.994527311450599,0.9653465115205947,0.9761954335941434,0.9707406618266495,0.6423506871869027
808,0.0725980157689225,0.9941889436404018,0.9628932231331687,0.9750908818664207,0.9689536665093759,0.6408560891932298
809,0.07236735713031651,0.9942225133196577,0.9631373319402612,0.9751993435300588,0.9691308075874221,0.6377011016263636
810,0.07116268076029399,0.9944146549303388,0.9645379729472623,0.9758178481973805,0.9701451239091043,0.6343743251834112
811,0.06988775833315558,0.994623433753709,0.9663046977516319,0.9762274035739632,0.9712407074288892,0.6407075667064335
812,0.06944966893777144,0.9946731668661759,0.9665535133555011,0.9765119585444607,0.971507216832891,0.6365958510729665
813,0.06979647253325089,0.9946300048690797,0.9661923117387137,0.9764223983007624,0.9712804184711455,0.6449698990546117
814,0.06937296358238665,0.9947016622985572,0.9667831378121854,0.9765807715264284,0.9716572568692867,0.6433989289714993
815,0.06993175033989141,0.9946304786485579,0.9661847847567754,0.9764358360290006,0.9712832634103065,0.6341756629330542
816,0.07071414403617382,0.9945017136260406,0.9651596746948494,0.9761129613829224,0.9706054170497509,0.6391537384530712
817,0.07025316675870324,0.9946185654979117,0.9662654659732146,0.9762156640201726,0.971215080465687,0.646163171595862
818,0.07008803158114069,0.9946236809430019,0.9662020950476341,0.9763413289293025,0.9712452507875401,0.6421885152927097
819,0.07019347424129788,0.994598179247613,0.9659715545569828,0.9763070701056619,0.9711118129601455,0.6417379254228261
820,0.07274221982672918,0.9942159353379176,0.9634226929784069,0.9748140794314453,0.9690849115316639,0.6373320904190919
821,0.07245259497502296,0.9942431192937725,0.963259281838199,0.9752964348082643,0.9692404869311224,0.6466718480966474
822,0.07079894935859622,0.9945084426679042,0.9653962473173631,0.9759309613823317,0.9706350207602461,0.6405983828569044
823,0.07139395102992546,0.9944256273883979,0.9648435249530506,0.9756077914015668,0.9701958018672848,0.6331001184044414
824,0.0709151096052403,0.9944795489861065,0.9651291134079275,0.9758989175688403,0.9704841373310844,0.6482074533034103
825,0.06977946100850328,0.9946555408963149,0.9664372505464165,0.9764415212217169,0.9714136288905787,0.6441534569979069
826,0.06930945138279483,0.9947263537623748,0.9669541509119773,0.9766707009384851,0.9717881384851093,0.6338167062661753
827,0.0783302654116917,0.9934547708412433,0.9577528315051906,0.9725179999108089,0.9650789443065524,0.636421720012468
828,0.07545139579598209,0.9938192651864313,0.960390124228551,0.9736976404825887,0.9669981010854324,0.6461439249790687
829,0.07179422049428062,0.9943328902053276,0.9639038350866701,0.975595904180433,0.9697146274324505,0.6382760875257008
830,0.06963816075418279,0.9946533779900016,0.9663693368914702,0.9764909897817152,0.9714037981224226,0.6331812815017661
831,0.06924237373197893,0.9947103688547643,0.9668108488966332,0.9766477386666053,0.9717043988852304,0.6341261865868649
832,0.0690265268408995,0.9947513267473317,0.9672917259486079,0.9765837987069657,0.9719155534427395,0.640399212945846
833,0.06883659171570333,0.9947758740173951,0.9673989652461654,0.9767411382612289,0.9720476057899299,0.6426967022592648
834,0.06999762492964594,0.9945672531205176,0.9658462450902155,0.9760982684822662,0.9709451952551579,0.6449886705776453
835,0.06904768823183698,0.9947373605522802,0.9671145963927511,0.976619755705054,0.9718439352049428,0.644910648257323
836,0.0689508962317658,0.9947842029232935,0.9675932573855929,0.976624038058009,0.9720876739860606,0.6436726567510554
837,0.06885304787738931,0.9947955049670766,0.9676479187671404,0.9766907836971709,0.9721483226412936,0.6423889549761803
838,0.06990326623425638,0.994661425374761,0.966540194464897,0.9763955966779573,0.9714429001615881,0.6389076037463949
839,0.07198183702157555,0.994359538584381,0.9643724594096852,0.9753827463704106,0.9698463550246996,0.6354819467059019
840,0.07121710464519133,0.9944865732818476,0.9651997175720691,0.9759005419096164,0.9705206341903312,0.6435320816605384
841,0.06989961878644477,0.9946754876989818,0.9665319740722602,0.9765611317697724,0.9715206704751831,0.6424521129152098
842,0.07020918243035353,0.9946058215165865,0.9660588177448303,0.976297619395692,0.9711512325193898,0.6396428704424689
843,0.07035833306396179,0.9945774016142669,0.9658410848582234,0.9762169930262621,0.9710013210610069,0.6392180014921651
844,0.06949476255840964,0.994711632266706,0.9667719254806185,0.9767039260907227,0.9717125473802638,0.6347194913902083
845,0.07603625208809436,0.9938026623055883,0.9602058932486492,0.9737143268923791,0.9669129318628491,0.6412012890096197
846,0.07280611169772397,0.9942669387286955,0.9635793012282345,0.9752131504266552,0.9693613209960752,0.6398691780090998
847,0.07006684120530061,0.9946508511661183,0.9664306667387723,0.9763964088483453,0.9713879781292319,0.6375686883176948
848,0.07020497051395959,0.9945971767577027,0.9659700342448866,0.9762975455620204,0.9711063329528473,0.6497974405582119
849,0.06955947285424248,0.9947070112002018,0.9667988808608241,0.9766232997212927,0.9716862580114564,0.6394992394228249
850,0.06873158078721102,0.9948356251625956,0.9678038977447252,0.9769687674708926,0.9723647375806368,0.6457470830306161
851,0.068265039018161,0.9948763976631932,0.9681245926057067,0.9770763431304709,0.9725798700378119,0.6420701302250883
852,0.0679882184716223,0.9949200403061368,0.9684701152328732,0.9771892348144072,0.9728101384469329,0.6362877000056768
853,0.0681143606001203,0.9949296738221924,0.9685535737219771,0.9772064380598992,0.9728607660924026,0.6369221254583608
854,0.06838461935600575,0.9948780181263359,0.9682480503573948,0.976961310270057,0.9725851654738731,0.6449478861394969
855,0.06834611324124414,0.9948899312769821,0.9683384323500246,0.9769963812640856,0.9726481401803351,0.6412735662571336
856,0.06809039772387675,0.9949167444488975,0.9684858062124321,0.9771357054024689,0.9727915278241168,0.6420723529080126
857,0.06883680198690016,0.9948380970555251,0.9679350033594835,0.9768548421155533,0.9723744671793974,0.643173991711901
858,0.06857587983362752,0.9948759170173459,0.9681565551292776,0.9770365467814573,0.9725762819518261,0.6389584988250838
859,0.06840203426403108,0.9948893270364882,0.9682537266879196,0.9770809208181125,0.9726472965159769,0.6369652895535859
860,0.06827727023833732,0.994900841937718,0.9683828287007515,0.9770698457673667,0.9727069421938954,0.6329816055931586
861,0.0686736294477106,0.9948565057914803,0.9680685843173238,0.9769155333936407,0.9724719382521194,0.6407574753000098
862,0.06841177496013881,0.9948881734864544,0.9682261348485743,0.9770978287289179,0.9726417520085706,0.6458149515005775
863,0.06942473453797883,0.9947653959379219,0.9674085902880719,0.9766141443460093,0.9719895717320396,0.6434087776745888
864,0.06874473581237973,0.9948672791248313,0.9681053986689817,0.9769956429273692,0.9725302040019568,0.6364574951782609
865,0.07457536152771695,0.9939994318491429,0.9616463374243469,0.9743360064075813,0.9679495838045289,0.646125601324541
866,0.0711481499505772,0.9944930345353105,0.9652616293717907,0.9759053410982729,0.9705543046954286,0.6447069875870117
867,0.0689256992258078,0.9948391682091279,0.9679534453055062,0.9768468680790162,0.9723798222219087,0.629350775916855
868,0.06926452279385688,0.9947618666241281,0.9674383399641998,0.9765427471855342,0.9719692238636312,0.6460421785677214
869,0.06856464941000981,0.9948699501424689,0.9682275019661281,0.9768937524605071,0.9725413215023084,0.6440589542377775
870,0.06821666071660441,0.9949427611219801,0.9688978939885053,0.9769813930287429,0.9729228534237587,0.6413884202340818
871,0.073568585750868,0.9941790698014225,0.963512978622316,0.9743035195920601,0.9688782060730496,0.6422840003927671
872,0.07149728798984195,0.9944343545437128,0.9649033375335094,0.9756401305497449,0.9702420313510743,0.6401863197523577
873,0.0690158342259179,0.9947942140896578,0.9676747057308354,0.9766475171655903,0.972140407229515,0.6429340231950025
874,0.06800526662615777,0.994917836201608,0.9685312256861522,0.9770989362339925,0.9727962167212596,0.6459101311672723
875,0.06710782015307558,0.9950374552202863,0.9694304031516936,0.9774608688923679,0.9734290741366963,0.6459387570632531
876,0.0667459044953902,0.9950869892080451,0.9698309120605301,0.9775808486087817,0.9736904594776715,0.6415539095415951
877,0.06685929752805893,0.9950746846743517,0.9698129779939637,0.977463526904547,0.9736232235361847,0.6459369326714681
878,0.06674029593014245,0.9951053292803078,0.9700007904708049,0.9776021865398854,0.9737866545728442,0.6415101539131801
879,0.06737692297014186,0.9950430444448546,0.9696377975920567,0.9773002806565526,0.9734539606666563,0.639047804065606
880,0.069438757428484,0.994751113889885,0.9674221632521627,0.9764405613839856,0.9719104422438751,0.6301313842321509
881,0.07020448411566962,0.9946211266536414,0.966476173347093,0.9760160177720602,0.9712226698201917,0.6419724210455098
882,0.06963718677837429,0.9946870575311656,0.9668660962724029,0.9763284080367656,0.9715742139708802,0.6312510437187436
883,0.06801698780987117,0.9949533902615768,0.9688919439859074,0.9771058765991266,0.9729815750498305,0.6357021318161392
884,0.06959332175311639,0.9947497268832968,0.9675272943641159,0.9763116477933035,0.9718996225039396,0.6387664657101361
885,0.07065460881178114,0.9945657493856522,0.9662823603503174,0.9756088989066415,0.9709232328230384,0.6402953018298487
886,0.06921347074559052,0.994762635657484,0.9674003846804781,0.9765922895792042,0.9719746057939195,0.6360244643448769
887,0.06805338735337095,0.9949569264417398,0.9690036096758117,0.9770251025623533,0.9729978238994589,0.6389041668353368
888,0.06799483700595099,0.9949234048270685,0.9685627887941431,0.9771268453618721,0.9728259695024212,0.6425679364966252
889,0.06720464338260375,0.9950720823204066,0.9698216392573119,0.9774253548963094,0.9736086513762672,0.640759343463438
890,0.0672279206781293,0.9950787495649468,0.9699533653121866,0.9773580924214461,0.973641650486251,0.641676495670807
891,0.0670899568433813,0.9950757832934315,0.9698463047844242,0.9774399739632941,0.973628333176068,0.6369356161028429
892,0.06707616983209368,0.9950963892675463,0.9700868570897603,0.9774107358293249,0.9737350251460408,0.636701060850415
893,0.06735884215977551,0.99506510608925,0.969827654104301,0.9773414798453273,0.9735700696267713,0.6321658175831988
894,0.06944320406496739,0.9948187338942442,0.968088207241458,0.9764743772055964,0.9722632090187926,0.6296896719251863
895,0.07491875490803512,0.9940410214476811,0.9623085972341077,0.9740757427150532,0.9681564162995705,0.6331172780594565
896,0.07111226904654888,0.9945148077921975,0.9655242467610633,0.975862960570752,0.9706660746385104,0.6201550387596899
897,0.07086956105027482,0.994536677178254,0.9662150321135368,0.9753578644230682,0.970764921550766,0.6385416713512218
898,0.0693094440260165,0.9947538123729996,0.9673913035527754,0.976503910674252,0.9719262480382038,0.6456321582552799
899,0.06740544861678383,0.9950070578036232,0.9693289050617945,0.9772323536786446,0.9732645845373742,0.6410148690402635
900,0.06634019279061891,0.9951518283328588,0.9704667426622743,0.9776187991160042,0.974029642124919,0.642266205063086
901,0.06591219887164214,0.9952336617215625,0.971163741311293,0.9777805686905657,0.9744609226623904,0.6383259219918199
902,0.06587417823724824,0.9952256692677572,0.9710157784687069,0.9778501200092499,0.9744209658017575,0.6400455824788233
903,0.06613178898265465,0.9952077549103878,0.9709643685343352,0.9777065135179116,0.9743237775586292,0.6377519975480413
904,0.06697154589158168,0.9950955515704979,0.9700194247714892,0.9774737159512331,0.9737323042117583,0.6388685519838643
905,0.06741586060216315,0.9950222118805546,0.9695794380609566,0.9771316445505287,0.9733408920279503,0.6310177063498917
906,0.07402225666873746,0.9940715149935138,0.9627533218817774,0.9739304380492672,0.9683096269130606,0.6339289810788192
907,0.07022769826886466,0.9946456601909663,0.9665992487424573,0.9761560802471597,0.9713541584395049,0.629740394589855
908,0.06787763679359886,0.9949467161506672,0.9688880821897848,0.9770358822784126,0.9729449243614643,0.639757827715773
909,0.06642005128933372,0.9951513614197498,0.9704691471748462,0.9776110465804821,0.9740270053408568,0.6425583532845887
910,0.06602836981174542,0.9951900259449882,0.970761180915445,0.9777272607796422,0.9742317685620602,0.6399657135800616
911,0.06579293501596871,0.9952459456561481,0.9712120261036072,0.9778651082445926,0.9745272121842962,0.6435249296897312
912,0.0660195381601723,0.9952288895949347,0.971239339529432,0.9776469297448988,0.9744326011306657,0.6379042341754889
913,0.0666716051080244,0.9951040727347353,0.9702443657575981,0.977327229946701,0.9737729184886303,0.6417641181049988
914,0.06996120841463478,0.9946365416526043,0.9666673882071712,0.9759807991106882,0.9713017685608435,0.6422130520437425
915,0.06755072966539602,0.9950151463865979,0.9694914911552069,0.9771475926236027,0.9733044862249566,0.6432094299482188
916,0.06630691355295318,0.9951664331002503,0.9705504498664722,0.9776911561142106,0.9741077169117052,0.639842232559948
917,0.06597546920207122,0.9952325699688519,0.9711237418993778,0.977811209664296,0.9744560022780469,0.6350020716933854
918,0.06591004145284779,0.9952289445258887,0.9710376507168039,0.9778630409017868,0.9744383939557767,0.6426989679479718
919,0.0668867524887482,0.995070660981972,0.9700815356384349,0.9771309800474839,0.9735934973799704,0.6421419128229928
920,0.0686025795252096,0.9948100342044064,0.9678431062658935,0.9766418319728741,0.9722225621577653,0.6375377727491756
921,0.06757257845279553,0.9949959274190713,0.9693641113782993,0.9770709532724412,0.973202274839246,0.637310680517253
922,0.06731794133326775,0.9950278972342924,0.9694975665644208,0.9772826344090308,0.9733745344558727,0.6349044574762617
923,0.06663127631458232,0.9951048966990451,0.9700338470046229,0.977561947188842,0.9737833478015059,0.6363635025371495
924,0.06618667158747105,0.9951766708567998,0.9706448643282648,0.9777036340047177,0.974161462380814,0.6414470867513815
925,0.06567940501858005,0.9952434600304801,0.9711668968381522,0.9778857816726516,0.9745147583951417,0.6350395979002944
926,0.0679361084007102,0.99490758471232,0.9688135576338152,0.9766812591535294,0.9727314996575839,0.6416567610672707
927,0.06742486789179362,0.9950162724711547,0.969523844688266,0.9771253686884394,0.9733097649883874,0.6430837754103147
928,0.06755577049238219,0.994986190907477,0.9691625433234793,0.9771793411024076,0.9731544319977694,0.642037288966317
929,0.06770580418729524,0.9949873581902492,0.9693680499146092,0.9769715731504148,0.9731549596626451,0.6385570521971421
930,0.06705710766233987,0.9950463815003093,0.9698242411780198,0.9771373297432449,0.9734670509151843,0.6366279859970834
931,0.06617016217289426,0.9951902594015426,0.9708213093792707,0.9776655358301518,0.9742314021397473,0.648512522247508
932,0.06641613383837741,0.9951559962189925,0.9706105740321692,0.9775110757890826,0.9740486036706172,0.6344995612257346
933,0.06781103114912407,0.9949870080054175,0.9693235822676758,0.9770154303513685,0.9731543073830867,0.6321956744761157
934,0.06625969206123687,0.9951824180078609,0.9708071289816476,0.9775937695013185,0.9741886296797134,0.6388242895151485
935,0.06535764606736547,0.9952973541627116,0.9715764188081725,0.9780455577380789,0.9748002554851807,0.6416921931124275
936,0.06652507438532097,0.9951034410287645,0.9703793203163676,0.9771757232524972,0.9737656630456968,0.626088662683795
937,0.07603098717417649,0.9936434998664079,0.9592926764104868,0.9729351601555705,0.9660657569432496,0.637436341638488
938,0.07366542530199177,0.9940685006574137,0.9625179114736585,0.9741541540743339,0.9683010753477312,0.6342740846990575
939,0.070491536540522,0.9945236310766818,0.9658742442842797,0.9755816542818065,0.9707036804317832,0.6375641673826906
940,0.06716275207108731,0.9950061033782976,0.9694282938212402,0.9771150319744099,0.973256485752099,0.6363858453479546
941,0.06534288215899853,0.995248156627046,0.9712677219832457,0.9778301110842357,0.9745378691276069,0.6426705504256083
942,0.06504667124195064,0.9952953148510448,0.9716222913250809,0.9779740129102605,0.9747878052661179,0.6372531000290573
943,0.06461176936842984,0.9953710715029637,0.9722563138147091,0.9781368899898966,0.9751877367216601,0.6425051326299502
944,0.06435706022215619,0.9953987223719274,0.9724089032695188,0.9782804226475632,0.9753358264053932,0.6327887613032531
945,0.06448385096657619,0.995389871621966,0.9723638564295293,0.9782304372518635,0.9752883247164196,0.6436352096987281
946,0.06459788362354897,0.9953873859962981,0.9723101553207102,0.9782601183878624,0.9752760620567829,0.6318328791429366
947,0.06753251812816095,0.9949703364608822,0.9695131680799699,0.9766268437375314,0.9730570046906847,0.6438599882216868
948,0.0696821147307968,0.9946916030676082,0.9672105286764281,0.9760067885631052,0.9715887498356828,0.6365317516673269
949,0.06658040864808525,0.9951375600175604,0.9704268628562972,0.9775032494198889,0.9739522026875298,0.6356963240139956
950,0.06530970129981745,0.9953087042710794,0.9717389352303158,0.9779978611861999,0.9748583521973827,0.6427092966820449
951,0.0653858845517468,0.9953085188791098,0.971726697769588,0.9780088624032742,0.9748576593312653,0.6243313163617257
952,0.06545032691478515,0.9953095968990817,0.9717922978699302,0.9779508291373658,0.974861837220517,0.6386650842532516
953,0.06527938678351453,0.9953202260386784,0.9718096229398321,0.9780500615920489,0.9749198561436362,0.6450203411413667
954,0.06521020778086331,0.9953501840077097,0.9720758819010555,0.9780979058112711,0.9750775960253228,0.6345925967968478
955,0.06705925901748723,0.9950944254859412,0.9703136335559128,0.9771460421164984,0.973717852528545,0.640928418776702
956,0.06670636541659025,0.9951626428644251,0.9707567038008248,0.9774284559105183,0.9740811558193084,0.6400923224991645
957,0.06642656789409171,0.995164105401075,0.9705644801004366,0.9776503260937942,0.9740945171429377,0.6328264456544052
958,0.06536154562218797,0.9953139295780775,0.9718467064620473,0.9779407877580228,0.9748842235524802,0.6385657988677951
959,0.06682966130939748,0.9951284895437831,0.9704984295312642,0.9773260486079547,0.9739002728008878,0.6441438472225942
960,0.06746802104489623,0.9950187031658686,0.969577611072374,0.9770946538810374,0.9733216190083617,0.6353965861070953
961,0.07406502209014172,0.9940583864955106,0.9628137315118314,0.9737175755739312,0.9682349559200504,0.6338980488109995
962,0.06673945266110219,0.9951089066586863,0.9701663657202488,0.9774644129086066,0.9738017159084239,0.632914044979166
963,0.06540417992811409,0.9952903435997089,0.9716445882073649,0.9778951585489498,0.9747598531593697,0.6357874687590317
964,0.0669418229326177,0.9950907794438703,0.9701994682332713,0.9772278498246746,0.973700976104343,0.6271351098789851
965,0.0654968852244264,0.9952576734148245,0.97135283693379,0.9778446563175486,0.9745879360949106,0.6401163043846366
966,0.06422253317541356,0.9954551433280424,0.9728976682742377,0.9783846019582462,0.9756334205887971,0.6385068584772576
967,0.06370071979681793,0.9955206828225194,0.9734468573567449,0.978525845772092,0.9759797438584598,0.6428279117272231
968,0.06365630247717281,0.995529595369804,0.9735585971418035,0.9785057630134061,0.9760259112140722,0.6322355519022256
969,0.06390636231375041,0.9954960462896557,0.9732338201771908,0.9784796997273175,0.9758497099287815,0.644231368044065
970,0.0641272797805371,0.9954597918600236,0.9729168612262806,0.9784156121003347,0.9756584890699097,0.648860891032434
971,0.06397919518296881,0.995498236661446,0.9732103996990448,0.9785287991189575,0.9758623532122739,0.6405650925032462
972,0.06402671271466094,0.9954872985352331,0.9731537522843066,0.9784680340071985,0.9758036577299489,0.6344365875571463
973,0.06488242325969308,0.9953842823973977,0.9723329463929966,0.9782014944525809,0.9752583921099924,0.6352496091191153
974,0.06851449313325633,0.9949100291397724,0.9688168428391788,0.976704885928454,0.9727448735000195,0.6403056253513055
975,0.0676872482885131,0.9949983855792623,0.9693891887710522,0.9770713224407994,0.9732150959925199,0.6339066684508236
976,0.06552988054941027,0.9952869584796694,0.9715826020643685,0.9779238060135458,0.9747428909496135,0.639272333821877
977,0.06504639672959665,0.9953615203833389,0.972253550630402,0.9780341135189748,0.9751352654134919,0.6392871775863778
978,0.06436824838784959,0.9954687181400467,0.9730543284143247,0.9783682108831423,0.9757040345814111,0.6418024277503581
979,0.06424839423446775,0.9954729409571346,0.9731449730210009,0.9783185946558007,0.9757249258162313,0.6404174337197611
980,0.06387306033573348,0.9955250635660999,0.9734958154496349,0.9785223017558533,0.9760025869505694,0.6382398254026354
981,0.06422559880792238,0.9955050343670021,0.9733744606864386,0.9784297143316177,0.9758955408508787,0.6262829748055739
982,0.06542806066036654,0.9953032180420499,0.9717880211699718,0.9778847480012487,0.9748268521967286,0.6377786072226116
983,0.06438522613707849,0.995448888065657,0.9728087188755786,0.97841000074129,0.975601320125793,0.6409383520368462
984,0.0647131706246262,0.9954149064042461,0.9726763021766935,0.9781749143307908,0.975417859140082,0.6084515257728709
985,0.06484541134144976,0.9953778692085197,0.9723354178653221,0.9781278822819566,0.9752230488751407,0.6439759908378213
986,0.065624293502715,0.9952914284860501,0.9717770577917,0.9777658757899096,0.9747622682395962,0.6342200914074044
987,0.06732040301983734,0.9949759737500351,0.9694813505651686,0.9767235658473787,0.9730889833450831,0.6244785245599238
988,0.06788138950766205,0.994921756898449,0.9689170953595116,0.9767274051983039,0.9728065739979221,0.6332054335840984
989,0.06537220213669452,0.9953228421253622,0.9719051290256141,0.977977187758141,0.9749317040014935,0.6431766983946812
990,0.06756625337888011,0.9950188473596229,0.9695779331105767,0.9770959090534553,0.9733224040219277,0.6391180966601223
991,0.06418324038118338,0.9954819564999579,0.9732060821455405,0.9783533703151428,0.9757729381779798,0.6417527660345219
992,0.06338630963063283,0.9955673329351937,0.9738368355337529,0.9786276624052824,0.9762263712641517,0.6418985507263852
993,0.06307989785702323,0.9956223050873974,0.9742701881955729,0.9787756989169191,0.9765177466412646,0.6334120997326186
994,0.0635694410022107,0.9955529684907259,0.97375761664355,0.9785529427295836,0.9761493904718205,0.6350279970568641
995,0.06355715440519208,0.9955725307767149,0.9738894697988733,0.9786292867460585,0.976253625225378,0.6413366111591786
996,0.06380062311780539,0.9955289911293101,0.9734862868741189,0.9785758311677918,0.976024424124228,0.6367167579870568
997,0.06374692029098598,0.9955357545030199,0.9736077221251491,0.9785217110864802,0.9760585317476026,0.6354440091825534
998,0.06375110753068178,0.9955483130923755,0.9736906677425909,0.978572508652568,0.9761254844173723,0.637350484418288
999,0.0639594100924919,0.9955050961643253,0.9732671317287287,0.9785443780236734,0.9758986206502991,0.6304663774281413
1000,0.06404030534083681,0.9955175723572498,0.9734381841335122,0.978500668490063,0.9759628613653945,0.641044273811942
