Epoch,Loss,Accuracy,Precision,Recall,F1-score,Validation-F1-score
1,0.7046633377778444,0.7988588657351255,0.2980422614132003,0.8580535849348595,0.4424135449937355,0.5160146858481403
2,0.6445179693132853,0.8575215678151191,0.379591843691052,0.8386746088070576,0.5226345030861577,0.4938532055114817
3,0.6035364221969097,0.87904796499492,0.4225650393367708,0.8201652456638223,0.5577608648950242,0.5786691939067544
4,0.5694707380138713,0.8935998132787012,0.4589434396602206,0.8054822387196178,0.5847252164269093,0.5710826926101586
5,0.5486351742590074,0.9016799368865313,0.4827002114845134,0.7984176115161626,0.601656370729624,0.6097198827063403
6,0.5338281295496783,0.9082558106512438,0.504315988421228,0.787559705598571,0.6148872576645716,0.6168063446363329
7,0.5251422876076732,0.910632206117199,0.512773269293468,0.7834807644088625,0.6198599696496443,0.6081609784986124
8,0.5181959844964872,0.9114167780666412,0.515514516070495,0.7886593843039655,0.6234833571307912,0.619353946793549
9,0.5058793350518178,0.9161449530647956,0.5332715541951019,0.7878613161472172,0.636035993023414,0.6270638455071745
10,0.5011330540660474,0.9181886935397684,0.5417294634336859,0.7807842848869266,0.6396513491770655,0.648295996964157
11,0.4959945935997173,0.9194265282560432,0.5466083120548157,0.7833993258690445,0.6439249985760955,0.6585301200547983
12,0.4888775503035072,0.9218417942383142,0.5565029889171317,0.7858063035644829,0.6515689924713045,0.6439327227977604
13,0.4839708690377448,0.9226850942439392,0.5601143280181129,0.785637667458459,0.6539792111077322,0.6486722563911175
14,0.4795351458324803,0.9233000462738356,0.5623353818217306,0.7904754711252754,0.6571684798471337,0.6396448982396717
15,0.4744857619349047,0.925265777927776,0.5711934524271554,0.7878189356196963,0.6622412300020736,0.6485370178491973
16,0.4701842317263857,0.9262148268861972,0.5751988778206664,0.7901159011443923,0.6657421228986052,0.6657831738408272
17,0.4699963456649574,0.9261660687981634,0.5749619144003317,0.7902763417128644,0.6656402958266433,0.6417078364817222
18,0.4713690230529085,0.9248455149315516,0.5691099989394098,0.7900021234563963,0.6616056177173402,0.646100841817837
19,0.4594311123486045,0.927772895331484,0.5814655531801348,0.7970735433576424,0.6724086534472848,0.6573957640495268
20,0.4527309826380915,0.9298252942980793,0.5908164038136214,0.7982889932601671,0.6790589586585773,0.6593519165569806
21,0.451149784189334,0.9297348985469224,0.5903443389556219,0.7986432472166921,0.6788750663190154,0.648230700608944
22,0.4461730689667969,0.9308437279177564,0.5953551343813318,0.8003196407312605,0.6827871589455938,0.6642066681818807
23,0.446263434003583,0.9308230807454262,0.5955173086164588,0.7984863506644587,0.682225529823881,0.6489235002030926
24,0.441782753887794,0.931912835342488,0.6005213148123252,0.8001150476271482,0.6860969103576944,0.6366730909428865
25,0.437037249799255,0.9327221399539636,0.6043106438998358,0.8011225080766653,0.6889361589594204,0.6567456463622878
26,0.4320181140796744,0.9336695409837652,0.6086124065789369,0.8034122379015407,0.6925752429259197,0.662107058353713
27,0.4245666341601515,0.9352595998433808,0.6159058601978402,0.8073065949121512,0.6987359631339516,0.6547367013408342
28,0.4211895565549247,0.9359032258312592,0.6190521984720163,0.8079797364964859,0.7010097250697199,0.6688145450898135
29,0.4156214412596586,0.9367133612734138,0.6225338366849835,0.8115661332626892,0.7045915755539041,0.6589057116444541
30,0.4145746022034034,0.9367618447066774,0.622564048732684,0.8127295304267084,0.7050490496632744,0.6285662160620192
31,0.4148877271645361,0.9369852969611318,0.6240523052286819,0.8109423864046812,0.7053272999462625,0.6535165395858968
32,0.4141693956774773,0.9368973937020124,0.6234542619649909,0.8117031685572517,0.7052324562098455,0.6620330729899284
33,0.4031375391449002,0.939487333251596,0.6366570937424827,0.8136833137969438,0.7143664357632983,0.6486968562293514
34,0.4017959862089843,0.9388986862822906,0.6324954513989213,0.8186469300402335,0.7136315032555599,0.6175267355513236
35,0.4035014117793213,0.9389896725412026,0.6333556615094305,0.816795772224895,0.7134733857462507,0.664310583263439
36,0.4015419600035647,0.9393197732428248,0.6352066173535814,0.8163063288155986,0.7144589143620916,0.6229324640351499
37,0.3948607951831475,0.9405488396055692,0.640930232504473,0.8202627061103861,0.7195917158488953,0.6707331859042407
38,0.3896737495343462,0.9411067595724878,0.6437381974996628,0.821196111387249,0.721718784700767,0.6651621248646261
39,0.3823741001190899,0.9427738590950718,0.6524267276955896,0.8232032059170895,0.727932880231172,0.6705281773119213
40,0.3783204061307495,0.9433378146005597,0.6547443107350389,0.8265838282404343,0.7306970611660997,0.6625080925383604
41,0.3815805712620989,0.9427939363587544,0.6520917412315538,0.8250555450711742,0.728447206297003,0.6513462542552653
42,0.3752274738370085,0.9440633014426189,0.658569428993034,0.8275567345316243,0.7334553142207548,0.6603023259883254
43,0.3715358313253457,0.9447849705833756,0.6619546457390023,0.8302826736885441,0.7366247526037931,0.6391111468559514
44,0.3783614246322097,0.943266150304713,0.6539468096052738,0.8282171028907654,0.7308367550034871,0.6526993723853487
45,0.3668139841702345,0.945707748813052,0.6670218872828076,0.83106937145986,0.7400636741974524,0.6678458443665994
46,0.3671966618020758,0.945566562528564,0.6663339048567765,0.8306051791662643,0.7394561319632169,0.6465023940418161
47,0.366374757435682,0.9457273316981488,0.6671809516006377,0.8308968221692392,0.7400931276108434,0.6677090809574132
48,0.3529031233821841,0.9479555989803056,0.6782019332652756,0.8379804984599772,0.7496723114611857,0.6678968550593988
49,0.3470849937243427,0.9490227838216476,0.6843449979944191,0.8386932887259823,0.7536981335210275,0.6659424149107359
50,0.348851351858043,0.9485429344730848,0.6812909215916414,0.8393209487685872,0.7520942771047272,0.6502576581227338
51,0.346980598761881,0.9490339897362612,0.6832177848696243,0.8426879118626788,0.7546198558825268,0.6619090089446664
52,0.3423010075478245,0.949630993076942,0.6862816380588663,0.8443698429026202,0.7571619354534153,0.6653778453279757
53,0.3355264834684434,0.9508606087492266,0.6928485968184237,0.847172938246403,0.7622784073624703,0.6681106865487719
54,0.3387649861171091,0.95030166569329,0.6904299456584926,0.8440423905689003,0.7595472764099308,0.6663925877009698
55,0.3333856093583347,0.9514493518477016,0.696994806568142,0.8455047402693866,0.7641005977664388,0.666518522673582
56,0.330847804494899,0.9517741448458944,0.6981260266793361,0.8481947962618898,0.7658784052821477,0.6591485968173745
57,0.3260484107857128,0.9527408953042384,0.7038719256377165,0.8490188538710551,0.7696620309201482,0.6660689861004162
58,0.3233682767307158,0.9529526541318624,0.7046002420433388,0.8507927816658589,0.7708261394421282,0.6664215342493273
59,0.3234195741925308,0.9530276348840562,0.7051202833520164,0.8506479200021028,0.7710777236500178,0.6614193255806278
60,0.3156051157082585,0.9543405052834788,0.7121799793268287,0.8542704952674093,0.7767808220258701,0.6589364402036896
61,0.3229858967468892,0.9530006019883248,0.7041554216045743,0.8529973812673343,0.7714627999591464,0.656054449011297
62,0.3216080542841403,0.9531373731973858,0.7052201935268374,0.8523817561132065,0.77184909423594,0.6639317147560958
63,0.3082969176897899,0.9556174714381012,0.7188096204521109,0.8586526713465401,0.7825325575130498,0.6567278961124725
64,0.3098365083980046,0.9551578710124522,0.7163377848344605,0.8572949439587666,0.7805032900861828,0.6660336675655156
65,0.302849862161729,0.956566479198307,0.724597561441569,0.8597218567455476,0.7863974319378918,0.6665486514603868
66,0.303731636606532,0.9562917214328278,0.722775046329247,0.8597824003562917,0.785348128185922,0.6661885801442256
67,0.3021339390346472,0.9565016675389704,0.7234544343736139,0.8616285374819588,0.786519062146574,0.6580822802858992
68,0.2971393021641018,0.957506821600521,0.7292684336332722,0.8637172920526321,0.7908190845915853,0.6643676899362475
69,0.2993643765183661,0.9571665037414572,0.7268411058626478,0.8641912303908843,0.7895876095808272,0.6611391040278342
70,0.2886082464628082,0.9587609090128072,0.7359302468027208,0.8680281448049595,0.7965395738199059,0.6677382028224835
71,0.2855795582206987,0.9595924743933864,0.7407331181528457,0.8700189220933677,0.8001875060989394,0.6636607988763089
72,0.2844550627277051,0.959639735612924,0.7407316200486601,0.8708044385259374,0.8005187089209932,0.6419815305533397
73,0.2896067517266856,0.9586174842919444,0.7352067481682972,0.8674318640728012,0.7958647135684856,0.6648235062176108
74,0.2783790951688513,0.9606849824045168,0.7467575867143242,0.8734569131795762,0.8051533628758866,0.6569443267314993
75,0.2837456405270014,0.9597599451393576,0.7425611834422341,0.8683493951102618,0.8005441929046361,0.6600785077879174
76,0.2710916865215027,0.9617931182720568,0.7533696332360151,0.8759099630861176,0.8100315858954525,0.6600111420907989
77,0.2676112731154874,0.9624656516744712,0.7568104321051319,0.8787769983895399,0.813246161562997,0.6633733893212999
78,0.2683058322655211,0.9621417032396958,0.7548474461378124,0.8780901237422803,0.8118180383765283,0.6640010522739856
79,0.2721923715133461,0.961674453678704,0.752275200322818,0.8765294275911706,0.8096629140530819,0.6590669685482449
80,0.2664006833228275,0.96255063672666,0.7571570551704947,0.8793397586347741,0.8136872574705352,0.6620773820789424
81,0.2684995239908747,0.9621994356723372,0.755533634819741,0.8774459987908998,0.8119390483256873,0.6580499874126328
82,0.2607205652182908,0.9635110701252954,0.7630690241792722,0.8812681464706471,0.8179203591217749,0.665714789721065
83,0.2545450182377005,0.9647298094686902,0.769786451712857,0.8855866040911533,0.8236361794793883,0.6654536397059885
84,0.2556990024854811,0.9643065184036274,0.7672978845943568,0.8844090308621794,0.8217016858697684,0.6599309062590749
85,0.2528096638995109,0.9650695574191064,0.7725453835265726,0.8849415193020415,0.8249325943524205,0.6591024592027136
86,0.2625177810839612,0.9633458584148068,0.7629971486062478,0.8788489862193882,0.816835702588048,0.6517180655563048
87,0.2616861036998762,0.9631595394852486,0.7613248986219124,0.8796159704003764,0.8162067898160023,0.6601887408973397
88,0.2500163972806588,0.9653390280802644,0.7733637009895701,0.887325756226615,0.826434500245584,0.656864739739054
89,0.2455117654778974,0.9662683293607268,0.7788575869649413,0.8899784523812688,0.8307184810606387,0.6658872156408835
90,0.2433194910450805,0.966689533049538,0.7811451067491525,0.8916218422446145,0.8327352947271086,0.6608241549437293
91,0.2437476233827124,0.9664686694162904,0.7797014899536273,0.89125725157406,0.8317555541185155,0.6666915295705013
92,0.2442332685208149,0.9666729370350644,0.7815877441549973,0.8904770511658484,0.8324868170063465,0.65551186367534
93,0.2403968540455797,0.9671850651854644,0.7844820350521919,0.8922742365672186,0.8349133631101422,0.6433651797632118
94,0.2405481742654773,0.9673548430315032,0.7853307991085848,0.8930948978274885,0.8357533265499986,0.6638495231438915
95,0.2402232351491777,0.9673464042636968,0.785221405265455,0.8931880759210972,0.8357321666763845,0.6539560104280456
96,0.2353229069774099,0.9680933210441804,0.789723845141016,0.8952955842443671,0.8392025148162571,0.660417141264735
97,0.2334836837199094,0.9684464034836772,0.7919792294290997,0.8960661862752655,0.8408136429524166,0.657769023987837
98,0.2307136072207697,0.9688483950713312,0.7941666476153774,0.8976944402359252,0.8427630250549102,0.6497634272502477
99,0.2381988606221384,0.9677264028706476,0.7879502656951319,0.8933887558406126,0.8373634329745894,0.6625213814598153
100,0.2290912540696507,0.969177355955658,0.7964186837426016,0.8981525043347749,0.8442317918953793,0.6494080250738405
101,0.2263243535010934,0.9698909502461786,0.8007113621674076,0.9003190795953561,0.8475988423358796,0.6419787665024334
102,0.245765669525956,0.9666067383691396,0.7815752124906767,0.889514481588688,0.832058832538279,0.6602439220984304
103,0.2262820054194052,0.9697453145544176,0.7997940293444208,0.8999504280728614,0.8469214015526895,0.6615838107471261
104,0.2235106023953115,0.9701876460614066,0.8024733877767022,0.9012761116471436,0.8490098983216452,0.660313960124083
105,0.2207235734132554,0.9707436159794584,0.8056841084672726,0.9032562568868358,0.8516847361102172,0.661633435778795
106,0.222697897887916,0.970403723835288,0.8041721805699164,0.9012112118497728,0.8499308584904235,0.6605561287321596
107,0.2162182522441843,0.9714004528617708,0.8095476517524929,0.9054955583139817,0.8548377074149448,0.6640829833984659
108,0.2236964210546274,0.9703501249569342,0.8038458934120384,0.9010505497802858,0.8496771602635521,0.6631297464363817
109,0.2168047203541659,0.9714712657278308,0.8100481000068026,0.905587555068844,0.8551576509885228,0.6454285624976456
110,0.2305765714791181,0.9692509703003712,0.7975696294869568,0.8970323737023363,0.844382075065516,0.6593070204784117
111,0.2217210578939897,0.9708031268017352,0.8076940398394871,0.9004344816241281,0.8515466546400128,0.6308159819379405
112,0.2151750328300668,0.9716158302659887,0.8111869852108998,0.905567915312188,0.855783090413184,0.6535675896033845
113,0.2092626183796272,0.9728134486575754,0.8188666942131714,0.9086602171477816,0.8614298084568114,0.6608214831434654
114,0.2069456086313124,0.9732032318407056,0.8208228223611596,0.9106390333813844,0.8634014073752602,0.65682336210175
115,0.2052312117043159,0.9734788410359714,0.8225398545514925,0.9114649368323404,0.8647222202570076,0.6636065371051676
116,0.2042438698222311,0.9736306221282096,0.8240195472469828,0.9110100475813714,0.8653340429270537,0.6656882795175498
117,0.204099541570214,0.9737958063732212,0.8248838851862386,0.9117943088415232,0.8661644218881389,0.6545331522845138
118,0.201919680072678,0.9741881438457116,0.8270114083201953,0.91353323947597,0.8681218397734648,0.6571987220499234
119,0.2061403826307907,0.9734904726654784,0.8232728539657502,0.910367916139125,0.8646326337068907,0.6571819107863132
120,0.2097175137387762,0.9727913046167488,0.818906685303986,0.9082849205948396,0.8612832428036755,0.6438528847042888
121,0.1992914967453308,0.9745896959857338,0.8293314768412923,0.9150790212254086,0.8700977630442284,0.6621139407469783
122,0.1983196096722599,0.9748390275858856,0.8310824351389178,0.9155263056081988,0.871263052506117,0.6573482429007278
123,0.1981467652342302,0.9746938725399722,0.8303759442842943,0.9147426350174204,0.8705199616104364,0.6583437273665107
124,0.196248760487107,0.9751561577159972,0.8331367893656826,0.916393777416288,0.8727842588262049,0.6624414827469893
125,0.2079172223913583,0.9731100414772648,0.8211771198806853,0.908746085707898,0.8627452258616988,0.6531680158350196
126,0.2101015328503341,0.9726975168791836,0.8180677431494234,0.9084507510213412,0.860893478013242,0.6542902111796789
127,0.1980201153875254,0.9747106745455232,0.8309153956147913,0.9140715607758916,0.870512102982485,0.659748397614842
128,0.1933174082379547,0.9754913120653864,0.8353381976869789,0.9172721027741082,0.8743899598425091,0.66230306129623
129,0.191718261126134,0.9759219089473296,0.8380029641850316,0.9186832857401486,0.8764903996149321,0.6627262917461617
130,0.1901204470518253,0.9761926842186446,0.8403153669627946,0.9185534861454068,0.8776943299907852,0.6561495994988905
131,0.191847103909194,0.9758495236827118,0.8380403287992226,0.9176578837084232,0.8760438543590039,0.6559092784410395
132,0.2023113732018488,0.9739506841979904,0.825923926719646,0.912140810262526,0.8668939697163794,0.6505197556155574
133,0.1930973829714943,0.9756059804318364,0.8364179608238582,0.9170427015563252,0.8748767541587844,0.6607430857393012
134,0.1844379647547821,0.977125686472132,0.8458080688541498,0.9221414334187146,0.8823268583266387,0.6599772976362628
135,0.1830126708574432,0.9774850585058604,0.848314686425677,0.9229242180054336,0.8840480712492088,0.6625362114555916
136,0.1809161373769207,0.977783312986908,0.8502206839830911,0.9238566634445652,0.88551048288294,0.6529387746080567
137,0.1812719926506066,0.9777625284871928,0.8500636819174674,0.9238289758177004,0.8854126062490082,0.6653380230813958
138,0.1827521882415246,0.9775700778898956,0.8490381797193314,0.922908565267046,0.8844335875429898,0.6537150383865453
139,0.1845485963088145,0.977186501904566,0.8464953637262017,0.9218589457910228,0.8825712352120957,0.6613800718753178
140,0.1826129441799448,0.977638803379704,0.8493722436918717,0.923287184335212,0.8847886908581833,0.6569067962094676
141,0.1865413630609032,0.976769122783426,0.8440945628527075,0.9201533141424854,0.8804844484567715,0.6403285046366167
142,0.1871789882240964,0.9768022324159424,0.8442258271752694,0.9203820508572236,0.8806605794694325,0.6535443716542204
143,0.1779167622649412,0.9782467105147514,0.8530418753438257,0.925535050468268,0.8878110850194469,0.6457082599230921
144,0.1780883035213827,0.9783125795949524,0.8536373534121047,0.9254764265329865,0.8881064902046828,0.6482323662633332
145,0.176016774912961,0.9788639353128692,0.8577795420656512,0.926307572174629,0.8907274524094638,0.6572624866697411
146,0.179252820692474,0.9780547130978244,0.8518470034510438,0.9248781522916938,0.8868616285873037,0.6531209739651124
147,0.1738709308367839,0.979152885863585,0.8590587716705479,0.9281007705577308,0.8922461471433341,0.6600426129639483
148,0.1739216588651962,0.9792437004632656,0.8602810360169983,0.9274340525028286,0.892596289697566,0.6635565195239308
149,0.1753662218400042,0.9788781349644752,0.8574457223424768,0.9269949636575902,0.8908649891893248,0.6581138470022126
150,0.1775332356957223,0.9784588263935764,0.854439200484667,0.9261455810990528,0.8888485378863437,0.650011532665429
151,0.1714364280589193,0.9795940569541708,0.8623400363625695,0.928854021675794,0.8943620678427548,0.6568220375315592
152,0.1745075717461195,0.9791226120415684,0.858975357993522,0.9278368151816204,0.892079170318123,0.6498297919882531
153,0.1808498940772289,0.9778849489845244,0.8518518341788357,0.922660927132368,0.8858436188670653,0.6498689373476445
154,0.1807636327291135,0.9778401871233934,0.8509964279991249,0.923397270339626,0.8857197581561123,0.6495555772008841
155,0.1708923718697733,0.9796880232173368,0.8630077562423002,0.9290644476399658,0.8948186603478329,0.6519748866106382
156,0.1666808024370413,0.980486101315091,0.8684481945527108,0.9312301368964871,0.8987440888390305,0.6547434134334175
157,0.1705463748130438,0.9796879957518596,0.8630353559432544,0.9290231746175194,0.8948143517775269,0.6590971748100016
158,0.1696852122386582,0.979860080697966,0.8637259028179934,0.9301983851690008,0.8957306006838117,0.6480171888315193
159,0.1692645484112578,0.9799068750043944,0.8646712642376969,0.929398988006163,0.8958674800336548,0.6566192823834549
160,0.166871035779766,0.9803369706413826,0.8672913342046298,0.931025543792375,0.8980290358545194,0.6562608463825271
161,0.1621625034285964,0.9811716808190776,0.8724378678271867,0.934121241976864,0.9022264925843186,0.6580268857837973
162,0.1631233517964966,0.9810343534341076,0.871767257059177,0.9333555868019654,0.901510767019908,0.6564657080692139
163,0.1629311214569661,0.98117019768332,0.8727031071494007,0.933721580312281,0.902181784833763,0.660748551126149
164,0.1597259656506048,0.9816739694623446,0.8759200534439009,0.9354546780866684,0.9047090006954682,0.6620319244724121
165,0.16024403839553,0.9816456800210408,0.8756677757010405,0.9354587389386084,0.9045763137639824,0.6369452348792312
166,0.161058556878095,0.981477776693807,0.8746786374865037,0.9347614537436476,0.9037225147139736,0.6523048717928287
167,0.1865545584679507,0.9771852110271472,0.8483984321155356,0.9188677222519034,0.8822281046389641,0.6428087094625844
168,0.171668656411574,0.9796116691912932,0.8632429179733822,0.9277403884064596,0.8943303013008644,0.6618175789147154
169,0.1604133591377478,0.9814477843929296,0.874205309944653,0.93506062778113,0.9036095234887874,0.6523173229367595
170,0.1597456267679766,0.9815998332735684,0.8749677811256416,0.9358806983720266,0.9043997521869332,0.6588058883831032
171,0.156925469261708,0.9821456890297172,0.8792383836878683,0.9366623016199992,0.907042389268224,0.6580942478177497
172,0.1542705080116824,0.982630454698662,0.8824394931214509,0.9382176817467512,0.909474168939157,0.6602602744898571
173,0.1543371561619875,0.9825478385438638,0.8814592258071764,0.9385573904699632,0.9091126568629986,0.6516241000196838
174,0.1527605736159163,0.982931847110456,0.8844013195807826,0.939232747064447,0.910992721720061,0.652723215433875
175,0.1669599511962143,0.9806068876165416,0.8710549686142067,0.9289880297898192,0.8990892327005591,0.6566918052500055
176,0.1763212179912509,0.9788795837683864,0.8585288910053791,0.925380516593527,0.890702078575117,0.6526463052915918
177,0.1655470117015375,0.9807121902553366,0.8696252997651461,0.9323826066771038,0.8999111501438573,0.6418873732703869
178,0.157480945663272,0.981974180858628,0.8777875034452921,0.9365654318428088,0.9062243803187268,0.6574237805119001
179,0.1519835378519065,0.9830702593817676,0.8856589904244182,0.9392100801272538,0.9116488024102188,0.6540496029285626
180,0.1507518267888817,0.9831525390844724,0.8857576872325518,0.9400901774931932,0.9121155354654764,0.6505822212593031
181,0.1497005843858924,0.9834014930343156,0.8874223690614564,0.9408759154267778,0.913367737578568,0.6477706132723807
182,0.1502733436687816,0.9833836336079004,0.8878655052729384,0.9400504549778512,0.9132130692446642,0.6529987291712431
183,0.149095341241617,0.9835688676511172,0.8887873906878903,0.9410718699913084,0.9141826694025558,0.6559974989620422
184,0.1482954391365428,0.9837767332473774,0.8903039033594801,0.9415641190801268,0.9152168171633704,0.6527530385717372
185,0.1483860801664187,0.9838360380785768,0.8909211886675927,0.9414558050838322,0.915491656797212,0.654942141594691
186,0.1488357473620407,0.9837425318621504,0.889902929136658,0.9416882334821524,0.9150635080714232,0.6528352418067263
187,0.1643439226870914,0.9809909991786724,0.8724079361703407,0.9318885855801656,0.9011678378650758,0.640156143167381
188,0.1666642058935525,0.9805369399130068,0.8691266916399928,0.930888213163126,0.8989478818583728,0.6533926366939143
189,0.1553539405945393,0.9825062489453256,0.8815964666708495,0.9378493255589432,0.9088532950125722,0.6513993617688698
190,0.1589533219234548,0.9818800841344464,0.8780906210736978,0.934962798166208,0.9056347214157118,0.6574391774336963
191,0.1495004059117046,0.9834692984306446,0.8880657782879909,0.940831246055436,0.9136873444975202,0.6523934978306333
192,0.1470527421924279,0.983897663742582,0.8908626369537851,0.9422901255733552,0.9158550047804478,0.6548156904729187
193,0.1443418600469184,0.984398125931629,0.8946598683138938,0.9433012777064544,0.91833692863477,0.6517337979342951
194,0.1431872816287356,0.9846346517531324,0.8963696631123934,0.943903022130314,0.919522460711992,0.6610895640027157
195,0.1425760820936813,0.984786467177217,0.8974192074038155,0.944355696371134,0.920289378259676,0.64433433467345
196,0.1424251666171945,0.9848046699220948,0.897174374055782,0.944901105703533,0.92041945877804,0.6472824903698496
197,0.1431061199350322,0.9847903398094732,0.8975619527314831,0.9442137880542436,0.9202970292576518,0.6542319186149635
198,0.1473905479254053,0.983975136986813,0.8916610887961351,0.942160252144942,0.9162153558720018,0.6579652516214679
199,0.1587871910749579,0.9818836203146092,0.877777646912109,0.9354480330562208,0.9056957248465533,0.6509400018599595
200,0.147720905061034,0.9838046999693264,0.890086134591376,0.942202411171448,0.9154030942360366,0.6537316806348356
201,0.1463722380802785,0.9841138033137868,0.8931135817532362,0.941901981961548,0.9168592020736688,0.6558513126575221
202,0.1414327360421633,0.9849720926034812,0.8985956573259817,0.9450526862314084,0.921238849870029,0.6555673900044762
203,0.1400700770318508,0.9851839406939054,0.8999223349748172,0.9458712801488725,0.9223248840419808,0.6530086339603061
204,0.1391414176109883,0.9854563570274708,0.9020752634002238,0.9463432988116618,0.9236791904113212,0.6511765390745797
205,0.1397165737295751,0.9853687352894904,0.9012544218297426,0.9463582132133328,0.9232557822094845,0.6521053970942938
206,0.1490452962545611,0.9838469144074664,0.8912887983452081,0.9410926172530388,0.9155138780854272,0.6525232043125395
207,0.1467081963908758,0.9841786218394928,0.8935045229431094,0.9421694075202252,0.9171918966953652,0.6424187961609625
208,0.1415285409676085,0.9850095143158856,0.8987089246611961,0.9453568071248902,0.9214428584706292,0.6555265957326672
209,0.1400969475239729,0.9851929356376208,0.900245852132743,0.9455552720342564,0.9223444502941708,0.6551737067429644
210,0.1395200290348675,0.9853701634942942,0.9013822471333044,0.9462082570262336,0.9232514705550215,0.6531557064883352
211,0.1388947725456824,0.9854715729017256,0.9019148438415496,0.9467362416121258,0.9237821850013274,0.6530903933986333
212,0.1391978335680721,0.9854924603969796,0.9024001405834042,0.946355112199124,0.9238551019719744,0.6588010204794028
213,0.1376777210091944,0.9857411122265756,0.9038454833677276,0.9474705174765776,0.9251440029198,0.6510548558074887
214,0.1371471881598448,0.9858524298048326,0.9045788501933736,0.9478585872547136,0.9257131319759482,0.65752072590354
215,0.1387290933149324,0.9854968548732984,0.902502866380139,0.9462742643286792,0.9238704024978523,0.6365583630772043
216,0.1387062613859022,0.9855703250242576,0.9029213698696124,0.9466149328896224,0.9242520416264498,0.6520974590003246
217,0.1382667002596443,0.985596231835432,0.9029265625940543,0.9469203089555224,0.9244002979549276,0.6535664621723626
218,0.138456446125353,0.985610733607285,0.9033205240840496,0.9465827414087878,0.9244457632010308,0.6534047464678544
219,0.1412845918332501,0.9851608490941226,0.9003241540676112,0.9450645734525422,0.9221520105157744,0.6527710876755031
220,0.1380299392203204,0.98564102116204,0.9033108477296556,0.9469600314708642,0.9246205822183784,0.6482406131912685
221,0.1439086909827997,0.984903813427674,0.8989284468791358,0.943786807931154,0.9208116199438672,0.6539305858214227
222,0.1464993542314862,0.9843503771998748,0.8940846232080616,0.9434883722303882,0.9181223797703,0.6582667793046875
223,0.1418389875790198,0.9849366072072048,0.8984626443651557,0.9447980338979246,0.9210479558722235,0.6465456976070377
224,0.1361618660819187,0.985875267348953,0.9045990984806384,0.9481068898924362,0.9258421392733962,0.6412894109703396
225,0.132751821828403,0.9864432396804512,0.9087842151764658,0.949530476915312,0.92871063541804,0.6473215290806754
226,0.1305935983177569,0.9868563273208109,0.911653248294699,0.9508080209356852,0.9308190566012232,0.6510630189116677
227,0.1304610337016822,0.9868539790225278,0.9114708526424364,0.9510112112000364,0.9308213124551498,0.6525074454504317
228,0.1356326325816645,0.9861067326563204,0.9067261294963844,0.9481406318803752,0.9269710399306964,0.6330734625400511
229,0.1495460671969026,0.983940015508107,0.8930190552661224,0.9399057409814384,0.9158627114094462,0.6490389209636759
230,0.146800294652474,0.9841471120710112,0.893063657223007,0.9423758464661284,0.9170573241254678,0.6532654594437635
231,0.1344443850701661,0.9861439277785397,0.9066944495882102,0.9486271957764776,0.9271869546586288,0.6384658971772884
232,0.1299476353652614,0.9869090885021164,0.9120566208682378,0.9509254164735916,0.9310855442107404,0.647660689438564
233,0.1298411121900133,0.9869167376374592,0.9119482777416748,0.9511535625189568,0.931138421381924,0.6472144579919515
234,0.1280725030697507,0.9872556272917196,0.9145529709141476,0.9518965507566622,0.9328511790858686,0.6535450029719777
235,0.126840411142694,0.9874702905935356,0.9159414499960744,0.9527008209418282,0.933959575802518,0.6576923604809527
236,0.1299676790351061,0.9869829981007072,0.9128924805903356,0.9507486586636872,0.9314360829927192,0.6501484407050387
237,0.1289651989668822,0.9871158554792968,0.9134780629388726,0.9515892550152998,0.9321442727743728,0.649488296579461
238,0.1287371736261055,0.987220691204983,0.9141395403774328,0.9520014684040616,0.932686416160772,0.6295435874930719
239,0.1326674226698257,0.9865418064110136,0.9096028317054036,0.9496632298569192,0.9292014530921916,0.6548537863425951
240,0.1297852013715737,0.986977408876139,0.912433462881916,0.9512617288479084,0.9314431213981068,0.6451047005453115
241,0.12825097636782,0.9872740703595208,0.9146704187791396,0.9519678740834656,0.9329465246498098,0.6560310407489311
242,0.1300859404392808,0.9868914899977324,0.9119713843919308,0.950823821341416,0.9309924290042252,0.6553563726872914
243,0.1330727890080256,0.986414249869484,0.9090705550812396,0.9488184249860232,0.9285193050040312,0.6438396055878183
244,0.1396615525586999,0.9851851011103084,0.9008011621113352,0.9447329864332104,0.9222441890171368,0.6524062130853779
245,0.134056669800616,0.9862057594336224,0.907071684500537,0.9488831771160507,0.9275064600560164,0.6536833124137419
246,0.126502858943862,0.9875032079677128,0.9163622896801428,0.9525646716513256,0.934112848327632,0.6489761597700204
247,0.1248157687967629,0.9877947128077892,0.9181050148254034,0.9538397791605348,0.935631314983983,0.6514674267689191
248,0.1232350401901941,0.9880714892858272,0.9202539309645212,0.9544421142537676,0.9370362835729416,0.6476028290615352
249,0.1231801702553848,0.9880970047139548,0.9204545041906128,0.9544950529963327,0.9371657678900774,0.6449573963385683
250,0.1319584723213593,0.9866014751597832,0.910460523576404,0.9492840201193802,0.9294670377287944,0.6507531905557155
251,0.1376324696667331,0.9856425660951212,0.9038667542412442,0.9462571349168588,0.9245763164585904,0.6507074758506538
252,0.1283139712947735,0.987212897875886,0.9141335116688064,0.9519165596816764,0.9326425275263284,0.6440992644402808
253,0.12380141013121,0.9879518084698258,0.919358387790962,0.9541388793643452,0.9364257928094034,0.644145306776772
254,0.1216704731257699,0.9883403145082756,0.9221663651668656,0.9552500761225154,0.9384167211386338,0.6490517556108678
255,0.1214180208555014,0.9883839983494348,0.9223110408872606,0.955585576326444,0.9386535121045996,0.650576253219566
256,0.1218986043291126,0.988300977078851,0.9219376829696362,0.955068666791298,0.9382107778704274,0.654073226877229
257,0.1247133529952747,0.987915423579178,0.9191716557763996,0.9539410789580238,0.9362336658111426,0.643904389388133
258,0.1238159612357187,0.988040453296824,0.919820000496576,0.9546125223679108,0.9368933584833772,0.6454515692392675
259,0.1216983626723932,0.988415782772686,0.9227690301956256,0.9553973742974357,0.9387997851764884,0.6501249667367779
260,0.1223759571318146,0.9882795746059032,0.9218401644906026,0.9549369475210936,0.938096726720432,0.6543075900071437
261,0.1233243899915715,0.9880837182894588,0.9204177967052716,0.954383933320516,0.93709317956059,0.6484965114356286
262,0.1215800733285413,0.9883826594074312,0.9224928397098112,0.955346945899706,0.9386324901461802,0.646207685922733
263,0.1309281107869079,0.9867380060459204,0.9117032129864988,0.9493359990242142,0.9301391125219788,0.6520598742028096
264,0.128552571930688,0.9872442222523976,0.9148574149264972,0.9513794197205012,0.9327610519534106,0.6569372567767358
265,0.1246670325883,0.987789487500791,0.918250283800846,0.9535976785512298,0.9355902365715698,0.6488120895929774
266,0.1228950495476559,0.9881222523536816,0.9206319174495436,0.9545734643556136,0.9372955169211163,0.6413124975013508
267,0.1231539900541948,0.9879729088225264,0.919692019861016,0.9539749686133062,0.936519852436782,0.6486733231528251
268,0.1187739484682143,0.988789979297622,0.9254405289805192,0.9565229686215756,0.9407250705883002,0.6489603029842781
269,0.117705324463707,0.9889597022127068,0.926565086498958,0.9571426546276436,0.94160569308538,0.64319939185445
270,0.119033224291081,0.9887986721210906,0.92553468747629,0.9565102692300536,0.9407675730010002,0.6424282598157733
271,0.1183548509913811,0.988909728777316,0.926295056208718,0.9568860087850256,0.94134206823687,0.6428141377105381
272,0.1232795305818104,0.9880974098297404,0.920920086407252,0.953926312223696,0.9371326659300612,0.6442732003051567
273,0.1312127189724136,0.9866695826763592,0.911330757597684,0.9489923771164052,0.929780343913035,0.6466218520337663
274,0.1253636592744494,0.9876968464468902,0.9175239851037732,0.9534063755080124,0.9351210878778076,0.6423910309359456
275,0.123415428582284,0.9879999142527808,0.9195805551399928,0.95443096536935,0.9366817091269536,0.643512767147132
276,0.1188571003379581,0.9887877271285086,0.9251628222087852,0.9568341775475347,0.9407320077559294,0.6521482655824117
277,0.1169047062050738,0.9890832144627488,0.9275171663996338,0.9574331162918722,0.9422377440875408,0.648556990306841
278,0.1160147210328484,0.9892282115821696,0.9284285735036012,0.9580245240017023,0.9429943881208702,0.6477725352112677
279,0.1158128941981054,0.9892695059268302,0.9290527167250342,0.9577547357655326,0.943185419418078,0.648941025645268
280,0.1153175811008583,0.9893460453448434,0.9294132989430548,0.9582125783633674,0.9435932450939364,0.6445577132461805
281,0.1162979820837005,0.989177077730376,0.9281211289198388,0.957799035968516,0.9427265682734324,0.6467617274731569
282,0.1171912444527629,0.9890750709488202,0.927486309068496,0.9573753783606505,0.9421938617468486,0.635752508041634
283,0.1169295031443345,0.9890652383080564,0.9272553960296296,0.957539584446376,0.9421541926704792,0.6508594246455124
284,0.1315826468116087,0.9866227883699306,0.9107824288213492,0.949129560078311,0.9295606793799732,0.6362760215882807
285,0.1242507357123515,0.987756934044184,0.9180379099831972,0.953477108165443,0.935421968948908,0.639000144304378
286,0.1212562710689983,0.9883083927576394,0.921912119494285,0.9551871698342788,0.9382547138150126,0.646107955049272
287,0.1158420891909719,0.9891698817754035,0.9279887142777232,0.957874789315618,0.9426949431730696,0.6235235410027936
288,0.1196611592237898,0.9884703292099962,0.9233100198004598,0.9553754456969588,0.9390690862131912,0.6452653466681901
289,0.115499292909027,0.9892252727761311,0.9282691738901698,0.9581823065579952,0.9429885765558736,0.6434936609627754
290,0.1137770574352295,0.9895547211726748,0.9309069777227292,0.9588494676149272,0.9446716397667558,0.6449182318074699
291,0.1124816533285293,0.9897335694924908,0.9320661552015418,0.9595421012885748,0.9456045817451983,0.6461823978501018
292,0.1151690307146997,0.9893270735666098,0.9293576877098474,0.958058561324328,0.9434899055241508,0.6418200980851867
293,0.1159189266936599,0.9891364425571634,0.9277992384040732,0.9577134627430864,0.9425190515044034,0.6452796185589524
294,0.1150878583677381,0.9893442532224694,0.9293339432946488,0.9582870027043796,0.9435884263934518,0.6544863221891475
295,0.1174687776017746,0.988988527230812,0.9270815419450265,0.9568544818072356,0.941732752308698,0.644826127671817
296,0.1206814480288852,0.9883702106799837,0.9223830106720804,0.9553354278469304,0.938570075324134,0.6490709205499885
297,0.1178762128563236,0.988891134649391,0.926147477215968,0.9568476152757732,0.9412472804643376,0.6539089040660513
298,0.1128012015611576,0.989698544142954,0.9317259727374486,0.9595412891181868,0.9454290876987974,0.6480219226935616
299,0.1136125808836316,0.9895984874102648,0.930943842809822,0.9593137337421946,0.944915893821438,0.6467631683582076
300,0.1125993627465243,0.9897539351436818,0.9322111386586368,0.9596055982461844,0.9457100256633196,0.6468283765664881
301,0.1112911502207569,0.989939670431854,0.9333368252473996,0.960419392974992,0.946684455496316,0.6477558099826933
302,0.1110721822935257,0.990010098781236,0.9340558301998558,0.9603819593034708,0.9470359737084334,0.6409147101132059
303,0.1109252464991036,0.9900162098498672,0.934079182304422,0.9604250043340364,0.9470689049305966,0.6409690400092418
304,0.1117452336676258,0.9898466791931214,0.9329237394899336,0.9598329321211616,0.9461870527265008,0.6457823680836213
305,0.1271927474240819,0.9872479850227458,0.91579888215047,0.9502466635302124,0.932704814459118,0.6423406274479302
306,0.1181111094146538,0.9888342330474288,0.9254725311492954,0.9570016323148126,0.9409730451148192,0.6499226282585406
307,0.120081223480457,0.9885287482795624,0.9237222308307056,0.9555568550281764,0.939369906741442,0.6484554941844636
308,0.1146224696028361,0.9892965868871464,0.9287101707473608,0.9584819974311788,0.9433612479981084,0.6479810660983016
309,0.1101062353834402,0.9900644117619916,0.9343047207850468,0.9607155398319368,0.947326087061772,0.6490489964993656
310,0.1090245483938953,0.9901912953993348,0.9351147138180927,0.9612245491642176,0.9479898842499548,0.6498878240089281
311,0.1084170091575641,0.9903682829330844,0.9366784147991366,0.961425229083733,0.948890501768216,0.6449715286262201
312,0.1079810923166412,0.990450912820621,0.9373225719114971,0.96162147898295,0.9493165609182428,0.647095211148429
313,0.1080799268545221,0.9904214423638064,0.9369109827893404,0.961764937806945,0.9491752892826956,0.648450988345805
314,0.1073226257890677,0.9905496306113069,0.9378803454753828,0.962104868031172,0.9498381772638044,0.6440425006813144
315,0.1170696466625165,0.9891292809340372,0.928246985439899,0.9570903803881228,0.942448048281924,0.6530804491091153
316,0.1151055930678149,0.9893622568426392,0.9294399913730368,0.9583691795809142,0.9436829269684665,0.6457567924134242
317,0.1112267319917035,0.98994738136452,0.9335171199857828,0.9602946879035932,0.9467165931217736,0.6514446293787143
318,0.1088941538398214,0.9903414010974764,0.9363000565159284,0.9615601232018178,0.9487619871251222,0.6484927334121429
319,0.1083730065645717,0.9903715925230622,0.9365302045235168,0.961637648557039,0.9489178759602742,0.6370336643944657
320,0.1118760983318948,0.9898254346466664,0.9332008871343044,0.959257767819092,0.9460499415151492,0.6356383604138942
321,0.1105333889211467,0.9899817063443932,0.9337481695236456,0.9604179901352308,0.9468953245663037,0.6456572787294186
322,0.1108729255606802,0.9899367934231388,0.9336120406980914,0.9600595276594224,0.9466510980963714,0.6524269681258396
323,0.1138907629969737,0.9895047889354996,0.9306129435241702,0.958620952401204,0.9444093377342904,0.653625372857549
324,0.1102760506914459,0.990028809637438,0.9339856014055476,0.9606816501766544,0.9471455508087012,0.6454000707067233
325,0.1066327287594405,0.990641282908036,0.9385600700257288,0.9623644672206556,0.9503132229049874,0.6482476035792979
326,0.1074059074543577,0.9905373466767212,0.9379167300789182,0.9619208006877754,0.9497671220463604,0.6422005719647873
327,0.1069302278028117,0.9905941315504064,0.938039898907033,0.9624304006894292,0.9500786368084404,0.6507892486296442
328,0.1077930343022449,0.990482573649226,0.937420276396028,0.9618717012961352,0.949488595410352,0.6459278453101863
329,0.1060629342448153,0.9907800110323328,0.9396429392719454,0.9626958327389724,0.9510297063897613,0.6493092593956268
330,0.1054799380919916,0.990820797265669,0.9397579701604462,0.9630304469388412,0.9512518889489636,0.6490710645120826
331,0.1058989626710577,0.9908233378222908,0.9400286073775488,0.9627444891285826,0.951250953713529,0.6450652043039625
332,0.1052387816791268,0.9909107398364552,0.940377809970666,0.9633418773658154,0.95172133893069,0.6418066734917749
333,0.1135047234246413,0.989594958096471,0.9315710211834668,0.9585240087903416,0.9448553385276744,0.6472921888804658
334,0.1153858525263105,0.9892722799400068,0.9291761197584012,0.957638816901059,0.9431927877288682,0.6339902187029742
335,0.1089935442231756,0.9903076048280354,0.9360550961961532,0.9614585280696424,0.9485867647765316,0.6411701040102898
336,0.1058577345215159,0.990739787841275,0.939154939193686,0.9628025962281626,0.9508317582028766,0.6516393291889601
337,0.1045612165396162,0.9909366329148912,0.940504275424348,0.9634920550539297,0.9518593944852672,0.6479762091270533
338,0.1052847536776563,0.9908431060993572,0.9398725107248548,0.9631533061684489,0.9513705048513682,0.6472876593649965
339,0.1038109627853837,0.991100581213438,0.9419263926279764,0.9637224899431156,0.9526997934916852,0.6388534379253157
340,0.1034723317264009,0.991157469082662,0.9423714437205226,0.9638593775703348,0.9529942995774572,0.6467085140252248
341,0.1034174327128868,0.9911317613961954,0.942040190545721,0.9639480518099732,0.9528682142140716,0.6450595555757418
342,0.1043001405037135,0.9910170998961144,0.9412979719143756,0.963493605561034,0.9522664711370804,0.647093594709624
343,0.1050375014972343,0.9908861513681764,0.940276083642026,0.9631778927811048,0.9515892142311224,0.6399640901660284
344,0.1069064555059877,0.9906093542910304,0.9385009561700246,0.962066179187233,0.9501374745137204,0.6524407590907563
345,0.1240884571088303,0.9876407756756068,0.9191706696235163,0.9507042846270322,0.934671585314453,0.6482418589976524
346,0.1091600306090905,0.990189228622191,0.9354380952250878,0.9608189808059032,0.9479586798878692,0.6441149164561177
347,0.1050447751265421,0.9908716633290618,0.9403329615143164,0.9629453905491128,0.9515048493983298,0.6448081192454961
348,0.1026327763449588,0.9912360958769264,0.9428441184590663,0.964213557693188,0.9534091109858324,0.6447132190651486
349,0.1017747771182506,0.9913937614476108,0.9441809838867667,0.9644764793978952,0.9542208267023494,0.6492488353618562
350,0.1014297289653218,0.991425346746154,0.9442724711029864,0.9647322392364536,0.9543927163328412,0.6486670113963103
351,0.1015585423614695,0.991433915974976,0.9442909808498824,0.964808878587615,0.9544396724879668,0.6441474563442137
352,0.101661005533106,0.9914505600540344,0.9445879068761328,0.9646578148954412,0.9545173738855256,0.6395646198079264
353,0.1026402221014388,0.9913004749550004,0.9433864275932208,0.9643246035353334,0.9537406115760344,0.6483722376008934
354,0.1036573573946952,0.9910998259128206,0.941817782781233,0.9638395901463354,0.9527014442830766,0.645543440438759
355,0.1030661825010244,0.9911990106166152,0.942512826416373,0.9641716940013686,0.9532192439101488,0.6406808254474532
356,0.103606114874212,0.9911394929279692,0.9422148928355076,0.9638344956229924,0.952902082709444,0.6363017042200914
357,0.1036783831207443,0.9911338899706624,0.9421743379701174,0.9638172185438288,0.9528728988355172,0.6476928643590109
358,0.1021244764569208,0.9913803170966222,0.9438390117211332,0.9647162911633794,0.9541634653884776,0.6491763099311308
359,0.1122601882105679,0.9897727901936382,0.9334502337889252,0.9583525670047952,0.945737502183121,0.6270908816005875
360,0.1122212447896063,0.9896217232038016,0.9312288941387016,0.9592429272510926,0.94502834715379,0.6471468073856139
361,0.1039973590120994,0.9910027217189082,0.94118368747664,0.963461266412856,0.952192192683042,0.6467642171126614
362,0.1012043687481459,0.991426898545604,0.944214955754783,0.9648161142874356,0.9544043771307148,0.6489266000286978
363,0.0997300649316405,0.9916711764979892,0.9460517283889168,0.9654978205776804,0.9556758624510108,0.6395501605624134
364,0.0998244656102477,0.9916499319515342,0.9458911620922088,0.9654392704760708,0.955565252265654,0.6509815865106013
365,0.099412896998709,0.9917199620514996,0.9464856561270186,0.9655579211863948,0.9559266675781888,0.6356892212185656
366,0.1006138911939782,0.9915241400669016,0.9449629882931816,0.9650675179393672,0.95490944535274,0.6359095623789351
367,0.1005992194329448,0.9915339177767114,0.944901501356426,0.9652497394409728,0.954967238720772,0.6454998221061984
368,0.1024046481834898,0.9913202500984364,0.9437209446189476,0.9641654181392793,0.9538336422300104,0.6449422437105939
369,0.1033993856110375,0.9911348649950956,0.9423985051649608,0.9635692112407924,0.9528662804517188,0.6518972390406047
370,0.107228564004675,0.9905235521409008,0.9378001954939642,0.9618984290852688,0.9496964657131366,0.6462687672943698
371,0.1012943589510463,0.9914239460068272,0.9440117989413022,0.9650161297039064,0.954398412867289,0.6461706841156194
372,0.0989801325171971,0.9917774472948484,0.9467696706363058,0.9658886222016668,0.9562335898027504,0.6440478987078029
373,0.0980101974158407,0.9919440597446634,0.9480242720331268,0.9663556940084568,0.9571022154308676,0.651578443515544
374,0.0975733808235084,0.992009365782586,0.9486216364396022,0.9664194863007528,0.9574378572820202,0.6355358414074629
375,0.0977475560209948,0.9919677967831556,0.948133664727098,0.9665012940089291,0.957229376462576,0.6430975639652122
376,0.0982660693015983,0.9919227053363004,0.947931819442869,0.9662179203771778,0.956987525257611,0.6508249311328955
377,0.100126618090615,0.9916072986648702,0.9455639936897572,0.9653275601308804,0.955343573685418,0.6297280373334835
378,0.0998894526696891,0.9916905533920084,0.9461897051205248,0.965560948366932,0.9557771850053622,0.6349428089892498
379,0.1015219644730468,0.991406175843212,0.9440908380185684,0.9647220501897672,0.954294948913025,0.6503735434002327
380,0.117133156001139,0.9889053754992124,0.92750058239344,0.955378694378511,0.9412332552318774,0.6404844748074997
381,0.1043591909110546,0.9908909852921272,0.9400290741669306,0.9635209240195404,0.95163004177401,0.648067321555229
382,0.1014682662894399,0.9914115659430722,0.944146893118316,0.9647191706765734,0.9543221758735568,0.6426750655099794
383,0.0977486122613973,0.9919959557634436,0.948435003691593,0.966478996240094,0.9573719868354622,0.6415923887478339
384,0.0964059653229636,0.9921921828638276,0.9498448166588592,0.9671098311305796,0.9583995753874576,0.638334337609939
385,0.0957953806484131,0.9922693333887036,0.9504830344812776,0.9672637743359472,0.9587999866798552,0.6486975917551768
386,0.0960102263275239,0.9922431862546054,0.9502046365919876,0.9672817159181556,0.9586671322618692,0.6487467680680387
387,0.0958118159189927,0.992279289624114,0.9503318222112894,0.9675475909697284,0.9588624382565596,0.6475884705968191
388,0.0958313299409991,0.99232327558552,0.9508214671326072,0.967493470888417,0.9590850211283306,0.6468408456222274
389,0.0960240798379234,0.9922982476696092,0.9506188263103822,0.967438390969374,0.9589548627284504,0.6413719853374023
390,0.096538741570368,0.9922484596261882,0.9502929741621567,0.9672416980681272,0.9586924328431958,0.6322282478270822
391,0.0994309691993667,0.9917903492026662,0.9469855977982302,0.9657891682459688,0.956294958585135,0.6498052768867684
392,0.099101177302839,0.9918409680767662,0.9471736525576456,0.966151174738016,0.9565682983300948,0.640095472211718
393,0.0985632080102352,0.9919448356443884,0.9480459866696171,0.966339819769054,0.9571054954647586,0.6518314675958368
394,0.0977847996107537,0.9920255704140124,0.9485183614772464,0.9667210230157276,0.9575331921228556,0.6447220610637915
395,0.0977653163022917,0.9920874226682028,0.9491051847781926,0.9667579398515472,0.9578502361079833,0.6514364824187984
396,0.1085338054774262,0.9902915924549478,0.9365222238576244,0.9607242522051904,0.948468872696295,0.6519971176345172
397,0.1012503990782893,0.9914786229051532,0.944468709797338,0.9651153621585894,0.9546804189352824,0.641250011506041
398,0.0966404142970447,0.9921914344295794,0.9497750786914622,0.9671802684533234,0.9583986574828688,0.6387716864717277
399,0.0957168974786353,0.9923382992014358,0.950985081065452,0.9674792209897906,0.9591612462285192,0.6407725405399849
400,0.0951572859110377,0.9923897763716918,0.9512316828527416,0.967784670889362,0.9594367857616414,0.6386649072758376
401,0.0967320325858087,0.9920827192052676,0.9490074868257262,0.9668153086144108,0.957828634711503,0.6474159972672245
402,0.0963359615169197,0.9921685900190896,0.949600320955373,0.967118765004848,0.9582794853743396,0.641894213441526
403,0.0954593532055401,0.9923517984833784,0.9509218544787637,0.967703601517902,0.959239335082377,0.6417250680360365
404,0.0955524822201231,0.9923566392736984,0.9510326097802128,0.9676335333635164,0.9592612532764296,0.6432983611261257
405,0.0949857409829072,0.992425866008462,0.9513580673139208,0.9680512104439796,0.9596320485693196,0.6441798546767227
406,0.0949698883852512,0.9924441786152478,0.9515842242564012,0.9680038830604588,0.9597238289070332,0.6442345903027189
407,0.1001846329208543,0.9916684299502896,0.9459865375417283,0.9655410871092612,0.9556637927380564,0.6367584464177352
408,0.0971566057033676,0.9920838521561938,0.949074685151146,0.9667519593241444,0.9578317684021016,0.6493062336516529
409,0.0953999813244068,0.9923767028046426,0.9511051746060288,0.967779133363989,0.9593697106127046,0.6416119202320512
410,0.0935277259178298,0.9926519000177536,0.9530932963045672,0.9686590830625852,0.9608131498975984,0.6466002455747799
411,0.0937310208385582,0.9926350224821407,0.9529277415635928,0.9686539147055704,0.96072647684332,0.6421810775996563
412,0.0936157689597323,0.9926408314305252,0.9528542609493822,0.9688020988845504,0.9607620043144698,0.6435050557023351
413,0.0933065626555852,0.9926843573451912,0.9533434800302932,0.9687456161257464,0.960982837672197,0.6489959054025958
414,0.0944523194657384,0.9925160214366948,0.9521410464120598,0.968190903750721,0.9600989038855564,0.6512453414351111
415,0.0945137011811887,0.9925032156580464,0.9519128481706524,0.9683026140959112,0.9600377847047784,0.6396914365583958
416,0.0951211798480517,0.9924146875593254,0.9514659408321888,0.9678029816399284,0.959564929838132,0.6379505607118897
417,0.0963062232078836,0.9922241732781564,0.950114175876327,0.9671682335648462,0.9585653575521644,0.6428705850311058
418,0.094605153882139,0.9925136525393042,0.9520419023005612,0.9682755909720911,0.9600901296891788,0.6473005383630941
419,0.0933611340177573,0.9927234132534768,0.9536587696841632,0.9688339211970268,0.9611864530871596,0.6464986579528932
420,0.096816458893444,0.9921235741022963,0.9490940777860244,0.9671813021247264,0.9580523296549436,0.6164090653530541
421,0.0954999535230638,0.9923898725008612,0.9511727968965836,0.9678521548652402,0.9594399908978504,0.637665114217734
422,0.0962329044562878,0.992264396469214,0.9503166267617846,0.9673957889408382,0.9587801542735304,0.6389179282537378
423,0.093910115335485,0.992653177162434,0.953262652272319,0.9684836542587704,0.9608128750434184,0.6442973461196213
424,0.093027565373684,0.9927675777404832,0.9540403982757388,0.9689059090268752,0.961415694062068,0.6459468492320255
425,0.0928136318144824,0.992787133160103,0.9540344674625348,0.9691334644028672,0.961524694013482,0.650801377130214
426,0.0930826294523992,0.9927541196567562,0.9538876462905987,0.9689247366131432,0.9613473937014044,0.6461039664046382
427,0.0926837620171282,0.9927981605491162,0.9541489476076552,0.9691299942203002,0.9615811247862452,0.6437614363315831
428,0.0923632728538924,0.992832973041206,0.9542962359558036,0.9693585094340236,0.961768403671788,0.6460725986127885
429,0.0947056371423838,0.9925960009057015,0.953125814465718,0.9679904453322206,0.9605006223822664,0.6344778059720162
430,0.1154926056913334,0.9894230928741808,0.9311977467121773,0.9569738708542762,0.9439098691150292,0.6515575540499331
431,0.1015483401313745,0.9914519333278842,0.944550912072952,0.9647159958286928,0.9545269652767682,0.6463426332154674
432,0.0944700266415481,0.9924830422651943,0.9518047794340736,0.9681957767730492,0.9599303133337862,0.6416091144839767
433,0.0923639932285538,0.9927603680527723,0.9537614117066102,0.9691366392507476,0.961387556379494,0.641536876756637
434,0.0913927706641902,0.9929256484269532,0.9551608411265128,0.9694393573044684,0.9622471334035756,0.6441709385204909
435,0.0908695094206993,0.9930159068507248,0.9558572038788512,0.9696816794147884,0.962719814987628,0.6443822156694688
436,0.0910776985688604,0.9929636469143746,0.9556617847563676,0.9693099268780848,0.96243747282483,0.6461110790549658
437,0.0896133127481603,0.9932146745077308,0.9573632785023548,0.9702483528446194,0.9637627506861978,0.6405826623784919
438,0.089683914503498,0.9932049311297672,0.9573043596091052,0.9702039788079644,0.9637110046286056,0.643921096430364
439,0.0894349470546991,0.9932529682490298,0.9576163376721144,0.9703989735347636,0.9639652815157832,0.6453233802877003
440,0.0921373112703398,0.9927946655671688,0.9544287728354768,0.9687778076065812,0.9615497611823506,0.6444439970067211
441,0.0904396646287587,0.9931183256144356,0.9565207484132991,0.9700981751565052,0.9632616198077704,0.6498620400585269
442,0.0907554492193589,0.9930733852277042,0.9562605537157378,0.9698809564945426,0.96302259785115,0.6484557759051522
443,0.0902489043450612,0.9931875866810452,0.9570611754424296,0.9702783293153048,0.963624432611367,0.639658569597445
444,0.0904054339412305,0.9931667060521608,0.9569389597304562,0.9701788015259352,0.9635133999071176,0.6484240892953634
445,0.0907293695407055,0.9931211476921968,0.956529693249783,0.9701200299233104,0.9632769293525038,0.6364072035314188
446,0.0907289775879048,0.9931125715970054,0.9565607756177424,0.9699889013224792,0.9632280411925476,0.6446970059178351
447,0.0910799395453801,0.9930857996233056,0.9562845097963856,0.9699942173468372,0.9630905762184444,0.6280317675969166
448,0.0926885788174841,0.9928475297440128,0.954480117227132,0.9693173840789204,0.961841534525164,0.6430969392352164
449,0.0928291144023696,0.9928084120384042,0.95423936902685,0.9691446871209564,0.9616342734858956,0.6492069813707919
450,0.0916773162165777,0.9930195460264266,0.9558888338406674,0.969687512274848,0.9627387323988832,0.6408426500134918
451,0.0919329912247632,0.9929397519493895,0.955302191945671,0.9694409078115728,0.9623196200168233,0.6488458732342921
452,0.0912771367153032,0.993035057154559,0.955995767874804,0.9697434043642787,0.9628205147001688,0.6406694525962954
453,0.0904076732963109,0.9931807546436432,0.9570073369105508,0.970261126069813,0.963588658460152,0.6370395478813586
454,0.0910355254418129,0.993082668558928,0.956405119616298,0.9698249167377684,0.9630682711760566,0.6408744176195778
455,0.0926737732006062,0.9928149213564518,0.9543351964015968,0.9691110928003606,0.9616663904520292,0.6434334204376048
456,0.090167572025022,0.9932025759651149,0.9572090270288028,0.9702831285039616,0.96370173721514,0.6427300221484317
457,0.0912858149130567,0.9930248743289636,0.9559152154095576,0.96971822708225,0.9627672509970412,0.6392678265095547
458,0.0921697171820367,0.9928643248831948,0.9547714482288197,0.9691816777904476,0.9619225973715912,0.6428250884896374
459,0.0937002787111903,0.9926554705297628,0.9533023290293604,0.968465122007189,0.9608239081114484,0.6443715721253354
460,0.0925893203737281,0.9927969246026516,0.9542774672770856,0.9689723593313504,0.961568773990048,0.6509199927339598
461,0.0912543992585629,0.9930116291026831,0.9556278396289734,0.9698887828637364,0.962705500873396,0.6386965736682858
462,0.0894389030449896,0.9932819443272584,0.957680437582144,0.9706539950366052,0.964123574192588,0.6456903765291613
463,0.0895816475796184,0.99328412096631,0.9579525618160208,0.9703773402689732,0.9641249228503712,0.6400493200913088
464,0.0893427908232958,0.9933141750645108,0.9580390633597172,0.970619662379293,0.9642883313822908,0.6471921892934199
465,0.0882939729410753,0.9934946438474694,0.9595064826121218,0.9710280364171296,0.965232878828662,0.6394793375167204
466,0.089059923360084,0.9933777713764906,0.958504197772414,0.9708205637998232,0.964623068360564,0.6387083917318667
467,0.0888284409298099,0.9933962762416152,0.9584820071547088,0.9710530660318152,0.964726585919836,0.6382463231297839
468,0.0887382726767938,0.9934365200317808,0.9589081806539822,0.9710347552812488,0.9649333699986412,0.6442573081800831
469,0.0882152250344804,0.9935341598024948,0.9596701043261694,0.9712914749575382,0.9654458183983032,0.6462710264143579
470,0.0880698367229683,0.9935412321628206,0.9598417218246328,0.9711819796224972,0.9654785519487168,0.6426030479996812
471,0.0885681637408707,0.9934501154428927,0.9589483059221822,0.9711432169448868,0.9650072358369268,0.6371645876482714
472,0.0891337656690705,0.993370348831333,0.9584360903746372,0.9708123682622714,0.9645845319291246,0.648415147949885
473,0.0898878564187091,0.9932482647860944,0.9574712214161774,0.9705067706953566,0.9639449277246696,0.6479536604418765
474,0.0885714794502412,0.9934609574399365,0.9590331408268048,0.9711714214074528,0.96506411473354,0.6372622700064544
475,0.0881771051840816,0.993547514890683,0.9596840740648078,0.9714259999072647,0.9655193391704772,0.6453375901783288
476,0.0892974472195982,0.9933731777754632,0.9584679493043804,0.970808971913376,0.964598989645078,0.6402035398539925
477,0.0886216313182878,0.9935214432866464,0.9596373572145832,0.9711847853020196,0.9653765411240912,0.6481058017174064
478,0.0887656676978301,0.9934499437836616,0.9589692451796104,0.971118187330201,0.9650054804753,0.6389330583729702
479,0.0884804373084426,0.9934792219821372,0.9591787239351646,0.9712160169451228,0.9651598401827464,0.6377638963315194
480,0.0883868166694431,0.9935004665285924,0.9593766115710978,0.9712364688721672,0.9652701123592538,0.6382671979680815
481,0.0883478480089697,0.993514027607858,0.9594855949008788,0.9712686603530016,0.9653411726028684,0.6340100744497349
482,0.0906603237439831,0.9931291813442176,0.9566425571530028,0.9700851804302968,0.9633169747450624,0.6371701456362674
483,0.0885675241031663,0.9935001644083452,0.959469036218993,0.9711312558900812,0.9652649219410288,0.6196623460578391
484,0.0888449692388447,0.9934393627086496,0.9589855858959292,0.970981299702982,0.964946163105484,0.6382437407759942
485,0.096988141469711,0.9922828738688618,0.9520857442041548,0.9656132226064528,0.9588017718835552,0.6500459728560267
486,0.0962481715803523,0.9922183986616184,0.9501759836381212,0.9670328226110598,0.9585302972110268,0.6379208342277899
487,0.0896566080988096,0.9932899367810636,0.9577729887883736,0.9706414433124266,0.9641642799680205,0.640574409581829
488,0.0871875430959806,0.9936350130340168,0.9604063640344476,0.9716133159322136,0.965977336232944,0.6366143503007857
489,0.0861372878949204,0.9937791999218664,0.961471945787638,0.9720604526476608,0.9667372065621304,0.6423752707602829
490,0.0854301098868143,0.9938861985538656,0.9623206134091544,0.972329945549144,0.9672993867592922,0.6488269178205639
491,0.0854401883716098,0.9938801973471424,0.9622829375228352,0.9723039560967268,0.9672674927382452,0.6449286865743287
492,0.0864686908856999,0.9937281759319804,0.9611355084166932,0.9718574838843244,0.9664667596852484,0.6400096359737867
493,0.0878920094813588,0.9935563175760596,0.9599355408704902,0.9712480607586144,0.9655586674796092,0.6361743634861267
494,0.0879991627264794,0.993531543715811,0.9597594085557618,0.971163816539274,0.9654279342221024,0.6358612543647678
495,0.0900823309508373,0.9932090303522084,0.9572836971698094,0.970273013290947,0.9637345893758176,0.6136617607924343
496,0.0873683986635945,0.993577857376392,0.9598309158447906,0.9716048988936468,0.965682020420303,0.6442429493875226
497,0.0856732643819112,0.9939065298732106,0.96264743083657,0.9722005151227604,0.96740038936433,0.6430118312908168
498,0.0858608426780795,0.9938274018339908,0.9618453836736844,0.9721914335811488,0.9669907357445292,0.6340614859501781
499,0.0869312323361849,0.9936731831806692,0.9606712478800422,0.9717504250604476,0.9661790762781726,0.6465402484061725
500,0.0870495006616274,0.9936696264013986,0.9607243093251102,0.9716523001108393,0.966157404689991,0.64777085997648
501,0.0870870083784885,0.9936626707693498,0.9607039141824338,0.9715967033560948,0.9661196062856796,0.6390858016812481
502,0.0857598157800573,0.9938499647233412,0.962021020904964,0.9722519033582212,0.9671094052063626,0.6345630192704751
503,0.0873223746718048,0.9935843598280704,0.9600533985382168,0.9714330879397424,0.965709720526866,0.6394732202324956
504,0.0865956815294653,0.9937350766330753,0.961128394308351,0.9719426141077244,0.9665052550994018,0.6407412577365509
505,0.0867985091004654,0.9936671888403152,0.9607571981824464,0.971588876986901,0.966142679341078,0.6383097052848599
506,0.0919273168840211,0.9929518504920056,0.9559201189651824,0.9688895917854428,0.9623611608676697,0.6405790791724237
507,0.0887550685769148,0.9934027512278168,0.9586822710826202,0.9709046603518204,0.964754756189027,0.650824470203814
508,0.0862579231934367,0.99373119713445,0.9610095841645216,0.9720294425055722,0.966488102360881,0.646994308203035
509,0.0861394386939543,0.9937554148187894,0.961313655989602,0.9719674222213952,0.9666111841564948,0.6421658872990028
510,0.085266438004621,0.9938837129281978,0.9621639911999904,0.9724733305394672,0.9672911925488136,0.6432975005053726
511,0.084398399803975,0.9940028169691824,0.9630087543280512,0.9728831812507364,0.96792078448622,0.642646345375893
512,0.0856224553418352,0.993849511542971,0.9621219190477586,0.9721365013294492,0.9671032850440574,0.643771805531977
513,0.0849583041083684,0.9939357943389476,0.9626048350988572,0.9725744088359412,0.967563941555414,0.6475879540180788
514,0.08417697001597,0.9940440357837812,0.963395453290277,0.9729223869303768,0.9681354832388852,0.6437938128850138
515,0.08400323527376,0.994089923729469,0.9638357263310892,0.9729557597499578,0.9683742706698116,0.6374456599918567
516,0.0839994209048023,0.994076245921926,0.9637095606421796,0.9729402546789137,0.9683029094366742,0.6334624564229451
517,0.0864569734674777,0.9937136398282814,0.9610580493639636,0.9717795155270734,0.9663890464142104,0.6310858528315076
518,0.0883518242739516,0.993415138157941,0.958662896372202,0.9710652485876357,0.9648242175550484,0.6502513629680341
519,0.0858208965376126,0.993809556140314,0.961617229431109,0.9722413451431768,0.9669001042237724,0.6469475726940397
520,0.0846358242799802,0.9939868732597874,0.9630083647068316,0.9727053159357576,0.9678325518988704,0.6444434606498424
521,0.0839805899442528,0.994089676540176,0.9637175994891908,0.9730815723264312,0.9683769495941,0.6418090320887755
522,0.0835621852106113,0.994151899578306,0.9643444591336762,0.9730947885536544,0.9686998636718176,0.6440606481705802
523,0.0829758314724019,0.994226530145668,0.9647694757672062,0.973466319589343,0.9690983863544594,0.6325523409952168
524,0.0865700930732188,0.9937611619698504,0.9617794556744134,0.9715218360130526,0.9666260987193218,0.6469738840731659
525,0.1013300475537133,0.9916223360135245,0.9463456774259068,0.9646050238202192,0.9553881155807016,0.6447410264971418
526,0.0942398224347572,0.9926226904829704,0.9532199565968776,0.9681867690651093,0.9606450707805736,0.64374350019407
527,0.0867652461039934,0.9936231822798016,0.960078060351257,0.9718415358112504,0.9659239841283406,0.6384450778437232
528,0.0838765715845197,0.994049110030656,0.9634471683526158,0.9729227560987352,0.9681617779255062,0.6455030465798854
529,0.0826244189290048,0.9942073592427264,0.9645778498419636,0.973460412895612,0.9689987757525136,0.6378682981531454
530,0.0820415888062055,0.9942915752615592,0.9652011322388592,0.973723777602349,0.969443724054952,0.6399857708320145
531,0.081489286445778,0.9943803780150502,0.9658721896078468,0.9739870684754144,0.9699126558362908,0.6405395469902891
532,0.0814056701475767,0.9944398682382192,0.9664387497989992,0.9740373492058008,0.9702231720419214,0.6437789294823835
533,0.0821686965822101,0.9943164727164544,0.9654745854434772,0.9737050976834244,0.9695723750717374,0.6456245901195506
534,0.0870479236109008,0.9935796975633508,0.9598298899420864,0.9716266798267804,0.965692259158108,0.637564885899124
535,0.0853353160292767,0.993860621328415,0.9620293766904016,0.9723620631963068,0.9671681235613014,0.6421181024443193
536,0.0832864239999501,0.994166538677544,0.9643115004566896,0.9732940656334088,0.9687819618628214,0.639071939696792
537,0.0855037436532459,0.9938148157791582,0.9616104774560408,0.9723076477803088,0.9669294777429276,0.6398744830744221
538,0.0832361089293476,0.994182152801215,0.9643396472343164,0.9734378197920904,0.9688673748315954,0.634672399120027
539,0.0821171621758517,0.9943427503115684,0.965589210026264,0.9738739552904632,0.9697138878123568,0.6346529187127892
540,0.0824174743695117,0.9942584587626736,0.9648959939429276,0.973685310259425,0.9692707272001304,0.6380014217280102
541,0.0824193239091433,0.994259159132337,0.9650566574715702,0.9735188153298784,0.9692692671389846,0.6373128976455025
542,0.0826860760077298,0.9942511941440088,0.9648842958365088,0.973616940279487,0.9692309484602832,0.6440035642483559
543,0.0829089272418897,0.9942473764427066,0.9649137571257403,0.9735423682711314,0.9692088585159624,0.6472219647335312
544,0.082347876767514,0.9942936901032876,0.9650814924922776,0.9738771301383436,0.969459361626674,0.6354518484653845
545,0.0831837761718377,0.994212879803602,0.9646188852381968,0.9734774684737606,0.9690279316042936,0.6298034295480535
546,0.0849106462015736,0.993892227226066,0.9621545902414312,0.9725789126899111,0.9673386683993612,0.6269925453864001
547,0.0841809675606677,0.9940126015453616,0.9630066514264786,0.9729948915959268,0.9679750057926674,0.6406999148820841
548,0.0825533042092332,0.9942750616435164,0.9649045160460608,0.9738613297326127,0.9693622333069434,0.6342234881638343
549,0.0824054195713117,0.994306351688182,0.9652309193730604,0.9738563090429414,0.9695244306081434,0.6412061421708161
550,0.0825521505350689,0.994274883117916,0.9650158246013812,0.9737385443366768,0.9693575621174824,0.6307751580286625
551,0.0825498079438861,0.9942852925336968,0.9650915721404328,0.9737725078256309,0.96941260627307,0.6400667648091047
552,0.0943106060593033,0.992419542082384,0.9522982281338884,0.966922072103601,0.9595544356151976,0.6285866317688696
553,0.0876227156158617,0.9935037829849392,0.9591969339689695,0.9714717767836812,0.9652953347599744,0.6336982046229095
554,0.083952248632479,0.994056079395443,0.9633521844541152,0.9731041654299528,0.9682036194871796,0.63321460655412
555,0.0833533440830467,0.9941151027055032,0.9637218616603932,0.9733610327735857,0.9685174643456274,0.6411670717696167
556,0.0816688060680096,0.9943744386056502,0.9657520287559418,0.9740509346013824,0.9698837294018762,0.6377243412075275
557,0.0810151473558742,0.9944745777347704,0.9665707588631702,0.9742813694905684,0.970410747833244,0.6412740415942362
558,0.0804675396652423,0.994540570409618,0.96699859624142,0.9745543325746184,0.9707617624777528,0.6423849678969308
559,0.0801591835045021,0.9945925007602444,0.9674229854867692,0.9746746814593904,0.9710352947372648,0.6370878167324313
560,0.0807716261273879,0.994518659825346,0.9668258589438634,0.9744968161444116,0.9706461820047912,0.643817364263708
561,0.080651715324133,0.9945288357845722,0.9668978553645337,0.9745324039741416,0.9707001184856516,0.6358696155420308
562,0.0808386065923481,0.9945168333711258,0.9668818492465728,0.9744160421076384,0.970634325545306,0.6440047135181197
563,0.086717178462167,0.993602054461624,0.9601900983301448,0.9714813013273228,0.965802699582122,0.6387242931479831
564,0.083090872088407,0.9941588140121392,0.9640807496331268,0.9734587147211642,0.968747036838338,0.6384960342854926
565,0.0813703698327215,0.9944210955846938,0.9660823208400732,0.974213516346332,0.9701308808974312,0.6429081877716468
566,0.0811420120097857,0.9944419418817324,0.9661152440699629,0.9744102092475788,0.9702449978402232,0.6442875686496352
567,0.0802941044135917,0.9945811506518766,0.9672420570159196,0.9747434206076866,0.9709782509445188,0.6507501749052258
568,0.0839537454353605,0.9940400738887248,0.9634302995560184,0.9728401362201708,0.9681123530484498,0.641014838605494
569,0.0815168882070256,0.9944102604540196,0.9660294657846608,0.9741499455550504,0.9700727118312148,0.6473428249017683
570,0.0804322979567076,0.9945621445417968,0.9672285646638492,0.9745464323717532,0.9708737092816973,0.6318687048457408
571,0.0801678963219948,0.994602992572456,0.96748918409443,0.9747200891674486,0.9710911761895504,0.6472937300382207
572,0.0801520208030831,0.9946117883914636,0.967522384349573,0.9747821832852972,0.9711387162540712,0.6424145386136206
573,0.0800332517946045,0.9946285148669528,0.967631863204327,0.97485033176422,0.9712276851893024,0.6386185583256594
574,0.080190742321366,0.994617823930033,0.9676488037602744,0.9747131488023144,0.971168129815988,0.6450819066779417
575,0.0810267704291095,0.9945009445926848,0.9667075003915144,0.9744273386593992,0.970552068736402,0.6419155990675541
576,0.0819513133639912,0.9943677026974176,0.9657352486105012,0.9739940088405484,0.9698470471170928,0.6440634930606818
577,0.084414659590601,0.994034216875756,0.9635939923445324,0.9725964112700898,0.9680742731976144,0.6440385889267038
578,0.0836212980366653,0.9941357430114643,0.9640497251626692,0.9732347771950824,0.9686204770974914,0.6360221185787454
579,0.0812880000997361,0.9944718449198096,0.9664411777758282,0.974390938659281,0.9703997768767912,0.6476396631130414
580,0.0803859759684946,0.9945992366684772,0.9675449676679614,0.9746181987005864,0.9710687030622256,0.6434063580202175
581,0.0795598226204085,0.9947212657827617,0.9684464650578926,0.9750053086409908,0.9717148193175046,0.6373458604909337
582,0.079504531459789,0.9947258181855736,0.968377655023018,0.9751298660450464,0.9717420311341736,0.6450653482279534
583,0.0796078165872491,0.994718429972262,0.9684034620629028,0.975020001541647,0.9717004685352892,0.6415200683729306
584,0.0793855140695897,0.9947370035010792,0.9684535541079092,0.9751726157409252,0.9718014711197852,0.6403782494460656
585,0.0797451786737111,0.9946885269341847,0.9681480324149004,0.9749621897767536,0.9715431630498484,0.638113724046394
586,0.08030599948662,0.9946450284849956,0.9677957226325652,0.9748575674640408,0.9713138095998268,0.6338752888285604
587,0.0803882601945627,0.9946154344335344,0.967483909240776,0.9748642124944884,0.971160039468608,0.6482649168132474
588,0.0807611138807783,0.994549304431302,0.967010771318786,0.9746384291266156,0.97080961781403,0.6358422961047435
589,0.0804643176040417,0.9945910313572252,0.9673372629664924,0.9747507301411787,0.9710298469643872,0.6414397001148248
590,0.0806300951462748,0.9946099962690896,0.9676709893315488,0.9746021767938408,0.9711242157601764,0.6340630028986648
591,0.0806562413977418,0.994556239464243,0.9670852670459328,0.9746352542787352,0.970845582363735,0.6414550170961918
592,0.0798852519808913,0.994695352105218,0.968118299760923,0.9750700607710184,0.9715817452951456,0.6350760134582459
593,0.0798783297952023,0.9946993208666436,0.9681367401369856,0.9750943520489878,0.9716030904556432,0.641205798342143
594,0.0795222398617284,0.9947368730400636,0.9684150420147364,0.9752125597572822,0.9718019142860717,0.6352617102907827
595,0.0799776319843187,0.9946699396726292,0.9679070109714458,0.9750148331846324,0.971447920747912,0.6410603556519485
596,0.0803921242988259,0.9946116716631862,0.9675472878461436,0.9747540526564026,0.9711373001685916,0.6356476846839216
597,0.0797642967094191,0.9947252551432952,0.9683749235430056,0.9751265435298224,0.971739006153333,0.6282539880710012
598,0.0808079532555324,0.9945486521262236,0.9671531103002904,0.9744776193897854,0.9708015495421118,0.6378455271552625
599,0.0873193396992391,0.993500960907178,0.95989664398139,0.9706696477749928,0.9652530879591152,0.6457378719853835
600,0.083088344458839,0.994194114016446,0.964440927091008,0.9734612988996716,0.96893011939038,0.6392702306711325
601,0.0799576228203104,0.9946559666112084,0.9679165613160888,0.974849150425474,0.971370486702572,0.6339239034725662
602,0.0786162009060704,0.994850532050234,0.9694379550500536,0.9753773565123808,0.9723985864136734,0.6370522626908961
603,0.0778053902799813,0.994980031774261,0.970419186114946,0.975764318785442,0.9730844123295956,0.6398359214909047
604,0.0777396573517605,0.994985696528891,0.9704506156467472,0.9757935569194112,0.9731147524084692,0.6398419327298691
605,0.0777315805069834,0.994981329518049,0.9703115048176918,0.9758938230454972,0.9730946580248306,0.639467881096044
606,0.0794424156343443,0.9946962447332202,0.9682908655067792,0.9748944104661889,0.9715814175417404,0.6421250774847083
607,0.0820954092811766,0.9943025614523568,0.9656466888247688,0.9733636169520928,0.9694897968638794,0.6351645274874917
608,0.0805790049137829,0.994574888523122,0.9672380193721678,0.974678077808286,0.9709437960513008,0.6293671002567465
609,0.0791869968403693,0.9947894144975532,0.9688942705052443,0.9752816680739363,0.9720774767084174,0.6416876266113407
610,0.0786222635413245,0.9948621636797412,0.9693918823789476,0.9755558863304044,0.972464116754403,0.638886259758366
611,0.078044273441644,0.9949569745063244,0.9701794114211856,0.9757649094548152,0.9729641443329275,0.6378509890345638
612,0.0775862279743384,0.9950085203402732,0.9704796546798758,0.976015648603702,0.9732397792290806,0.643040094702381
613,0.0776915721153076,0.995016059613708,0.9706593478738846,0.9759072607737356,0.9732762301785736,0.6398247485267097
614,0.0778275205345033,0.9949737284472908,0.9702725632912532,0.9758511471832896,0.9730538597028476,0.6405254465542002
615,0.0782494213927885,0.9949280945572652,0.9700417980618062,0.9755916956611496,0.9728088313513208,0.6384033282740056
616,0.0783193293731096,0.994921427312725,0.9698615903140227,0.9757105678724888,0.9727772871966572,0.6376024389344604
617,0.0796208043361632,0.9947085698660212,0.9682580950164652,0.9750666644221232,0.9716504525781596,0.6407780767199162
618,0.078543999862167,0.994896419995922,0.9696430170016364,0.9756670798398932,0.9726457210304588,0.6381700145432598
619,0.0790481347215475,0.9948055161334408,0.96899214173009,0.9753555017455756,0.9721634089006989,0.6326756506827971
620,0.0782348574708691,0.9949412711198532,0.9699678473582506,0.9758170360269924,0.972883650122604,0.643093617847711
621,0.0799830728244009,0.9946814477074896,0.9679969032264116,0.9750460648277356,0.971508697207611,0.642907620297893
622,0.07902078998523,0.994827598376944,0.9691922086864962,0.975386142719306,0.9722793111431176,0.6259056698084734
623,0.078298460517963,0.9949280464926804,0.969873584301668,0.9757711853169044,0.9728134464618864,0.6388442257897963
624,0.0781149343460155,0.9949650493565608,0.9701487859464012,0.9758872518487212,0.9730095581110516,0.6441326792030516
625,0.0804280620738328,0.9945806013423368,0.96731410758782,0.974659619390376,0.9709729712971256,0.6409464073738412
626,0.0787854040269371,0.9948671143319692,0.9694753361761178,0.975521406005749,0.9724889739131408,0.6404822791170186
627,0.0792594943128579,0.9947963632632326,0.9689315920399836,0.975318806410771,0.9721147076478904,0.6354309638498429
628,0.0781709452380808,0.9949247506354412,0.9698015657887514,0.9758117200026344,0.9727973599734548,0.6316305830913471
629,0.0775878121138369,0.9950211613260596,0.9705887945921932,0.9760392015449548,0.9733063677108452,0.6419289958251623
630,0.0768787817989321,0.9951270613389792,0.97143531761955,0.9763095804504976,0.973866350074588,0.6453681839734471
631,0.0767887885809587,0.9951274870538728,0.971435932601046,0.9763136413024378,0.973868679379574,0.6349469539194498
632,0.0766182621177151,0.9951486492038968,0.9715109691690276,0.976468101343507,0.9739832279093952,0.6383239376943548
633,0.0767932891403492,0.9951134315960212,0.971211920805572,0.9763967780167035,0.9737974479364432,0.6310968956932562
634,0.0769580398826933,0.9951072793291744,0.9712954560664052,0.976239512296112,0.9737612086348886,0.6416546368326784
635,0.080018602057005,0.9946255829272838,0.9676973480032364,0.9747471861249402,0.9712094738500044,0.6388172386647493
636,0.0792310674266099,0.9947837085447075,0.9688437443133172,0.9752725126986532,0.9720474992386244,0.634011435382384
637,0.0784362027783402,0.9949367118506722,0.9700520800834972,0.975676309048848,0.9728560660032058,0.6286997673060452
638,0.0895413763405715,0.9932722490138796,0.9584966067114902,0.9696429167371778,0.9640375440798954,0.6399564937449314
639,0.085713894367754,0.9938532537142114,0.9620008167075872,0.9723108226281892,0.9671283431692927,0.6280194473537575
640,0.0797222257732487,0.9946987990225806,0.9682240207199134,0.9749946765922748,0.971597553333981,0.6440929900355994
641,0.0775285619344535,0.994985504270552,0.9703479786977408,0.9759011325789896,0.9731166333436676,0.6364432089782218
642,0.0762039653407476,0.9951925527688716,0.9719575087980724,0.976478733392223,0.9742128754855176,0.6382578914188264
643,0.0757437521162972,0.9952528875554584,0.9724103456425558,0.9766649419120972,0.9745330001420774,0.6432609362419967
644,0.0753943362279976,0.9953060332534418,0.972868227600554,0.9767665370442729,0.9748134849728188,0.6420195143199338
645,0.0753087812713045,0.9953158384287286,0.9729048761560218,0.9768360883629568,0.9748665190588136,0.6358929371131301
646,0.0761999205063036,0.9951795272664072,0.971809264937462,0.9764923187878048,0.9741451636289068,0.6444275945002798
647,0.0761944498839995,0.995209306709838,0.9720485564769332,0.9765673337981902,0.974302705688222,0.6346255644315824
648,0.0764750507626709,0.995178826896744,0.9718031600617548,0.9764910636153868,0.9741414719204669,0.6347669658264592
649,0.0797397200379976,0.9947216914976552,0.9686678860487916,0.9747722157396258,0.9717104640690372,0.6434909552346121
650,0.0797353951032642,0.994678392173174,0.968070587874762,0.9749328039754412,0.9714895780847492,0.6463993607247347
651,0.0803402192461833,0.994618819553574,0.9677986458892942,0.9745628972805288,0.9711689933716728,0.6499470457230129
652,0.0791451830966331,0.9948102333291148,0.9689068950015804,0.9754994035716004,0.9721919733381076,0.6405688291170549
653,0.0783119791944464,0.9949316307374284,0.9699708236537592,0.9757068761889068,0.972830394692934,0.6390996207908738
654,0.0767166730981293,0.995120503956347,0.9713085864465258,0.9763720437367044,0.9738337332631232,0.6386279945334218
655,0.082525534890324,0.994332903938066,0.9658501948322944,0.973481676993044,0.9696509205558816,0.6344810021538819
656,0.0804476051142425,0.994613044937036,0.9675583859201884,0.9747573751716264,0.9711445393973464,0.6235277989390261
657,0.0780699192043795,0.9949435988190284,0.9701606479632064,0.9756365865335062,0.9728909119482628,0.6398945132936948
658,0.0758894834694244,0.9952545217513394,0.9724545192889824,0.9766360729464862,0.974540810592264,0.6366257160546988
659,0.0754825069749955,0.995284905435264,0.9726191573707016,0.9767973256853464,0.9747037640111318,0.6402002574268816
660,0.0751078448747452,0.995346764555824,0.9731006783075076,0.9769703179779968,0.9750316587668504,0.6411478187591013
661,0.0750001185379332,0.9953732962066002,0.9733746299017944,0.9769731236575192,0.9751705570749308,0.6410366069080564
662,0.0753065894739769,0.9953389643603576,0.9731455481939564,0.9768364575313152,0.974987509801752,0.635737381294175
663,0.0754207802145815,0.9953283695526072,0.9730166061158751,0.9768560972879712,0.9749325715340088,0.6431544646400356
664,0.0754565309076536,0.9953149320679878,0.9729079516753926,0.976822798302062,0.9748614446962726,0.6468718976393576
665,0.0753526756030728,0.9953462633108688,0.9731677627151306,0.9768936047931638,0.9750271244048307,0.6390895461360229
666,0.0766675136313378,0.9951557764951766,0.9716971205085654,0.9763487122964664,0.9740173628098342,0.6307096585305375
667,0.0763336562705661,0.9952006001536308,0.971923094332125,0.9766044721350248,0.9742581596800488,0.6344046430684807
668,0.075796540330747,0.9952644917194884,0.9724432204304936,0.9767584153403924,0.974596041338274,0.6333659470026843
669,0.0758930562372259,0.995256107882636,0.9724088659644976,0.9767021540826032,0.9745507816313052,0.642777470776485
670,0.0764119076214248,0.9952057293314596,0.9721206998940848,0.9764509719316868,0.9742810243742108,0.6407766710903257
671,0.080208532927598,0.9946268120073792,0.9681255176411974,0.9743001970768363,0.9712030431700251,0.6333647174963795
672,0.0818712623763105,0.9943890983039958,0.9659423595998348,0.9740083325728464,0.969958577639528,0.6318142101655283
673,0.0791313691305921,0.9947863589632376,0.9689531780257392,0.9751845029620592,0.9720588542128756,0.6296992951313934
674,0.0775562341747095,0.995022884784741,0.9707478393657664,0.9758884331874677,0.9733113487464522,0.6515889973228489
675,0.0759078583097179,0.9952491659833256,0.9724603731685164,0.9765705824797424,0.9745111439215474,0.6489427047877327
676,0.0754242450896677,0.9953129133554288,0.9728878218932764,0.9768218384643303,0.974850861258021,0.6433984704358001
677,0.0748385208585172,0.9954024370776908,0.973580615033406,0.977076933799844,0.9753256410514364,0.63920864663406
678,0.0746035581762842,0.9954511127692935,0.9739642963057812,0.9772085054027052,0.9755837037859324,0.6427542882489448
679,0.0766387630602438,0.995135809093402,0.9715540331927536,0.9762799731481704,0.9739112700052156,0.6410970431818713
680,0.0754890056032178,0.9953025726033404,0.9727984460834838,0.9768023463750176,0.9747962848189542,0.6404328006967158
681,0.0755039674745832,0.9953116087452716,0.9729128301093934,0.9767808607765708,0.974843008516876,0.6349157331031321
682,0.075151375441296,0.9953653930155952,0.9732375712192356,0.977031083089756,0.9751306377314308,0.6397732918807785
683,0.0749546440197623,0.9954172341034212,0.9736873122398432,0.9771274360312452,0.9754043409280828,0.6438589054014612
684,0.0752550107862451,0.995370995972902,0.9733727897708104,0.976949644549938,0.975157937218072,0.6319612384607496
685,0.0754773344228164,0.9953566521275418,0.9733259323917364,0.97684073988427,0.9750801687493168,0.6463344575146547
686,0.0752238205721159,0.9953759672242378,0.973350809209362,0.9770279082418756,0.9751858924610484,0.6391505671311838
687,0.0750957053395912,0.995404490122096,0.9736014741274333,0.9770775244692173,0.9753364021906034,0.6435514641672351
688,0.0750400257437563,0.995386555165619,0.9734398376247978,0.9770505751790688,0.9752418643127848,0.636978997527586
689,0.0748251023427616,0.9954245879848864,0.9737708749048328,0.9771202003314244,0.9754426625265984,0.6451232983662655
690,0.0755600707417876,0.9953135656605072,0.973054290417608,0.9766523901879184,0.9748500202336252,0.6282252529720509
691,0.085173799060017,0.99391676762976,0.9630081710013874,0.9719215715113072,0.9674443411288433,0.6334685371409077
692,0.0799949068522496,0.9946908065687752,0.967978148700558,0.9751703268971044,0.971560927589174,0.6427153813286282
693,0.0760251513193193,0.9952436591551884,0.9722483270629044,0.9767350839001544,0.9744865409976238,0.6372287030872072
694,0.0756286774433666,0.99531098390567,0.97288837444966,0.9767999098638536,0.974840218424584,0.6390735153095187
695,0.0747725620008201,0.9954234756330682,0.9737301969600642,0.9771509889724982,0.9754375938553982,0.6395173734856254
696,0.0762006895710452,0.9951941732320144,0.9721263441251514,0.9763170376513332,0.9742171842363184,0.6361493812683054
697,0.0779375085044357,0.994933251200571,0.9702301306299254,0.975447498500438,0.9728318193345512,0.6326748491769532
698,0.0760926401591022,0.9951982930535634,0.9719597171618,0.976539941506012,0.9742444461009786,0.6418331931568533
699,0.0743624244233687,0.9954550883970884,0.9739370871966742,0.9772812315692696,0.975606293660188,0.638365794193305
700,0.0739016315879688,0.9955290254611564,0.9744736645120918,0.9775302725437088,0.9759995753839928,0.6423259786077281
701,0.0733285955950725,0.9956175535598774,0.9752459948958324,0.9776918944509272,0.9764674130259406,0.6416230690149838
702,0.0733934842559287,0.9956057708702468,0.975142071396842,0.9776715163575548,0.9764051557044998,0.6367205417863459
703,0.0735547705787977,0.9955795688051946,0.9748598630360874,0.977680228730808,0.9762680089309964,0.6408246792641096
704,0.0736569371811455,0.9955740070461032,0.9749015800936214,0.9775747942477072,0.9762363571680052,0.6444621929669395
705,0.0739285632793744,0.9955191241567,0.9743335954829708,0.9775690352213194,0.9759486338479204,0.643728432480303
706,0.0745113624005223,0.99547124496393,0.9740944356199448,0.9772931926240752,0.9756911923860148,0.6378718212177255
707,0.0741358720261952,0.995521252731167,0.9744326338776048,0.9774878181825164,0.9759578350127608,0.6452513385372601
708,0.0745672595908315,0.9954812492639252,0.9740328221525802,0.9774689167625766,0.9757478444164184,0.6414591423679679
709,0.0743629968852448,0.9955088589346734,0.9742741549855772,0.9775185329899182,0.9758936474952616,0.6337943481567634
710,0.0751652835982201,0.9953747244114038,0.9732824991709504,0.9770866060108288,0.9751808427216112,0.6369226538737645
711,0.0765981969470493,0.9951970845725756,0.9719307770155378,0.9765573662525188,0.9742385788297632,0.6255404386125409
712,0.0758206529288197,0.995287720646656,0.9725523786478204,0.9768994376532232,0.9747210614233962,0.6434211435799554
713,0.0759971062217256,0.9952642651293032,0.9723460040853036,0.9768592721358516,0.9745974130096752,0.6430982360992964
714,0.0749155095369695,0.9954081773623826,0.9733817911320728,0.977351152056312,0.9753624331566908,0.6415946630714111
715,0.0740776806131755,0.9955328362960892,0.9744624850890652,0.9775841711240054,0.976020832027953,0.6351176639387939
716,0.0741302465430373,0.995517908809343,0.974346037219426,0.9775424550995292,0.97594162892819,0.6425494503589264
717,0.0744069635117654,0.9954674615944742,0.973963138302549,0.9773903577359524,0.9756737383561968,0.6391861845954724
718,0.0738536895272864,0.9955692829840604,0.9747055383131048,0.9777296972908064,0.9762152757172208,0.6371010992372179
719,0.0745300712439117,0.995497433296244,0.9741691728637282,0.977503397087232,0.9758334368924196,0.6451845659604672
720,0.075666594131441,0.9953264675683252,0.9730915583157956,0.9767555358271984,0.9749201045627884,0.6492471827868167
721,0.0764847358675311,0.9951717751355256,0.971799714615387,0.9764166392743744,0.9741027063016268,0.6401201820088581
722,0.0746485081789412,0.995441314460376,0.973783243531831,0.9772919374516574,0.9755344355817892,0.6375674010515436
723,0.0744166601878061,0.9954864471054464,0.9741043071019398,0.9774506798456816,0.9757746244256376,0.6393814248616254
724,0.074649427173217,0.99543460601762,0.9737142321600892,0.9772909037802544,0.9754992895113808,0.6345663895330551
725,0.0736010281918503,0.9955956155101284,0.9748569174097588,0.9778604567232794,0.9763563771448358,0.644357638754204
726,0.0732426593522373,0.99565106144181,0.9753772430819008,0.9779231415105012,0.9766485331558916,0.6357485798148093
727,0.0736337597046395,0.9956101516138276,0.9750459893041828,0.9778212510436388,0.9764316481817644,0.6330079524284927
728,0.0737265984815873,0.995573615663056,0.9747192915425,0.9777629962767156,0.976238771509467,0.6410266051823907
729,0.0735431708958294,0.9956143400990692,0.9750932792688096,0.977817559360057,0.976453519150363,0.6348312321583907
730,0.0730858864664709,0.9956779844756336,0.9755465163300744,0.978041644553482,0.9767924870494308,0.643056866887887
731,0.073725455983294,0.9955828028651108,0.9748830392285988,0.9776914514488972,0.9762852256516024,0.6428134743388992
732,0.0741190735666121,0.9955245829202526,0.9744176242599556,0.977540461590395,0.975976544891774,0.6385290138851561
733,0.0734499332046122,0.99561652360449,0.9750490930322716,0.9778882920174874,0.976466628697606,0.6438052108734039
734,0.0734021970533209,0.9956126235067568,0.9749841254698132,0.9779138384678744,0.976446784409522,0.6458210046668263
735,0.0734280704875751,0.9956160017604272,0.9750659509003718,0.9778647390762344,0.9764633394856774,0.6361304394198996
736,0.0754921017147654,0.9953251286263218,0.9729274624352842,0.976914868890596,0.9749170885614268,0.6377302437348897
737,0.0772282280054667,0.9950677427750416,0.971085072833676,0.9760257638167164,0.973549149953892,0.6283144728740584
738,0.0787176646881823,0.9948262045039866,0.969418842847282,0.9751277248685688,0.9722649036693316,0.6422325573052081
739,0.0755452307597767,0.9952934815304556,0.9725290648213704,0.9769879642255188,0.974753415367192,0.6428839105468253
740,0.0740095128124352,0.9955318681380252,0.9744471352078564,0.9775897086493784,0.9760158923227172,0.6379488968547615
741,0.073155474426935,0.9956355640464162,0.9752693240369288,0.9778659942486524,0.9765659330216852,0.638249801242344
742,0.0722446094313971,0.995767212944018,0.9762112873772792,0.97832531351992,0.9772671571836103,0.6443512753727032
743,0.0720946365404579,0.9957757203755168,0.9763121982187802,0.9783129094630844,0.9773115298989326,0.6415150194436027
744,0.071926428902921,0.9958101140190826,0.976481815390002,0.9785135155489284,0.9774966097622032,0.6405542137587346
745,0.0719075828804065,0.995817392370486,0.9766810224611971,0.9783843066235596,0.9775319225781856,0.6433765541439571
746,0.0721459230810082,0.9957956877772914,0.9765044397690166,0.9783307772116212,0.9774167553471932,0.6383991546481919
747,0.0728304214547756,0.995726158922281,0.9759534133434956,0.9781441995233888,0.9770475783617086,0.6375959166727722
748,0.0735777393184441,0.99559925468583,0.9749636848901976,0.977787878224058,0.976373739293243,0.6426373992645744
749,0.0733938919809117,0.9956453211571183,0.975262603278646,0.9779807317743796,0.9766197762561354,0.6372771109021438
750,0.0763089882022292,0.9952579961341792,0.9726143942302652,0.9765046490109685,0.9745556393327924,0.6321138567486233
751,0.0770479555261864,0.9951415219126168,0.9716427496443312,0.9762487415050668,0.9739402999014884,0.6409945351157147
752,0.0747517386464763,0.9954629984544628,0.973916213437412,0.9773907269043108,0.975650376796984,0.6414766248609057
753,0.0727057478142728,0.9957341994406712,0.9759864824467614,0.978198024270014,0.9770910019624168,0.6382821640111114
754,0.0719593009114158,0.995836432812412,0.976727240997588,0.978545485528748,0.9776355178534382,0.6371580987733962
755,0.0750220186887778,0.9953905513925216,0.9735520235015952,0.97697585550337,0.9752609345145246,0.6374115146932693
756,0.0741058026621346,0.9955315248195628,0.9744756754091206,0.9775557451604244,0.9760132802957946,0.6402264497778648
757,0.0744360822165827,0.9954807548853392,0.9740331728696054,0.9774630839025172,0.975745114214332,0.637494483256799
758,0.0727527427466974,0.9957023188882502,0.9757426036102228,0.9781033695029724,0.976921560339875,0.642338461391307
759,0.0718434255757777,0.9958364190796736,0.9768024343137224,0.9784663358327508,0.977633677096843,0.6423602526602804
760,0.0717330101488841,0.9958604033074586,0.97695974720729,0.9785652729527472,0.9777618509954014,0.6340525437402178
761,0.072116556269177,0.9958170765175004,0.976655788817508,0.978407342729111,0.9775307811589778,0.6359821082293184
762,0.0719187234481461,0.9958311663071984,0.9767724487174024,0.9784399772119756,0.9776055018779438,0.6397161463713189
763,0.0726557033565297,0.9957312949664788,0.9759206616284422,0.9782353102741916,0.9770766151297372,0.6351208567877518
764,0.0724631769167219,0.9957757753064708,0.9763096852876676,0.9783161581446366,0.9773118918685884,0.6392285976172235
765,0.0719884976865254,0.9958453110278505,0.976838245537122,0.97852665794248,0.9776817227872548,0.6395047294497116
766,0.0718587976377859,0.9958578284189904,0.9769245868284104,0.9785738376586576,0.977748516761434,0.6367016706118034
767,0.0741309670383016,0.9955172359051566,0.9745277250037953,0.97734295651876,0.975933310522144,0.6368251560845971
768,0.0728161796096631,0.9957183793259224,0.9758991642992751,0.9781155520587927,0.9770061011837158,0.6485967384440354
769,0.0725085288889223,0.9957537685930292,0.9761918551017316,0.978197581267984,0.9771936889791686,0.6385671085169587
770,0.0719892622420577,0.9958320246033544,0.9767902341490045,0.9784307480030208,0.9776098028454416,0.643688120114557
771,0.0716064385868769,0.9958782284020278,0.9771174651386528,0.9785959877601492,0.9778561675666212,0.6370380857334592
772,0.0717084704891597,0.9958914324300928,0.9772322919936084,0.9786208697074916,0.9779260879331608,0.6436192405275748
773,0.072373906719974,0.9957465589053184,0.976092624531164,0.978222537048998,0.9771564201463366,0.6380567020456402
774,0.0721593744945611,0.9957928794322688,0.9764816086183816,0.978323836846487,0.9774018546652689,0.6363285223143311
775,0.0721050573097501,0.995817145181193,0.9766794146990356,0.9783832729521568,0.9775306013601588,0.6359161740315067
776,0.0729471163542793,0.9957021060308036,0.9757450011136788,0.9780984964806442,0.9769203313498458,0.6417340040683176
777,0.0745687334590571,0.9954992460177255,0.974317233740811,0.9773668047946996,0.9758396367397874,0.6347273044876873
778,0.0729915234360763,0.9957112795001196,0.9758964869284776,0.9780400940463776,0.976967114642848,0.6427716960456603
779,0.0718498199829738,0.99585527412963,0.9768727743892665,0.978600122445761,0.9777356854994204,0.6422277081989991
780,0.0717674207826741,0.9958826915420392,0.977118209878136,0.9786443488150728,0.9778806839010978,0.621431840559844
781,0.07259876227421726,0.995751688083147,0.9761817799071351,0.9781852510448202,0.9771824885714772,0.6344046889436431
782,0.07348120035000628,0.9956476557226629,0.9754516242652281,0.9778071488123559,0.9766279662211237,0.6400827590366897
783,0.07324018475445483,0.9956759726294437,0.975669019459009,0.9778903593602932,0.9767784264966805,0.6391584141707561
784,0.07246150451598407,0.9957579227464246,0.9761960740770594,0.978238928124102,0.9772164334639868,0.6350199288084414
785,0.07209965585992276,0.9958257144100152,0.9767507067219071,0.9784027650414694,0.9775760379066365,0.6305510479068835
786,0.07233155795486926,0.9957809800143611,0.9763193607927199,0.9783633378608141,0.9773402806514628,0.6377302418116464
787,0.07179240207690343,0.9958444046671097,0.976830780161917,0.9785245167660025,0.9776769149032385,0.6399567403898183
788,0.07206292982420905,0.9958430382596292,0.9769054530863635,0.9784310433377073,0.9776676530649547,0.6471787605817527
789,0.07285435000608723,0.9956816991813969,0.9755620595222437,0.9780662311661379,0.9768125404135978,0.6382733799696302
790,0.07638844575652544,0.9952730540819411,0.9726585680399212,0.9766243333926956,0.9746374165930876,0.6379276334859904
791,0.07616675777776206,0.9952852556200957,0.9726430968695151,0.9767757662532276,0.9747050510363446,0.6394604225395399
792,0.0739212548628235,0.9955612355993011,0.9746237676899621,0.9777272607796422,0.9761730475499649,0.6418085038445445
793,0.07192719907988962,0.9958120709343184,0.976597205911734,0.9784137662585437,0.9775046421278566,0.6417780888506399
794,0.07113677768452133,0.9958979692136173,0.9773006775053263,0.9786210912085066,0.9779604386610877,0.6443603461041248
795,0.0716284836756347,0.9958286738151613,0.9768442323081568,0.9783371269073822,0.9775901096518741,0.6372980458381708
796,0.07029986040492495,0.9960213990672284,0.9781810129076371,0.9790568575385212,0.9786187392571649,0.6396225502668106
797,0.06999327662474603,0.9960732813532702,0.9786690969467282,0.9791168843135639,0.9788929394208904,0.6382938597601217
798,0.07055096085042618,0.9960045901953081,0.9780893811732722,0.978967887964196,0.9785284373915247,0.6404827839793499
799,0.07023462958017485,0.9960372672465617,0.978394248245484,0.9790082749825826,0.9787011653055763,0.6379668051066384
800,0.07017451049692983,0.9960520299404461,0.9784146170693706,0.9791492972954136,0.97878181931843,0.6348520259337046
801,0.07080359749576386,0.9959575143677403,0.977803163471863,0.9787497094645021,0.9782762075070007,0.6347914028217733
802,0.07087772474925724,0.9959726959101488,0.9778988432701669,0.9788165289373356,0.9783574709097083,0.6391083623617679
803,0.07233210011191077,0.9957426038766313,0.9761357403462918,0.9781335674746728,0.9771336327325876,0.638664628564654
804,0.07126751176262502,0.9959190421008409,0.977469271452464,0.9786762449612211,0.9780723858457276,0.641912166756998
805,0.07109576542761258,0.9959481623728239,0.977640964451601,0.9788167504383505,0.9782285041348387,0.6352424710965485
806,0.07124136378921622,0.995937031988272,0.9775966558813599,0.9787407017565621,0.9781683443058569,0.6349333762032646
807,0.07076664052555244,0.9959806540321078,0.9778772578747885,0.9789266887754213,0.9784016919210284,0.6355832084767065
808,0.07127179127695749,0.9959571779156472,0.9777650932697335,0.9787858879636053,0.9782752243261875,0.6367061987626278
809,0.07091523251301951,0.9959900472252398,0.9780195128507636,0.9788810595663483,0.97845009655591,0.6359895336581484
810,0.0710224516341369,0.9959603913764554,0.9777299919717289,0.9788580234607969,0.9782936825443231,0.625691293953586
811,0.0710952461851265,0.99594518236857,0.9776396852260726,0.9787852972942322,0.9782121558455511,0.6362320347603775
812,0.0709081220125659,0.995968143507337,0.9777831451654239,0.9788876307631241,0.9783350762387527,0.6351059829349532
813,0.07060602573316088,0.9960220651050455,0.9782021227263801,0.9790420908041934,0.9786219265255479,0.6434260046935025
814,0.07059260389412479,0.9960060527319581,0.9780794277278136,0.9789943942523145,0.9785366971085713,0.6420576114451676
815,0.07101296361455385,0.9959636803673255,0.977784617259109,0.9788369808643796,0.9783105160562928,0.6334106042411768
816,0.07111850895469995,0.9959577615570333,0.9777069558737256,0.9788532242721403,0.9782797542971018,0.6410205110403429
817,0.07242579856659655,0.9957738939212967,0.9763260537864571,0.978278207637414,0.9773011558586794,0.6408681304400274
818,0.07299908099146626,0.9956981166702701,0.9758313761566706,0.9779635285288877,0.9768962889469367,0.6355125444171253
819,0.07168024594781638,0.9958820255042222,0.977201560846676,0.9785495463806881,0.9778750890696526,0.6385433239201033
820,0.07080245974788563,0.9960027431419802,0.9780833035556474,0.9789539334002562,0.9785184248188042,0.6396201491629288
821,0.07061748812980145,0.9960204309091644,0.9783054789967952,0.9789159828930336,0.9786106357295761,0.6295398189312928
822,0.07024613564847398,0.9960640872848464,0.9785584119349274,0.9791315033805484,0.9788448737747383,0.6376202908375387
823,0.06985267973337457,0.9960948692181875,0.9787254028843162,0.9792953402979159,0.9790102886429,0.6433391432224315
824,0.07249065093267307,0.9957253212252327,0.9761428232100466,0.9779356194010081,0.9770383988927439,0.6426016443295851
825,0.07157410113743955,0.9958645093962692,0.9770270770367638,0.9785398003360318,0.977782853604955,0.6344156566448477
826,0.07171691611757595,0.9958513053682044,0.9769380884852914,0.9784878214311978,0.9777123408536161,0.632845677017757
827,0.07035556900576292,0.9960438520946711,0.9783303451963956,0.9791475252872942,0.9787387646694693,0.6432647290388315
828,0.06990440048464983,0.9960956657170204,0.9787370306239801,0.9792919439490205,0.9790144086541608,0.6423265060025192
829,0.07023120020254911,0.9960739130592411,0.9786554652235855,0.9791380745773244,0.9788967104172195,0.6327864111830109
830,0.07204660136091838,0.9958045728590991,0.9766908147301,0.978232799929356,0.9774611991938559,0.6412254632010048
831,0.07031503856423305,0.9960689761397514,0.9787213186871587,0.9790149938467018,0.9788681342401898,0.6361053174855612
832,0.06982731516975507,0.9961139165264828,0.9789322885241111,0.9792885476001251,0.979110385655015,0.6455933068406694
833,0.07066992398941045,0.9960063136539895,0.9781670336136847,0.9789055723453325,0.9785361636286597,0.6387430234478654
834,0.07063697380342072,0.996002791206565,0.9781137877065957,0.9789225540898095,0.9785180037824857,0.6356514051725314
835,0.06978426544705955,0.9961359438390321,0.9791356884492732,0.9793182287361241,0.9792269500857442,0.633551607985001
836,0.06992570210328634,0.9961001357234011,0.9787776902412221,0.9792985889794681,0.9790380703241026,0.6398878633009483
837,0.06961329221028648,0.9961650503782765,0.9793587820029801,0.9794052048013151,0.9793819928520363,0.6433635057022414
838,0.07094490509346235,0.9959939747884499,0.9780070413169324,0.9789373208241373,0.9784719599554182,0.6386387508554316
839,0.07010895888850414,0.9960945464988328,0.9788207272278534,0.9791921946586359,0.9790064257064874,0.6398994882810645
840,0.07081660997497735,0.9960226075482161,0.9782352006838055,0.9790134433395974,0.9786241672889908,0.6296290537039958
841,0.07121394660404261,0.9959593682874375,0.9777571595412672,0.978818300945455,0.9782874424903195,0.6398975556501862
842,0.0709960593594064,0.9959697708368489,0.9779403855775585,0.9787408494239054,0.9783404537688073,0.6435882170027513
843,0.07117137867662547,0.9959332554851853,0.9775868007029752,0.9787094701134588,0.9781478132722952,0.6322319628542711
844,0.07206117680711711,0.9958259204010926,0.9768601412201995,0.978290094858548,0.9775745951211422,0.6369997714903617
845,0.07003418588675826,0.9961020583067907,0.9788451245753733,0.979249268086813,0.9790471546242229,0.6405822927832767
846,0.07010251497380811,0.9961036032398716,0.9789749249803136,0.9791306912101605,0.9790528018996778,0.6472193311688319
847,0.07079870586129401,0.995971652222023,0.9778642621701011,0.9788412632173348,0.9783525187809181,0.6319122167859418
848,0.06995411919389698,0.9961039602910725,0.9788475360723862,0.9792676526710512,0.9790575493033904,0.6363295893026948
849,0.06979557422237645,0.9961273677438407,0.9790800745566279,0.9792820502370209,0.9791810519814433,0.6430855407635182
850,0.06935389681632141,0.9962035157788067,0.9796755778462226,0.9794973492235208,0.9795864554280217,0.6416488964110475
851,0.06982255491876987,0.996139727208488,0.9792073550224695,0.9792850035838864,0.9792461777639074,0.6362595948601925
852,0.06990558108676681,0.9961296748439082,0.9791664021097614,0.9792172981069932,0.979191849447015,0.6398325222290367
853,0.0692971308360533,0.9961945002359833,0.9795819421540665,0.9794959463837597,0.979538942381476,0.6374913448338885
854,0.06913315149010729,0.9962487376866773,0.9800750294524286,0.9795777540919359,0.9798263286786623,0.6413364921186353
855,0.0718808266595542,0.9958904711383979,0.9774110809320713,0.9784227739664837,0.9779166657903453,0.6438394063563706
856,0.07085480443838475,0.9959972157147352,0.9781488818488707,0.9788245029738726,0.9784865757864069,0.641425807214393
857,0.07025082696818834,0.9960635036434603,0.9785144930182837,0.9791710043948755,0.9788426386257755,0.635388775846287
858,0.07260070979032371,0.9958043943334985,0.9766282985792607,0.9782965183879806,0.9774616967024549,0.6377910228751646
859,0.07169492229846099,0.9958712659036097,0.9771266594441429,0.978509676198003,0.977817678789624,0.6224539922235398
860,0.0698736524410385,0.9961242504122019,0.9790665005248527,0.9792619674783349,0.9791642242465066,0.6424926185127616
861,0.06976421023283502,0.9961060614000625,0.978960630739648,0.9791726287356516,0.9790666182616304,0.6319103024420641
862,0.06889554596901369,0.996256187697312,0.9801101038063562,0.9796230141326507,0.9798664984366819,0.6401371155176977
863,0.06851079834209715,0.9962983128726516,0.9804305001809439,0.9797519277233329,0.9800910964986367,0.6386054892162807
864,0.06841883352763362,0.9962996861465013,0.9804405154587075,0.9797565792446461,0.9800984280349136,0.6417426193421286
865,0.06829099878400778,0.9963289849440847,0.9806904554265033,0.9798181565267932,0.9802541119184928,0.6414741341578768
866,0.06850957980366063,0.9963032772576182,0.9804875626647412,0.9797470547010046,0.98011716881389,0.6372948931970219
867,0.06917430000821892,0.9962042092821007,0.979629472242243,0.9795530198119368,0.9795912445354029,0.6327139996063149
868,0.07056075867881878,0.9960087924132882,0.9782195489125675,0.9788778847184678,0.9785486060887787,0.6422603796263656
869,0.07040001460009342,0.9960390731016742,0.9783156112829261,0.9791103869504597,0.9787128377649068,0.6364794681468734
870,0.06962175962093065,0.99616163779276,0.9793403290359015,0.9793869678844201,0.9793636479049068,0.643670692682192
871,0.06936488856005368,0.9961918772829305,0.9795357581359208,0.9795152908057292,0.9795255243639079,0.6363100634965078
872,0.06886193329776577,0.996259641481044,0.9800738205798871,0.979698693646081,0.9798862212108027,0.640373591869736
873,0.06870041950103298,0.9962648255898267,0.9800929446956238,0.9797356843155722,0.9799142819428073,0.6391613711166219
874,0.06922043099490216,0.9961994234227346,0.9797328567733495,0.979392726910808,0.9795627623165791,0.6395517879973096
875,0.0688205864347464,0.9962292921289656,0.9797810968285889,0.9796704153498431,0.9797257529632418,0.637463244028635
876,0.07104231951182051,0.9959632889842783,0.9779675538415634,0.9786411001335208,0.9783042110561814,0.6464353343278595
877,0.07150774058490562,0.9958720624024426,0.9771995437563822,0.9784419707211098,0.9778203625793078,0.6392348627366361
878,0.07009114399418342,0.9960481435754514,0.978492160700294,0.9790254782280746,0.9787587468141147,0.636046513199368
879,0.06875999144566573,0.9962424068942303,0.9799205788864206,0.9796690863437536,0.9797948164768873,0.6407866755966515
880,0.06850991053707736,0.9962906637373088,0.980330789247702,0.9797717151473322,0.9800511724660109,0.6367620600303606
881,0.06820206262385674,0.9963439810945234,0.9808199749677304,0.9798480591638071,0.9803337761732991,0.6373588834878235
882,0.06816997792464581,0.9963386802574635,0.980718897812294,0.9798949435452979,0.9803067475440818,0.6425405866142425
883,0.06957367191211783,0.9961254657595588,0.9791281733521219,0.9792109484112322,0.9791695591323094,0.6440818532497498
884,0.06927486159336224,0.9961778630232943,0.9793980053502892,0.9795050279253713,0.9794515137142982,0.6378093565111937
885,0.06956749048298426,0.9961740659210998,0.9795063418087951,0.9793503463832871,0.9794283378846187,0.6347033915377139
886,0.07034026077620202,0.9960419638431277,0.978444831209104,0.9790070198101648,0.9787258447781407,0.6408417581524309
887,0.06982508080629565,0.9960932006904601,0.9788160387050757,0.9791823009466363,0.9789991355694353,0.6382604593888476
888,0.06854703358421438,0.9962893247953053,0.9803711755048489,0.9797150108875132,0.9800429833663155,0.6385304974172112
889,0.06833388752190114,0.9963026867498629,0.9804039496769834,0.9798275334030914,0.9801156567909342,0.6401272167640593
890,0.0681816124350583,0.9963091892015412,0.9804545126117483,0.9798462871556878,0.9801503055262079,0.6413775974354855
891,0.0677785426043242,0.9963716044980102,0.9809210461167462,0.9800460072374718,0.980483331443579,0.639616641462633
892,0.06901459099068273,0.9962211211495599,0.979778682240212,0.9795832177836372,0.9796809402622316,0.6292682730649122
893,0.07201086306314675,0.995838945903557,0.9769453660663552,0.9783440672725162,0.977644216394379,0.6405919176039918
894,0.07255016097115527,0.9958072644758444,0.9766127187900506,0.978344510274546,0.9774778474818225,0.6398817153210415
895,0.06974578432390373,0.9961475136712158,0.9792373981238156,0.9793391974988696,0.9792882951657701,0.6369224921521598
896,0.06891343466562333,0.9962194938200479,0.9797170396818312,0.9796295853294267,0.9796733105538906,0.6463930708536219
897,0.06930811183942522,0.9961630934630407,0.9795228346457856,0.97921264658568,0.9793677160548276,0.6335147919693195
898,0.06888649157724148,0.9962409855557958,0.9800573372239768,0.9795110822864457,0.9797841336174112,0.6313759457168101
899,0.06796499558811565,0.9963724078632122,0.9810633402900194,0.9799070522674468,0.9804848553755772,0.632473071192133
900,0.06750534212203335,0.9964193257642873,0.9813730733397672,0.9800999796514401,0.9807361133450032,0.6355570376727504
901,0.06707473357187972,0.9964667655094253,0.9817842922920267,0.980193526913407,0.9809882647089608,0.6419051769601168
902,0.06703027662747413,0.9964807454372152,0.9818791058334442,0.9802484591651066,0.9810631049162771,0.6309688205532872
903,0.06708435391967031,0.9964692923333087,0.9817614879738887,0.9802448413151963,0.9810025784545152,0.6384290049632644
904,0.0679219969876593,0.9963671001597831,0.9810230714496595,0.9798906611923429,0.9804565393425703,0.6309322498142164
905,0.06831821496430919,0.9962939733272865,0.9803956525446131,0.9797405573379004,0.9800679954718924,0.6351998862938789
906,0.06839456976719684,0.9963043415448518,0.9805001413525839,0.9797456518612435,0.9801227514071651,0.6417286716778331
907,0.06815722753568519,0.9963346222332377,0.9806912006450725,0.9798792169732389,0.9802850406648551,0.6401919613179106
908,0.07228618893745563,0.9957691355274074,0.9767871444708364,0.9777412891772537,0.9772639839310092,0.6318699374014071
909,0.06980194823427809,0.9961196636775439,0.9790172340639753,0.979263001149738,0.979140102184789,0.6372726077220695
910,0.06909729926947424,0.9962266554431741,0.9799357525693876,0.9794803674790438,0.9797080071065177,0.6356152817499439
911,0.06859115455567623,0.9962488475485853,0.9800108723671256,0.9796457549035157,0.9798282796215142,0.6394347452126206
912,0.0676183795100815,0.9963863809246329,0.9810330530871424,0.9800917102802165,0.9805621557607048,0.6352931966230554
913,0.06706971447352025,0.996478774789241,0.9818314687622157,0.9802762206256429,0.9810532283167602,0.6428129582358338
914,0.06768359083400892,0.9964036704424007,0.9812110962208127,0.9800964356352014,0.9806534491831312,0.6323991935783401
915,0.0677976023017181,0.9963972847189996,0.9812228954958546,0.9800141849249954,0.9806181677462138,0.6425725503437102
916,0.0681039555427089,0.9963274331446346,0.9806149773614933,0.979879586141597,0.9802471438271009,0.6422881400881673
917,0.06768576307021243,0.996391990748309,0.9810720248075618,0.9801127528766337,0.9805921542383399,0.6359195541175169
918,0.06716948924519175,0.9964676238055813,0.981659576676656,0.9803321865487454,0.980995432588249,0.6350062134846438
919,0.07161636466977836,0.995805733275502,0.9771003444624532,0.977815713518266,0.9774578981016486,0.6368979663457092
920,0.07001011564041214,0.996079660210302,0.9787253875226668,0.9791281808653247,0.978926742760234,0.633177913170948
921,0.06949207054035698,0.9961696439793037,0.9793142241699089,0.9795021484121773,0.979408177276538,0.6443368819858043
922,0.06869669628443478,0.9962395230191459,0.9798599206572501,0.9797006133215436,0.9797802605137543,0.63952744243017
923,0.06782593373075235,0.9963673198835991,0.9809441934983689,0.9799749792453549,0.9804593468473876,0.6345537395992356
924,0.0672840404880347,0.9964419023863764,0.9814891317365713,0.9802270474003312,0.980857683582894,0.6380552385333512
925,0.06715600364071002,0.9964417993908377,0.9814054753259233,0.9803126944594327,0.9808587805242828,0.637185921505205
926,0.06678943940364629,0.9965257132894237,0.9821048395183999,0.980507246184202,0.9813053926197856,0.6327948295341362
927,0.06716012306806209,0.9964455415620781,0.9815038816631669,0.9802516340129871,0.9808773581643754,0.6387038753300477
928,0.06719347698573801,0.9964683791061987,0.9817402904131995,0.9802568023700018,0.9809979855506131,0.6392889460955921
929,0.06712359360171308,0.9964717573598689,0.9817494327014767,0.9802843423295232,0.9810163405091678,0.6314445862976439
930,0.06788312013281121,0.9963768572704853,0.9810179540298137,0.9800029622069062,0.9805101954469136,0.6320522270242658
931,0.0690793339699078,0.9962000276632285,0.9795710457110108,0.9795680080472795,0.9795695268767902,0.6352637257785618
932,0.06887311553381545,0.9962125931189532,0.9796633236891444,0.9796097979054273,0.979636560066145,0.6363046525540367
933,0.06808057568779738,0.996335707119579,0.9806247283849059,0.979960212511027,0.9802923578332724,0.6299885826959862
934,0.06768405465610164,0.9963763148273147,0.9808474658170159,0.9801741086577659,0.9805106716318641,0.6389227093074289
935,0.06834922989548968,0.9962860907353892,0.9802477197315975,0.979807967480107,0.9800277942751001,0.6353334155775535
936,0.06741141840118728,0.9964254436992878,0.981371097568359,0.9801690879680944,0.9807697244792949,0.6346140522784852
937,0.06702312072001987,0.9964879001939722,0.9818416626644024,0.980365633201998,0.9811030927770303,0.6370795302821973
938,0.06695956946518138,0.9964860050760596,0.981812718179614,0.980374862410953,0.98109326347786,0.6324202462377596
939,0.06688745482657239,0.9964909145300723,0.9818717543754047,0.980367479043789,0.9811190401121477,0.6403592073883346
940,0.06724616404783597,0.9964309299283173,0.9813430215686527,0.9802583528771062,0.980800387338768,0.6425097458086073
941,0.06694106842062884,0.9964908664654876,0.9818096091051918,0.9804313451697569,0.981119993096136,0.63822991011918
942,0.06724499231003386,0.9964503617532906,0.9815394421844206,0.9802675820860611,0.9809030998551109,0.6378434075598793
943,0.07014207677955893,0.9959975590331976,0.9782804481449131,0.9786906425271907,0.978485502346293,0.6338798972996464
944,0.06801219915019736,0.9963253389020137,0.9804593279324821,0.9800184672779504,0.9802388480361477,0.6370039455576185
945,0.06732352269585613,0.9964412638140363,0.9814103498965197,0.9803017670760301,0.9808557452507447,0.6366387651982612
946,0.06779033431394708,0.9963461714663137,0.9807034029774169,0.9799932161622498,0.9803481809509262,0.631954235458128
947,0.06678058200334902,0.9964938739352184,0.9817720136979,0.9805032591659335,0.9811372262606006,0.6343357158180262
948,0.06664977106768236,0.9965300253693118,0.982158797881409,0.9804986076446203,0.981328000594716,0.6357679995236788
949,0.06634372477118167,0.9965755562637987,0.982495110962311,0.9806491545010926,0.9815712648496728,0.6386809783167123
950,0.06730683397823314,0.9964317676253657,0.9813760664402554,0.9802332494287489,0.9808043250367352,0.6380349949922012
951,0.0670374131379582,0.9964687979547229,0.9816702070108797,0.9803340323905364,0.981001664716315,0.6383063717615606
952,0.06688396229321579,0.9965066385156514,0.98187304231563,0.9805384039936338,0.9812052693100892,0.6388326445892404
953,0.06716824897142837,0.9964412432149286,0.9814978995569633,0.9802107301588989,0.9808538925717072,0.6396209699331664
954,0.06692439179679902,0.9964855862275355,0.9817839942789813,0.9804000396929818,0.9810915289251618,0.6424632969577544
955,0.06649885050577226,0.9965378804957321,0.9821390566836666,0.9806050757991239,0.9813714668007155,0.6443188975490679
956,0.06652460313609822,0.9965388967183809,0.9821893147425598,0.9805641719450359,0.9813760705417546,0.6386250116219581
957,0.07395758369280923,0.9955095112397521,0.9750640600718103,0.9766915958675589,0.9758771493824961,0.6435811326750879
958,0.06957422463531546,0.9961378046250985,0.979082987372395,0.9793936867485393,0.9792383124152663,0.6388930028547751
959,0.06736023242337455,0.9964151235463072,0.9811981197085022,0.9802354644388981,0.9807165558421052,0.6405902363999082
960,0.0670711718191453,0.9964596794163608,0.9815555330333045,0.9803530076441477,0.9809539018028638,0.6299285901959546
961,0.06847734975782659,0.996248229575353,0.9798603181672921,0.9797957849242865,0.9798280504832204,0.6456018118119412
962,0.06692683501102084,0.9964705557452505,0.9817043158179671,0.980317936650119,0.9810106364212505,0.6367674468069214
963,0.06609097183447518,0.9965836379804042,0.9824829309315706,0.9807502327975667,0.9816158172475891,0.6412875479041538
964,0.06613393686041771,0.9966020741818364,0.9826525190187586,0.9807766652520136,0.9817136960431352,0.6377016361820644
965,0.0658529959853551,0.9966338723378263,0.9829707559308177,0.9807957881729681,0.9818820676101628,0.6373041967629244
966,0.06585451275807061,0.9966319978190215,0.9829161657812336,0.9808316713373847,0.9818728122265601,0.6365386933820408
967,0.06630874612777353,0.9965714570413573,0.9825227511549062,0.9805756899978115,0.9815482549989151,0.6386058188978556
968,0.06590445678707936,0.9966194460960351,0.9828461090137763,0.9807666977063422,0.981805302340711,0.6421691615828292
969,0.06614566748465994,0.9965736817449938,0.9824005486035077,0.9807264583552988,0.9815627896748075,0.6379934324926875
970,0.06654083866143612,0.9965317762934701,0.9821693330930164,0.9805068770158438,0.9813374009749201,0.6354136978539903
971,0.06739548241330993,0.9964236927751293,0.9813079103825165,0.9802154555138838,0.9807613787311664,0.6367462094483511
972,0.066837555862856,0.996498810854708,0.9819089285233635,0.9804154709303544,0.9811616314172608,0.6384467110607707
973,0.06678302457435525,0.9965192314368532,0.9820578835109096,0.9804848745816953,0.9812707486505873,0.633813793539792
974,0.06784360674243393,0.9963456358895123,0.980708974716102,0.9799815504421308,0.980345127640413,0.6310711264058674
975,0.06672162694601919,0.9965086915600567,0.9818619004390674,0.9805724413162594,0.9812167472444253,0.6407700387814406
976,0.06630079141690684,0.9965783989406676,0.9825393360216114,0.9806345354341081,0.9815860116463683,0.6430568459219961
977,0.06636920383052645,0.9965558223185784,0.9822686598909308,0.9806673914179874,0.9814673725356984,0.6410225335130949
978,0.06625877058120083,0.9965869132385357,0.9825864870281201,0.9806789833044348,0.981631808503401,0.6383243334556618
979,0.06693323272809708,0.9965041048253986,0.9819349757920054,0.9804464810724429,0.9811901639098367,0.6168969510232937
980,0.06676506606875349,0.9965039880971215,0.9818475867708227,0.9805357459814548,0.9811912278975224,0.6388837522755197
981,0.06693583442126032,0.9964826336887586,0.981765319215417,0.9803870449667734,0.9810756980206582,0.632075266079441
982,0.06690706087530945,0.9965163200962918,0.9820476242243259,0.9804636104842632,0.9812549780969277,0.636376760645674
983,0.0670044017258844,0.9965068719722058,0.9819355853883361,0.9804761622084419,0.9812053311202226,0.6327757924854758
984,0.06713449455824473,0.9964646438013275,0.9816466667465156,0.9803129159604476,0.9809793380079654,0.640759936551099
985,0.06634394634890256,0.9965845237420372,0.982558764451665,0.9806814936492706,0.9816192315175115,0.6368823438139167
986,0.06608065274684764,0.9966156970584255,0.9828055476409918,0.9807675837104018,0.9817855080891685,0.6378364137330105
987,0.06684998952173929,0.9965275122781668,0.98213292580181,0.9804978693079038,0.9813147164767486,0.6302498629511023
988,0.0666759419355461,0.9965209205636882,0.9820275540826812,0.9805347861437235,0.9812806023971931,0.6329815713760677
989,0.06627344664038835,0.9965882659132776,0.9826095898416982,0.9806699017628232,0.9816387876121866,0.6338661146448423
990,0.06585576536683299,0.9966440139652063,0.9829805501832265,0.9808966449684272,0.9819374919412803,0.6297612159385159
991,0.06657729112951875,0.9965454952992286,0.9823332561798429,0.9804874587602027,0.9814094895944985,0.6413299138151077
992,0.06620624042350612,0.996604216489042,0.9827520523080044,0.9806972202213298,0.9817235610306482,0.6402831643228621
993,0.06624215783001922,0.996606290132555,0.9827847282674443,0.9806861451705838,0.9817343152226186,0.634596332217524
994,0.06599330950340779,0.996617949227539,0.9828338999825162,0.9807629321890886,0.9817973239808624,0.6421138762922606
995,0.06606041080579697,0.9966162944325501,0.9827685826051883,0.9808123269154153,0.9817894802814032,0.6299532512931939
996,0.06588974961233761,0.9966323686029608,0.9829401036018848,0.9808109979093258,0.9818743965637511,0.6383521515082893
997,0.06952540167748071,0.9961434144487745,0.9793454125257196,0.9791814887762482,0.9792634437909823,0.6357625147391623
998,0.0691162988396107,0.996234332043994,0.9798417868418794,0.9796625151469778,0.9797521427937983,0.6368964785273047
999,0.06730922513889323,0.9964730688363954,0.981757313686078,0.9802905443579409,0.9810233807651835,0.6413065611884416
1000,0.06629219750384632,0.9965906691425146,0.9826295344300638,0.9806755869555395,0.9816515883755873,0.6392257003632877
