Epoch,Loss,Accuracy,Precision,Recall,F1-score,Validation-F1-score
1,0.7207322776746407,0.7466507292743313,0.253291505980153,0.8851294259963632,0.3938714740754468,0.41491727863317174
2,0.6607364025904978,0.7985959936548156,0.29984972497583884,0.8731702170326011,0.44640306623608134,0.5434581244492608
3,0.6160798237906943,0.8688386146149736,0.4015253143847663,0.8366325909505318,0.5426273380130507,0.5716310631773933
4,0.5813779299207729,0.8865165079601544,0.44041590369538264,0.8141051993966903,0.5716043774978067,0.5800437526174731
5,0.5563846119016195,0.8970342475821591,0.46878268052984884,0.8047835506848959,0.5924601028036854,0.6115556170410071
6,0.5386940253724297,0.9039102846785704,0.4897734041556819,0.7961384399063316,0.6064605994457477,0.5663174772747986
7,0.5264348634284177,0.9081268121721721,0.5038477068666906,0.791769110886066,0.6158164133432098,0.623753754813389
8,0.5183676828583368,0.9099964077902639,0.5103987702776724,0.7901459514487496,0.6201855502884549,0.6091155981103453
9,0.5099367366420279,0.9138132713953868,0.5243773958153473,0.787715863814088,0.6296204789984605,0.6249022792457062
10,0.504131926156634,0.9160025308338431,0.5327209313460174,0.7878255068164722,0.635632531504776,0.6345400027479411
11,0.497991955859198,0.9173077452315538,0.5377816703267558,0.788666250835428,0.639497784930764,0.6248876570823647
12,0.4916683635908923,0.9193940983940826,0.5461398720812259,0.7886108755816986,0.6453517159906751,0.6296358374609516
13,0.4866506743559734,0.9199802803368278,0.5481946714949376,0.7936767514602086,0.6484814544775378,0.6163723566891266
14,0.4807485314153081,0.9220374514300504,0.5567528709937454,0.7930174167724703,0.6542072047930396,0.6222117161145646
15,0.4786433415661613,0.9222515860214345,0.5576406802535703,0.7931861267121659,0.6548772188804898,0.6426145980729197
16,0.4725549755979785,0.9246347791929457,0.5678440473256036,0.7934700910132904,0.6619592865796489,0.6514239614571926
17,0.46665953024685813,0.9251770507043466,0.5697348286179682,0.7983462143556875,0.6649396188183276,0.6579885921901598
18,0.4629500971423636,0.9265046563321767,0.5758097977038465,0.7964167928484115,0.6683802741257635,0.6452871587466616
19,0.4589865790854255,0.927266981245254,0.5790934479234402,0.7977144196274707,0.6710467082702609,0.6532771017291846
20,0.4537659358206413,0.9281015403628256,0.5828215517970495,0.7982859660796299,0.673746626538717,0.661794473678605
21,0.450588962585806,0.9288498029516818,0.5856717621593165,0.8030040853647191,0.6773313131861685,0.6463906681981989
22,0.44779988297884415,0.9296640650817548,0.5896179231990597,0.8016205161918719,0.6794663093951464,0.6559392517651272
23,0.4418233542991199,0.9308662976734764,0.5948974903793388,0.8043217210687926,0.6839371120786711,0.6380458153585775
24,0.44447168525603176,0.9301201155945024,0.5914664397686575,0.803737770559798,0.6814542475451506,0.6383132859652321
25,0.4386750265634317,0.9314959094017184,0.5975584141670833,0.8066173575873992,0.6865251469726205,0.6648475840973186
26,0.43182673932408255,0.9326305700536653,0.6027188149810304,0.8085057275732438,0.6906081907367058,0.635538704619094
27,0.4316233614151426,0.9327793986071268,0.6033481833398981,0.8090926314291039,0.6912354333321706,0.6541165231003409
28,0.42420162700063035,0.9343456998291427,0.6105884344571585,0.8116902476647148,0.6969220361882262,0.6595714881197022
29,0.42262533135551344,0.9346309700059413,0.6118915207437652,0.8123368829609311,0.6980088999464673,0.6538691250259356
30,0.4236649245881348,0.9341809069671785,0.6094394556643458,0.8137346281987331,0.6969238612307059,0.6421657798449386
31,0.4195480540716391,0.9346685908430539,0.6116299515924758,0.8150005064989875,0.6988196803321871,0.6496575238571473
32,0.41192087305964326,0.936738567714925,0.6221280405552695,0.8144223150163807,0.7054050796903738,0.6562371259800478
33,0.4062440790932813,0.9377565550206013,0.6266636433944462,0.818062536529209,0.7096847233611933,0.6520359249719638
34,0.4037482400806688,0.93785817041911,0.6269467879696997,0.8193048618882105,0.7103335737998814,0.6592007258319208
35,0.3964709573083644,0.9398804603565503,0.636613695035737,0.8237357681906232,0.7181862757183751,0.6394504875379639
36,0.39734350959602877,0.9392082908717059,0.6328952631721807,0.8246273097756667,0.716150443123343,0.6602927229873259
37,0.3944160405466025,0.9399006886803564,0.6364772488260322,0.8248897884783442,0.7185376017839263,0.6652497139804292
38,0.3864313610594907,0.9413020459802847,0.6435221471635403,0.8268640270243052,0.7237626732676211,0.6602240291272874
39,0.38519795667782103,0.941947443491429,0.6471388361708921,0.8263339012619356,0.7258400451750198,0.6535869657037775
40,0.39242056816173115,0.9403850423671462,0.6388450675715195,0.8258206834103714,0.7203984526047403,0.6469945566212757
41,0.3832983846287076,0.9424563925128671,0.6496299832120886,0.8275845698258323,0.7278885103005588,0.6552867344763199
42,0.3769890930798414,0.9432699062086919,0.6535143185715934,0.8300870882923719,0.7312931833991017,0.6524168927054766
43,0.371539199416586,0.9439468615529024,0.6562992636058621,0.8340537284675171,0.7345761047380162,0.6528412200564139
44,0.37376111917358507,0.9440397497960963,0.657278342310417,0.8321852197393436,0.7344621723713335,0.6350114416475973
45,0.37120224331780305,0.9444920718703419,0.6592540220199339,0.8343988270487589,0.7365577390269636,0.6640673478359197
46,0.36284192077976335,0.9456467479886482,0.6647666309287729,0.8382731013006834,0.741505328702512,0.663764704591559
47,0.36212115268484296,0.9459839897142888,0.6668947115727772,0.8374787986611888,0.7425153103029684,0.6671882807907207
48,0.3541116499000316,0.9473170197738251,0.6737071060226818,0.8406507670284812,0.747976955129379,0.6691466544640428
49,0.35130045836349183,0.9478788535712152,0.6761659633347279,0.8435367037518433,0.7506347396152518,0.6616025944409654
50,0.35088715450369196,0.9480585327217101,0.6776974959646606,0.8418448789999022,0.7509052407995024,0.6494134908361546
51,0.34738904827361483,0.94850213450701,0.6793434163836234,0.8451789861101143,0.7532415121489834,0.6472256179239018
52,0.34947737697645914,0.9484855453589057,0.6797475125836105,0.843443230323548,0.7527992675738873,0.6529065657226858
53,0.34197363278848664,0.9497306378274764,0.6865820824582695,0.8453506493966756,0.7577390275713187,0.6641578779538182
54,0.3381711082171193,0.9502259708386946,0.6891249241171558,0.8467772636000885,0.7598599991446475,0.6607967793177484
55,0.33228767572118223,0.9514283544905395,0.6951796977438391,0.850743239272189,0.7651344239402059,0.6494544111901882
56,0.3300181427876726,0.9518365052114095,0.6973440380744836,0.8517867305534661,0.7668666974945001,0.6478087997602575
57,0.331180148255482,0.9512363570736128,0.6933847068907685,0.8527215386700902,0.764842747188724,0.6613200161220664
58,0.3379379172119305,0.9500418560136651,0.6877443818055726,0.8476688790188036,0.7593779786213429,0.6556300395792833
59,0.32662773448571886,0.9520899909649567,0.698259307106839,0.8537671711278447,0.7682225550950301,0.6361730419014372
60,0.3199533790671568,0.9532079800723683,0.7038206198727868,0.8578424206339713,0.7732361829448838,0.6555722397176603
61,0.32131721770806276,0.9529634411979518,0.7026439876024538,0.8568221869592606,0.7721115955343024,0.6646272908932226
62,0.31680114320713837,0.9538128522722079,0.7070569961399104,0.859422165872364,0.7758296053388651,0.6570193278253783
63,0.31559765403219264,0.9542805275480931,0.7100709705409101,0.8592017723625209,0.7775502877379282,0.6638524792432308
64,0.31120790578692936,0.9547475985834845,0.7123177364483501,0.8612244457970774,0.779725456013833,0.6668122370740064
65,0.30592586829079144,0.9554367348667419,0.7154497335298621,0.8647401837395219,0.783042756149336,0.6539624923806517
66,0.31290612267933304,0.9545586635672425,0.7113882877442449,0.8604639589791934,0.7788568979302335,0.6633546545769756
67,0.3063684865403518,0.9554186488501413,0.7155318843141094,0.8641870218716009,0.7828650600284606,0.6560571469920147
68,0.30123003684788296,0.956449908847575,0.7215778020329774,0.8657658072722623,0.7871230710536029,0.6590545021827694
69,0.30390738299210296,0.9557275805353702,0.717164446079312,0.865132462036941,0.7842298619676878,0.6388567129903439
70,0.30233017826895064,0.9559593616957229,0.7188040240094229,0.8647065894189261,0.7850336723870808,0.6615727932538532
71,0.2968662053668242,0.9570607273231838,0.7249999213005665,0.8672234316177637,0.7897597011380295,0.6512714910799039
72,0.2952207912751239,0.9573521085686136,0.7269890764724932,0.8669997155926968,0.7908453631270844,0.6653687790486
73,0.28470463182428757,0.9593441864813604,0.737648731733693,0.8734974478653061,0.7998458398738594,0.6525704420564166
74,0.2879272213728308,0.9585510590358343,0.7331961842188232,0.8713951817327227,0.7963443350752684,0.6633725609804104
75,0.28345182216424736,0.959468014584388,0.7379111253590314,0.8749093691680628,0.8005917079808286,0.6620354326576242
76,0.28503105312371424,0.9591888486098513,0.7364606732728862,0.8738711200774721,0.7993032443419753,0.6583930884816279
77,0.2802500317422606,0.9600354444727156,0.740928207812781,0.8768675858072782,0.8031865720055004,0.6584156202518038
78,0.2767275029377972,0.9603438611802508,0.7428560335213065,0.8772424393581905,0.8044755918816936,0.6386014163714633
79,0.27270160208074307,0.9613205816067436,0.7482729797093594,0.8801866308484759,0.8088869612673023,0.6529034496325109
80,0.2735624827926965,0.9611861861614425,0.747446705231893,0.8799679355130805,0.8083116836258492,0.6637134479786377
81,0.2678744223156421,0.9622092751794704,0.7535866095704067,0.8820616369397538,0.8127784685145908,0.656516842290388
82,0.26601471215915334,0.9623761348185784,0.7536280107203828,0.884631787049515,0.8138920271396203,0.6595241163760891
83,0.28060973446360593,0.9599674262189398,0.7413376654314004,0.8747402900600091,0.8025329747099818,0.6574929198793912
84,0.2784224129516444,0.9602801069417785,0.7421219646738844,0.8779819574133289,0.8043554321433549,0.6508103267353212
85,0.2777159319614335,0.9603223831772415,0.7433862321096321,0.8756034795151432,0.8040959949098232,0.6634473948315012
86,0.2632199603019001,0.962890597534523,0.757906911632985,0.8830227298434815,0.8156949733386832,0.6600438644816968
87,0.25789594183937253,0.9639727373280881,0.7640631655651835,0.8862762105842635,0.8206445496126927,0.6554145509903605
88,0.2556455499298281,0.9641129348554042,0.7640948456300283,0.888387484424787,0.8215667852238874,0.6528350645901619
89,0.2559067899589058,0.9642753313545006,0.7651883270335634,0.8885097529850216,0.8222508082394008,0.6633092157127781
90,0.25493610403735,0.9644552370951809,0.7666122224764226,0.8881902746878386,0.8229350893864407,0.653924330105543
91,0.24990276911919065,0.9652915402705415,0.7708335845746569,0.891958376119946,0.8269843595692093,0.6574995546553525
92,0.2535100414169778,0.9645593449857267,0.7667684203692412,0.8894599185053466,0.82356974661782,0.651333511589141
93,0.25265641328242183,0.9647944494687957,0.7683394293346957,0.8896835606967418,0.824571146991434,0.6533509375014094
94,0.24808649498996116,0.9658104729928669,0.7746221056756759,0.8918465919410843,0.8291113850227894,0.6560286668300839
95,0.24829104923301462,0.9655796119259935,0.7727632597454377,0.8922531939708015,0.8282206282733385,0.6358876316531152
96,0.2500860153449525,0.965275692690316,0.7716434056689452,0.889991520941149,0.8266028563043815,0.6547563576023515
97,0.24371395469140664,0.9664791131639174,0.778098145918613,0.8947094925588949,0.8323393333252282,0.6563105121129802
98,0.23838715319582027,0.9674725394667918,0.7842711554355128,0.8969602382051448,0.8368390514925367,0.658059537851691
99,0.23485962719582826,0.9680223502516278,0.7872261315998179,0.8991790138715748,0.8394865475911424,0.6597985839246522
100,0.2417505041515227,0.9667681255119565,0.7797055469609453,0.8957370357670978,0.8337034555595112,0.6583521817278034
101,0.23955414245883339,0.9671346729015496,0.7821890056328658,0.8961444499672031,0.835298055799811,0.6585169878720839
102,0.2366133429270854,0.9676261195477732,0.7848737978516089,0.8980255104195554,0.8376457099559949,0.6561354886652677
103,0.23122714529577776,0.9685680961458685,0.7900309377685188,0.9016486025205634,0.8421574819841692,0.6575665047730138
104,0.23400534968153178,0.9681400260878087,0.7876383596592953,0.9000930008927968,0.8401192172338416,0.6575645378028065
105,0.23081302578500706,0.968620994654559,0.7903911277906057,0.9017149051576955,0.8423910168222482,0.6583789492182589
106,0.22981461925472288,0.9688675453751653,0.7920950041512932,0.9019821092153577,0.8434746174257542,0.65388931619902
107,0.23424642677787397,0.9680562495166076,0.7870492745508548,0.9000306114402616,0.8397568433950853,0.6573497474457377
108,0.2397514567207947,0.9669729149747933,0.7817610036110921,0.89460162156463,0.8343835051001162,0.6559180703123967
109,0.23406596803407875,0.9679314051909312,0.7869265604432942,0.8984342536257501,0.8389915928841407,0.6512134376600274
110,0.2253842473887711,0.9694982213906408,0.7957766567298395,0.9040178512097943,0.8464509090946799,0.6558898596724437
111,0.22197323206731742,0.9700980468090828,0.7991674594229256,0.906194763184405,0.8493226330875421,0.6597486867220121
112,0.21723732936510937,0.9711054599061164,0.8058236747843095,0.9081265473691734,0.8539219658908896,0.6583556749796734
113,0.21745744567337655,0.971001338282832,0.8047185096120367,0.9086918179592433,0.853550505302874,0.6608674166042674
114,0.21658451930224468,0.9713305188909748,0.8075985975359825,0.9080520491944895,0.8548844869049291,0.661839458148398
115,0.21518724733333794,0.9714822244531514,0.8080975365850778,0.9092809368252526,0.855708507459202,0.658603991999336
116,0.23250151259436025,0.9684968369658075,0.7906341854353945,0.899421926651268,0.8415267602714885,0.6383195292774074
117,0.2436170415590993,0.9665525283839226,0.7788142961174755,0.8943353035110273,0.8325867813034786,0.6359708318558323
118,0.22190108638015582,0.9699437457593304,0.7981307994185328,0.905945279207936,0.8486274046009542,0.6495837435463703
119,0.21224870511310565,0.9717511252056615,0.808978851780019,0.9114614666497736,0.8571678341100859,0.6593716283868454
120,0.21030514778421938,0.9720159061366225,0.8111018133778012,0.9113287875418379,0.8582992333785928,0.659510316451036
121,0.20644038958515196,0.9728390739476108,0.8159916392132814,0.914064103575056,0.8622481319822785,0.6536819382323862
122,0.20711035876394177,0.9728571256323651,0.8163700281578044,0.9136446544864735,0.8622725804492083,0.657720595387948
123,0.20398653711346412,0.973301970230499,0.8183869338405687,0.9162475129127708,0.8645567878986729,0.6615050352984561
124,0.21358335597051992,0.9718273762361662,0.8094394247639537,0.9116953717215266,0.8575297864561615,0.6480257427715186
125,0.2178902823290379,0.9706859590768787,0.8039047713915729,0.9057182406676454,0.851779848625342,0.6555943524475225
126,0.20674594325556173,0.9727571169642606,0.8156703923284279,0.9134955104697623,0.8618157924689196,0.6599806823662302
127,0.2035751101031578,0.9734064214395074,0.819767775199971,0.9152698812665959,0.864890455232511,0.6565486897751427
128,0.20141409621607487,0.9738017869808365,0.8218236014765254,0.917131966465337,0.8668659620807402,0.6529555515527581
129,0.19953731758345802,0.9742962685622679,0.8252596758837157,0.9179827518636358,0.8691552433688482,0.6504184768820419
130,0.19817488238537054,0.9744473836166891,0.8264846022876996,0.9179527753929502,0.8698206587366775,0.653736156864111
131,0.22156550633392746,0.9700182389993074,0.8004502748169224,0.9026308856880516,0.8484752896838034,0.6541180394937693
132,0.20584404741903004,0.9729291675785205,0.8170054829152578,0.9135212045874928,0.8625718843832002,0.6529198174199553
133,0.19919822708093862,0.9740694174550357,0.8237636249297117,0.9174495250870572,0.8680861920534867,0.6582667154849926
134,0.19463442914563117,0.9750803392667553,0.8302809388809561,0.9201244451768744,0.8728969816783129,0.6584045795398749
135,0.19543884426569766,0.9750329063879866,0.8302214124809506,0.9195831705300874,0.872620458471372,0.6513704102736056
136,0.20400526572903283,0.9732493944411632,0.8196956444691387,0.913231185925294,0.863939102755962,0.6483777428657169
137,0.19483076196780308,0.9749920720900657,0.8300820162488405,0.9192649474053224,0.8724001777384952,0.6486330724817079
138,0.1907590789010199,0.9757291699625239,0.834253152511256,0.9222462033987706,0.876045641563414,0.6528092986071646
139,0.1910235091186256,0.9757520830367061,0.8345895566104488,0.9219977530937047,0.8761189286741499,0.6527555913469707
140,0.19432811497998753,0.9751490510238251,0.830572910320798,0.9205632386874263,0.8732557873629553,0.6498868952203988
141,0.19027848780262385,0.9758924178914072,0.8354123255197424,0.9225220459960147,0.8768089415354531,0.6550556199802431
142,0.1916675471412621,0.9756711903405895,0.8342615729135332,0.9214542634367684,0.8756928282661584,0.6542174674874218
143,0.18922124146450336,0.9760884801989291,0.8366511578854247,0.9231099835232779,0.8777566663985962,0.6511224538138373
144,0.18787731597427842,0.9763600931672924,0.8386021907920442,0.9235479648634417,0.8790276403521594,0.649883130766432
145,0.19452981640109054,0.9749895589989207,0.8293805782873169,0.9204101076524466,0.8725275239835821,0.6547355940189421
146,0.1932077282409874,0.9753732036479427,0.8330615735034634,0.9194367583592268,0.8741205840025573,0.6544897957095632
147,0.18891433015358533,0.9761195299206709,0.8371631430684294,0.9226867689174418,0.8778468553183991,0.6442506083297823
148,0.19220419040472386,0.9754821179969625,0.8337961006255123,0.9196851348306211,0.8746371089914113,0.6562064912611036
149,0.18515713855945806,0.9767405724200908,0.8407730795644069,0.9250871754161044,0.880917265277847,0.65847760771628
150,0.1810065420518676,0.977543292183457,0.8460226236260369,0.9272930301899976,0.8847955304328076,0.6581563429163673
151,0.19184745247844312,0.9755745049952013,0.834201619597785,0.9202557952787206,0.8751182768603051,0.651452487828939
152,0.19307738188788187,0.9755629282966483,0.8344152170938103,0.919748188786201,0.8750061505617478,0.652930676597569
153,0.18299284805175212,0.9772058650658468,0.8440632332261283,0.9259634334311186,0.8831185475268126,0.6565066040585206
154,0.17882635283598797,0.9779954837966869,0.8495859584546488,0.9276153880003745,0.886887701344113,0.6608040396375481
155,0.1766192544814494,0.9783527959196409,0.8513872122049515,0.9294715665053844,0.8887175280724527,0.6572445140921273
156,0.17810908994443125,0.9780943801129732,0.8495331120477746,0.9289902447999684,0.8874867689404251,0.6524425774118497
157,0.18219284394340549,0.977358003209286,0.8452540434217206,0.9260741101049058,0.8838202955402604,0.652391102197652
158,0.18455108094344036,0.9771294423761109,0.8443226856578009,0.9245425782540936,0.8826136038763497,0.6522879399838528
159,0.17959025912254833,0.9778000463287666,0.8479376080639032,0.9276409344507617,0.8860003838369728,0.6587815313718465
160,0.17664313000097548,0.9784493782694904,0.8526288785218391,0.9288050699514971,0.8890882828822396,0.6535085095358297
161,0.1755851271877186,0.9785131531070705,0.8528556298445081,0.9292838074784059,0.8894308832779549,0.6528385225150839
162,0.17221731636271204,0.9792650823371055,0.8578848869223159,0.931318589635111,0.893094780360074,0.6557510872203279
163,0.17493875860739097,0.978736667158848,0.8541386331180683,0.9302084265483438,0.8905520365701166,0.6534451272332358
164,0.17386281959337296,0.9789263437429688,0.8553849200010694,0.9307533928787128,0.891479020148948,0.6569821797870949
165,0.17399653007122254,0.9789936341616042,0.855925351789077,0.9307973239133381,0.8917925962983048,0.6497062148760852
166,0.17367182310215004,0.9789437774544908,0.8557675806495317,0.9303936752304865,0.8915216830311795,0.650556076673079
167,0.18129487686770426,0.9775743899697836,0.8475960593138857,0.9252200021913833,0.8847086224951493,0.6416076228104821
168,0.17621030355636164,0.9783757364593001,0.8518420107549775,0.929064595307309,0.8887790637575501,0.6421500423046185
169,0.17519413347510124,0.9784911875918445,0.852841662328219,0.9290199259359673,0.8893024050685114,0.6549150148680376
170,0.17226953477525025,0.9792375893946346,0.8580032662156308,0.9307848460228312,0.892913400494624,0.656635028260637
171,0.16700390640565818,0.9801219914865811,0.8633821267714877,0.9340535364999709,0.897328505648973,0.6562068696184048
172,0.17431728265804353,0.9789899400549485,0.8559857357238057,0.9306573352719102,0.8917611097279908,0.6449260479578875
173,0.17008235155464077,0.9796617799540689,0.8608435840506534,0.9319561433897157,0.8949895009177058,0.6553208886948373
174,0.1654471820421356,0.9804880170321113,0.8659838249123707,0.9348646732165994,0.8991069335690284,0.6522664400946862
175,0.17401126946369522,0.9790478784786675,0.8577335027672109,0.9287482918580067,0.8918294358902806,0.639187005680218
176,0.20311228201972495,0.9738724007221883,0.8255949107328827,0.9116315794292302,0.8664827490282148,0.6530677879114222
177,0.17009992541061889,0.9793851820016313,0.8588993569840774,0.9313295908521853,0.8936492594313112,0.654039486540924
178,0.16465742859265786,0.9803333451984194,0.8649526712548781,0.9344188655072417,0.8983448690600141,0.6547781172209787
179,0.16263060357502038,0.9807156440390686,0.8674944720585728,0.9355347876203969,0.9002308224589609,0.6522739896976577
180,0.16093479598061644,0.9810881720362773,0.8701698212751791,0.9363459243370253,0.902045794631005,0.6404522233889847
181,0.16523226851718031,0.9802458470550857,0.8645019416957525,0.9339710642887499,0.8978948206378922,0.6535574661905797
182,0.1596506289440951,0.9813479405176869,0.8717237811686969,0.9373719908717955,0.9033567695785883,0.6559689804135055
183,0.15704080901986403,0.9818975109795991,0.8753540078238404,0.9390627819523336,0.9060899065882031,0.6552316131984078
184,0.157433622282186,0.9819087580924282,0.875596445376638,0.9388575243451766,0.9061241836383233,0.6526140041725749
185,0.1645765038434979,0.9805360060867891,0.8660634696770457,0.9353576606421344,0.8993778160259505,0.6533642394837154
186,0.16426362737798864,0.9805570240430589,0.8662543583670047,0.9353434845771796,0.8994741787224326,0.6566747907155139
187,0.1579822889334864,0.9818463496623284,0.8754814383072772,0.938239388846213,0.905774645497975,0.6519681898760222
188,0.1570555150723286,0.9819957275253297,0.8759798682628538,0.9394002018317248,0.9065822398323244,0.6540096964564569
189,0.15564621802714232,0.9821950376255062,0.8773993934804734,0.9398746570056784,0.9075631204702929,0.6518529556440006
190,0.16205886646890813,0.9809829449275439,0.8697323151108851,0.9356517401562734,0.9014885799279132,0.6517418428691686
191,0.15689782484722653,0.982077821836065,0.8769001563262133,0.9391178618713765,0.9069432039017884,0.6517340707349588
192,0.1560600639032803,0.982176354234781,0.8775620841854043,0.939410390878411,0.9074336037982409,0.651020334524226
193,0.1686426554170015,0.9797515714647317,0.8618634686422482,0.9315803300010721,0.895366841314991,0.6437498872647013
194,0.1716649413859244,0.9792280108095328,0.8586756185043016,0.92964478029905,0.8927520004208838,0.651133742451818
195,0.15811299130642156,0.9816984068705,0.8742409952165119,0.9381573596370218,0.9050721344591447,0.6447583619405806
196,0.1572878239877361,0.9817826091565945,0.8747223943536458,0.9385248298207702,0.9055011091220125,0.6469062439275125
197,0.1519263225118462,0.9827907500887684,0.8817183618023162,0.9412126708031243,0.9104946696990436,0.656101817946975
198,0.15178754472796865,0.9828766209025903,0.8824741869818238,0.9412231551844971,0.9109023952990496,0.6469046097389901
199,0.16485901964868574,0.980465296216268,0.8669940705216268,0.933090228586094,0.8988286780200416,0.629566434832114
200,0.16692646732218833,0.9800957619560517,0.8642910014759645,0.9323693904498803,0.8970403954346445,0.6451629130257747
201,0.15610921983238604,0.9819718050948679,0.8763838558067322,0.9385251989891285,0.9063906871679451,0.6498398792552869
202,0.1499042731287668,0.9830477170915246,0.8829970841915987,0.9426158797326276,0.911833000492601,0.6492861789683698
203,0.14755601074090965,0.9835852920063597,0.8870804817453367,0.9436087949488318,0.9144718932465605,0.6508961363385927
204,0.14627964373865573,0.9837971950277379,0.8883440081833959,0.9444844622944729,0.9155544301238991,0.6478756770513159
205,0.14669482254510302,0.9838150338550455,0.888631881208674,0.9443099933283894,0.9156252879295426,0.65690142656409
206,0.14659193648601607,0.9838101724656176,0.8887125618577063,0.9441399543826043,0.9155881667257613,0.6535683934459234
207,0.1599756518392254,0.9815068283020973,0.8732842609589087,0.9371228760636848,0.9040780292071383,0.6293204078523642
208,0.17291230467154825,0.9791202706096545,0.8583303316351648,0.9287788589980652,0.8921660413788888,0.6411767823852869
209,0.152395436580447,0.9827016108831843,0.8815039319114631,0.9404052996037494,0.9100024906308413,0.6538760924934294
210,0.14755693126282246,0.9834486649910529,0.8858604739693122,0.9436039957601753,0.9138209533493107,0.6524189446110569
211,0.15696119734173197,0.9817487510898302,0.8756438736521063,0.9367844963465622,0.9051829233491239,0.650561940456919
212,0.14749609100089656,0.9834073775127615,0.8857795489567628,0.9432060322700399,0.9135912523455277,0.6490414490920733
213,0.14406753184019233,0.9840790114208045,0.8905558008431631,0.9449288671640693,0.9169369798667311,0.6503018980242249
214,0.14323776949652664,0.9843388279667988,0.8926503286407236,0.9452745564146842,0.918209063167284,0.6518473835825359
215,0.1420970318182338,0.9845532509456913,0.893742556971416,0.9464225961750024,0.9193285174808102,0.6546631184038929
216,0.14289485864180454,0.9844747271469654,0.8933631292177193,0.9459744996218239,0.918916381518819,0.654227439639795
217,0.14284501259597085,0.984552550576028,0.8938666990290585,0.9462471673711875,0.9193114050255248,0.646699801758917
218,0.14320889946153695,0.9844653682856797,0.8933758167976963,0.9458431495199777,0.9188611163103529,0.6513704841637769
219,0.1434106808557785,0.9844589001658476,0.8934316470299455,0.9456890586472667,0.9188179227576135,0.637160374521054
220,0.14455459427704914,0.9842383729846932,0.8918453480009971,0.9451330172661517,0.9177162895637915,0.6468695783550951
221,0.16838750602315655,0.9800066090177291,0.8645803850814954,0.9308045596131588,0.8964711071728669,0.6462410848827235
222,0.15204847223467108,0.9828190189309646,0.8824933252754673,0.940481938954911,0.9105653268644145,0.6547349908920275
223,0.14473797844575464,0.9841562306093733,0.8911112421408002,0.9451213515460328,0.9173219824608065,0.6486801846333781
224,0.14848679491727473,0.9833497137438125,0.8866962101792406,0.9412330488964967,0.9131510677540894,0.6478881512981342
225,0.14339225682959283,0.9842715375481634,0.892116760038552,0.9451719276111057,0.9178783099334015,0.6504415724339832
226,0.14094497362593952,0.9847286454817752,0.8954174941881375,0.9463152420164389,0.9201630682469216,0.6501304707447102
227,0.14304213204401003,0.9843132095431326,0.8927717393996482,0.9447978123969097,0.9180482834294986,0.6490529597402925
228,0.14004859062943528,0.984899975127264,0.8961476751976997,0.947425035934848,0.9210732381209217,0.6386759491903297
229,0.14212329559724965,0.984557638555641,0.8940233258221608,0.9460988355248644,0.919324211467826,0.647850330620406
230,0.1390456313387953,0.9851508379277584,0.8982823906707539,0.9476337637245721,0.9222983619618171,0.6532437631723507
231,0.14659492703650495,0.9837564087944017,0.8888247936650915,0.9433258643191104,0.9152647060530184,0.6423774035602356
232,0.13973725249441407,0.9849614909293615,0.8970387848496892,0.946985873255938,0.9213358978485735,0.6530795314831543
233,0.13950628465671333,0.985083911426693,0.897495873201945,0.9478650107841461,0.9219930290206587,0.6473273769831669
234,0.15910890813675715,0.9816575725725791,0.8752040609201519,0.9362680298134459,0.9047068249012794,0.6530077917874263
235,0.14160621710282437,0.984530722388187,0.8936033384495843,0.946334881773095,0.9192134826585486,0.6511862740412516
236,0.1371253823740877,0.9853623838979356,0.8996308547909316,0.9484143333011419,0.9233787169939791,0.6513261975828292
237,0.13731536223626822,0.9853910647222867,0.900247187855127,0.9479494765045013,0.9234827298507253,0.6517380548814865
238,0.1362584577940351,0.9855859185488208,0.901139656361098,0.9491315535874452,0.9245132037319563,0.6526209474105996
239,0.13383385573895715,0.9860229423523807,0.9042608722898927,0.9503213093722396,0.9267191119009344,0.6523420270030782
240,0.13562408379084773,0.9857521533483273,0.9024806122876543,0.9493810375639141,0.9253369225974785,0.6462464200275618
241,0.13473496521762807,0.9858589322565109,0.9030564163756646,0.9499158886812686,0.9258936422845825,0.6476787273865134
242,0.13586205144901928,0.985768172587784,0.9027735702489251,0.9491915065288162,0.9254008252573701,0.651405187839121
243,0.14766733678017588,0.9836523146365944,0.8885172092831592,0.9424660712128716,0.9146968542621154,0.6485480503376371
244,0.15028525382387553,0.9830815888910275,0.8847064305329051,0.9406630529514419,0.9118270678244212,0.6233746736856587
245,0.1495557398193603,0.9831888484450585,0.8854836448088366,0.9409158594431346,0.9123585532502442,0.6434260574559248
246,0.1380240127926679,0.9851894612547812,0.898599610662248,0.9476821247794958,0.9224884501765112,0.6483475801689721
247,0.13329294345361722,0.9859642142961983,0.9038764099281531,0.9501148704263362,0.9264190475977928,0.6460547888735865
248,0.1307382835276264,0.9864978067168692,0.907828625302009,0.9514076241830673,0.9291073964410645,0.6478769196633576
249,0.132133186694315,0.9861664014050898,0.9050294221819455,0.9510476850338262,0.9274680814794187,0.6517434463046926
250,0.12994077147768557,0.9866338844226361,0.9086437903522243,0.9519891381808978,0.9298115771527256,0.6521945856563619
251,0.1295770476672718,0.9867677168256588,0.9096124527274949,0.9523481913260793,0.9304898864852521,0.6466447919489074
252,0.13016540985956465,0.9866270180533876,0.9084580097691641,0.9521452963964148,0.9297887605692357,0.6545936174177274
253,0.12976004705905056,0.9868178687866499,0.9102377535288159,0.9521485450779669,0.9307215730118372,0.6534343532894699
254,0.13126539200437154,0.9865085525847431,0.9078874607800417,0.9514606367593043,0.9291634876575734,0.6525121382222258
255,0.13126678971185102,0.9864986993448714,0.907828779899041,0.9514181085644401,0.9291124767036275,0.628167356596182
256,0.1377460893859966,0.9852929099738792,0.8997057433678327,0.9474747998295329,0.9229726051871225,0.6401457960321422
257,0.14011387867357233,0.9849041636125057,0.8969616826578842,0.9463919552012721,0.9210140725651444,0.6486652999248348
258,0.13548465826206926,0.9856974695836321,0.9020688933217957,0.9492600241760974,0.9250629981413098,0.6429195172245565
259,0.1325706825357118,0.9861778751081041,0.9055765225117108,0.9504766554173685,0.927483495167735,0.6380733798466417
260,0.13290699239043022,0.9861169841456083,0.9051041690105983,0.9503571187029846,0.9271788054893133,0.6455760942704898
261,0.13717696606684074,0.9853346300334331,0.8999403882462618,0.94767060672672,0.9231889787056461,0.6448861407133674
262,0.13002651849453398,0.9866133951767986,0.9085126212815039,0.951912351162393,0.929706274850452,0.6505558480304283
263,0.13211839940908143,0.9861154323461582,0.9053732348152561,0.9499900176875944,0.9271451659892119,0.6434207068551293
264,0.12863966514416736,0.9869195391161126,0.9112727139093366,0.952043553596896,0.9312120845778323,0.6444159001985271
265,0.12629742419226564,0.9872742420187521,0.9133107397204482,0.9536818489368984,0.9330598098805646,0.6463979104639873
266,0.1256870869681132,0.9873746146044268,0.9139261786499586,0.9540970895061974,0.9335797063535876,0.6561610951535654
267,0.12544068171502018,0.9874615703045899,0.9146513181277546,0.9542155187155068,0.9340146282924228,0.6476363859210411
268,0.1261516406113724,0.9873155157643049,0.9134385052418292,0.9540107779440512,0.9332839042387736,0.6488941752564722
269,0.1266828489442952,0.9873218122249058,0.9136519005470548,0.9538161523856102,0.933302113555368,0.6508381237076369
270,0.13039134617010467,0.98657135239789,0.9085977415610715,0.9513005653591905,0.9294589301093306,0.6499931285775665
271,0.13147731605086396,0.9863927169355208,0.9073979004163185,0.9507031771219576,0.9285458980331678,0.6523758979802176
272,0.13055558293629035,0.9865659760307683,0.9086043360624729,0.9512278391926259,0.9294276664024362,0.6478320353024133
273,0.1278095259833679,0.9870180303166133,0.9117288838583059,0.9526373978178901,0.931734327069358,0.6385926548113838
274,0.12699657094349964,0.9871098268070966,0.912207144153829,0.9531234448782911,0.9322165419799631,0.6471485460802036
275,0.12996803422411568,0.9865584710891797,0.9082997528641923,0.9515285637372124,0.929411765130103,0.6488105284953893
276,0.12951277172286735,0.9866959495342734,0.9093175192395004,0.9518681986267528,0.9301064592420758,0.6527735531534203
277,0.1250754812156125,0.9874755570987491,0.9147086367559907,0.9543092874784885,0.934089433894072,0.6466667624069145
278,0.1240453953124422,0.9876029900456322,0.915515639205545,0.9548057450865907,0.9347480057401087,0.651815660636157
279,0.12352943792939186,0.9877142526929351,0.9163631793680777,0.9550608404221042,0.935311911105288,0.654061246205016
280,0.12601414052166526,0.9872923760999375,0.9135134921043003,0.9536412404174969,0.9331461657404917,0.6520949233510823
281,0.13782395269694947,0.9852430326676581,0.9001687236549272,0.9462623771075452,0.9226402175438146,0.6447402264092927
282,0.13039108679341754,0.9865376041930335,0.908470269086937,0.9510603844253481,0.9292775913372311,0.6453879082886311
283,0.12321646747400435,0.9877144106194278,0.9163948787324568,0.9550230375822248,0.9353102939564922,0.6487544552172227
284,0.12054770541705674,0.9881736265283989,0.9197080390447682,0.9563199260245677,0.9376567303259643,0.647675890695618
285,0.12035455313517893,0.9882655603462671,0.9203202976674623,0.9566448680134519,0.9381310913916687,0.6399986390086123
286,0.11944625860334729,0.9883598699278955,0.9208448353022242,0.9571065499622119,0.9386256005157767,0.6480695948005601
287,0.12013184528449457,0.9882958479010223,0.9206456189079651,0.9565993126380505,0.938278166509999,0.6454521436640671
288,0.11935816568543585,0.9884934002106712,0.9219072245026431,0.9573666659873968,0.939302408593185,0.6488565098149228
289,0.11978067993688926,0.9884277508542862,0.9213907189601382,0.9572313288672822,0.93896913787016,0.6417773947916495
290,0.1208170245019652,0.9882862830486592,0.9204392485226204,0.9567417377906425,0.9382394692711714,0.6480229569199351
291,0.12113674735422615,0.9882743286997975,0.9204625042787763,0.9565722895142306,0.9381700627410412,0.6479616961630306
292,0.12108619819334943,0.9882796982005498,0.9204540788483044,0.9566459016848549,0.938201088222518,0.649197331862794
293,0.12395712103453471,0.9877350509253888,0.9168661050883478,0.9546780866683264,0.9353901262841106,0.6474999058164841
294,0.12273521783004562,0.9879996601971186,0.9187005998404457,0.9555186091862673,0.9367479697041357,0.6164246757747661
295,0.12139487951297126,0.9881755559781576,0.9197371200729986,0.9563066359636726,0.9376654552301743,0.6513608058142355
296,0.12015482343786912,0.988419181625464,0.9213958463138691,0.9571242700434054,0.9389202906533703,0.6528604448605619
297,0.11945989222781693,0.988522046703176,0.9222436491513791,0.9572893621331906,0.9394397750153074,0.6482806794845138
298,0.11909242593448796,0.9885738671918944,0.9227245561099738,0.957307082214384,0.9396977524106991,0.6503839783778572
299,0.1188269490711123,0.9886167476678515,0.9226902094189264,0.957852491546783,0.9399426192916395,0.6422617476291248
300,0.11900097764224457,0.9886252345002425,0.9230417845117581,0.9575206830264363,0.9399651595989205,0.6454934051705474
301,0.12666710629630432,0.9873219426859215,0.9142732197458778,0.953034844472324,0.9332517247501213,0.6491356525234537
302,0.13036161653107878,0.9865415317562437,0.9090338215698842,0.9503861353359387,0.9292501539126146,0.6451216844924546
303,0.1260367748227051,0.9873250325520834,0.9141092949108484,0.9532778310856888,0.9332827820185986,0.6487680812859843
304,0.12027118368436107,0.9882270468811523,0.9200845412497974,0.9564830246052187,0.9379307848221691,0.6333572676899734
305,0.11690587778207209,0.9887873563445692,0.9241537135300428,0.9580601118314324,0.9408015159637755,0.6463928336439612
306,0.11592732560184361,0.9889891589367829,0.9254045066698817,0.9588962781627466,0.941852749182612,0.6462930026767489
307,0.1150630371068879,0.9891425536257945,0.9266726349278815,0.9591476079810064,0.9426305020477782,0.6422951562377128
308,0.11535442009461012,0.9890748786904812,0.926168310535378,0.9589692996639977,0.9422834400202382,0.64728449216931
309,0.11503741868751512,0.9891968528738118,0.9269981847979036,0.9593868290771175,0.9429144554606038,0.6448416132640962
310,0.11460818578120616,0.989236039243113,0.9271055012895202,0.9597141337434941,0.9431280410046522,0.6465045194613753
311,0.11447880691815195,0.9893423237727107,0.9282703731100005,0.959544906968097,0.9436485849084004,0.6518533892692546
312,0.1162007802547954,0.9890394276260511,0.9258861054903461,0.9588979763371942,0.9421029405262732,0.6410622735085555
313,0.1250468367348901,0.9875574179529298,0.9159582723174269,0.9537113085718826,0.9344536290456036,0.6328689236141245
314,0.12805975772601239,0.9870145078691888,0.9118098434315972,0.952492757655149,0.9317074081439428,0.6478913691269534
315,0.12025784001611978,0.9882775421606058,0.9206812911832529,0.9563398611159103,0.9381718656326318,0.6445779983123602
316,0.11521137693374277,0.9891096980489404,0.9263298688365639,0.9591798732955128,0.9424687089824277,0.6383560725292331
317,0.11543044691784776,0.9890688431519118,0.9262322553468348,0.9588211154850178,0.9422449868121787,0.649441057239615
318,0.11279189248951219,0.9894950936221207,0.9291031851441611,0.9603202343539805,0.9444538257429471,0.6457569301583812
319,0.11233218191124553,0.9895938594773913,0.9298380718046738,0.9605853710688369,0.9449616725877518,0.6435862409078721
320,0.11268135166907911,0.9895627891565418,0.9297920825573139,0.9602792566662207,0.944789787944272,0.6430313347557544
321,0.11232055203734542,0.9895725462672439,0.9296840334782058,0.9605226124479436,0.9448517584172293,0.6466278344355965
322,0.11190755180210518,0.9897079991334092,0.9307197710505308,0.960854051799932,0.9455468798532901,0.6446835662517713
323,0.11362004211748676,0.9894654789715519,0.9290587095259415,0.9600290343530354,0.9442900031017376,0.6430595755192183
324,0.11410877734369082,0.9893370366683893,0.9282192608549079,0.9595449808017688,0.9436222100014101,0.6335121810091504
325,0.11410837990345715,0.9893778023026177,0.9282967138695188,0.9599265532168002,0.9438467160531111,0.6399307781953656
326,0.11229763488224942,0.9896716348418692,0.9303970470456229,0.9608184639702019,0.945363081486811,0.6447588089470064
327,0.11220803102411384,0.9896911627960119,0.930602587404866,0.9607988980472175,0.9454596999904241,0.6398923439218044
328,0.12729645072877835,0.9870219235479771,0.9132126273079672,0.9508077256009987,0.9316310519954991,0.6265115769431164
329,0.13807320112375904,0.9852472417520074,0.9011297201653293,0.9450540152374978,0.9225693455762888,0.6414458296634793
330,0.12742128118658239,0.9869925560867012,0.9118610729443548,0.9521664866601752,0.9315780227324639,0.6473541446638205
331,0.11706796518975882,0.9886558928389372,0.9229254626249038,0.9580230473282695,0.9401468030432957,0.642206000718001
332,0.11162447760538231,0.9895944499851467,0.9300195845663807,0.9603742067679487,0.9449531890137617,0.6460019699104209
333,0.11028748214673653,0.9897634656641987,0.9312336486876948,0.9608829207655429,0.9458259842042994,0.6445067482707152
334,0.108483668684745,0.9900828479634239,0.9334831867401016,0.9619033759412685,0.9474802094612771,0.6441205145033105
335,0.10792446073493082,0.9902181497694658,0.9344748922125682,0.9622919625551057,0.9481794514970545,0.6447896307681122
336,0.10766956329399305,0.9902891548938646,0.9351236822737834,0.9623446797966562,0.9485389254196448,0.6444931486034307
337,0.10810438503357146,0.990207493164392,0.9342859205116845,0.9623927455168932,0.9481310759104308,0.6462262277679492
338,0.10808159016983972,0.9902472906405565,0.9346898085372274,0.9623742870989835,0.9483300434801921,0.6311183759192862
339,0.1266867089212584,0.9870748975867294,0.9133867718819328,0.9512177239796112,0.9319184719236366,0.6451115063336894
340,0.11453845953609017,0.9891784922024413,0.9267346916362862,0.9594919682255317,0.9428288892556766,0.6488518125277559
341,0.11107741093946447,0.9897253092502848,0.9308808267251056,0.9608621735038123,0.9456339199689117,0.6419719619654224
342,0.10939678003033287,0.9899978285793889,0.9327237648509017,0.9618223065698087,0.9470495718572086,0.6455123572217952
343,0.10781021562250827,0.9903007865233716,0.9349685610720644,0.9626626075867346,0.948613500746187,0.6450235871975663
344,0.10692855821614214,0.9904537554974899,0.9361927943305581,0.9629828980543056,0.949398893253426,0.6448224332894466
345,0.10736591780303623,0.99039993689532,0.9357518465362583,0.9628819674251747,0.9491230719573343,0.640774212932051
346,0.10707003285558961,0.9904802734155276,0.9363761299091709,0.9630727536326905,0.9495368321636359,0.6511549996755189
347,0.10840941731074302,0.9903096784715484,0.9350441620983984,0.9626758976476297,0.9486588640568175,0.6493983330385292
348,0.10988536238563147,0.9901184432216081,0.9337796206968321,0.961963255048968,0.9476619376143319,0.6489558586259648
349,0.10934893095450436,0.9901356778084219,0.9338216229766253,0.962112842067709,0.9477561511023141,0.6379634788893154
350,0.11030883709196564,0.9899688181693139,0.9331557889355833,0.9609720380072115,0.9468596654524916,0.6436490034219882
351,0.10952574393892889,0.9900693830133276,0.9333407409365575,0.9619168136695069,0.9474133469698687,0.642400062310891
352,0.10797713022920297,0.9903799763599146,0.935542891264645,0.962898284666607,0.9490235005979311,0.6420119768358549
353,0.1103357830815178,0.9900219913327744,0.933203932362088,0.9615306635668338,0.94715555229241,0.6462636788401668
354,0.11446100584626627,0.9892331896998748,0.9272643152864356,0.9594884980429647,0.9431012254255389,0.6484590395377854
355,0.11382009897032659,0.9893241072950943,0.9277261239241067,0.9599901240080816,0.9435824030513223,0.6428507435995029
356,0.10970881230217948,0.990032565541417,0.9330348199770224,0.9618543503833001,0.9472254258367468,0.6490746088679247
357,0.10697141316511648,0.9904750412421602,0.9361874566477224,0.9632348185419386,0.949518563306587,0.6433812451305578
358,0.10571021286489295,0.9906925815526916,0.9378915299054408,0.9637379211804882,0.950639077247877,0.644514374099952
359,0.10686742440670086,0.9904786392196465,0.9361506719867863,0.9633197272643237,0.9495408934744918,0.6475107043666658
360,0.1057618093013549,0.9906980059843978,0.9377719455614691,0.9639407422764811,0.9506762941338811,0.6380411631806834
361,0.10691413764419744,0.9904964093832617,0.9364738902001583,0.9631437077911358,0.9496215825866476,0.6487497947247329
362,0.10614176776608546,0.9906888325150819,0.9376595811304147,0.9639670270635847,0.9506313331179062,0.6418979501177231
363,0.1073902605918886,0.9904896185440748,0.9364982732690096,0.9630366489672589,0.9495820774812089,0.6420418498800917
364,0.11829997182374807,0.9885674059384316,0.9232947347783317,0.9565325669988887,0.9396198064780951,0.6455751558596233
365,0.11127028947950696,0.9897427429618068,0.930936154544448,0.9609983966279867,0.9457284358233595,0.6454313260722305
366,0.10624236906979152,0.990607878021642,0.9373803285839784,0.9633624031265311,0.9501937857476809,0.6484878996298916
367,0.10457445267025087,0.9908324494942836,0.9387790425453459,0.9643076217908564,0.9513721081322999,0.6478463836929427
368,0.10408603468333645,0.9909293064989031,0.9395709375452233,0.9644954546515065,0.9518700632487103,0.6440434195719221
369,0.1033589674843301,0.9910329337436017,0.9403974410775768,0.9647219025224241,0.9524043850914355,0.6463239713890392
370,0.10306341115304891,0.9910975462782301,0.9408259207423499,0.9649647414684455,0.9527424594711724,0.6465208156407739
371,0.10372015433184964,0.9910212609158792,0.9401641817481476,0.9648596761537028,0.9523518607603341,0.6425890456904219
372,0.10502353798356845,0.9907922331695952,0.938532515944156,0.9641335958268027,0.9511608198617485,0.6485027977578475
373,0.10598218106001402,0.9906618202184582,0.9378928071245318,0.9633821905505304,0.9504666375291375,0.6433943479857588
374,0.11920626182779134,0.9881991762883726,0.9204225487814044,0.9557370830206477,0.9377474571007952,0.6498761183223202
375,0.11012433305811539,0.98994646813741,0.9326517610241478,0.9613128542354981,0.94676544553603,0.6436840319769505
376,0.10462315381913305,0.9908110401549668,0.938527849610065,0.9643554660100786,0.9512663801765379,0.6444449797833902
377,0.10305932157492037,0.9910506970408476,0.9403673418081643,0.9649609021175202,0.9525053978137046,0.6368316349119986
378,0.10170074754642497,0.9912623940711484,0.9418787424772364,0.9656320501927207,0.953607502118706,0.6453169586906495
379,0.10142615366485908,0.9913408492061818,0.942594133490766,0.9657018230124197,0.954008071935382,0.641532782479786
380,0.10146694432059639,0.9913749269967621,0.9428255284810325,0.9658242392399975,0.9541863197547477,0.6448275581726218
381,0.10290935824511291,0.9911677274383192,0.9412974027650681,0.9652216826457499,0.9531094337523466,0.6460280536669831
382,0.10211548883226707,0.991291480011285,0.9420984553364836,0.9657105353856731,0.9537583773988084,0.6464832008858029
383,0.10177158006875635,0.9913685069415148,0.9427076907821992,0.9658870716945624,0.9541566274990215,0.6398783439619491
384,0.10268508403046096,0.9912521013836448,0.941938993654558,0.9654442173320705,0.953546774728068,0.6422498452596552
385,0.1043707658570233,0.9909359806098127,0.9396660408757658,0.9644611219941943,0.9519021436750295,0.6389842131197431
386,0.11201363590231045,0.9896740106056291,0.9307105201477739,0.9604702643747514,0.9453562416227559,0.6438622561578397
387,0.10706502615923075,0.9904524028227479,0.9360461607712234,0.9631402376085687,0.9493999351163185,0.6418836387088339
388,0.10287970931624336,0.9911363549972227,0.9409948157795744,0.9652135609418696,0.9529503364459998,0.6407798488322654
389,0.10166137830334172,0.9913168855775045,0.9423933903324735,0.965659811653257,0.9538847479353842,0.6465399487980747
390,0.10177184452416657,0.9913252007506644,0.9423430262626225,0.9658133856902665,0.9539338630472664,0.6463944243544393
391,0.10409615310780007,0.9908952493074306,0.9391133636053376,0.9646386919744866,0.9517049071898205,0.6349391254776062
392,0.10236554733551234,0.9912232763655395,0.9416324765614001,0.965469468447771,0.9534020024446269,0.6430157183054963
393,0.10190087216470739,0.9912840643324966,0.9420241558154965,0.9657117167244194,0.9537208769862566,0.6453555244466387
394,0.10050133024777869,0.9915142662279222,0.9437189556479901,0.9663862611485152,0.9549181114254849,0.6389924078842246
395,0.0995100558393722,0.991663850082001,0.9447628911392781,0.9668928339696319,0.9556997708789399,0.6377581108271885
396,0.09946325626358282,0.9917187192386657,0.9453546054285368,0.9668391568903502,0.9559761857674254,0.641949638989488
397,0.09966488320568054,0.9916518957331393,0.9447060894508484,0.9668216583101717,0.955635939984038,0.6407676732937673
398,0.10195808411448551,0.9912299573428184,0.941539786817665,0.965653683458511,0.9534442912407415,0.6460302828684412
399,0.1010124094837861,0.9914744412862808,0.9435327576328434,0.9661457110463146,0.9547053516806743,0.644816896792496
400,0.10640990183346992,0.9904740799504654,0.936624219515135,0.9627091227998673,0.9494875498405068,0.6349279806590868
401,0.10489449252059563,0.9907398633713368,0.9382461119884178,0.9638664656028121,0.9508837431410991,0.6342186233552899
402,0.10022711550160278,0.9915724106427185,0.9441090266973456,0.9666011171329854,0.9552226881169744,0.6467584298076493
403,0.09866836019825163,0.9917935420643668,0.9457855703362303,0.9671982838692034,0.9563720870162893,0.6457627252239002
404,0.09819043127538489,0.991871214433306,0.9462655854996354,0.967533784073132,0.9567815072287584,0.6437318149914818
405,0.09893155773337796,0.9917529000247849,0.945500523648195,0.9670616915766708,0.9561595732752126,0.6125614453488161
406,0.10138965380652774,0.9913118113306298,0.9423131913580234,0.965694587312599,0.9538606274254553,0.6473976424874394
407,0.10230064906662317,0.9911775532127137,0.9413047215812943,0.9653258619564328,0.9531639737343413,0.6422442925706086
408,0.10069447314942913,0.9914687216006968,0.9432939690099196,0.9663560631768148,0.9546857601620713,0.6290559669953099
409,0.10237780628766087,0.9911897616172376,0.9415580711324159,0.9651716234163785,0.9532186283706213,0.6438162815322556
410,0.09952380217397384,0.9916389938253213,0.9444722378497524,0.9669434838683764,0.9555757710965151,0.6410651493081186
411,0.09765413664817381,0.9919233439086406,0.9465553042937603,0.9677961889421377,0.9570579064035893,0.6437546432681108
412,0.0970467756361627,0.9920276921221102,0.9473781377805396,0.9680439747441589,0.9575995725286557,0.6387952841934456
413,0.09732302398883182,0.9920100386867723,0.9474121416142199,0.9678041629786748,0.9574995915729585,0.6406216409153942
414,0.09705691019461739,0.9920376414911513,0.9473879781499728,0.9681460128783643,0.9576545213926434,0.6348562417576574
415,0.09732333976748607,0.9920008926829332,0.9470736993045377,0.9680866506063665,0.9574648989362838,0.6362920492123253
416,0.09863142106387256,0.9917750577983497,0.9455206759158813,0.9672913881291404,0.9562821401046425,0.6362093598980124
417,0.09840898282772345,0.9918160637555019,0.9457404919991977,0.9675069086166553,0.9564998854546534,0.6421601068303399
418,0.09672164360878707,0.9921024737495957,0.9478869258144629,0.968314501317045,0.9579918299601462,0.644514790885475
419,0.09654778622680431,0.9921315047587784,0.9482720207233278,0.9682058919860638,0.9581352872174508,0.6405694738045747
420,0.09694215357839632,0.9920656906095314,0.9476823007047177,0.9681293264685739,0.9577967003375513,0.6471373826749415
421,0.09695350656138478,0.9921224274186319,0.9482860734030296,0.9680866506063665,0.9580840690497124,0.6427124013970636
422,0.09746716724936481,0.9920371539789347,0.9475762377434204,0.9679255455348497,0.9576428013384093,0.6421093214946363
423,0.09761858600185072,0.9919762286845926,0.9470901340346084,0.9677869597331828,0.9573266967303293,0.6413914565971945
424,0.09741757657352111,0.9920155729803866,0.9473144675306301,0.9679787057784299,0.957535112664983,0.641811472460236
425,0.09665292599271956,0.9921508473209515,0.9483692378447603,0.9683151658200898,0.958238418433855,0.6423726609112237
426,0.09698368434747345,0.9920881573697126,0.9478852876627564,0.9681534700791999,0.9579121787382026,0.6485904735296713
427,0.09943519215092814,0.9917309139104511,0.945548918760165,0.9667552818393681,0.9560345170630341,0.6365491869431087
428,0.10025841978599699,0.9915271200711554,0.9437440819044952,0.9665042473557948,0.9549885735859243,0.6422654960472969
429,0.09691382868202042,0.9920742667047229,0.9478011947318684,0.9680913021276797,0.9578388080439465,0.6475341627949797
430,0.09605784048225811,0.9922150890716405,0.9488253317497494,0.9685265516219929,0.9585747244633517,0.6411089404276377
431,0.09718620306778726,0.992011274633237,0.947212098947649,0.9680467065900096,0.9575160810406231,0.6175246869385494
432,0.09716580073824889,0.992027300739063,0.9474457523878489,0.9679623147033259,0.9575941537407362,0.6419374389608717
433,0.09511945014752501,0.9923850248441719,0.95004980434035,0.9690666449300337,0.9594640041343591,0.6414628117857227
434,0.09504921640530764,0.9923724937202933,0.9500037207422258,0.9689766416843055,0.9593963887659529,0.6440835708069494
435,0.0945396385148918,0.9924619007142782,0.9506589597987777,0.9692491617663259,0.9598640576190378,0.6420979165105298
436,0.0953628128702692,0.9923329228343142,0.9496179167233784,0.9689649021305149,0.9591938619453718,0.635123378587759
437,0.09527983153305894,0.9923390819675301,0.9497464055360441,0.9688890749497414,0.9592222448254439,0.6398093381634206
438,0.09518664788535174,0.9923510225836533,0.9497212266389689,0.9690532072017954,0.9592898304152542,0.6373519097238463
439,0.09497201988111725,0.9924212998729117,0.9504525884356471,0.9690221232260353,0.9596475323962743,0.6396575146448209
440,0.09553482309787822,0.9923037338986388,0.9494670112542841,0.9688046830630578,0.9590383777667981,0.643408776069607
441,0.104918616656348,0.9908353745675835,0.9395968737074115,0.9633857345667691,0.9513426138919653,0.6311754588194113
442,0.09919610409159883,0.9917160207555511,0.945152001154599,0.9670410919822835,0.9559712631179931,0.6440182290242893
443,0.0948776040467427,0.9923585961889344,0.9497904585856838,0.969060664402631,0.9593288002530744,0.6457480467697116
444,0.09830521159678055,0.9917418108384485,0.9456527242103993,0.9667605240300544,0.9560901379963107,0.6456385162369107
445,0.09425852273543961,0.9924430387979525,0.9504107904748501,0.969316055072831,0.9597703342622254,0.6427275713383369
446,0.09406661676417152,0.9925003729811775,0.951127865858068,0.9691553930033441,0.9600570086505493,0.6462218443985194
447,0.09338444567841592,0.9925714536356381,0.9515430336303502,0.9694922960470338,0.9604338100505145,0.6407532425319646
448,0.09274353476897847,0.9926723205998987,0.9522138550679757,0.9698785199833786,0.9609650154679177,0.6396199337739399
449,0.09211550210770085,0.9927894608592783,0.9533102323661617,0.9699712550749574,0.9615685780808663,0.6427773171765868
450,0.09238291346876741,0.9927041874195811,0.9524692125570643,0.9699517629856447,0.9611309943686669,0.6394934212074126
451,0.09207307710814819,0.9927370841946507,0.9526386597416427,0.9701333938178771,0.9613064370749295,0.6406657865486781
452,0.0930787763096017,0.9926503001537188,0.9522870226372582,0.9695468591303752,0.9608394362777747,0.6353100730212692
453,0.09272951719840225,0.9927329575067323,0.9527232535788429,0.9699915593346582,0.9612798613154552,0.6441614411539154
454,0.09240209912921456,0.9927958259835717,0.9530338260903931,0.9703536396603769,0.9616157517230066,0.64544567455404
455,0.09207158242251805,0.9928388506532828,0.9535690087848024,0.9702392713030078,0.9618319141222001,0.6404160252628943
456,0.09384853473241381,0.9925719274151164,0.951434993098149,0.9696195852969398,0.9604412220453783,0.6444716293555106
457,0.0931068379431963,0.9927102229581505,0.9526960060394806,0.9697649637963974,0.9611547098245876,0.6344573092840468
458,0.09282822035949864,0.9927472601538769,0.9529400567654653,0.9699096777928103,0.9613499867430678,0.6448435927145526
459,0.09257399934015685,0.9927916306319609,0.9531293407456011,0.9701988842846211,0.9615883663910646,0.644172490805967
460,0.0930400215786138,0.9927052448404453,0.9525427133273413,0.9698810303282143,0.9611336847898225,0.6428870244497179
461,0.09303938601460816,0.9926880308527394,0.9523238656653511,0.9699324923973468,0.9610475280468728,0.6349707425888658
462,0.09305682159263454,0.9926485972941451,0.9520735888816136,0.969767917143263,0.9608392974783453,0.6496639449594707
463,0.09338366774935945,0.9925942019169585,0.9520682163647063,0.9691580510155231,0.9605371243065894,0.6319581769140907
464,0.09665939432950757,0.9921070124196689,0.948467254808169,0.9677051520250066,0.9579896315507145,0.6357527451913974
465,0.0929604728418074,0.9926868086390132,0.9523564371883064,0.9698819901659456,0.9610393211406952,0.6381663756952766
466,0.09249528078027337,0.9927284737676131,0.9526942249111396,0.9699734700851066,0.9612562021737233,0.6436658900341384
467,0.09168731628937259,0.9928614753399567,0.9537865237270859,0.9702510846904701,0.961948358140954,0.6208309009754225
468,0.09127772448035024,0.9929312582506293,0.9542148487607135,0.9705596356042503,0.962317843907741,0.6353193218513238
469,0.09030201223095972,0.9930758708533721,0.9553210500660705,0.9709553840842365,0.9630747702105555,0.6365982441995901
470,0.09021536520809578,0.9930884775073124,0.9554258511304986,0.9709806351999372,0.9631404445530963,0.6355439736555037
471,0.09006894342333292,0.9931173780554794,0.9556051257002043,0.9711065954437537,0.9632935015896846,0.6408087322425111
472,0.09020152216334995,0.993092693458031,0.9554179138783899,0.9710370441250695,0.9631641613444315,0.6351031224246908
473,0.09065564459176373,0.9930735774860432,0.9552382793813889,0.9710219082223834,0.9630654288773361,0.6398471443972326
474,0.09100941232264899,0.9930063076665155,0.9547097188937439,0.9708533459500311,0.9627138595683491,0.6356393850859774
475,0.0936005307669691,0.9926040208249838,0.9519888113161865,0.9693586571013668,0.9605952185973217,0.600936542446435
476,0.10119722236832268,0.9913147089384527,0.9428106987565219,0.965152057493394,0.9538505746518361,0.6283795460412194
477,0.09300704284323205,0.9926767425416948,0.9523420582374699,0.9697842343846953,0.9609840075182992,0.6409912628680339
478,0.09037088303954052,0.9930471350980671,0.9551462597172995,0.9708263228262112,0.962922462642696,0.6423226087867987
479,0.08995051598913378,0.9931195409617927,0.9557260001122064,0.970996214104653,0.9633005951587427,0.643290468239256
480,0.0903886248149889,0.9930662442036857,0.9555372480163239,0.9706056339816815,0.9630125003415564,0.6389618595559363
481,0.0894882222302526,0.993147844135835,0.9558503360626647,0.9711767374318109,0.9634525883095746,0.6411837070461385
482,0.08889572227226315,0.9932720910873868,0.9568640028159191,0.9714486668444582,0.964101179764267,0.6404377993044977
483,0.0889236975809653,0.9932585506072288,0.95667558946333,0.971505592605292,0.9640335608663901,0.638863680387581
484,0.08941566791358611,0.9932270751705936,0.9564788766697335,0.9713698124831475,0.9638668348842517,0.6354749503202135
485,0.08918069944911294,0.9932454152428564,0.956584168982988,0.9714592988931742,0.9639643520653352,0.6471936975710789
486,0.08960205757414265,0.9932092226105474,0.9564721754073848,0.9711761467624378,0.963768080634156,0.638761096259437
487,0.0899741960381218,0.9931406550472318,0.9559210634866329,0.971016887532712,0.9634098444142706,0.644894909248496
488,0.09018125519049254,0.9931545457122216,0.9559304599144637,0.971163004368886,0.9634865299732652,0.640672266230582
489,0.08994213754324604,0.9932028506198848,0.9565621357996684,0.9710043358085333,0.963729132056145,0.6399561152713095
490,0.09063136912614321,0.9930982071525375,0.9557068586101061,0.9707770019335562,0.963182986300267,0.638966865511485
491,0.08950408944766299,0.9932501805031148,0.9565513761097084,0.9715494498062457,0.9639920803719465,0.6334919528093546
492,0.09067831977719454,0.9930515364407554,0.9552551601276109,0.9707544088300346,0.9629424206374869,0.636229758019315
493,0.09237295619661001,0.9928122297397064,0.9535730623255795,0.9699338214034363,0.9616838620673499,0.6474722101788427
494,0.09087231201823238,0.9930370690007488,0.9551721033860516,0.9706838976736192,0.9628655307081334,0.6426384027747193
495,0.09050197135523069,0.9930883333135582,0.9555416837591341,0.9708498019337924,0.9631349196742811,0.6423804293355851
496,0.09005649938589806,0.9931419459246505,0.955910266424671,0.9710434676545021,0.9634174432518193,0.6405691150668936
497,0.0893971254285291,0.9932174553872765,0.9565750309227727,0.9711545134966475,0.9638096396542287,0.6361674223342328
498,0.08854441970533175,0.9933441536326499,0.9574465329623302,0.9716131682648703,0.9644778321209462,0.6428089292911635
499,0.0876969702863436,0.9934895833333334,0.9585533303684883,0.972022945142468,0.9652411490598071,0.6457796211446863
500,0.08774722108898832,0.9934875234225587,0.958440401673338,0.9721246879419868,0.9652340461344787,0.64830093642584
501,0.08772106368175085,0.9935107798152035,0.9586649453313926,0.972137756501867,0.965354345430087,0.6390450062390975
502,0.08873051599257713,0.993353079912673,0.957505741779066,0.9716479439242124,0.9645250061620596,0.6461827043227444
503,0.08877206761255968,0.9933662839407379,0.9575640807089635,0.9717318189751946,0.9645959296186355,0.6405194142247441
504,0.09314470123097622,0.9926738449338719,0.952782167581086,0.9692565451334898,0.9609487529105561,0.6188739065545947
505,0.09363248469911033,0.9926026269520264,0.9520280273851647,0.9692987041599957,0.9605857432965683,0.6424117503559366
506,0.08943319275117606,0.993226203141699,0.956423921725646,0.9714211268849368,0.9638641907367425,0.636305756089588
507,0.08763492403538536,0.9935060214213143,0.9586880423673102,0.972058754473213,0.9653271013235859,0.6406607087331924
508,0.0872794415989368,0.9935437246548579,0.9588981563289024,0.9722502051837735,0.9655280224154834,0.6398318921128605
509,0.08651998921853604,0.9936834758681727,0.959987398478023,0.9726178230348651,0.9662613380684915,0.6399550260086391
510,0.09052694044846425,0.9930350640209282,0.9552925538583185,0.9705268534540425,0.9628494477767114,0.6386792865823872
511,0.09274500757187819,0.9927575185095343,0.9534318512895664,0.9694736899617807,0.9613858561094728,0.6369668769830491
512,0.09299943070831916,0.9926185500623137,0.9521068991861023,0.9693901840791568,0.9606708126734508,0.6284510634868252
513,0.09030706586865642,0.9930243524849006,0.9549583947574787,0.970779069276362,0.9628037455514995,0.6377850073863579
514,0.08781365528300726,0.9934344189227908,0.9580882119607099,0.9719174368256955,0.9649532785640269,0.6426271680486325
515,0.08718829208033547,0.9935117754387445,0.9587975314497198,0.9720024193817522,0.9653548207985468,0.6332745736656982
516,0.08624616414040541,0.9936283663885842,0.9595611907377352,0.9724689743528405,0.9659719644612991,0.6350774063776711
517,0.08621584271623504,0.9936745221226727,0.9599807126832619,0.9725247187749281,0.966212003789489,0.6371121283245931
518,0.08644684527417738,0.9936554610816388,0.959901407274282,0.9723981678617385,0.9661093774196073,0.636722916958909
519,0.09587864955659393,0.9923993068922088,0.9510970858580953,0.9680444915798604,0.959495959804823,0.6430130670992447
520,0.09025707739077025,0.9931029380809497,0.9558571170356062,0.9706629289108736,0.9632031296993424,0.6430127803598319
521,0.09109611395183656,0.992907074898136,0.9545388521664724,0.96992407535878,0.9621699647622319,0.6320823405817833
522,0.08760219525626238,0.9934592408476242,0.9583691269914943,0.9718856145132191,0.9650800465751389,0.6375435408904357
523,0.08596202999139003,0.9937313413282041,0.9604905062287413,0.9726011366250746,0.9665078854684296,0.6424347942873171
524,0.08550118338718689,0.9937509448124086,0.9604356263480848,0.9728813354089455,0.9666184213132468,0.64142083616439
525,0.08554800808858529,0.9937675682923592,0.9607039498979919,0.9727727260779642,0.9667006712914277,0.6327586344017789
526,0.08619103677195611,0.993673341107162,0.9600167555026097,0.9724717800323628,0.9662041310129378,0.6408835877316343
527,0.08549141526731441,0.9937647874128136,0.9605513957949597,0.9729092445368251,0.9666908271391556,0.6392423059465224
528,0.08669624563386973,0.9936011069026677,0.9592648056374767,0.9724898692819144,0.9658320671387096,0.6310253441648869
529,0.08583822705709249,0.9937909826114967,0.9609138423760106,0.9728046222241123,0.9668226730366567,0.6393399397222241
530,0.0861112052748958,0.9937031068178542,0.9601357351793823,0.9726747487956989,0.9663645688683254,0.6364887990890477
531,0.0857007346055705,0.9937989613325634,0.9608427486802522,0.9729721508250617,0.9668694103321239,0.6392521458476854
532,0.08569174420704945,0.9937916211838368,0.960801525454105,0.9729351601555705,0.9668302752922948,0.640014277897342
533,0.08582140895263325,0.9937756774744417,0.9606784473359928,0.972891672122975,0.9667464878519513,0.6402830711019963
534,0.08700995463475907,0.9935876762844176,0.9593874950946769,0.9722036899706408,0.965753074516329,0.6415017668741442
535,0.08828136106457213,0.993432159887308,0.9584320887198556,0.9715115731326948,0.9649275102251358,0.6323091261405601
536,0.09042579412674732,0.9930417106663608,0.9551194839607995,0.9707950173494362,0.9628934569750632,0.637878691587188
537,0.08669106823077305,0.9936581664311227,0.9597741500096033,0.9725687236432251,0.9661290786309049,0.6405445833910591
538,0.08561876295603436,0.9938026211073728,0.9608215576685569,0.9730364599530595,0.9668904320806501,0.6429006308382699
539,0.08534497971371781,0.993882669240072,0.9615641311819576,0.973118415328579,0.9673067710878761,0.6343342565439798
540,0.0859191168314047,0.9937680283390989,0.9606590640814668,0.9728272153276339,0.9667048503444639,0.6290300407291818
541,0.08699939604982626,0.9935897705270383,0.9594317793891602,0.9721783650212685,0.9657630152079091,0.6156897910589193
542,0.08571240281779989,0.9938070705146459,0.960942838137233,0.9729531017377788,0.9669106756786008,0.6385445678716611
543,0.0857018400787664,0.9938468061934871,0.9614037993390392,0.9728924842933631,0.9671140234954722,0.6378119645705145
544,0.08528272795537822,0.9938970474172784,0.9616186262671302,0.9732197151260681,0.967384391237294,0.6406246611097804
545,0.08558623811645473,0.9938092334209592,0.9610069350419704,0.9729069556930043,0.9669203329587929,0.6391646597765909
546,0.08524933910305552,0.9938754389532534,0.9614161444853547,0.9731997062010538,0.967272039064629,0.6442091156383071
547,0.08557428995803963,0.9938334648380371,0.9612957260243191,0.9728615479849462,0.9670440565081492,0.6408943626248039
548,0.08444101159065533,0.994019715103903,0.9626402988408113,0.973474515126895,0.9680270936362957,0.6337515329330536
549,0.08507328790029604,0.9938917259811108,0.9616186115316128,0.9731601313530552,0.9673549471754046,0.6392251583407228
550,0.08567805933973772,0.9938331352523132,0.9612936385417001,0.972860145145185,0.9670423071904184,0.6335498610447268
551,0.08504696978966324,0.9939410883096383,0.9621882874671945,0.973088955693595,0.9676079219562964,0.6235138613998422
552,0.08465697864914755,0.9939787297458587,0.962268455837004,0.973422536222061,0.9678133593120123,0.6416923138977194
553,0.08506488475760968,0.9938795381756946,0.9616160656523843,0.9730264185737165,0.967287593479039,0.6207835016672187
554,0.09104707414994566,0.9929644777450536,0.9551566409101416,0.9698821378332889,0.9624630683609314,0.6362210814307446
555,0.08609545422490124,0.9937314374573736,0.9603201762355611,0.972789560155098,0.9665146517677761,0.6367973518007054
556,0.08468425831348776,0.9939491837589823,0.9620663998741815,0.9733129670533484,0.967657006337131,0.6405684851482217
557,0.08373357125109049,0.9940899717940538,0.9631785871499849,0.973672389366888,0.9683970607009469,0.6308010702112323
558,0.08355474400354161,0.9941172999436628,0.9633829574822023,0.9737549354117807,0.9685411792119984,0.6320797402916098
559,0.08425800295935261,0.9940111870732964,0.9624891319208705,0.9735443617802657,0.9679851828028277,0.6416962889377921
560,0.08380387675204723,0.9940838675917918,0.9631276866844454,0.9736596899753661,0.9683650524830759,0.6387473925302893
561,0.08427326040838262,0.994026238154689,0.9628102097903017,0.9733618449439735,0.9680572755307127,0.6399191801225907
562,0.08504193903972133,0.9939150167056017,0.961914017810856,0.9730972988984902,0.9674733418057193,0.6380719997728331
563,0.08678460606246544,0.9936233402062943,0.9596590341009623,0.9723046944334433,0.9659404782093585,0.6377456224110866
564,0.08501468585442296,0.9939132726478126,0.9618887696758397,0.9731054206023705,0.9674645851557058,0.6394137750671589
565,0.08432351397149426,0.9939931834531267,0.9623962703874225,0.9734444648225378,0.967888840579524,0.6401624131323992
566,0.0830912465872846,0.9941811228458277,0.9639075022551371,0.9738964745603131,0.9688762428811116,0.642526449780072
567,0.08324757326233516,0.9941400276258754,0.9635492920992917,0.9738275877446737,0.9686611753864984,0.6271399349734681
568,0.08489879759417164,0.9938746905190052,0.9614448508445482,0.9731598360183686,0.9672668734259956,0.6372012432889574
569,0.08339759590868041,0.9941488715094675,0.9636677433376372,0.9737973159393016,0.9687060496148424,0.6393727207618372
570,0.08339277356059002,0.9941470244561396,0.9636313237244859,0.9738163650265845,0.9686970733130369,0.6454070997614186
571,0.08429120164766586,0.9939773908038552,0.9624121024353478,0.97325042993347,0.9678009227384331,0.63642486638943
572,0.08320299264633184,0.9941452254673965,0.9634927329197356,0.9739473459600725,0.9686918323910733,0.6354481114065978
573,0.08251527407400899,0.9942633819494249,0.9644634134040113,0.9742101938311082,0.9693123023997323,0.6405807004553484
574,0.08343665577846465,0.9941412429732324,0.9635543012318246,0.973835709448554,0.9686677244740921,0.638501562428519
575,0.08440636500394602,0.9939690001006335,0.9622519335350233,0.9733317208059448,0.9677601153698357,0.6389739067372949
576,0.08679120747787918,0.9935936774911407,0.9594311180255738,0.9722229605589386,0.9657846840804166,0.6380048189472307
577,0.0840791055276025,0.9940435414051954,0.9627112318777892,0.9736635293262914,0.9681564070472812,0.6389243776115621
578,0.08243099582656253,0.9942689025103006,0.9644978225500747,0.9742344112754058,0.9693416676467838,0.6413118875052234
579,0.08968470935716474,0.9931268467786731,0.9565406946482943,0.9701720088281445,0.9633081315946727,0.6366491461294611
580,0.0889959137404351,0.9932436780514364,0.9569873866216762,0.970991710250683,0.9639386866087293,0.630363267125244
581,0.08716835982079128,0.9934897755916723,0.9587139979501068,0.9718475163386532,0.9652360837931333,0.6303286089891581
582,0.08373507085463984,0.9939999262277288,0.9625499481635044,0.9733518773983022,0.967920776522532,0.6372668969894172
583,0.08180507670471565,0.9942813787032252,0.9645934694613328,0.9742697037704493,0.9694074411496979,0.6365392458925714
584,0.0806832053638298,0.9944540678898252,0.9659769865648739,0.9746949857190912,0.9703164043913471,0.6402064863440435
585,0.08037718191153283,0.9944819728144512,0.9661060975292982,0.9748662060036226,0.9704663834523165,0.6370042464834935
586,0.08066802678241146,0.9944393463941564,0.9658542984742845,0.9746637540759878,0.9702390299375869,0.6321401667551755
587,0.08070805778043519,0.9944564848518007,0.9659908198080178,0.9747069467738968,0.970329310209926,0.6333167618211808
588,0.0806193923604467,0.9944707737662069,0.9660534179778965,0.9747984266930578,0.9704062208890122,0.6400067963229337
589,0.0806537156375192,0.9944660016395791,0.9659547218394948,0.9748521037723394,0.970383018348258,0.6385529875919282
590,0.08071110000927671,0.994463371820157,0.9659083643497153,0.9748729987014134,0.97036997732091,0.6454176921154953
591,0.08594687882033612,0.9936714803210956,0.9601911948489509,0.9722589175570269,0.966187376075977,0.6347903089327339
592,0.09593883820092507,0.9922017202507136,0.9502661302572601,0.9667416964437865,0.9584331144008826,0.6296407349784491
593,0.08883796030615303,0.9932096414590716,0.9566705479642393,0.9709603309402364,0.9637624734254596,0.6317822681676156
594,0.08329211133900735,0.9940283323973099,0.9626490583746535,0.9735613435247427,0.9680744506843654,0.6299800174237127
595,0.08147405602520319,0.9942517159880716,0.9642468850520128,0.9743154806468657,0.9692550354788293,0.640865444744739
596,0.08336340162983473,0.993996369448458,0.962474916246344,0.9733941102584799,0.9679037186076704,0.626090811519951
597,0.08197261015851078,0.9941878656204297,0.9640303949510538,0.9738379982923748,0.9689093783513828,0.6364580092503691
598,0.08026811062432021,0.9944485953935341,0.9658569135768328,0.9747640202020739,0.9702900258679605,0.6324966663463519
599,0.07947364543973327,0.9945618630206575,0.9668105857393019,0.9749943812575883,0.970885238072096,0.6384649046816978
600,0.07942564111444161,0.9945726020221622,0.9666819671660846,0.9752529467756688,0.9709485424102133,0.6405639656619616
601,0.07955093885497223,0.9945743254808436,0.966836935454647,0.9751046887630173,0.9709532122634208,0.6410937536595077
602,0.07955672423080574,0.9945882298785719,0.9670049051660573,0.9750781086412271,0.9710247268242409,0.637099481669628
603,0.07954120732468667,0.9945971355594871,0.9670769116085726,0.9750995204060025,0.9710716463870266,0.6367760156690621
604,0.07980138450030157,0.9945734328528413,0.9669176318116169,0.9750075974848117,0.9709457634472499,0.6338364807478649
605,0.07982893058319958,0.9945374805434561,0.966435707661762,0.9751280202032553,0.9707624063437016,0.6389821891827492
606,0.07989488381946044,0.9945486795917005,0.966772560859263,0.9748886514398009,0.9708136436315874,0.6392735134088645
607,0.08030204205579466,0.9945320561117498,0.966644671090235,0.9748416932246383,0.9707258781028971,0.6386928425112697
608,0.08162231038478639,0.9943138497634014,0.9648692471158441,0.9743324623913426,0.9695777647256424,0.6271869986956717
609,0.08263593697719437,0.9941464408147535,0.9635779221429113,0.973868048596732,0.9686956590071683,0.6410506401610939
610,0.08178342297244415,0.9943156212866675,0.9650430465043851,0.9741635309506321,0.9695818409773047,0.6414514374022786
611,0.0809906559507195,0.9944288339828369,0.9656893589685258,0.9747252575244633,0.9701862695823814,0.6381989173794548
612,0.08053401233159381,0.9944739803606459,0.9660855433792139,0.9747993865307891,0.9704229040162513,0.6386774155681645
613,0.08231524430322561,0.9941716060580493,0.9638253382731559,0.9738796404831793,0.968826404655767,0.6381065834174229
614,0.08729372547416807,0.9934435786593683,0.9590222321268921,0.970988240068116,0.9649681416495431,0.631207207620802
615,0.08297731369573007,0.9941072338463445,0.9633369952509027,0.9736925459592456,0.9684870897080636,0.6341299702201069
616,0.08040286100757636,0.9944812724447878,0.9660858597073925,0.9748803082349057,0.9704631603047348,0.644553909242464
617,0.08001145016294804,0.9945217153596615,0.9664071968780781,0.9749832323731707,0.9706762724325176,0.6407312303676503
618,0.07975171596187053,0.9945620621453658,0.9666881297522942,0.975128906207315,0.9708901726089884,0.6355531095474074
619,0.07943019636055763,0.9946012416482978,0.9669540319285896,0.9752779025566829,0.971098130335261,0.6327455357895138
620,0.07960701252085914,0.9945988315526916,0.9670493265767441,0.9751481767956127,0.9710818658198457,0.6365042168902328
621,0.07917633268097751,0.9946646319692,0.9675875414072067,0.9752999049908313,0.9714284159427607,0.635974496967807
622,0.07937333143229107,0.9946281921475981,0.9672532904588884,0.9752548664511315,0.9712375984165267,0.6441382737152859
623,0.08032428420302894,0.9944806956697709,0.9661035899170235,0.9748546879508468,0.970459411122763,0.6309366069816996
624,0.07915973275390675,0.9946667124790823,0.9675548351703888,0.975358307425098,0.9714409004533049,0.6413100250362302
625,0.08144758916426477,0.9943123528949053,0.9651524740218741,0.9740083325728465,0.9695601816039329,0.6206737268192345
626,0.0951156578154015,0.9922447105885785,0.950494994893578,0.9669709499942262,0.9586621870677127,0.6294100668045409
627,0.08407021773536857,0.9939394335146494,0.9621052356503625,0.9731613126918014,0.9676016927748007,0.6348213151957747
628,0.08166549902864927,0.994279854369252,0.9647154637641981,0.9741201167517083,0.969394980820499,0.6324434690475754
629,0.07972043177796354,0.9945367389755773,0.9666317835799124,0.9749077743607555,0.9707521403847269,0.636574845430709
630,0.07969317809685314,0.9944908647626279,0.9663101201902421,0.9747445281127611,0.970508999258623,0.6365648201284296
631,0.07847706025479723,0.9947083638749438,0.9679338822145431,0.9754132396767975,0.9716591680491522,0.6369202253335442
632,0.07751939444393992,0.9948518847249761,0.9690380301323492,0.9758213183799475,0.9724178448661502,0.6382282618797723
633,0.07761590736214634,0.9948563478649877,0.9690967351652582,0.9758078806517091,0.9724407290697648,0.631173933960457
634,0.07823334687905346,0.9947662473677087,0.9683405687920643,0.9756191617869993,0.971966239000069,0.634898416368806
635,0.07844207541038878,0.9947490059145256,0.968263077709257,0.9755108477907046,0.9718734503320847,0.6349201586193138
636,0.07799259846587833,0.994807397518615,0.968731739019036,0.9756560047891473,0.9721815427129085,0.6414977249108107
637,0.07853037331306892,0.9947641874569342,0.9684278222999249,0.9755024307521377,0.9719522530999725,0.6345285293864992
638,0.07870570213111827,0.9947392968684083,0.9681709852430412,0.9755019877501079,0.9718226612290256,0.6325392712412001
639,0.07933301629377998,0.9946634921519047,0.967559885006022,0.9753170344026516,0.9714229740690501,0.6310882962289968
640,0.07963956922641117,0.9946275467088888,0.9672479326751344,0.9752534636113702,0.9712342017521317,0.6325360165680541
641,0.08002888868904585,0.9945893696958671,0.9669982621877865,0.9750979698988981,0.9710312257204218,0.6367377410625374
642,0.07933121325327552,0.9946818940214908,0.9676889346400092,0.9753826725367389,0.9715205716219851,0.6391977861967315
643,0.07858075562650137,0.9947895586913074,0.9685496062351506,0.9756534944443116,0.9720885719560245,0.640843786237628
644,0.0783750194479986,0.9947945917399665,0.9685230691433031,0.9757379601646669,0.9721171279091844,0.6342088866430825
645,0.07955131229522416,0.994629874408064,0.9673320390078805,0.975188637647671,0.9712444501720077,0.6347768940158506
646,0.08032617577277928,0.994518769687254,0.9665078855915398,0.9748415455572951,0.9706568285605418,0.6372464340598009
647,0.08068165018243327,0.9944866076136939,0.9663253852445732,0.9746805881531215,0.9704850039062647,0.6344466141207895
648,0.07972799634172333,0.9946341040915211,0.9673219448560383,0.9752465970799078,0.9712681067731161,0.6208082732993148
649,0.07897348493578837,0.9947298830761686,0.9680145393186383,0.9755657062087325,0.9717754539272602,0.6370981102353259
650,0.07821407359388234,0.994828339944823,0.9687759043587527,0.97584125347129,0.9722957437001615,0.6346836527385167
651,0.0783711602415541,0.9948355153006877,0.9689373604660114,0.9757475585419799,0.9723305350021444,0.6346333259701478
652,0.07845715037379548,0.9948084686722177,0.968595374931632,0.975814451848485,0.9721915121330772,0.6342446940994269
653,0.07867899344121809,0.994788082421919,0.9685395633538312,0.975647883085267,0.9720807285339037,0.6395635309642921
654,0.07909225414527192,0.9947401070999796,0.9681229615658281,0.9755626790281953,0.9718285820388377,0.6314064468262465
655,0.07825760057584631,0.9948506899767269,0.968990662433222,0.9758588997188118,0.9724126534841637,0.6368261751951595
656,0.07833563985316444,0.9948251882813379,0.9688552057722265,0.9757210522538614,0.972276008159538,0.6390248966587021
657,0.08030168003261946,0.9945182821750372,0.9664213970451274,0.9749296291275606,0.9706568688503989,0.6329593782834632
658,0.07951659949080979,0.9946804520839485,0.9677380503313521,0.9753137118874279,0.9715111129366815,0.6439127966008994
659,0.08077206524263184,0.9944954377645475,0.9664066629282742,0.9746910725344944,0.970531189218533,0.6391790449990341
660,0.07976984296985667,0.9946655245972023,0.9676894588094798,0.9752000080331035,0.9714302168081227,0.6436965313414676
661,0.07882166844156148,0.9947796917186973,0.9684673790009437,0.9756322303468794,0.9720366018795273,0.6384849178967505
662,0.0779710528005263,0.9948815131082834,0.9692477239024505,0.9759253500232872,0.9725750750803229,0.6384299444925946
663,0.07766945672844597,0.9949241120631012,0.9696234046846602,0.9759954920113444,0.972799013751338,0.6364032331661345
664,0.07748908487235685,0.9949379958617216,0.9696442358658848,0.9761272851152204,0.9728749601660756,0.6388118622985424
665,0.07720461899160053,0.9949905716510575,0.9701008378057688,0.9762217183812469,0.9731516534866049,0.6302044416223833
666,0.07758572660788572,0.9949461668411274,0.969837980565885,0.9760104064130155,0.9729144037131519,0.6329331921187883
667,0.07872464040816902,0.9947656568599533,0.9686133844620994,0.9753193232464724,0.9719547871949048,0.6383286253464052
668,0.07876233134767134,0.9947488273889252,0.9683917405053571,0.9753704899809185,0.9718685872334155,0.6334893167196414
669,0.07749775964632738,0.9949505956492927,0.9697928104088042,0.9761079406932509,0.9729401281449132,0.6404865703068561
670,0.0828326974774329,0.9941767970332012,0.9644174447024891,0.9732934749640356,0.9688351307138864,0.6367829698281721
671,0.08421720602556312,0.9939423997861648,0.9624654650502035,0.9728005613721722,0.9676054164326245,0.6380556758686213
672,0.07959418879192082,0.9946313987420372,0.967377821744149,0.9751562246658214,0.9712514498480797,0.6425640756070029
673,0.07882438294535918,0.9946995062586131,0.9679906560205804,0.9752536112787136,0.9716085608528635,0.6250074333445987
674,0.07771469011447198,0.9948567049161885,0.9691013934198437,0.9758068469803062,0.9724425610152976,0.6382836725504952
675,0.07650233529132905,0.9950422479460218,0.970563853576608,0.976299686738498,0.9734233207255872,0.6283249107342166
676,0.07592601489222092,0.9951172080991078,0.9711099133444979,0.9765474725405192,0.9738211025289624,0.6284204381310755
677,0.07718496763636526,0.9949410307969295,0.9698766612291817,0.9759119861287204,0.9728849636832773,0.6397913147980852
678,0.07693960541765467,0.9949782327855179,0.9700656439535882,0.9761224859265638,0.9730846400201204,0.6349853299097928
679,0.07610601360286526,0.9951155670368573,0.9710526845150286,0.9765903699037416,0.9738136546273443,0.629686243863223
680,0.07644468813250177,0.9950627303254901,0.970770393098576,0.9763061102679306,0.973530382407309,0.6365317005216548
681,0.07620869969560516,0.9951307211137889,0.9712535768629262,0.9765439285242805,0.973891568214564,0.6352266118415546
682,0.07600921756259614,0.9951503589298395,0.9713844794231555,0.9766218968815316,0.9739961474819517,0.637001154648738
683,0.07771483412776277,0.9949409484004985,0.969929599185833,0.9758543958648419,0.9728829771983698,0.6414319754455496
684,0.07777881115112159,0.9948903020609215,0.9694988788698979,0.9757536129030543,0.9726161902001343,0.6361273016570759
685,0.07752774832703227,0.994956212339338,0.9699384347761263,0.9760143195976124,0.9729668917622409,0.6415700606521244
686,0.0778049651479764,0.9949071864629035,0.9696061973592526,0.9758260437349324,0.9727061776438857,0.6433119690250781
687,0.07687432853598818,0.9950789486896551,0.9709967231765294,0.9762442376510969,0.9736134097921708,0.6375767551085382
688,0.07667563590321609,0.9950834873597283,0.9709419685220445,0.9763529946494215,0.9736399636687495,0.6387738193869097
689,0.07681200586312967,0.9950557472279643,0.9707120852492579,0.9762909743652446,0.9734935370093933,0.6350617921409855
690,0.07688749655947197,0.9950644125859559,0.9707424422588384,0.9763546189901976,0.9735404425511778,0.6372854270304498
691,0.07686736911079652,0.9950638426773083,0.9708096598991574,0.9762765029656033,0.9735354067917601,0.638041140250596
692,0.07654901570473001,0.9950867076869059,0.9708767278618622,0.9764583552988506,0.9736595422983852,0.6435339143430638
693,0.07728089140259105,0.9949704806546363,0.9700477801394469,0.9760555926200587,0.9730424130258016,0.6239761500400939
694,0.07769871272629114,0.9949433584961047,0.9699189939071149,0.9758924940394077,0.9728965748671964,0.6416181863594739
695,0.07684194933783879,0.9950502060679808,0.9706187898842593,0.9763292202071536,0.9734656306529893,0.6440214889430274
696,0.0766642759386584,0.9950890147869733,0.9710485459979354,0.976300498908886,0.9736674402589138,0.6390596837489934
697,0.07691255532097903,0.9950554176422404,0.9707320944477147,0.9762659447505588,0.9734911553130517,0.6301421232143046
698,0.07689069339456103,0.9950541610966679,0.9706643893300201,0.9763243471848254,0.9734861414191475,0.6371481774745064
699,0.076580812692267,0.9950841739966532,0.9708867246060168,0.97641959262124,0.9736452983637532,0.6339820029178836
700,0.07736327976202793,0.994954832199119,0.9699588193213777,0.9759771812607778,0.9729586935409014,0.6314836603267194
701,0.07788316103489064,0.9949291382453911,0.9698195978015636,0.9758411058039468,0.9728210340017235,0.6236755349741777
702,0.07935566195159507,0.9946914039428999,0.9681251236217594,0.9750188202029009,0.9715597435201145,0.6373025641803072
703,0.07888763989556394,0.9947454697343627,0.9683106850198631,0.9754203277092749,0.9718525037888937,0.6392817221259254
704,0.08333588377472094,0.9941137362980228,0.9638322123633934,0.9732256218197992,0.9685061412767345,0.6344137293866624
705,0.07878575248898362,0.9947319910515279,0.9681913546285572,0.9753988421108278,0.9717817344733594,0.6312926545382432
706,0.07631793474818734,0.9950973093610256,0.971029393030128,0.9764128737571209,0.9737136923861984,0.6393012203257744
707,0.07525478013315433,0.9952501204086511,0.9722060356504976,0.9768515934340011,0.9745232782238774,0.6351750202454831
708,0.07524320324413854,0.9952342178974716,0.9720589899239261,0.9768320275110167,0.9744396638837676,0.6390280659501328
709,0.07490628317882903,0.9952827837271663,0.9725284196176494,0.9768702733529259,0.9746945112266188,0.6348130252643867
710,0.07497043482852069,0.9952631390447463,0.9722872885304159,0.9769092575315513,0.974592793184046,0.6414159975531417
711,0.07548557034284949,0.9951920515239165,0.9717086579395608,0.9767381849143633,0.9742169300665016,0.6254688481797464
712,0.07713827918276941,0.9949809312686326,0.9702350185664594,0.9759712007333751,0.9730946563355856,0.6396284599804005
713,0.07617126889660847,0.9951087144003473,0.9711644438412725,0.9763951536759274,0.9737727744997765,0.63142416368739
714,0.07600436946578162,0.9951382123226389,0.9714766828758572,0.9763890254811814,0.973926659934797,0.6335832250966251
715,0.07726855546557646,0.9949686130022007,0.9701024455957759,0.9759763690903899,0.9730305426000518,0.6389230837355533
716,0.07572583121870705,0.9951682938863167,0.9714842670514051,0.9767141889710805,0.9740922081711435,0.6217153033715909
717,0.07542272525832808,0.995220828477437,0.9719482399849305,0.976801681871973,0.9743689170800629,0.63059953291681
718,0.075022765046669,0.9952861894463135,0.9724976780179501,0.9769406368419981,0.9747140944631283,0.6395370101846527
719,0.07469135969073223,0.9953121443220729,0.9726439535541964,0.9770723561122023,0.9748531257043158,0.6352032110403522
720,0.07490764772720473,0.9952637982161942,0.9722758232704611,0.9769287496208641,0.9745967329691514,0.6376428210073161
721,0.07459951043396974,0.9953298320892571,0.972862069733656,0.9770363252804425,0.9749447294769676,0.6333800338664779
722,0.0745632263945697,0.9953260075215856,0.9727668326445764,0.9770951707167389,0.9749261976200537,0.6382355270452206
723,0.07451439716538294,0.9953281086305757,0.9728451606310408,0.9770352177753678,0.9749356872401437,0.6338080761251776
724,0.07505324397155706,0.995244840170699,0.9720665351100263,0.9769415966797294,0.9744979688897086,0.6456263035829585
725,0.07559418020327743,0.9952202929006356,0.9720453909497921,0.9766923342042754,0.9743633220465324,0.6383754158363865
726,0.0758688701182711,0.9951480037651873,0.9715087635168311,0.9764633021548504,0.9739797320645032,0.6394433790438377
727,0.0809851976098131,0.9943934241166223,0.9658472662491471,0.974159470098692,0.9699855608303826,0.6345270537041209
728,0.07793143780888628,0.9948428897812606,0.9691673005168844,0.9755826879532096,0.972364412618849,0.6356939500174779
729,0.07658527863861846,0.9950891658470968,0.9709770671750433,0.976378467266137,0.973670276261074,0.637900749982477
730,0.07514934270582396,0.9952825228051349,0.9724474970553137,0.9769534100671916,0.974695245999279,0.6408323892025777
731,0.07515840568720437,0.9952622258176362,0.9724159511126214,0.9767623285249893,0.9745842939314876,0.6374382429481928
732,0.07450476089130631,0.9953173558963325,0.9726518712504215,0.9771216031711857,0.9748816139224561,0.6371401842410978
733,0.07407179291916194,0.9954105393934041,0.9734491673723664,0.9773058181819255,0.975373680469712,0.6368026107468515
734,0.0742415064450005,0.9953888142011018,0.9732277902065294,0.977300428323896,0.9752598574986713,0.637458217098983
735,0.07421600220979546,0.9953728086943835,0.9731476966387637,0.9772084315690335,0.9751738367815302,0.6266087724455471
736,0.07424782577687673,0.9954066186965632,0.9735199316218193,0.9771874628062879,0.9753502495455239,0.635018501907874
737,0.07468089624810562,0.9952959602897542,0.9725406986572199,0.9770030262945332,0.9747667555455503,0.6403015254354668
738,0.07495105123187569,0.9952829622527668,0.9725147181022643,0.976886812095373,0.9746958622592578,0.635276173968939
739,0.0743575779479935,0.995403576894986,0.9735001907675565,0.977174763414766,0.9753340161136901,0.6301541887274918
740,0.07446691130535851,0.9953831082482563,0.9733174780825845,0.9771422027655731,0.9752260904058025,0.6350250629562716
741,0.0758908447213203,0.9951740753692239,0.9718081054994281,0.9764331780168217,0.9741151518591139,0.6371776746720021
742,0.07531819715693915,0.9952226617980263,0.9719311082240302,0.9768402230485687,0.9743794824048515,0.6284926052701261
743,0.07559560146852792,0.9952029484519139,0.9719410691543472,0.9766113386664871,0.974270607084479,0.6361748768036798
744,0.07496327354753618,0.9953144033575557,0.9727569847080539,0.9769772583431311,0.9748625540545081,0.6257279639872643
745,0.07459421211974226,0.9953802861704951,0.9732339055139129,0.9771996453621083,0.9752127437465601,0.6466020480781255
746,0.07494369833964667,0.9953143484266017,0.9727211046374011,0.9770147658483238,0.9748632075443898,0.6397987400870777
747,0.07589509543165457,0.9951871970008578,0.9717735880328865,0.976615251851084,0.9741884042771322,0.6280307153232061
748,0.0779627120966534,0.9948381451201098,0.9692799517755509,0.9754091788248573,0.9723349063208766,0.633483164830465
749,0.07545278065255005,0.9952354675766748,0.9722456853490323,0.9766472218309038,0.9744414831979753,0.6392797833597732
750,0.07470628773967783,0.9953452814200663,0.9730299101717614,0.9770290157469501,0.9750253623536794,0.6403285478530055
751,0.07373923800296063,0.9954676126545977,0.973952998135879,0.9774027617927878,0.9756748305795075,0.6372046510548777
752,0.0736651175836329,0.9955071286096229,0.9744384716056715,0.9773256794395965,0.9758799400266337,0.6307426397518144
753,0.07468841636298801,0.9952991462850855,0.9726290292418844,0.9769444023592516,0.974781939769863,0.6382368789155634
754,0.07390443578014057,0.9954321547237984,0.97374992688878,0.9772260039828836,0.9754848687518152,0.6380146331354897
755,0.07357371763306127,0.9954862960453229,0.974068615318239,0.9774867845111133,0.9757747064355692,0.6340814513315166
756,0.07460774437745483,0.9953624473431875,0.9731451345033892,0.9770965735565,0.9751168509695738,0.6323015346707926
757,0.07481756161817972,0.9953165731302382,0.9728963956279266,0.9768532177747772,0.974870791713634,0.6431293947787539
758,0.07450966614720633,0.9953405436252848,0.9729414580152755,0.9770705102704114,0.9750016126126163,0.6318888623657235
759,0.07414910094075494,0.9954247390450099,0.9737252547901235,0.9771701857271243,0.975444678693988,0.6397016168521111
760,0.07351598392153601,0.9954793472796434,0.973980889479915,0.9775028802515306,0.9757387066637855,0.6443140972189779
761,0.076380023592078,0.9950298404167897,0.9710086836027917,0.975687162598579,0.9733423012245827,0.6353235875364337
762,0.0789633839518475,0.9946781312511426,0.9682257282751379,0.9747630603643426,0.9714833966466979,0.6351562245559427
763,0.0769647051238542,0.9949955978333473,0.9703349514798282,0.9760270189891344,0.9731726621083048,0.6315052149445086
764,0.07461808170292446,0.9953416422443645,0.9729555460514915,0.9770677045908891,0.975007289514464,0.6345778894660768
765,0.07449708270619242,0.9953482270924738,0.9730912189689426,0.9769965289314289,0.9750399634989972,0.6373600823967541
766,0.07331541348114717,0.9955206484906731,0.9743915457620806,0.9775245873509926,0.9759555521171529,0.6325126979122454
767,0.07290026845691873,0.9955965356036077,0.9750577371287054,0.9776585954650178,0.9763564342316423,0.6338295327279229
768,0.07359288711931637,0.9954722199883634,0.9740548661944076,0.977345836031954,0.9756975760597386,0.6352640721197192
769,0.07547429069983873,0.9952591428178437,0.9725484959708687,0.9765873427232044,0.9745637348559495,0.6371724575754799
770,0.07604674125934462,0.9951147774043938,0.9711951019886604,0.976429634000583,0.973805333701804,0.637807718093454
771,0.07458447750068183,0.9953341647682529,0.9729156866669205,0.9770273175725025,0.9749671672471878,0.625698975723817
772,0.07452444736879292,0.9953702475386538,0.9732366657128163,0.9770857200067691,0.9751573947136333,0.6355134406098452
773,0.07414133086291363,0.9953709204428401,0.9732665125466958,0.9770615025624714,0.9751603153681646,0.6346264540018643
774,0.07280202970417926,0.9955679715075338,0.9748114280564896,0.9776033678786317,0.976205401740123,0.6358400315051382
775,0.07224489229885366,0.9956545083591729,0.9753788534285139,0.9779594676769475,0.9766674558890206,0.6385229706035608
776,0.07201300737642341,0.995668550084286,0.9754983032403584,0.9779884104762301,0.9767417697898995,0.6328559240501733
777,0.07221955483069094,0.9956594933432473,0.9755305968819008,0.9778544761958766,0.9766911542166983,0.6375648102488813
778,0.07239338197484077,0.9956374316988518,0.9753426243475851,0.9778092899888334,0.9765743995731904,0.6356353333652457
779,0.0726899554376765,0.9956087165426546,0.9750772951018051,0.9777723731530138,0.9764229744231475,0.6342721864903222
780,0.0756811123917536,0.9952443663912209,0.9726068504497491,0.9763618546900182,0.9744807352576079,0.6341955393493598
781,0.07458715786715206,0.995333560527759,0.9730096883471127,0.9769208494179987,0.9749613463887473,0.6269922551735867
782,0.0734986362027393,0.9954790794912427,0.9740106652152286,0.9774683999268752,0.9757364692716423,0.6300871661799833
783,0.07283402023260756,0.9955973321024405,0.9749989084727329,0.9777294757897914,0.9763622830081262,0.6298699128610687
784,0.072562595266554,0.9956412013355692,0.9753935456538884,0.9777971812666846,0.9765938844792327,0.6346232272785945
785,0.07261057945785762,0.9956289242673529,0.9751914149724038,0.9778749281229207,0.9765313279741312,0.6318503442710979
786,0.07296213497602039,0.9955775157607893,0.9748252607975005,0.9776941094610763,0.9762575775208365,0.6413279240915728
787,0.07299382346782753,0.9955848902413622,0.9748863283236887,0.9777110173718816,0.9762966297055479,0.6299619977015262
788,0.0729908036443291,0.995562698135951,0.9746628727158145,0.9777020834976132,0.9761801125648241,0.6343854827297423
789,0.07381792444896569,0.9954656420066234,0.9739938085962678,0.9773377881617453,0.9756629331050181,0.6290276641917117
790,0.07402413367233474,0.9954414517877609,0.9737871162443691,0.97728935327315,0.975535091451873,0.634294073376249
791,0.07433272015115769,0.9953760290215611,0.9732447263710825,0.9771410952604985,0.9751890188446856,0.6402263277291246
792,0.0729615526783059,0.9955926904368285,0.9749720640117544,0.9777065873515832,0.9763374109739184,0.6411530779996341
793,0.07261552783600289,0.9956361408214331,0.9751822092906399,0.9779642668656041,0.9765712566997552,0.6303915791923997
794,0.07381029765409745,0.9954203720341679,0.9736336283715753,0.9772189897840778,0.9754230144116025,0.636075622532922
795,0.07300503970050126,0.9955660008595596,0.9747454641126262,0.9776512859315255,0.9761962126028741,0.6330570749170081
796,0.0725435180482354,0.9956375278280213,0.9752128765784482,0.9779472112874554,0.9765781299612433,0.6274641209621851
797,0.07203816077102432,0.9957192101566016,0.9759315640530933,0.9780905962777788,0.9770098873897752,0.6396129821331425
798,0.0719508511892004,0.9957341582424556,0.9760446156931468,0.9781363731541951,0.9770893749139375,0.6347590146565787
799,0.07207675852390716,0.9957073931351249,0.9758773907339334,0.9780173532755128,0.9769462001300114,0.6365239446422357
800,0.072376283146977,0.995670815986138,0.9756050256673091,0.9779009175753377,0.9767516224778331,0.6400638739433115
801,0.07319750241506442,0.9955520277981389,0.9746879985936223,0.9775577386695585,0.9761207594175847,0.6372114887214172
802,0.07288142692351299,0.9956055030818463,0.9750423670566785,0.9777737759927749,0.9764061613103927,0.639629209794705
803,0.0729842526610378,0.9955977509509647,0.9749024454699438,0.9778359439442952,0.9763669912851594,0.6306770057554565
804,0.07329736593708717,0.9955446807830429,0.9746667142740929,0.9774991147342771,0.976080859737052,0.6419406805959305
805,0.07347062047195735,0.995526944951274,0.9743596215458152,0.9776278806576159,0.975991015039725,0.6330609842894364
806,0.0735204546719039,0.995531998599041,0.9745220459150963,0.9775119617931423,0.9760147140382343,0.6381166623516992
807,0.07287448704269507,0.995613454337436,0.9751409008004904,0.9777575325850143,0.9764474637183583,0.6300905801826326
808,0.07348170826251772,0.9955379105429639,0.9746260170747604,0.9774673662554721,0.9760446238170216,0.6234066989295969
809,0.07367947378041718,0.9954885138825902,0.9741770323129108,0.9773965597643701,0.9757841403978148,0.6274211643388761
810,0.07330891429011127,0.9955222689538158,0.9744865544308946,0.9774420413060999,0.9759620603628096,0.6410275234154857
811,0.07255997401561669,0.9956566849982247,0.9755278981445531,0.977826345566982,0.9766757696021836,0.6367886077582086
812,0.07242100254344426,0.9956449915713944,0.9753925853259037,0.9778400047962353,0.9766147617408458,0.6385256718203581
813,0.0720105922492824,0.9957245109936614,0.9760111301848647,0.9780652713284066,0.977037121091625,0.6324856487763655
814,0.07163295220154867,0.9957695887077779,0.976380986577014,0.9781729946553281,0.9772761691262088,0.6410324771313575
815,0.07145234181297769,0.9957788377071556,0.9764522876547267,0.9781999439454765,0.9773253345095833,0.6414555104630104
816,0.07195250826666681,0.9957097551661463,0.9758491860887752,0.9780730976976003,0.976959876289411,0.6410495045954729
817,0.07569927727575783,0.9952064914984461,0.9722185339268523,0.9763553573269139,0.9742825543877518,0.6327125245319348
818,0.07321597487002397,0.9955471320768646,0.9746423615108756,0.9775519058094991,0.976094965472275,0.6383495497602898
819,0.07239918128701209,0.9956620064343922,0.9755181572310738,0.9778953062162931,0.9767052853229589,0.6407553234854879
820,0.0727924490816516,0.995605496215477,0.9750543973177734,0.9777610027675814,0.9764058243628101,0.6322233626915335
821,0.07170227055417762,0.9957651324341356,0.9763557022837523,0.9781504753854782,0.9772522647874663,0.6306066140234572
822,0.07190585553163675,0.9957464215779334,0.9762693636680146,0.9780350733567061,0.9771514208549827,0.6374833794162093
823,0.07139768206226312,0.9958084798232014,0.9766950954804481,0.9782713411059516,0.9774825828474384,0.6375897371907996
824,0.07103118813670367,0.9958429695959367,0.9769016391569461,0.9784342920192594,0.9776673649177118,0.6319689482280412
825,0.07094684061627808,0.995850907118788,0.9770227368291599,0.9783945695039175,0.9777081719585424,0.6342886014781023
826,0.07106565084415588,0.9958681829038172,0.9771311791674221,0.978470987354064,0.977800624300836,0.6367735445236637
827,0.07127810502089828,0.995813773793892,0.9766936792046799,0.9783311463799794,0.9775117270468815,0.62689144312559
828,0.07186936176375305,0.9957382505985277,0.9760428618431376,0.9781833313693576,0.9771119243750575,0.635380921137637
829,0.071496396010621,0.9957941222451028,0.9765284173885358,0.9782883228504287,0.9774075779052631,0.6396954727401246
830,0.07136826964912654,0.9958083768276627,0.9766235364743159,0.9783453962786057,0.9774837081032381,0.6381655113300508
831,0.07195942765838809,0.9957218125105467,0.9760264292848926,0.9780194206183186,0.977021908595092,0.6303050950137447
832,0.07461368874814227,0.9953229039226853,0.973045016594166,0.9767655033728698,0.9749017104022307,0.6348761319016256
833,0.07252107111053716,0.9956444422618546,0.9753197658663487,0.9779107374536656,0.9766135331905907,0.63985676775832
834,0.07192190803533835,0.9957583621940566,0.9763050471208418,0.9781291374543745,0.9772162410679632,0.6341025890877127
835,0.0714157358106735,0.9958099148943743,0.9766407143616832,0.9783442887735312,0.9774917593200267,0.6357532817821361
836,0.07174630219907425,0.9957788377071556,0.976504404567267,0.9781451593611202,0.9773240933301941,0.6263867168894675
837,0.0711087847811927,0.9958417267831027,0.9769384593063033,0.9783819439460671,0.9776596688112302,0.629020820240807
838,0.07165238529899352,0.9957759263665943,0.9764399636411958,0.978180821024522,0.9773096170969531,0.6372151762234515
839,0.07147157962078886,0.9957906547286323,0.9764603301425654,0.9783216956700096,0.9773901266996463,0.6382548121602304
840,0.07146153852959974,0.9957885124214267,0.9765364872747503,0.9782180331950281,0.977376536973566,0.6338017048661494
841,0.07154071432196622,0.9957804719030368,0.9765134570258586,0.9781536502333587,0.9773328654731067,0.6305344934409338
842,0.07096078460567075,0.9958530150941473,0.9770380991970866,0.9784016575363949,0.9777194029515973,0.6376098857978396
843,0.07080808552585059,0.9958924211872645,0.9772841915613893,0.9785773078412245,0.9779303222299053,0.6274391679587508
844,0.0715402395551582,0.9957814812593163,0.9765257942574463,0.9781518043915677,0.9773381230214282,0.6372518337257309
845,0.07086236742760638,0.9958744381662026,0.977204136915577,0.9784633086522135,0.9778333174201239,0.6294119876516796
846,0.07075056440377836,0.9959049317120352,0.9774595180032458,0.97853116179645,0.9779950463349472,0.6300958366902545
847,0.07157834169032762,0.9957665881044163,0.9762646029365138,0.9782623333980116,0.9772624472227768,0.6396342082340917
848,0.07111195426621883,0.9958503921410943,0.9770100188332359,0.9784022482057679,0.9777056378944466,0.6345146833608822
849,0.07142639007392547,0.9958038656230664,0.976683820564479,0.9782323569273261,0.9774574754293587,0.6305023256697395
850,0.07098076311643604,0.9958664045141818,0.9771527666045159,0.9784287544938864,0.9777903442676307,0.6306652396627003
851,0.07039941283840713,0.9959574457040479,0.9778563712700048,0.9786932267056981,0.9782746200179391,0.6366432747204339
852,0.07047500303886134,0.9959216925193709,0.9776365088619816,0.978530128125047,0.978083114381203,0.6358495357979412
853,0.07097737286775875,0.9958556792454157,0.9770154033755754,0.9784548177799751,0.9777345808039629,0.6379086508707508
854,0.07223740398294205,0.9956977046881152,0.975869132738337,0.9779192283259042,0.9768931049570988,0.6361863850724029
855,0.0730843257708408,0.9955815875177537,0.9750363849884545,0.9775161703124257,0.9762747029590864,0.6338155286616307
856,0.07123036425989523,0.9958473366067787,0.9769953374596436,0.9783840112888731,0.9776891812691723,0.6352951361069926
857,0.07106784388771374,0.9958721447988736,0.9771696554750842,0.9784742360356162,0.9778215106223369,0.6375412982685461
858,0.07088270754613679,0.9959134254107956,0.9776329720838741,0.9784428567251695,0.9780377467440654,0.6358110048774823
859,0.07098059673130298,0.995876992455563,0.9772348845845608,0.9784591739666018,0.9778466460652104,0.6308840384756572
860,0.0708703793277093,0.9959133018161491,0.9775721323572585,0.9785052461777046,0.9780384667043531,0.6296179321015877
861,0.07121530206699808,0.9958453110278505,0.9770710254435855,0.9782822684893542,0.9776762718143885,0.6285379049349782
862,0.07050616525301187,0.9959315800910887,0.9775981618611259,0.978679124474415,0.9781383445188572,0.6316779480774495
863,0.07036774474189436,0.995964442534312,0.9779325641494028,0.9786904210261758,0.978311345817806,0.6236041694500913
864,0.07123848679307983,0.9958478035198877,0.9770163435975527,0.9783671033780676,0.9776912569419807,0.6243659146515774
865,0.07487698971367568,0.995288798666628,0.9728574451545369,0.9765873427232044,0.9747188257085828,0.62954796825602
866,0.0720015047252071,0.9957347693493187,0.9761336636862639,0.9780493970890042,0.9770905913675022,0.6344516092289751
867,0.07088301851407444,0.9958705380684695,0.9770756883574611,0.9785551577397328,0.9778148634261975,0.6286328593743614
868,0.07011873181239306,0.995980798225862,0.9779874246314454,0.9788129110874253,0.978399993741546,0.6365046274519942
869,0.07015537243443641,0.9959801802526297,0.9780208502866904,0.9787711212292775,0.97839584192397,0.6367133223291336
870,0.07007983696090875,0.9960134272125309,0.978363573618183,0.9787782092617549,0.9785708475180829,0.6305324878400358
871,0.06997114002517016,0.9960293777882953,0.9784981347862276,0.9788129110874253,0.9786554976255404,0.6404197216552764
872,0.06990277292139882,0.9960184808602979,0.9783385557590804,0.9788599431362595,0.9785991800002436,0.6365796918698425
873,0.06974291007483391,0.9960610523496386,0.9787181632054084,0.9789311926293913,0.9788246663265766,0.631296415265918
874,0.0714306177491014,0.9958198573970463,0.9769551306751287,0.9781235999290016,0.9775390161293245,0.630609409674854
875,0.07173969581214001,0.9957602504455999,0.976378127444266,0.9780730976976003,0.9772248776014126,0.6394720196482033
876,0.0711858415868964,0.9958541617778117,0.9771146469577845,0.9783339520595017,0.9777239193644317,0.6362985874545378
877,0.07085605856808398,0.9959102737473106,0.9775153962230362,0.9785313832974649,0.9780231259041541,0.6306487500508487
878,0.07080811732482138,0.9958866946353112,0.9772425347032894,0.978557963419255,0.9778998066969543,0.6361531346489978
879,0.07027004299377151,0.9959863050539993,0.9781387692503861,0.9787150814725033,0.978426840496707,0.6345509417624433
880,0.07056103260825863,0.9959535868045302,0.977899171040919,0.9786059553058205,0.978252435511042,0.6259035251384585
881,0.07232534777533879,0.9957153718561916,0.9759918017120145,0.9779848664599915,0.9769873176186228,0.6395454799186662
882,0.07048026901140488,0.9959710067833136,0.9780298998899997,0.9786607398901769,0.9783452181982066,0.6344732522516233
883,0.07050591390311932,0.9959679649817366,0.9780399755223291,0.9786167350218798,0.9783282702670245,0.6313724945622939
884,0.06995187392257315,0.996042025640451,0.9785983304103865,0.9788472437447375,0.9787227712513625,0.6326281967143242
885,0.07056270423177764,0.9959491648627341,0.977893889577983,0.9785628364415833,0.9782282486474514,0.6313472297503472
886,0.07027876660522582,0.9959853094304583,0.9782030401116224,0.9786368916142374,0.9784199177682638,0.6395693247930745
887,0.07065390211215122,0.9959430400613645,0.9777660157945812,0.9786293605797302,0.9781974976928857,0.6379674018844865
888,0.07204855546998463,0.9957277450535774,0.9764088725657045,0.9776825914083005,0.9770453168683348,0.6415517743824402
889,0.07405504767226873,0.9953760702197766,0.9736884623671198,0.9766712916078581,0.9751775960569423,0.6390436454815095
890,0.0717424455721923,0.9957493260521255,0.9763256384305993,0.9780079025655429,0.9771660464628539,0.6081877041634685
891,0.073512682383009,0.9955011480020074,0.9746251700843103,0.977062388566531,0.9758422575567586,0.6339831919337463
892,0.07027521708698796,0.9959640305521572,0.9780232438186522,0.9785909670704778,0.9783070230804257,0.6344785956433495
893,0.06945093872575023,0.9960817338538152,0.9789105007690145,0.9789576250838381,0.9789340623593041,0.6320106566239245
894,0.06897764681778151,0.9961320231421912,0.979239672077257,0.9791666482082487,0.979203158781318,0.635706930451527
895,0.06894834312818034,0.9961366648078032,0.9793745008250465,0.9790770141308788,0.979225734884007,0.6338706076942987
896,0.06874029702848668,0.996178961642374,0.9796651071128359,0.979238636038097,0.97945182515216,0.6352309086477707
897,0.0690241854088448,0.9961132504886657,0.9791119887309984,0.9790936267069976,0.9791028076329079,0.6306812607294331
898,0.06993508880971361,0.9960196756085471,0.9784083109337844,0.9788001378622316,0.9786041851767534,0.636420298798315
899,0.06986698345448687,0.9960492696600082,0.9786731309738258,0.9788487204181703,0.9787609178208234,0.6367083814996365
900,0.06998577531051936,0.9960548314190995,0.9787517997408048,0.9788276778217531,0.9787897373107172,0.6347771613205904
901,0.06961111459050247,0.9960879891162004,0.9789747899047981,0.9789592494246142,0.9789670196030323,0.6312530103400324
902,0.07011179238718619,0.9960137636646241,0.9783123249831989,0.9788355041909469,0.9785738446596818,0.6291982460793093
903,0.0704885540838293,0.9959420719033004,0.9778356492411865,0.9785457808634346,0.9781905861697437,0.6365345446598458
904,0.06961498977013415,0.9960876457977381,0.9789909808080509,0.9789385759965552,0.9789647777009846,0.6340319282108632
905,0.06953393594234539,0.9960795022838094,0.9788793052214774,0.9789656729540468,0.9789224871827632,0.6336233458548057
906,0.0696166031558415,0.9960857987444103,0.9789008864790353,0.9790123358345227,0.9789566079847899,0.6387532892201269
907,0.06933693067847396,0.9961262897238687,0.9792610418764697,0.9790813703175054,0.9791711978548464,0.6387360288447762
908,0.0696227056972629,0.9960783830656218,0.9789344936507913,0.9788957524670044,0.9789151226755962,0.6311218435345021
909,0.06980806087954439,0.9960423758252827,0.9785759437051191,0.9788744883695724,0.9787251932707625,0.6367986473777173
910,0.0697148196774421,0.9960658794072202,0.9788151181681364,0.9788829792418109,0.9788490475288154,0.6312566948130277
911,0.06940183647834569,0.9960881813745395,0.978826841394144,0.979115850642161,0.9789713246880222,0.6385001062016821
912,0.0718618205232586,0.9957858620028969,0.9768137494667742,0.9778975950601139,0.977355371778855,0.6016022527460164
913,0.07806117811220155,0.9948509852306046,0.9698551697569685,0.9749356834886351,0.9723887905313849,0.622252655298233
914,0.07229231752240829,0.9956896229715098,0.9758476150449175,0.9778527780214289,0.9768491675426031,0.6302195027150099
915,0.07010582058603386,0.9959894567174844,0.9782393752124146,0.9786444964824162,0.9784418939125704,0.63642422059967
916,0.07104572317422293,0.9958525001164537,0.977207071526969,0.9782186976980729,0.9777126229335745,0.6174390889293521
917,0.06928857342882765,0.9961049353155058,0.9791853469238089,0.97892572893769,0.9790555207199029,0.6331418818382435
918,0.06855449363884093,0.9961883823009829,0.9797057867204123,0.9792996964845426,0.9795026995124269,0.634392404675651
919,0.0681779891513824,0.9962501658914811,0.9802506586069677,0.9794106684930164,0.9798304835231216,0.6363439854133679
920,0.06801466535267642,0.9962833922522746,0.9805223798577548,0.9794926977022076,0.9800072683113114,0.6348888359731554
921,0.06794787675356694,0.9962680871152196,0.9803977881182081,0.9794543041929551,0.9799258190563223,0.6353912872822658
922,0.06823188759279337,0.9962522532677326,0.9803071093533138,0.9793748591622713,0.9798407625150729,0.6338497671094936
923,0.06926694869485905,0.9961137860654672,0.9792231417092336,0.9789835407025835,0.9791033265474348,0.6375963389288664
924,0.07005626484483694,0.996006327386728,0.9783664417124391,0.9786971398902949,0.9785317628612209,0.6340096268513741
925,0.07011652377387173,0.9960184121966054,0.97847207674516,0.9787195853264733,0.9785958153857148,0.6177255238664456
926,0.069313636327685,0.9961015776609433,0.9790677638586748,0.9790115236641348,0.9790396429537359,0.6349571240932508
927,0.06903026068060518,0.9961688268813632,0.9795938732500687,0.9792015715349341,0.9793976831079921,0.6365185510069624
928,0.06883999279184307,0.9961894191227395,0.9797341483216608,0.9792815334013194,0.9795077885749597,0.6353400119010654
929,0.07131546924708129,0.9958914804946775,0.9774942297625631,0.9783467252846952,0.9779202917343365,0.6275466065527558
930,0.07025335659440472,0.9960064303822667,0.9784327824895135,0.9786289175777003,0.9785308402053596,0.6337710737192369
931,0.06926651509384886,0.9961191075016348,0.9792227736726488,0.97904238613888,0.9791325715974762,0.6405623428744741
932,0.06866899661371391,0.996205541357735,0.9799247404961252,0.9792600478028723,0.9795922813943418,0.6353869303658667
933,0.06856058575480962,0.9962159782389927,0.9799982695790445,0.9792980721437665,0.9796480457459653,0.6350474882886529
934,0.06869900662103574,0.9962026574826506,0.9798817114493727,0.9792731901964241,0.9795773563183457,0.632100263874204
935,0.06881723800178269,0.9962271841536063,0.9801376007229059,0.9792760697096181,0.9797066458137642,0.6314975975025553
936,0.06951050827507492,0.9961032049904552,0.9791252286161937,0.9789694384713004,0.9790473273462507,0.6333032121296623
937,0.06950628760826888,0.996105299233076,0.9792178471556783,0.9788958263006761,0.9790568102492673,0.6332502206775995
938,0.06926683793447429,0.9961344057723204,0.9793790980953396,0.9790474068285514,0.9792132243732998,0.6374546000830675
939,0.06951929619468802,0.9961086088230537,0.9790914188259557,0.9790640932383419,0.9790777558414878,0.6307592882352347
940,0.07237833671325403,0.995673301611806,0.9759724670896787,0.9775414214281263,0.9767563142102168,0.638547667234805
941,0.07036658952669274,0.9959714599636841,0.97810401854965,0.9785881613909555,0.9783460300747573,0.6363712038605639
942,0.06949404017369953,0.9961194233546202,0.9792972438596822,0.9789681832988826,0.9791326859321485,0.6289396392710954
943,0.06887888490296096,0.9961999727322745,0.979888079445832,0.9792370855309925,0.9795624743296574,0.6305095290514454
944,0.06857536666818874,0.9962343251776248,0.98015842841706,0.979332773969437,0.979745427243688,0.6310603828499542
945,0.0684034570368181,0.9962665078502925,0.980435873613504,0.9793973784321213,0.9799163508789348,0.6270916054204825
946,0.06844279251108282,0.9962560091717115,0.9803038589945992,0.9794194546999414,0.9798614572856916,0.6283640367361398
947,0.0690030524466964,0.9961535492097853,0.9795757097820927,0.9790527228529095,0.9793141464943219,0.6368866092226843
948,0.06891441614561372,0.9961896388465554,0.9797377399339663,0.9792802043952299,0.9795089187350801,0.6335378541889021
949,0.0687345968586185,0.9962114944998735,0.9799169496919745,0.9793335123061534,0.9796251441293171,0.6321027322650217
950,0.06970741179028003,0.9960904953409762,0.9791194025066702,0.9788358733593051,0.9789776174042303,0.626592506174641
951,0.07010757163327803,0.9960185083257749,0.9784738649178961,0.9787187731560852,0.9785963037140112,0.6228321426522347
952,0.07016845603587388,0.9960009372868679,0.9783135711739968,0.9786931528720264,0.9785033252111132,0.6339778107549122
953,0.06880703773483526,0.9962145569005583,0.9799768978414392,0.9793047171742141,0.9796406922036136,0.6284125701623761
954,0.06824178463719088,0.9962641046210555,0.9803449029131953,0.9794656007447159,0.979905054572052,0.6336710665963112
955,0.06792298802208128,0.9963186991229505,0.9808021004184972,0.9795893459783833,0.9801953480760802,0.6391480469488572
956,0.0680829223727794,0.9962992741643464,0.980659193535797,0.9795247415156989,0.9800916392449772,0.6337126375914095
957,0.06793788602749865,0.9963235948442246,0.9808414290872284,0.9796021930372485,0.9802214193891573,0.6275417661215152
958,0.06883338140658767,0.9962112679096883,0.9800562802243494,0.9791859926302182,0.9796209431381467,0.6375241577187031
959,0.06839109588039222,0.9962785377292159,0.9804847814377117,0.9794785216372528,0.9799813932268332,0.6313431965903464
960,0.06847205595950857,0.9962616258617568,0.9803631934184505,0.9794193808662698,0.979891059876809,0.6332688722105648
961,0.06868013413957984,0.9962318258192183,0.9801677590849182,0.9792956356326025,0.9797315032751867,0.6324098007584688
962,0.06889519525571264,0.9962100388295928,0.9799365620602642,0.9792971123060352,0.9796167328321492,0.6367639247918899
963,0.0686466543593531,0.9962638368326548,0.9804243739748811,0.9793800275192861,0.9799019224898456,0.6350026097146252
964,0.06852627430352376,0.9962760795690249,0.9805124642764854,0.9794227772151652,0.9799673178230892,0.6336197119390203
965,0.06931168483503217,0.9961520523412891,0.9795377589580522,0.9790758327921325,0.9793067414039646,0.6372352721712117
966,0.0686253910053441,0.9962587213875647,0.9803740825133757,0.9793761881683608,0.9798748812796395,0.6286025518619236
967,0.06853644943146182,0.9962725227897542,0.9804763440044786,0.9794213005417324,0.9799485382999318,0.6363979510722334
968,0.06808706751535479,0.9963335167477887,0.9809594465134894,0.9795884599743236,0.9802734738870684,0.6378794343392024
969,0.06853282045599797,0.9962740333909889,0.9804939214062471,0.9794196023672848,0.979956467444847,0.6390544841555578
970,0.07066438190987427,0.9960331474250127,0.9787349662358745,0.9786069151435518,0.9786709365011035,0.6335624637947161
971,0.07074384037539255,0.9959694275183865,0.9781082682729371,0.9785613597681505,0.9783347615610227,0.6361325862438714
972,0.06932948914979645,0.9961767644042144,0.9797783890537758,0.9790965062201915,0.9794373289555406,0.6320824908130068
973,0.06854017923096958,0.996280199390574,0.9805889894077002,0.979388444557853,0.9799883492979473,0.6270119932308145
974,0.06810786242080892,0.9963013409414901,0.9808016403894741,0.9793994457749272,0.9801000415648434,0.6335508719736072
975,0.06794718994671921,0.9963224756260372,0.9808736909337563,0.9795564161608322,0.9802146109880769,0.6236782077089761
976,0.06770834819206016,0.9963726138542897,0.9813270300688289,0.9796357135241727,0.9804806424222016,0.6358689320063693
977,0.06925856045333387,0.9961438195645601,0.9795807288099554,0.9789406433393611,0.9792605814780438,0.6161770801710724
978,0.07035840926490886,0.9960041507476762,0.9784443330380186,0.9785917792408658,0.9785180505850268,0.6289530764479337
979,0.06968496132829635,0.9961070707563421,0.9791625404114543,0.9789729824875391,0.9790677522743896,0.6369738675825515
980,0.06864993725132813,0.9962566820758979,0.9803845873832603,0.9793428891824516,0.9798634614241716,0.6344113237108481
981,0.0679743334302585,0.9963334137522499,0.980956153830684,0.9795907488181445,0.9802729758624792,0.6339684234822194
982,0.06781251058518457,0.9963679172577238,0.9812320452967117,0.9796827455730068,0.9804567833915301,0.6259700842866294
983,0.06873889665434257,0.9962622575677277,0.980554113643594,0.9792278563220377,0.9798905362189967,0.6454437858676679
984,0.07034134996800329,0.9959952931313456,0.9783753873019513,0.9785664542914936,0.9784709114692621,0.6348863755428783
985,0.06889421397672711,0.9961997942066739,0.9799376127477124,0.9791835561190542,0.9795604393169381,0.6386596511055719
986,0.06811274012564111,0.9963052547719619,0.9806583780864776,0.9795911918201743,0.9801244944580378,0.629708481712208
987,0.06779512257161115,0.9963515890316508,0.9811081131383599,0.9796323171752773,0.9803696597610887,0.6320674751090682
988,0.06818964942056926,0.9963015331998292,0.9807864651728804,0.979417313523464,0.9801014111896614,0.6296027431359401
989,0.06766486695210497,0.9963753329365121,0.9813183215273655,0.9796745500354549,0.9804957468485852,0.6374648112746187
990,0.06754942468816427,0.9963852617064455,0.9813369063090023,0.9797641102791533,0.980549877605671,0.6355365837774057
991,0.06791277235816065,0.9963474760764709,0.9810897730731359,0.9796062538891886,0.9803474522444537,0.6370899246172769
992,0.06834304156518883,0.9962497813748031,0.9803901610557139,0.9792613768089619,0.9798254438352859,0.6294361058322671
993,0.06901483046118732,0.9961413202061536,0.979498271928294,0.9789991196072994,0.9792486321595835,0.6321923874031422
994,0.06813376778133697,0.996281387272454,0.9804944710782497,0.9794997119010133,0.9799968390537239,0.6236378073728424
995,0.06742209287882923,0.9963897935101494,0.9813734140645378,0.9797759236666156,0.9805740182329292,0.6331311204275232
996,0.06716226677832415,0.9964103033550947,0.9815123878901049,0.9798566238697173,0.9806838069919214,0.6312315720617812
997,0.06698408889711546,0.9964317607589964,0.9816208595811041,0.9799793354319816,0.9807994106689449,0.6350057744470419
998,0.06742089451123164,0.9963970031978604,0.9814844524149288,0.979739819001184,0.980611359727004,0.6351466395570607
999,0.06783067014925986,0.9963701213622524,0.9812567620233675,0.9796812688995741,0.9804683825555492,0.6315364118223544
1000,0.06776039765330313,0.9963622113048782,0.981208827453196,0.9796442782300828,0.9804259286708985,0.6287833031992354
