Epoch,Loss,Accuracy,Precision,Recall,F1-score,Validation-F1-score
1,0.7189652343019307,0.7251527931950655,0.2377573068915027,0.8864202600776316,0.37494591602344185,0.4703263101136052
2,0.6543117034778321,0.8299018859004985,0.3364606166409114,0.8528356116927728,0.48254688607819257,0.4630711812865537
3,0.6099164235077316,0.8684092605458643,0.39894080643329627,0.8191015977901878,0.5365544760020741,0.5613359142508199
4,0.5763940364122391,0.8873948127162082,0.4416810695643415,0.7983920650657754,0.5687320390746425,0.5760118856878459
5,0.5541578548417675,0.8970104075481283,0.46817977700666363,0.7904056244719047,0.588044209912712,0.6003397976879314
6,0.5371253251386203,0.9045811152214113,0.491854925834087,0.7860474443360567,0.605087393936845,0.6025700479542648
7,0.5279701689807631,0.9065225261954734,0.4983608649887538,0.784097054066035,0.6093974395471587,0.6186143831054693
8,0.5192794545734529,0.9119807267057599,0.5178239596732974,0.7776360171282305,0.6216765763279233,0.6225226981788045
9,0.5100849963349404,0.9143797674574966,0.5266377010849549,0.7841982800298525,0.6301144999673705,0.5951468196417601
10,0.5064891890870581,0.9152137566664206,0.5298697053336622,0.7831791538602163,0.6320905799867198,0.6401296511283957
11,0.49976913245033017,0.9171154662934877,0.5371552030856122,0.7860841396708613,0.6382053072994069,0.6131255357535659
12,0.4950356318367471,0.9188287902138528,0.5441372581257529,0.7838989583250271,0.6423749963243911,0.6315207274043787
13,0.48984520576840684,0.9203029104287075,0.5501342231401926,0.7847053696866706,0.6468092215219562,0.6430372376571493
14,0.48430781741794066,0.9217872546673733,0.556394785102847,0.7842679051822082,0.6509654900206616,0.64889988565391
15,0.4798041712894714,0.9224208969543642,0.5585525345180166,0.7907940634183985,0.6546872820958664,0.6540325652395281
16,0.4741552689735838,0.9246531741961624,0.5683711277163289,0.7889061364345838,0.6607219943497127,0.6331645093397409
17,0.4755898306695677,0.9241363151173501,0.5662468413279399,0.7874077559023376,0.6587605959882413,0.6455254761782495
18,0.4667170049904062,0.9264459145432558,0.5760993663698188,0.791394405002497,0.6667991106285315,0.597389624208138
19,0.46506435257925405,0.9265403477195304,0.5764005786015068,0.7925168983124281,0.6673991770030926,0.6552175649925305
20,0.462449892712154,0.9261039212900952,0.5740888332547772,0.7957858841242544,0.6669979143955657,0.6465223484303294
21,0.45778326250666335,0.9278566238381004,0.5818743932577327,0.7968502703346053,0.6726024126675172,0.6653949966313443
22,0.4528710889301712,0.9289142781589254,0.5865018702210372,0.7987757048236128,0.6763748337600513,0.6643558970379014
23,0.4474916655382664,0.9304828109509471,0.5937012796666397,0.7998880829205293,0.6815416236220141,0.6642468297047657
24,0.4479539624864249,0.930244994252025,0.5925786544695124,0.7998726516831567,0.6807957414194816,0.6621671903605882
25,0.44339530952542805,0.9310463338751722,0.5962427528490449,0.8008691847492712,0.6835707784556423,0.637685905934609
26,0.4414470450912448,0.9323485476695214,0.6025959609491341,0.8004029989465412,0.6875551986619067,0.6607278256736067
27,0.43788701906907473,0.9326741714983934,0.6042493296204189,0.8000175133469128,0.6884874460226965,0.6646896873872025
28,0.43287380157614785,0.9338355217276093,0.6096713928863392,0.8019997997630826,0.6927340269633914,0.6615928729982934
29,0.4302243997724794,0.9338852136418607,0.6091681368631134,0.8065227028203577,0.6940893003513811,0.6518752375160622
30,0.423527665275464,0.9357313262771227,0.618710664299207,0.8050403441948571,0.699682800114468,0.6530727211282338
31,0.42781412676512764,0.9341262094697449,0.6101367386586429,0.8078788058673552,0.6952202206050073,0.6743729668834082
32,0.42203200206482155,0.9353868611310328,0.6163578983752721,0.8083848618527704,0.6994306739978917,0.6455102659473779
33,0.4145396476169284,0.9374042553471987,0.6265523519194834,0.8092588310239638,0.7062809231645989,0.6729104435730247
34,0.41043353788286663,0.9382151872881862,0.6301654378708865,0.8124405454359125,0.7097876453903528,0.6660145000674308
35,0.40513992395332393,0.9386866802653736,0.6319801816574621,0.81571543794147,0.7121883684277008,0.6688236781576801
36,0.4123204546652252,0.9372726133159663,0.6250017863457853,0.8137307888478078,0.7069878105262347,0.6613583948600298
37,0.4038413151991453,0.9390956206187071,0.6338713197575538,0.8170091515359323,0.71388192119835,0.6725185043193304
38,0.40048618453869717,0.9391569166969885,0.6336881866896619,0.8194540797385934,0.7146972211349311,0.672697878813144
39,0.4000756918526382,0.9394980997185778,0.6359206074570576,0.8174167134033808,0.7153358349392394,0.6731924319281618
40,0.3987851206132834,0.939995643700694,0.6386941478035625,0.8168828959574292,0.7168817718377081,0.6738372908784159
41,0.3919974973947882,0.9408716138912033,0.6422901879787631,0.8219802249800575,0.7211097465944831,0.6699844495738976
42,0.3901505714697803,0.9416953653435778,0.6473552235254043,0.8194423401848028,0.7233040092522509,0.6699536134909517
43,0.3841424109481221,0.9426686457190769,0.6518108695662339,0.8233337438485476,0.7276003703512791,0.664301739002763
44,0.38283658091970485,0.9424327241380674,0.6497975385288177,0.826320094365339,0.727504030017909,0.6700165494318613
45,0.3805006901137263,0.9433501328669915,0.6553313908955034,0.8244775012559108,0.7302375198929417,0.6760324843735798
46,0.3793761329256373,0.942685832241306,0.6509126448769765,0.8274913917322236,0.7286568449051543,0.667871812616757
47,0.3855685570257173,0.9419393411757158,0.6482565810176714,0.821329971833931,0.7246018390618317,0.6694581645665066
48,0.37617955126350733,0.9439811728000372,0.65887020318138,0.824535977523849,0.7324523709119546,0.6761343819459819
49,0.3733558416795388,0.9443930725585169,0.6604954918392503,0.8273132310825582,0.7345522997013796,0.6705505131336362
50,0.3637720869599486,0.9461977603881025,0.669589162862179,0.8320406534102739,0.7420276269783417,0.6560786483200135
51,0.36386084149209713,0.9459833580083179,0.668138946263552,0.8328188603093513,0.7414448471752898,0.6780106191825137
52,0.3619983411735768,0.9465645137687732,0.6718605055433812,0.8315379199400825,0.7432194657111945,0.6772517081183655
53,0.3539417078383535,0.9483622665654179,0.6817840633339152,0.8340068440860263,0.7502519934983818,0.6739947052555083
54,0.3583801684619711,0.9463874507049619,0.6697804118502478,0.83536412847177,0.7434641856961339,0.664898223915126
55,0.3554521686524796,0.9471372994251146,0.6737737713037587,0.8366649300987097,0.7464359655863914,0.659074263186733
56,0.3545852665849727,0.9472858395910676,0.6750343665966824,0.8352733130556538,0.7466534129567928,0.6662284840092494
57,0.3540718095551292,0.9472456987964408,0.6741591183307515,0.8375471686411267,0.7470235000511353,0.6565464114057191
58,0.34416071663228726,0.9493711215999937,0.6864557697108755,0.8386514250341628,0.754959535270164,0.6654956546071668
59,0.33657247224728837,0.9504668705374093,0.6916197607877367,0.8434529025345328,0.7600274679169228,0.6676415594107024
60,0.3300934640838088,0.9517949499447175,0.6991021585442476,0.8456092887484277,0.7654080379674738,0.6743621399052158
61,0.33293238973660433,0.9508601143706407,0.6930442147531932,0.846543875364037,0.7621419509826437,0.6451131739252508
62,0.33489673858066255,0.9507676793078172,0.6933562331250244,0.8437762201826409,0.761206362363112,0.6736505610855049
63,0.32630863571338514,0.952249977368447,0.7009343685608788,0.8486287167501135,0.7677429068316874,0.6729304324147031
64,0.32463021351279114,0.95262630246785,0.7039756772993551,0.8465857390558563,0.768722557852287,0.6712185634269942
65,0.3267691524015914,0.9519826627472332,0.6992146956531312,0.8488099045803161,0.7667841441395533,0.6671303500957014
66,0.318587019074735,0.9533582642961104,0.7063572641609783,0.8531169179817182,0.7728314313829044,0.6690610425140651
67,0.31819154150623213,0.9534075922927917,0.7072540321917857,0.8514089974893598,0.7726653356779747,0.6654323870756901
68,0.3190089458827492,0.952963585391706,0.7046700150008469,0.8507893114832918,0.7708664658440427,0.6733650173975974
69,0.3089310988891039,0.9548406584859096,0.7147362557809013,0.8560811922306895,0.779049490128783,0.6727926108842646
70,0.3055611399116276,0.9553575930947836,0.7175664988854369,0.8574570827016863,0.7812993836686056,0.6682645675278521
71,0.30940241296943144,0.9549264606360389,0.715669004401035,0.8550219005436817,0.7791637048088907,0.6706547740239206
72,0.30104876529398583,0.9564255813013275,0.7236370858115644,0.8598185050217233,0.7858718121337993,0.6734940135761964
73,0.3019231664512655,0.9561017770603063,0.721851294597461,0.8589361188119631,0.7844497546999988,0.6739014017955584
74,0.30354953241005217,0.9559680064546068,0.7211410986023111,0.858501459987023,0.7838490836301655,0.666229764092996
75,0.3039698665626615,0.9556861419969555,0.7198168720299215,0.8571248311793098,0.7824929909115408,0.6594718672929882
76,0.29626034494998643,0.9569705032312584,0.7265034284336611,0.8616974981312697,0.7883463309885957,0.6695458127212576
77,0.2971695453035746,0.9569017708750809,0.7269810579755891,0.8592660076568471,0.7876075863122616,0.658616163982718
78,0.2910708424320324,0.9575549754480608,0.7299722522991684,0.8627267395139204,0.7908168265301454,0.6650100505574861
79,0.2878234564936418,0.9581947494027907,0.7334099099395245,0.8648316636586829,0.7937174492699295,0.6670432751218115
80,0.28404195301181123,0.958775932628723,0.7363322403609761,0.8672766656950156,0.7964582484573837,0.6718569608516577
81,0.2824102664272562,0.9590888124762699,0.7381923655938017,0.8678909618430538,0.7978047854127822,0.6696957331802431
82,0.29600398773126463,0.9568194774396375,0.7260345815938688,0.8603194664837954,0.7874934156628355,0.6722393647040751
83,0.28862554971262705,0.9579696492197168,0.7319013170835461,0.8648475378980853,0.7928398383869233,0.6630530356876665
84,0.2789750095430038,0.9597300009030649,0.7425856655600613,0.8677975622484302,0.8003238225606802,0.6688467866813831
85,0.27581048944442393,0.96009342409465,0.7433714740006165,0.8718791614503177,0.8025133476784596,0.6725321434414013
86,0.2711550554783224,0.9610631476908785,0.7497971842157446,0.8724433983689847,0.8064840819632416,0.6681457149940236
87,0.267150134866615,0.9617029422447161,0.7538402772232632,0.8733923087168919,0.8092245765191696,0.6697899441312991
88,0.26824316189443465,0.9615660405746393,0.7521930847637329,0.8749806186611947,0.8089540400928789,0.6679637620879134
89,0.2737983317255116,0.9605706573565291,0.7464298240870412,0.8723729610462408,0.8045021936361741,0.671492855929942
90,0.2665337239988416,0.9616798849767796,0.7532515947496166,0.8743701618640817,0.8093043929271065,0.6672446197435197
91,0.26621068831828,0.9616837301435588,0.7534364734154848,0.8740082292057062,0.8092559788830339,0.6669346947033119
92,0.2584358932410213,0.9631768221366471,0.7610599696101609,0.880473105494436,0.8164231900931533,0.6630388475881824
93,0.258813596243481,0.9627810102813168,0.7586273205360435,0.8796717886561356,0.8146779159373527,0.6693878436491207
94,0.2564985075121303,0.9634632183980024,0.7636044657281351,0.8793499476814602,0.817400095227065,0.6697729768419083
95,0.25864525798627797,0.9628556133832018,0.7599799925531388,0.8778277188732746,0.8146640153149922,0.6661480060122639
96,0.2622707772383587,0.9625604487683161,0.7584560351589427,0.8765760904716465,0.813249373724493,0.6722275037117615
97,0.25561910513922464,0.9631461294661063,0.7610497137909855,0.8800147460608998,0.8162201875750106,0.670027716721075
98,0.24853183189741998,0.964554325669806,0.7688131912524163,0.8849708312696822,0.8228127006767676,0.6720251228353299
99,0.24809476663526014,0.9648316926555996,0.7713844741200319,0.883756488872232,0.8237558608741398,0.6525311560481549
100,0.24605319043286414,0.9650207924647035,0.7719698595628978,0.8854093294455475,0.8248074070686017,0.6680132812173435
101,0.2420168268166,0.9658261077156457,0.7769413429871995,0.8872615209322889,0.828444864023918,0.6644438396893183
102,0.24343231422223632,0.9655884008786316,0.7754553402786714,0.8867440207277696,0.8273741435169103,0.6638528191598362
103,0.23746671077373216,0.9665044294673367,0.7806445996631002,0.889871393557392,0.8316870961959896,0.6658488598484872
104,0.2384546993554925,0.9662958223031978,0.7793737584007522,0.889335213433948,0.830731469023121,0.6645748971844353
105,0.2391222098426853,0.9660731734139456,0.7778245612131434,0.8891652483218345,0.8297766011117235,0.6620468187948303
106,0.23952029414957376,0.966175001669901,0.7788150235643428,0.8886640653587474,0.8301212646092497,0.6576013492537448
107,0.23772601097178975,0.9664525883795105,0.7806660846010183,0.8890525043052414,0.8313414513703636,0.6693581391402487
108,0.2341186435316964,0.9667644176725623,0.7813849137227864,0.892253489305488,0.833147010128741,0.6665056942312853
109,0.22844606514671723,0.9680296629348774,0.7899304692461432,0.8939591209540255,0.8387314132848095,0.665707244179522
110,0.22931139862580266,0.967829000159959,0.7878828431541408,0.895031185866227,0.8380460359491965,0.6621462015368038
111,0.22301582697269728,0.9690206310775608,0.7960637642577475,0.8965627915507108,0.8433297330543117,0.6693816852974057
112,0.22807745212059227,0.9679711477361416,0.7893121159250596,0.89431020006267,0.8385370870909435,0.6673565465298994
113,0.24513610966986032,0.9651140926900523,0.7731035209151468,0.884448827211193,0.8250363895404745,0.6639824997503855
114,0.2316514619177194,0.9675583965478752,0.7865536989707229,0.8936722771397072,0.8366984503822804,0.6672820679012542
115,0.22613570581880404,0.9682444086331246,0.7913042790969835,0.89442685726386,0.8397113682316859,0.669106141031116
116,0.2161901589992235,0.970083682364615,0.8020428396785302,0.9005923380140928,0.8484655381693859,0.6718213651353062
117,0.2126096583527627,0.9707647781294824,0.805759015187699,0.9034187647981137,0.8517988271902972,0.6688916816936482
118,0.21455452312454046,0.9701926791100658,0.8018654135409374,0.9024790098254897,0.8492024200089122,0.6600718416785737
119,0.2307690670914787,0.9676124417402302,0.7882576737995698,0.8911086982267219,0.8365336846887413,0.6624414832317533
120,0.22069033347874237,0.9694205078234862,0.7981288774149978,0.8984177148833029,0.8453090831512866,0.6603329173938698
121,0.21251673669480592,0.9707268689048614,0.8053823028131373,0.9035727818371531,0.8516567045343911,0.6669249050995951
122,0.20946761917510479,0.9712012251580253,0.8081342519093901,0.9052516118628856,0.8539405508248248,0.6584371134962772
123,0.20647127015127553,0.9718898464635891,0.8130873701052781,0.9060058966523518,0.8570354687018793,0.6467912660479538
124,0.21623142058257577,0.9699605271657737,0.801067164568224,0.900650002111643,0.8479448378223552,0.6649036667537028
125,0.22670876770782813,0.9683768196977127,0.7926207665947078,0.8938125611158217,0.8401807361639209,0.6596156002281603
126,0.21736331734297087,0.9699376346906992,0.8018689506835676,0.8988299282720646,0.8475854489527297,0.6591898735744552
127,0.20991248106784957,0.9710505632839745,0.8081947952226324,0.9030174049590829,0.8529789193951273,0.6657845532281951
128,0.20531458659566565,0.9718979831111486,0.8129003269358714,0.9064525903657691,0.857131307534727,0.6662385796880007
129,0.2223000067601101,0.9693173406255273,0.7985966498951291,0.8960525270460122,0.8445223424008587,0.6612627706479669
130,0.21507932963988763,0.9702798614004141,0.8027592255460699,0.9020605205746386,0.8495178525940297,0.6631092506259869
131,0.20403043941842566,0.9720257731092327,0.8132884802721673,0.9075454025397011,0.8578355279748973,0.6682764095894747
132,0.2018898921154386,0.9723295069529404,0.8156395008050483,0.9076094163330123,0.8591702381490725,0.6645031437417553
133,0.19703496242169855,0.9732597901242055,0.8212841989382046,0.9106197627930864,0.8636479146051551,0.6585026769603928
134,0.19908434393808996,0.9730559001557403,0.819450045400955,0.9109908508267451,0.8627991810609649,0.6568971423045394
135,0.19811164807501458,0.9730463147042693,0.819372423120451,0.9109937303399391,0.8627574444673873,0.6664527280627269
136,0.1979007842086202,0.9731774829560236,0.8203008694749351,0.9111884297320517,0.8633592613099376,0.6625486394133252
137,0.19312743912283464,0.973918810511939,0.8244138250602853,0.9142757108779739,0.8670225711778682,0.6663518080874622
138,0.19057097114461788,0.9745367288133507,0.8286164896279956,0.915561302768556,0.8699218577905513,0.6592261044292819
139,0.1918474102942206,0.9743947185645531,0.8282797538447871,0.9142015818716481,0.8691222633794569,0.635021185062234
140,0.1978412950746447,0.9732697738250928,0.821510222927581,0.9103671778024087,0.863659220759135,0.6588218903450456
141,0.19720429241014042,0.9732592545474041,0.8214287760495605,0.9103630431167969,0.8636123487731404,0.6656146578943805
142,0.1924916394322896,0.9740022300319391,0.8258026861659947,0.9130487429226734,0.8672369495089052,0.6599637199982982
143,0.19173733391564526,0.9740774030424717,0.8257404478069719,0.9141789149344549,0.8677120592580612,0.667889776992249
144,0.19396492511891633,0.973914807418667,0.8247728734125335,0.9136080329853404,0.8669206153437,0.6498121063160142
145,0.20913702619375943,0.9715222141876547,0.8107107603469554,0.9051101465480248,0.8553136660790274,0.6592400701878761
146,0.198663796345107,0.9731711315644688,0.8202073613863683,0.9112631494077506,0.8633410025118652,0.6609974337941467
147,0.18847653264407632,0.9747373160582075,0.8305183931752843,0.9150921636189604,0.8707565045113264,0.6616844667373881
148,0.1833611174131469,0.9756628820337988,0.8358229877411181,0.9187753563286827,0.8753382972063266,0.6643645067182106
149,0.18554353253018085,0.9754107283558858,0.8346080079240541,0.9173895721456863,0.8740430831740458,0.6648736262003245
150,0.19174400808142245,0.9745301576979799,0.8293752530700813,0.9141996621961855,0.8697241162990176,0.6561602311218335
151,0.19122162584563812,0.9743683517066388,0.8275512528838845,0.9150708256878566,0.8691132949447488,0.6630099008517593
152,0.1826001937976844,0.9758393271243777,0.836989544619053,0.9192289165735624,0.876183697284558,0.6598789380516816
153,0.18416220724261065,0.9755406057302214,0.8351783708653712,0.918194285332882,0.8747210750108813,0.659708512835364
154,0.1905407782831638,0.9746738158753973,0.8304440082864505,0.9143581830891949,0.8703832197453144,0.6576183122219872
155,0.185293900130464,0.9754203618719415,0.8348115893876846,0.9171845360395441,0.8740616136993634,0.6634673611477189
156,0.18792576289219823,0.974936488830999,0.8319816641502946,0.9153475542891604,0.8716758965131283,0.6623094021413076
157,0.1811743511302437,0.9761237527377588,0.8390897434895542,0.919611891828355,0.8775074645162472,0.6483721783914288
158,0.17523961417752204,0.9771562967462418,0.8454197310643836,0.9231570894057837,0.8825799470199284,0.6593290640754182
159,0.1818072814360368,0.9761025974541041,0.8395419268243292,0.9186008873625993,0.8772938725294469,0.6401914199877958
160,0.18099584473337202,0.9762421426763416,0.8397863117515059,0.9200616865559811,0.878093120632929,0.6599033598039068
161,0.17396977554551132,0.9773929392960224,0.8469398260170815,0.92387083950952,0.8837342391359044,0.6489174312579675
162,0.17459625718619326,0.9773987070461913,0.8473456878586788,0.9233091867693605,0.8836979686780254,0.6559124904360811
163,0.18762719749117926,0.9749334538957911,0.8322392047856432,0.9148802609813558,0.8716052173787041,0.6627742398365563
164,0.19386174674514386,0.9742420791761587,0.8293329882378769,0.9103700573156026,0.8679641298157708,0.6568272730617357
165,0.17362552760637923,0.9773965304071395,0.8471046214409748,0.9236590107055871,0.8837270004871449,0.6567441110314299
166,0.16952812998629302,0.9782031640009773,0.8523839447969352,0.9259815965143419,0.8876598513759716,0.6656384832916146
167,0.16883944706629506,0.9782613633467278,0.8525402469371999,0.9264974723780851,0.887981604113387,0.6630784739785236
168,0.16716836674286306,0.9786720820896966,0.8556605693314675,0.927042881710484,0.8899225942435338,0.6509437984289567
169,0.16941887504762884,0.9782758719849498,0.8531456949924816,0.9257543364730364,0.8879681969896033,0.6551100292009424
170,0.17197501860398182,0.9777963316230032,0.8496513684606914,0.9249113774439315,0.8856854674355218,0.6593334491123299
171,0.16935698733591348,0.9781777035038038,0.8518622489228056,0.926455534852594,0.8875944475694323,0.6480341531926793
172,0.1682059166671561,0.978411874160655,0.8536740356593298,0.9267087843463165,0.8886933966385528,0.6583630525507749
173,0.18206286047109596,0.9761998939063554,0.8405061662479564,0.9183429125138918,0.8777022315540546,0.6621770480318523
174,0.17551195262361774,0.9771782210632524,0.8461722825129727,0.9222583121209195,0.8825785115931898,0.6613479000508141
175,0.16785941184531872,0.9784754636062655,0.8541923725921271,0.926738982318017,0.8889880768254323,0.6577433086549445
176,0.16360454590950937,0.9792379258467278,0.858998720462741,0.9292851364844954,0.892760665577912,0.6563943989466605
177,0.1616376318412719,0.9796044732363208,0.8616310449858602,0.9300433344585585,0.8945310814793858,0.6617123509918166
178,0.16556091649498014,0.978863049551236,0.8569100403139284,0.9276115486494493,0.8908602221064839,0.6625309677188124
179,0.16360166232041318,0.9792470649841974,0.8596083595372346,0.9284855916543143,0.8927204029341566,0.6569827326302247
180,0.16755862257999482,0.9787042784951028,0.8558763423017894,0.9271307437797347,0.8900797714333428,0.664722960295667
181,0.16186854728370262,0.9795093328240135,0.8609845033463307,0.9297899372974927,0.894065393397828,0.6638110392868296
182,0.16172755276449294,0.9794829659660993,0.8606662707366955,0.9299280800971297,0.8939576206948598,0.6660982712294424
183,0.1616775996768646,0.9796078446236219,0.8621184896830386,0.9293600038275376,0.8944773222496847,0.6583608369350296
184,0.1640724406021533,0.9790427767663158,0.8574940202437044,0.9290451770516679,0.8918367814869128,0.6637318627251582
185,0.16749671460698834,0.9784904872221812,0.8543782431477999,0.9266492005733037,0.8890474077659508,0.6616882653030183
186,0.173786166170947,0.9774678170526775,0.8479617183478916,0.9232501198320491,0.8840057876782854,0.6620810321758749
187,0.16520717525653703,0.9790159429952926,0.8582628352010354,0.9275370504747653,0.891556310513729,0.6640806687331503
188,0.15871676178180055,0.9801105040508282,0.8647037231950195,0.9319469141807608,0.8970669642143267,0.6596816242314013
189,0.15551173547617822,0.9806878970409354,0.868984814788836,0.9330055413647239,0.8998579207609158,0.658225230981614
190,0.15695866532355762,0.9804577088782483,0.8673160873246575,0.9325221523165019,0.8987379495303628,0.6571252848714179
191,0.1563462084896273,0.9805891380520341,0.8682197139797279,0.9328690229058629,0.8993840888133047,0.6613176192809253
192,0.15863284149723086,0.9802606784126624,0.8665919132282868,0.931079959208373,0.8976792434597419,0.6504119576220128
193,0.15494254772826063,0.9807567255262825,0.8691545180206138,0.9336300265594484,0.9002393083338447,0.6588294495211482
194,0.1533571839225378,0.981112533914371,0.8717513111241704,0.9343642285902287,0.9019724634780099,0.6556629687509932
195,0.1614997165022994,0.9798075461068455,0.8639418208218829,0.9292084232996622,0.8953873438996962,0.6584580228182091
196,0.16184239311934376,0.9796157134827806,0.8621466231858668,0.929418849263834,0.8945197200328445,0.654574600967754
197,0.1590791508126602,0.9801549225934969,0.865284781162832,0.9316554188451291,0.8972443882228275,0.6624690448792733
198,0.1539475844918395,0.9809213261299078,0.8702486922248858,0.9341228663176402,0.9010552166394381,0.6640641541541351
199,0.15014933392727117,0.9816272232205008,0.8750225413254182,0.9361462042552412,0.9045529663631056,0.6533252934085896
200,0.14894866187581055,0.981791961151511,0.8758589794987799,0.9370197304244048,0.9054076705379982,0.6662289057221515
201,0.14914055720722075,0.9819260476101959,0.8770997721237282,0.9369364460427958,0.9060312413708533,0.6615823392670153
202,0.1509634850265311,0.9815502031566402,0.8742711572777958,0.9362528200770882,0.904201045389362,0.6577157912532972
203,0.1622703678423552,0.9797791468036336,0.8641286124816407,0.9285702050420128,0.8951911777162311,0.6598227247364464
204,0.15868267240069753,0.980306120044349,0.8664662848193553,0.9318417750323466,0.8979657032937217,0.6610878223725275
205,0.14904372935458052,0.9818668045763197,0.8765967935328234,0.9369083892475729,0.9057497024510879,0.6562821363806004
206,0.14622243338351626,0.9823626250997546,0.8801599656282281,0.9380714172432338,0.9081934391141202,0.6624849310378542
207,0.1467212423038997,0.9822914002515398,0.8792529552541279,0.9384580841816084,0.9078913270559785,0.6538714785570858
208,0.14637404431006035,0.982329645928254,0.8796801526792588,0.9383340436132545,0.9080609342140077,0.6548939331222765
209,0.1484995180968758,0.9820761258428605,0.8783154769986632,0.9370934164287007,0.9067529128261513,0.6578924817525973
210,0.14881081118000497,0.9819155489316149,0.8771045605171064,0.9367983770768304,0.9059692354972658,0.6659563187472308
211,0.14656955746116399,0.9822235879888416,0.8788953774473841,0.9381160127809038,0.9075406258613681,0.6382466996997214
212,0.1581456229197893,0.9802699480111479,0.8668300854132474,0.930848933649814,0.8976995916468371,0.655081651921647
213,0.1525206967330665,0.9813045519304056,0.8735331474941604,0.9342220987723232,0.9028589153145673,0.6434661740627916
214,0.1513998834081262,0.9814715214314216,0.8745329266952617,0.9348908103363597,0.9037051739414351,0.6536672043647548
215,0.14549556923963183,0.982465778564975,0.8804364667329533,0.9389676103495906,0.9087605503869294,0.6479664073311486
216,0.14414904432759867,0.9827537197594112,0.882718113273499,0.939359224143965,0.9101582956930653,0.6592469919760993
217,0.1427202214279192,0.9829966519034234,0.8845117438741683,0.9398817450381558,0.9113565098665485,0.6501376398551401
218,0.14051838854341198,0.983353263656714,0.8867787835266201,0.9411634975778126,0.9131621168885581,0.6534180615999727
219,0.1402459461375964,0.9833064418848084,0.8858646270463125,0.9418427673568933,0.9129964614640264,0.6566115101096888
220,0.1445840124121244,0.9826711448028287,0.8823767968823678,0.9388096801259543,0.909718899069021,0.6591960690861485
221,0.1442688691476695,0.9827202462093247,0.8824728619018894,0.9392851689713109,0.9099931573314479,0.6549110314792408
222,0.14630216609338204,0.9824460720852317,0.8806615334598481,0.938407212781849,0.9086178152702317,0.6483676296894794
223,0.14215563224266758,0.9831236522690439,0.8850499346923175,0.9407086083268433,0.9120308877069688,0.6530051926818068
224,0.13948292328084974,0.9835668626712967,0.8881002057745944,0.9419846018401123,0.914249126870879,0.658286953756839
225,0.14326908742245154,0.9829599030952054,0.8845514832944052,0.9393723665375168,0.9111380612333211,0.6587554827577213
226,0.1421571456485515,0.9831348375845497,0.8849941103782205,0.9409239073133433,0.9121024144765674,0.6637274326507493
227,0.14405145758776355,0.9828445412254613,0.8833905426436018,0.9395511178565553,0.9106057421683831,0.6616610105837241
228,0.1415861928902513,0.9832903127834437,0.886518613000013,0.9407444176575884,0.9128269136263016,0.6468068837677556
229,0.13981251493632366,0.9835230277700142,0.8879441180215843,0.9416585523461535,0.9140128469231286,0.6620089581965956
230,0.14776797619440574,0.9821881163253038,0.8791394693152659,0.9373302010136477,0.9073027631043217,0.6593200427564689
231,0.13971143266815933,0.9835620974110382,0.8883511407405488,0.9415833158347532,0.9141929752932123,0.6585183015388965
232,0.13812885503117128,0.9837938854377601,0.8898208385832332,0.9424298927137684,0.9153700889472193,0.6534521703821744
233,0.13601345370570533,0.9842044599869748,0.8925520605122171,0.9437645101623189,0.9174441614653147,0.649857315634068
234,0.13725241300442237,0.9839470466702174,0.8910379876875534,0.9426579649254619,0.9161214049122028,0.655247686118226
235,0.13438362598740797,0.9845292529851678,0.8949254408758595,0.9445443414021722,0.9190656669655176,0.6595091757535443
236,0.13486276012208823,0.9844053562184477,0.894071507760726,0.9441765758837374,0.9184411857175664,0.6497580894440811
237,0.13615560392252832,0.9843158324961856,0.8937075011302729,0.9435721734476987,0.9179631614459638,0.6607184433819782
238,0.13951243886308703,0.9836588994847038,0.8892094858490747,0.941603620094454,0.914656846381176,0.6597657463565348
239,0.14406467703499382,0.9830260948947611,0.885600511258661,0.9387451494969417,0.9113987576145542,0.6517812837952272
240,0.14137890599936032,0.9833478872895924,0.8867886000119111,0.9410837572124422,0.9131297863923428,0.6471510257252437
241,0.14063056140280455,0.9835165184519666,0.8883777132534715,0.9409865182668934,0.9139256544942266,0.6558757945234094
242,0.13405353216816196,0.9845942363037357,0.8953004367708607,0.9448350245674159,0.919401020136211,0.645324475721486
243,0.13249137225768548,0.984861928575258,0.897026601964768,0.9457926472885766,0.9207643830552357,0.642389305636866
244,0.14822426140844394,0.9822741038674029,0.8812036774752935,0.9355121945168753,0.9075461923798354,0.6531863060860471
245,0.13801677270437315,0.9838345480764499,0.8901192873689435,0.9425235876430785,0.9155721887776673,0.6480955775508431
246,0.131325718578246,0.9849067385009738,0.8972819180103895,0.9459979787294052,0.9209961897697584,0.6561046955724076
247,0.13152138237580122,0.9849327483076872,0.8977414570016558,0.9457045637183109,0.9210990540357795,0.6535831821464183
248,0.13231177432395572,0.9848028915324594,0.8967455606591276,0.9454486562124095,0.9204533132553395,0.6554754805024858
249,0.1302380161426908,0.9851844282061221,0.8994555163655569,0.9464913353232984,0.9223741755835111,0.6447070413782927
250,0.1301871908815216,0.9852522816670358,0.9000558934131357,0.9465224931327302,0.9227045593074235,0.6544114968541968
251,0.13773979268056882,0.9839138477749009,0.8910597418125656,0.9422218294270891,0.9159268856793763,0.6562084475880215
252,0.139409452757175,0.9835967863084817,0.8891699726531763,0.9408943738446877,0.914301211607135,0.6436502879048427
253,0.13796736865485315,0.9839068509446366,0.8911086328906386,0.9420700273981989,0.9158809802747595,0.6557935028523605
254,0.13200497040324075,0.9848996936061248,0.8977788411904515,0.9452539568202968,0.9209049376666232,0.6470795501904906
255,0.12943104576828668,0.9852626224191241,0.8995720399629429,0.9472843827903753,0.9228119025964973,0.652234929375394
256,0.12753913996459768,0.9857160705779263,0.9033864145089141,0.9477654829947764,0.9250439822172976,0.6523793897495905
257,0.12722884799293477,0.9857738991397373,0.9038032628641077,0.947919869202174,0.9253360352663961,0.653124673882059
258,0.12721941960479716,0.9857772499279306,0.9034756196118984,0.948386055004904,0.9253862644510341,0.6555659920547974
259,0.1270057969063306,0.985838903057413,0.9040989098776487,0.948318128026996,0.9256807384326745,0.6490885685232244
260,0.12656514737889063,0.9858984001469513,0.9043905849951016,0.9486552525717006,0.9259942322404283,0.6569270984802049
261,0.12941047592128782,0.9854247511298199,0.9012908973965548,0.9469869069273409,0.9235740181163372,0.6500811370536688
262,0.13045546439268607,0.9853190571079775,0.9006753037841265,0.9465166602726707,0.9230271646002157,0.6604994384258019
263,0.12756504994823778,0.9857846312748727,0.9038862845121765,0.9479412071332778,0.9253897131534026,0.6541641243141442
264,0.1271384415223444,0.9858531095753881,0.9042810921761623,0.948252637560252,0.925745012884508,0.6543680788426024
265,0.1263471814475471,0.9859521020208439,0.9050039115899653,0.948506182388661,0.9262445432777902,0.6438326066749226
266,0.13345250061197247,0.9847082866969534,0.8970065046152677,0.9439529336923422,0.9198811271486722,0.6284343917305321
267,0.13316840397046625,0.9848000282564827,0.8977114833573148,0.9441336046868434,0.920337529201147,0.6388501799120324
268,0.14349156602037896,0.9829943928679407,0.8857890202308661,0.9380948225171435,0.9111919018583187,0.6576965721626928
269,0.13001458188719886,0.9852423254316255,0.8999921859845207,0.9464857977979255,0.9226536461794298,0.6536189100223526
270,0.1260267796544291,0.9859610420336055,0.9049072066443976,0.9487387584543245,0.926304759282826,0.6531755042941574
271,0.12610672583146917,0.9860124368074306,0.9057244629886971,0.9482996696090862,0.9265232247064608,0.6512263011152416
272,0.12481340811514169,0.9861833682035029,0.9067114271014218,0.9490780980091784,0.9274111584667117,0.6478962848249548
273,0.12464871305784733,0.9861621442561558,0.9066739822485904,0.9488718805642901,0.9272931096305552,0.6606417374644151
274,0.12296023635233906,0.9864654317858624,0.908525716699862,0.950126388479112,0.9288604958864164,0.6480731042962176
275,0.12246743627160574,0.9866318794428156,0.9101453400408637,0.950047386450458,0.9296684040119215,0.6501093840171984
276,0.12237969976213338,0.9865668205941859,0.9091403795340816,0.9505521134297837,0.929385167107053,0.6411316485692212
277,0.12363761044341884,0.9864031194849322,0.9081058173810654,0.9499189158618058,0.9285418844009141,0.6611912680628826
278,0.12584082243575467,0.986017147136735,0.9055173616304014,0.9486235779265674,0.9265693897786501,0.6534510282826682
279,0.12679917083905756,0.9860151284241759,0.9061178652903575,0.9478248452667744,0.9265022274654874,0.6496100959195884
280,0.12904248375901214,0.9856467614467319,0.9033701744393995,0.9469520574343272,0.9246478592476595,0.6597554828016355
281,0.13266080215894918,0.9849884208295541,0.8989984594007084,0.9447196225386438,0.9212921363058983,0.6552251586136889
282,0.12580578991299052,0.985970091908275,0.9051217692648191,0.948569827013614,0.9263366158874514,0.6533352335183288
283,0.12154438196540736,0.9866257203095996,0.9095246930849982,0.9507648282377763,0.9296876412915458,0.6540802047155349
284,0.1295048301543692,0.985355902045365,0.9017109566648046,0.9456066602697174,0.9231372866733618,0.6556946031515973
285,0.12236887605177413,0.9865076805558485,0.9086413379669901,0.9504835219488309,0.9290915717605623,0.6484271238287178
286,0.11947645300583874,0.9870244915700761,0.912555397728379,0.951667592540909,0.93170119985585,0.6589144576063977
287,0.11829749173183235,0.987220636274029,0.9139544803258287,0.9522336014676953,0.9327014515512161,0.6581090928880331
288,0.11990257197146793,0.9869285409261974,0.9120419367090983,0.9511754911194337,0.9311977487048616,0.6593890313216403
289,0.1269817764488913,0.9857796462907983,0.904568519971217,0.9469970221403554,0.9252966478926106,0.6541766994964499
290,0.12596868592307722,0.9858485159743609,0.9048295872194381,0.947487056219025,0.9256671368918704,0.6558162821827791
291,0.1218895422790548,0.9866249306771361,0.9098107513049501,0.9503905653562371,0.9296580392189717,0.6511046596556985
292,0.11912676665208323,0.9870310558190777,0.9126256982923775,0.9516568128248497,0.9317326726607528,0.6541145888264167
293,0.12118106895535112,0.9866977004584317,0.9103549079556352,0.9505659203263803,0.930025971823176,0.6586893198820053
294,0.11949113000639909,0.9869864862162856,0.9123005251842817,0.9515377929461672,0.9315061502847842,0.6504583099712907
295,0.11701399184388223,0.9873960376764822,0.914994686184306,0.9530070830117877,0.9336141231033852,0.6469345359634949
296,0.11626857401226921,0.9876194281336131,0.9169909409663319,0.953155193357096,0.9347234011310815,0.6439132089836315
297,0.11746042501851381,0.9873205419465948,0.9145487586700166,0.952671804308874,0.933221102343286,0.6491986097631468
298,0.12056604327915384,0.9868696343444144,0.9116361139815693,0.950988175094485,0.9308964448387059,0.6611096661962402
299,0.11843755254320962,0.9872302560573462,0.9140839088611701,0.952184945078085,0.9327454988262525,0.6485258955122946
300,0.12040747785203748,0.9869749781814251,0.9126405692195126,0.9509711933500079,0.9314116906127161,0.6367054212624603
301,0.12070063903606196,0.9868098626001062,0.9113459562704802,0.9506441101846462,0.9305803304509792,0.6243913522058349
302,0.11967809570671843,0.986903966190657,0.912084601987777,0.9508290635321024,0.9310539334393368,0.653823945002681
303,0.12287797717203339,0.9864852206620367,0.9092705369100134,0.949411161701943,0.9289074050643176,0.6562198844542838
304,0.11698696242390777,0.9874236679463382,0.9153430627570811,0.9528976615104183,0.9337429086639681,0.6603088439099154
305,0.1142095198198188,0.9878831722428176,0.9187992043048601,0.9540221483294836,0.9360794499073446,0.6531476528687942
306,0.11345944735858081,0.9880060115886735,0.9196791946154966,0.954380832306307,0.9367087314205388,0.6556382597731407
307,0.11424475219502724,0.9879181357950311,0.918953968972111,0.95424268950667,0.9362659311990327,0.6514563900850591
308,0.11462587367394846,0.9877687716647683,0.9179607878475103,0.9537127114116437,0.9354952904917943,0.6611491352083259
309,0.11551972234742247,0.9877033694976762,0.9172737548665223,0.9537950359555214,0.9351779670480124,0.6532774197363388
310,0.11431800769708997,0.9879504283296068,0.9192059688738069,0.9543112809876229,0.9364297293898012,0.6525141132922413
311,0.11276811570357934,0.9881807400869403,0.9207526109329776,0.9551128931606098,0.9376180629093832,0.659556733643901
312,0.13119442841346315,0.9852380339508452,0.9015662054096178,0.9443728996166261,0.922473216240722,0.6390659636048065
313,0.13107928912416636,0.9850639920895031,0.9001706672651484,0.9440944728408746,0.9216095160044642,0.654801074237136
314,0.12291624785648833,0.9863236893254654,0.9086393519145414,0.9482864533818627,0.9280396513125061,0.6482924613748081
315,0.11469353625564266,0.987678966421367,0.9171359654395208,0.9536783049206599,0.9350502471137785,0.6567433831764524
316,0.11176980436920263,0.9882078759782105,0.9211337790641362,0.9549625678051523,0.93774318191606,0.6513907987323889
317,0.11133947277026211,0.9882406834904798,0.921057966077519,0.9554417483340909,0.9379348439731389,0.6580285129171828
318,0.11189661681544867,0.988155396318044,0.9205950580697481,0.9550089353509418,0.9374862810918883,0.6473176232222142
319,0.11076185233194194,0.9883835245699566,0.9222892924058023,0.9556066927565329,0.9386524359649062,0.6539321994344631
320,0.11312351227074648,0.9879791846840196,0.9196333274076739,0.9541214546178384,0.9365599986490717,0.6446485715481066
321,0.1100969934876231,0.9885015574573385,0.9229507134715826,0.9561813402229009,0.9392722011546529,0.6418767425860439
322,0.10985070085085982,0.9885732011540773,0.9236504689730736,0.9561655398171701,0.9396267987273722,0.645516281269704
323,0.10959457126345566,0.9886244036695635,0.923984587208633,0.9563575811971037,0.9398924086624836,0.6550062204068203
324,0.10904264771681038,0.9887091895970441,0.9244589176026367,0.9567720834296862,0.9403379852388793,0.6528132091556135
325,0.10987627551817208,0.988606152860101,0.9240229329294729,0.9560969483362173,0.9397863563591605,0.6507742384348724
326,0.1102321308722599,0.9885603541772134,0.9235211881896441,0.956172923184334,0.9395634627896894,0.6446727249576525
327,0.11157494877203764,0.9883335236690889,0.9223415693322101,0.954955479772675,0.9383652270437383,0.6520485007660319
328,0.11728759905953201,0.9874035288853323,0.9155806927078952,0.9523614813869744,0.9336089702660332,0.6444236748394956
329,0.11469366504616446,0.98777542517657,0.9180499730944942,0.9536804460971373,0.9355260767288776,0.6357379403951489
330,0.11080310330223694,0.9884321796624514,0.9224963032794986,0.9559240298772382,0.9389127323764038,0.6512322465838206
331,0.11432131390563018,0.9879132126082799,0.9189015228053939,0.9542496298718041,0.9362420504852816,0.6401604573354159
332,0.11027254784653942,0.9885001567180117,0.9229859489459624,0.9561217564498881,0.93926169761395,0.6513377010243476
333,0.10791838116836634,0.9888983100052557,0.9259037917542217,0.9572270465143271,0.9413049098088394,0.6531277375669157
334,0.10902578675811239,0.9887424159578376,0.9250060674702694,0.9564946903253377,0.940486883556332,0.6503813122826001
335,0.12168962537920733,0.9869048176204438,0.9125935397642211,0.9501962351324827,0.93101535919508,0.6604986376951132
336,0.11151043454305731,0.9883519598705212,0.9220222015747048,0.9555637953933105,0.9384934014168935,0.6524529543641352
337,0.10817428453148697,0.9888311431812669,0.9255777090020322,0.9568377215637736,0.9409481582346836,0.6515020123764228
338,0.10634320130129513,0.9891451010487857,0.9278203759631082,0.9577889207555016,0.9425664988978717,0.6471221979906897
339,0.10636978240000258,0.9891341217243573,0.9275153632752494,0.958029101689344,0.9425253307917494,0.6543276251805029
340,0.10691395683361472,0.9890781951468283,0.9273040045488217,0.9576320242032682,0.9422240302932616,0.6597897508610812
341,0.10622191950410818,0.9891544393109637,0.9275903419575675,0.9581755138602045,0.9426348979805076,0.6590430640812114
342,0.10674506841267613,0.9891001881275312,0.9273870620622839,0.9577882562524568,0.9423425274183725,0.6571242202947541
343,0.1074637220971447,0.9889389795103147,0.9261126474532564,0.957448916697603,0.941520115849052,0.6550662988636881
344,0.10784701953420965,0.9889682714415289,0.9267670220614365,0.9569983097995889,0.941640085089139,0.6560015448381119
345,0.106653241655059,0.989132425731153,0.9276316499799041,0.9578688826218869,0.9425078133760523,0.64720022575546
346,0.10703942824235495,0.989052631654116,0.926994249718389,0.9577082205523999,0.9421009706986272,0.6577685080026333
347,0.10809664331751762,0.9889118161535676,0.9260959061566885,0.9571518100029268,0.9413677926786841,0.6342771596546246
348,0.1073765806022951,0.9889796764808506,0.9265153711131375,0.9574361434724094,0.9417220102733062,0.6462534162251202
349,0.10617518545590716,0.989186058941353,0.9278311535193913,0.9582534822174555,0.942796963533343,0.6441445526433416
350,0.11196803036246368,0.9881622901527696,0.9208909856466936,0.9547253402181756,0.9375029929641734,0.6503705587354026
351,0.10766911036301431,0.9889185932600159,0.9260748201802672,0.9572565799829829,0.9414075665039897,0.6523790987871952
352,0.10646005756081008,0.9891223665002039,0.9275769810930053,0.9578175682200976,0.9424547543018267,0.6519142768705168
353,0.10753440546046059,0.9889969522658799,0.9267019605598283,0.9574119260281118,0.941806665965785,0.6527410924306135
354,0.10553639008254885,0.9892532875626653,0.9286828427776688,0.9580105694377625,0.9431187635216335,0.6505121649651929
355,0.10371354538545334,0.9895709670023167,0.9307372348265506,0.9592411552429734,0.944774252503309,0.656618817799099
356,0.10348842778115822,0.9896123231443006,0.930914111747851,0.9595099836414117,0.9449957671543686,0.65395675142754
357,0.10355985384407661,0.989611368718975,0.9311343669726598,0.9592356177176004,0.944976123102647,0.6517327033589507
358,0.10385960230617214,0.9895783964138437,0.930846983124136,0.959196190536945,0.9448089785758366,0.6530126583268709
359,0.10584651249990189,0.9892145269082574,0.9282267720041013,0.9581081775516695,0.9429307993142546,0.6514656245835924
360,0.10349779846749717,0.989613826879166,0.9311064110740218,0.9592975641681056,0.944991783579181,0.6503620209779276
361,0.10315135654678448,0.989675940055388,0.9313536366349335,0.9597233629524491,0.9453257000580099,0.6511695450713169
362,0.10357253487965615,0.9895963794349055,0.9309606659540357,0.9592691382045246,0.944902925313441,0.6568353713631437
363,0.10931530904373248,0.9887392917598296,0.925139449163305,0.956295930081285,0.9404597146968999,0.6533906188285906
364,0.10908946890732367,0.9886016691209817,0.9241321640962461,0.9559111828183731,0.9397530876205525,0.6502674473375827
365,0.10584881439429822,0.9891811082891249,0.9285592794954423,0.9573184525998165,0.9427195808777662,0.636262084350743
366,0.10641642854207282,0.9890490611421068,0.9276160212405717,0.9569154684200096,0.9420379806327354,0.6438858573896106
367,0.10432373213735845,0.9893926542593022,0.9294590928450507,0.9586999544298579,0.9438531052148494,0.6450357021666082
368,0.10184528954702315,0.989821994595673,0.9326940434184301,0.9598199373949532,0.9460625891680521,0.6527339539037381
369,0.10111359497465247,0.9899201150122342,0.933260142334965,0.9602839820212056,0.9465792259241016,0.6497199965589152
370,0.10060131809801506,0.9900211948339416,0.9340507662672256,0.9605163365858542,0.9470987001190208,0.6419808910760199
371,0.10039037232883542,0.9900879565421448,0.9346332733534901,0.9605991041317617,0.9474383149430815,0.6503389333864777
372,0.10065408302940053,0.989993770555163,0.9337312461903506,0.9605776923669864,0.94696423323595,0.6491534739767262
373,0.10257723852456045,0.9896861434800913,0.9313934585560211,0.9597942432772227,0.9453805974748831,0.6508568899749679
374,0.10165159337276178,0.9898604943280495,0.9329205628482311,0.959996769038529,0.9462650175126457,0.6481052385310856
375,0.10394543130620779,0.9894906854130632,0.9303295274717032,0.9587962335376754,0.9443484021012469,0.6522425040268025
376,0.10485206505538319,0.9893659166174485,0.9294035135148293,0.958455564976732,0.9437059998662367,0.6460551512155833
377,0.10315276230785915,0.9895946697089626,0.9307721921855029,0.9594746911463682,0.9449055247753264,0.6539365814200186
378,0.10052934118794452,0.9900622007910936,0.934236787082255,0.9607703982499648,0.9473178328106728,0.6504364701785044
379,0.10012560246659698,0.9901058571667757,0.9345898893765223,0.9608573743151558,0.9475416218321029,0.658682107005273
380,0.10126878948306008,0.9898751059618103,0.9328054252073537,0.9603029572748168,0.9463544894498942,0.6363759812172441
381,0.10423415840315305,0.9893711968554006,0.9292777079929428,0.9586681321173813,0.9437441536859521,0.6567657022701608
382,0.1002479617035003,0.9900706876234848,0.9343781446328046,0.9607012160996389,0.9473568637238674,0.6470165584007517
383,0.09898722257545527,0.9902718928415739,0.9356424760017616,0.9615325832422964,0.9484108728476158,0.6500001366011658
384,0.10066390294822858,0.9899642657665021,0.9337538385762463,0.96020941001285,0.9467968537451306,0.6494559542139814
385,0.09981544877288581,0.9901635964657863,0.9351855205492919,0.960820900481366,0.9478299060642015,0.6474067885262133
386,0.10407444612263776,0.9894315041765103,0.9302758703052149,0.958172560513339,0.9440181665408335,0.6514714959641115
387,0.10059156197813346,0.990004049509928,0.9336357356679115,0.9608099730979635,0.9470279585417719,0.6487900785293831
388,0.09856374748051167,0.9903399454271958,0.9360877690747714,0.9617932899368545,0.9487664475211561,0.6485837309015234
389,0.09794265858614616,0.9904279310827462,0.9367143797331313,0.9620708307085463,0.9492232997084161,0.6421738257732656
390,0.09778104207927374,0.9904715737256897,0.9370567641710887,0.9621716136703339,0.94944813314966,0.6496786832307657
391,0.09682708066090834,0.9905769312954389,0.9377846528839874,0.9625314051522318,0.9499968974670615,0.6368916757031078
392,0.0970692380512361,0.9905816484911126,0.9378841737087871,0.9624690895333683,0.9500176037977269,0.6428953162639776
393,0.097038901002287,0.9905640431203594,0.9375329864821217,0.9626781126577789,0.9499391792728091,0.6442631618337602
394,0.09670045736024706,0.9906796521793966,0.9385480392960555,0.9628200209746695,0.9505291077121565,0.6411675933695681
395,0.09772608748121227,0.9904867003371443,0.9368799724730846,0.9625537767547384,0.9495433638961619,0.6464627593038602
396,0.10679646123120252,0.9890741508553409,0.9274229999908455,0.9574410903284092,0.9421930131381299,0.6568668456553919
397,0.10233383561424214,0.989789997314975,0.9321708507827824,0.9600717840489145,0.9459156191447093,0.6400213986023424
398,0.09802563111934302,0.9904504939720968,0.9365820398870142,0.9624867357808901,0.949357708274488,0.6435333728296748
399,0.09600713309034598,0.9907431248967298,0.9389060301004425,0.9631316729026586,0.9508645743891005,0.6349581673090684
400,0.09756571512749727,0.9905442130459697,0.9377709433711893,0.9621706538326025,0.9498141238200297,0.6499552047652598
401,0.09597653650390588,0.9907487209876673,0.9387247044766911,0.9634080323356041,0.9509062148420984,0.6539112010052539
402,0.09622348930767115,0.990735420830433,0.9388239590285156,0.9631389824361508,0.9508260469986671,0.648812262692141
403,0.09805505485575405,0.99049816030742,0.9370901201675561,0.9624388915616678,0.9495953691451349,0.6501798271702024
404,0.0962000107325667,0.9907689218459964,0.9392172927007841,0.9630647795961534,0.9509915570991977,0.6418711707001775
405,0.09564299504909156,0.9908119259165998,0.9394050316360936,0.9633400315240245,0.951221990072758,0.6457137700601386
406,0.09618132526604392,0.9907277098977669,0.9389866009615281,0.9628602603257128,0.9507735890283362,0.6347500549239996
407,0.09509339860285358,0.990900982725753,0.939855415177569,0.9638381134729026,0.9516956975151456,0.650626331754447
408,0.0952347311854577,0.9908975083429133,0.9400468704586815,0.9635751179345237,0.9516655928425891,0.6530031022613261
409,0.09472760956118004,0.9909925938242666,0.9406313707908428,0.9639865929865691,0.9521657861365431,0.644404403465622
410,0.09467063913885639,0.9909982242470504,0.9407333685402344,0.9639326205726008,0.9521917085519587,0.6417812000031717
411,0.095269301490818,0.9909084464691261,0.9400699768208444,0.9636738335535053,0.9517255771861014,0.6356490563120423
412,0.0951305931876246,0.990955165245493,0.9404722362521408,0.9637420558661,0.9519649655001603,0.6449648838628051
413,0.09506447398834092,0.9909519998492695,0.9404836525116718,0.9636924396387584,0.9519466075280841,0.6467111493685067
414,0.09555343939192432,0.9908789142149883,0.9401723605751002,0.9632154741199691,0.9515544331414882,0.6556960654083913
415,0.10671332907333649,0.9890808386989889,0.9273441347582192,0.9576143779557464,0.9422362038926827,0.6548493580443407
416,0.101970333163794,0.9898178404422777,0.9324462481463982,0.9600666156918998,0.9460548785458732,0.6397311118462837
417,0.09609460034709183,0.9907002100889266,0.9383981237751652,0.9632320128624162,0.9506529121677822,0.6379317492758423
418,0.09392076915652632,0.9910312789486128,0.9409054111163673,0.9641119625610125,0.9523673379887019,0.64643952201097
419,0.09229308318534343,0.9912961079441585,0.9428850184955954,0.9648532526242702,0.9537426498364878,0.6514985807034791
420,0.0918204238732084,0.9913626224630688,0.9433848809962457,0.9650373199676667,0.9540882691417071,0.6529216311350516
421,0.09192787610637627,0.991347125067675,0.9431668788500019,0.9651115966413358,0.9540130584051988,0.651666444665452
422,0.09509720458990807,0.9909810171257136,0.9407748887454211,0.9636869021133855,0.952093071620311,0.6423047176174337
423,0.09346881252881005,0.9911786518317935,0.942280534406225,0.9642071341637554,0.9531177448838225,0.6566727915495908
424,0.09521893496296817,0.9908097012129633,0.939483738694249,0.9632226359861181,0.9512050995290181,0.6353329591699125
425,0.09397668962319977,0.9910638873361739,0.9412093043102452,0.9641330789911012,0.9525332900718745,0.6419619629476507
426,0.09212180151999426,0.9913424902684322,0.9433540774061177,0.9648425467418825,0.9539773197431913,0.6455357803043156
427,0.09896236611195176,0.9903685163896389,0.9365731777250684,0.9615516323295793,0.9488980525065822,0.6484195410400561
428,0.09351916627275,0.9911329355453369,0.9413973028918584,0.9647066927860664,0.9529094747503817,0.650774195150498
429,0.09448901755507473,0.9910447438987091,0.9410972545284079,0.9640435925810745,0.9524322357585931,0.6510744853059702
430,0.0921844209564461,0.9912954419063414,0.9426907338067918,0.9650701759515462,0.9537491912003326,0.6439429745076719
431,0.09085099579994198,0.9915128723549647,0.9444315774550992,0.9655493564804847,0.9548737221922182,0.648189266822206
432,0.08999432171795436,0.9916744723552283,0.9455485138492591,0.9661117475573606,0.9557195340169973,0.6521153278945383
433,0.09121817985562969,0.99148632697145,0.9442501419147036,0.9654547755471149,0.9547347346565317,0.6299169114454324
434,0.09868871805211193,0.9902712130710183,0.9362382064128566,0.9608230416578435,0.9483713212915305,0.6339251680208646
435,0.09528080458424502,0.9908498626066979,0.939772599752487,0.9633473410575167,0.9514139553232193,0.6481387938010473
436,0.09271542681046098,0.9912035492866886,0.9420294462715053,0.9647830368025413,0.9532704846425595,0.6491598820619107
437,0.09032865972827664,0.991601105199808,0.9449832509575395,0.9659230286926508,0.9553384104173097,0.637143599105129
438,0.0899241715669632,0.9917089483952252,0.9458074695208438,0.9662082481661931,0.9558990229784452,0.650435822490605
439,0.08986024047991784,0.991711983330433,0.9459523665793215,0.9660768980643469,0.955908724746312,0.6500787159881011
440,0.0893987163284914,0.9917881588308759,0.9464834094309783,0.9663377524262483,0.9563075407323748,0.6505978302222333
441,0.08940289936048522,0.9918048029099343,0.9465892075251464,0.9664064915745444,0.9563952030182093,0.6452232884920175
442,0.08966665110624522,0.991753538597125,0.9462233943519655,0.9662405134806994,0.9561271976758166,0.6506769942036246
443,0.08937091664444628,0.9917999827187218,0.9464242219882851,0.966540204353883,0.956376447287265,0.6425328351117185
444,0.0942891993888205,0.9909761763353935,0.9408061315908532,0.9635950530258663,0.9520642410646286,0.6259174625144521
445,0.09723206971296304,0.9905025959819546,0.9372941010718988,0.9622504680316445,0.9496083451891582,0.6455395775867137
446,0.09231222694297489,0.9913375739480502,0.9431639882937924,0.9650056453225335,0.9539598127274573,0.6506547529517936
447,0.09128320419477473,0.9914669363446922,0.9439275628439691,0.9656045840668709,0.954643034613194,0.6501242692336384
448,0.08983697543898933,0.9916978523425195,0.94568213592936,0.9662253037443418,0.9558433531592814,0.6444846451050692
449,0.08949206411677728,0.9917674704603302,0.9462408315433082,0.9663793946170528,0.9562040905365704,0.6514221683546626
450,0.09352635454198868,0.9912263044343782,0.9423595736099306,0.9646615065790232,0.9533801335092207,0.6334605765303304
451,0.09431589317085931,0.9910834839540091,0.9413321367817086,0.9642152558676357,0.9526362982360388,0.6537471746427952
452,0.09066996763614442,0.99159889422891,0.9448813216835411,0.96601487778017,0.9553312364523601,0.6517601346902488
453,0.08784252624931953,0.9919841936729209,0.9477266411379387,0.9671512518203692,0.957340424400657,0.6504147269565541
454,0.08738041565947824,0.9920682929634767,0.9484246611786347,0.9673133167296173,0.957775870450281,0.6499401145565681
455,0.08842138719590877,0.9919322152577097,0.9475623076310171,0.9667469386344728,0.9570584918343519,0.6477166953075271
456,0.08791838027536869,0.9919762836155466,0.9476670235587092,0.9671291755525491,0.9572991920686582,0.6494706184502852
457,0.08737064399521985,0.9920495752409052,0.9483490353460892,0.9671864704817411,0.9576751289553902,0.6447302211543391
458,0.09170450070511094,0.9913943656881047,0.9434282096541127,0.9653504485690887,0.9542634411368544,0.6446912603926904
459,0.09135825898525098,0.9915609918706583,0.9449723725125199,0.9654775163179797,0.9551149020307463,0.6333645085138734
460,0.09650690884416481,0.9907771134245099,0.9395968772692327,0.9627162108323447,0.951016056244721,0.6395658646381776
461,0.08976362510282787,0.9916911713652408,0.9453615436423173,0.9665167990799733,0.9558221281312933,0.649257367756348
462,0.0876873794728689,0.9920087409429843,0.947940782126786,0.9671866181490844,0.9574669958131619,0.6441820659323095
463,0.08700967080247916,0.9921284629572014,0.948796200874861,0.9675750570955782,0.9580936203414113,0.6421601144532354
464,0.0860878776008491,0.9922690244020875,0.9498380290878936,0.9679898546628474,0.9588280403264111,0.6431550585653955
465,0.08634021835361454,0.9922538840578946,0.9496145343341255,0.9680712193689938,0.9587540590612051,0.6451049431428422
466,0.08763691383621676,0.9920793134861204,0.9485033079559043,0.9673491998940339,0.9578335621228893,0.6432295945521043
467,0.08797535175631802,0.9919858210024328,0.9476305094342871,0.9672793532406632,0.9573541231818401,0.645233834366063
468,0.08660891646747108,0.9922181034077406,0.9493487303908559,0.9679663017215945,0.9585671255996623,0.6533212989466146
469,0.08784438823785284,0.9920221234966496,0.9480379846365419,0.9672281865062172,0.9575369464933372,0.6458668193472664
470,0.09167151514896386,0.9914188236953678,0.9439402248997631,0.9650399779798458,0.9543734947878945,0.6474094027546397
471,0.0960103749907274,0.9908718830528779,0.9399622789474787,0.9633793110373365,0.9515267437630375,0.6322236321564529
472,0.09490590956624892,0.9909886319292103,0.9404007645791099,0.9642094230075762,0.9521562832336133,0.6425260915152443
473,0.08875782135204016,0.9919142047711709,0.947290495785624,0.9668518562818722,0.956971223482139,0.6466228107786837
474,0.08636811041949893,0.9922144436329311,0.9491628691379594,0.9681356761643348,0.9585553990581842,0.6505623767891331
475,0.08597817472952733,0.9923078056556032,0.9500609503177929,0.9681776136898259,0.9590337312548323,0.6519189395680445
476,0.08650854653377327,0.9922054418228463,0.9492566549578095,0.9679269483746108,0.9585008923094684,0.6473630751839369
477,0.0850228942501888,0.992406495980812,0.9506020969455856,0.9686850725150022,0.9595583984146016,0.6505325235034993
478,0.08453196608762947,0.9924952232042412,0.951332758669438,0.9688657435095034,0.9600192058345002,0.6394677559268898
479,0.08467735880784852,0.9924626628812647,0.9511623715592912,0.9686889856995992,0.9598456770704542,0.6526624732801953
480,0.08454807483249431,0.9925168454010047,0.9515968864722425,0.9688128786006097,0.9601277140095954,0.643679181558426
481,0.08510378357559013,0.9924537503339802,0.9511087142081842,0.9686485248475408,0.9597984935226037,0.642482269254481
482,0.08905722462176847,0.9918959402289698,0.9472655297561744,0.9666723666261172,0.9568705580296865,0.6528176915993436
483,0.09250848358430022,0.9913249535613715,0.943110461308756,0.9649230254439692,0.9538920631866658,0.6554423554427562
484,0.09092498013227106,0.9916402641036323,0.9456971494250414,0.965551128488604,0.9555210177430036,0.6504744181123822
485,0.08848358929264459,0.9919286172802234,0.9471442940289301,0.9671828526318308,0.9570586947489994,0.6349837118556666
486,0.08630930294664643,0.9922513229021649,0.949620597982341,0.9680352623709055,0.958739514973574,0.6394431181616302
487,0.08519989663480426,0.9923796896752658,0.9504331842775625,0.9685720331637226,0.9594168825756784,0.6438497010891314
488,0.08798213169085893,0.9919649266408096,0.9477216641689413,0.966937651008317,0.957233229428464,0.6483938594342136
489,0.086815848973372,0.9921630419927369,0.9488826325525669,0.9678698749464336,0.9582822104725741,0.6487101138604959
490,0.0862047978737157,0.9922179592139864,0.949401828372288,0.9679044291047608,0.9585638508173446,0.6460832760388512
491,0.08486934926816457,0.9924488752118138,0.9509875081233511,0.9687301110547022,0.9597768183743723,0.6434127807211426
492,0.08438645858022807,0.9924906158704755,0.951314423353742,0.9688342165317135,0.9599943930176389,0.6535528063664915
493,0.08401934455463783,0.9925778187599316,0.9519998485477008,0.9690495155182134,0.9604490225654695,0.6448048522728714
494,0.08317754183152168,0.9926829428731262,0.9526247684247632,0.9695363747490024,0.9610061755276653,0.6406253299228416
495,0.08418342996415475,0.9925669836292573,0.951984320629148,0.9689443025361275,0.9603894412874023,0.6547688019998197
496,0.08437272332769503,0.9925367922036716,0.9517354761475472,0.9688826514203088,0.960232519254952,0.6376556223834524
497,0.08365945287531229,0.9926384213349189,0.9523677185951199,0.9693215925982039,0.9607698688342966,0.6399011431421407
498,0.08305251409413575,0.9927314125736514,0.9530903637691971,0.9695616258647031,0.9612554405834014,0.64086018455892
499,0.08265473164296408,0.9927786119958657,0.953283364313603,0.9698787414843935,0.9615094503693388,0.6444850907314836
500,0.08322823862377689,0.9927084857667307,0.952747945103123,0.9696869216054748,0.9611428069183358,0.6441491377517422
501,0.08324643316940009,0.9927153521359792,0.952776728125091,0.9697322554798613,0.961179722344874,0.6394122472658711
502,0.08308244028912602,0.9927271348256096,0.9528291806311384,0.9698066059872019,0.9612429355418887,0.6528789125965436
503,0.08266059486128444,0.9928125181272148,0.9535303408890816,0.9699849881378824,0.9616872841499889,0.6501366283141949
504,0.08319803264340479,0.9927654011014315,0.9532271684735768,0.9697924299222472,0.9614384510205217,0.6402861666741434
505,0.0851329731480252,0.9924502622184019,0.9509129910175627,0.96883000801243,0.959787889495802,0.6388721030725641
506,0.09013025994620306,0.9916819704304477,0.9456795621863449,0.9660470692610047,0.9557548181650771,0.6483908415672691
507,0.08780144547654999,0.9920064132438091,0.9474935204519197,0.9676700071973063,0.9574754829218312,0.6422937889845051
508,0.08433519159075167,0.9925372041858266,0.9512694279495851,0.9694129986836933,0.9602555174320883,0.6450268938237681
509,0.0872224587813127,0.9921286895473865,0.9486760010796367,0.9677142335666182,0.9581005503895051,0.6482234221914099
510,0.08493012732578267,0.9924300544937036,0.9506786212130773,0.9688657435095034,0.959686023524979,0.6532222229355159
511,0.08276824176097088,0.9927477888643091,0.9530419361249537,0.9698012161291722,0.9613485401475214,0.6395948446637425
512,0.08141886004709083,0.9929322813396473,0.9541795400018552,0.9706107285050247,0.962325000909552,0.6475877231368388
513,0.08711055554985571,0.9921858520713803,0.948957042444252,0.968044565413532,0.9584057770046555,0.6464456050302534
514,0.08500230130102994,0.9924663295224435,0.9509065463396383,0.9690194652138563,0.9598775655493194,0.6460208198205905
515,0.08205938888646716,0.9928713560453053,0.9538903683740111,0.9702463593354851,0.9619988473706856,0.6474183754585244
516,0.0812464358432473,0.9929779632942577,0.954681808776826,0.9705645824602501,0.9625576812768343,0.6517179030365456
517,0.08035921171414766,0.99312742355369,0.9559540672984396,0.9708309743475244,0.9633350877522026,0.6407130068806266
518,0.08149364483442238,0.9929581812844527,0.9547302626264035,0.97028711552223,0.9624458284282859,0.6477426974555787
519,0.08088987181298167,0.9930471488308056,0.9553286450840348,0.9706229110608452,0.9629150510590779,0.6445170209927599
520,0.08156294603463557,0.9929398618112977,0.9544272737637146,0.9704190562934493,0.9623567345025485,0.641382166634435
521,0.08452950207610353,0.9925265613134914,0.9515112914580187,0.9690194652138563,0.9601855732749668,0.6441816630560566
522,0.08323930788168804,0.9926996006849231,0.9526631141987083,0.9696817532484601,0.9610971001869201,0.6242704136027596
523,0.08174599496741518,0.9929465427885765,0.9545557187431295,0.9703508339808546,0.9623884717445887,0.6467619148400712
524,0.08163990238480431,0.9929572680573426,0.9545717680222111,0.9704539796201346,0.9624473566078187,0.6454268041555864
525,0.0805329881313679,0.9931072226953609,0.9556424021896223,0.9709505110619083,0.9632356398866312,0.6460611352619956
526,0.08101747558860899,0.9930346932369888,0.955207026412626,0.9706181118721886,0.962850906857935,0.6394363614806268
527,0.08093743342504227,0.9930602086651164,0.9553652586378975,0.9707293792153489,0.9629860404731975,0.6424836613997413
528,0.08293967463558527,0.9927362464976024,0.9529388522780433,0.9697864493948445,0.9612888385429345,0.6529224512847914
529,0.08157120138513956,0.9929888052913011,0.9548433662682781,0.9705064015269984,0.9626111732208513,0.6431743160772455
530,0.08057457577142356,0.9931219441910296,0.9556365995710375,0.9711229865188575,0.9633175568992371,0.6449325527165146
531,0.08041410491192083,0.9931567841485965,0.955968551166278,0.9711458011233941,0.9634974109015366,0.6486428945459104
532,0.08013770845886185,0.9932206963135617,0.9564926648587235,0.9712826149169416,0.9638309054164915,0.6433964898537953
533,0.07989381159917056,0.9932499813784066,0.9567129700161081,0.9713675236393267,0.9639845551844995,0.644174544753195
534,0.07961800603343429,0.9932860092178535,0.9570080703925248,0.9714453443292344,0.9641726653816614,0.6473489104696835
535,0.08038260803805838,0.9931530007791407,0.95594610880673,0.9711281548758723,0.9634773275755317,0.6415509277942183
536,0.08015337175012921,0.9931946727741099,0.9563343090978175,0.9711655885473934,0.9636928886768746,0.6469491925006733
537,0.08152728921753898,0.992949872977662,0.9545321641249283,0.9704147739404942,0.9624079458513795,0.6468319016044008
538,0.08219161423311817,0.9928884807702111,0.9540992226666877,0.9702058984834269,0.9620851531241769,0.6415122919928103
539,0.08093642834707987,0.9930739551363518,0.9554758595630649,0.9707610538604822,0.9630578107021676,0.6499836386330069
540,0.08554556729982225,0.9924303772130583,0.951334188102152,0.9681292526349022,0.9596582430136912,0.6461746757730255
541,0.0814951901263792,0.9929462132028526,0.9543669890556192,0.9705582327644892,0.9623945157004667,0.645035681902432
542,0.0803195120726558,0.9931428179535451,0.9559328760422247,0.9710281102508012,0.9634213673786762,0.6442774221211136
543,0.07942073602604566,0.9932676416801137,0.9568589794919024,0.9714041451404597,0.9640767041795913,0.6424725536004695
544,0.07827396986992669,0.9934502527702779,0.9582435049884577,0.9719235650204416,0.9650350562884393,0.6461660743030215
545,0.07837553798026747,0.9934403240003445,0.9582142234198651,0.9718443414907727,0.9649811543513317,0.6504615662698277
546,0.08453894418617375,0.992544427606276,0.9521617856413856,0.9684891917841434,0.9602560892761975,0.6411858704358414
547,0.08085482643930603,0.9930662922682705,0.9555246884977204,0.9706201792149945,0.9630132810263147,0.6492742094813959
548,0.08065669911263658,0.9930806429799999,0.9556435664580327,0.9706494911826352,0.9630880803469962,0.6467928393592488
549,0.08089311914049464,0.9930319878875049,0.9551954242828044,0.9706005394583385,0.9628363664195996,0.6444173405518108
550,0.07827242206540896,0.9934247579412582,0.9580264413470124,0.9718771974746522,0.9649021165548326,0.6441593331323217
551,0.07777410905084593,0.9935199876163657,0.9587085211092452,0.9721930579219248,0.9654037045851496,0.6438233987852704
552,0.0777806745667895,0.9934949459677164,0.958554952614397,0.9720814214104062,0.9652708022846116,0.6337446634364315
553,0.07757617409923952,0.993521072502707,0.9587568270776576,0.97215185873315,0.9654078811347436,0.6448734515186225
554,0.07851962852392265,0.9933815890777927,0.9577574402284088,0.9716896599486885,0.9646732489566036,0.6182834768076094
555,0.07935931844462593,0.9932930472463333,0.957205605954076,0.9713052818541348,0.9642039013222762,0.6462180478720511
556,0.07925313968452619,0.9933260538833109,0.9574188640538204,0.9714401759722197,0.9643785579717735,0.6478313456854918
557,0.07828690220179746,0.9934627632950487,0.9582785956404339,0.9720253816536321,0.9651030393292273,0.6430469418383946
558,0.07812618395889835,0.9934878255428057,0.9585651788505919,0.9719900891585885,0.9652309561860982,0.6443706637354459
559,0.08332572305213204,0.9926502383563955,0.9531271024262089,0.9686023788027663,0.9608024310695517,0.6337949236840494
560,0.07958740861617404,0.9932161233116422,0.956500781535859,0.9712220713061974,0.9638052159620967,0.643811768079712
561,0.07829782708460907,0.993458684671715,0.9583772247755384,0.9718704047768614,0.9650766534939477,0.6429524627706612
562,0.07718817502421012,0.9936204288657329,0.9595964946821712,0.9723409467662181,0.9659266849275281,0.6493536367443041
563,0.07892387889647226,0.9933896845271367,0.9579254785229123,0.9715945621796173,0.9647116031687343,0.6393035459609987
564,0.08169592362192037,0.9929948133643935,0.9553553398216398,0.9700027820527474,0.9626233446625234,0.6419639299307812
565,0.08686904991112596,0.9921615794560869,0.9494906765684402,0.9671633605425181,0.958245542255427,0.6501601425054071
566,0.08107123814737625,0.9930608953020411,0.9554564633225533,0.9706353889513522,0.9629861159615002,0.6443496212672707
567,0.07761143990825835,0.9935528569259583,0.9591198310819301,0.9721080015321963,0.965570241353545,0.6419185646297136
568,0.07719531395345283,0.9935899627853773,0.9593523352507475,0.9722681467659818,0.9657670601173329,0.6451631755614715
569,0.07624613150632639,0.9937373974658813,0.9606328930856094,0.9725125362191076,0.9665362130216897,0.6488011330536432
570,0.07572950698810516,0.993793674228242,0.9608630654295103,0.9728905646179005,0.9668394108956719,0.642817604768497
571,0.07564635032104502,0.9938224923799781,0.9611451844291891,0.9729037808451239,0.9669887377847366,0.6379737848237953
572,0.07621228380008138,0.9937622468561916,0.9607128157843844,0.9727033224266234,0.9666708882196365,0.6464613937739196
573,0.0760636543520063,0.993758525284059,0.9605720747958058,0.9728162879442314,0.9666554098643777,0.6424780331169453
574,0.08274215258818736,0.9928499398396192,0.9544148089629187,0.969417576371335,0.9618576940599647,0.6039260749961121
575,0.08667135904643604,0.9921970305205169,0.9494788277250058,0.967579413282205,0.9584436689532807,0.6405288691519652
576,0.0805044585718311,0.9931102438978302,0.9557516534264625,0.970862796660001,0.9632479639259349,0.6409513117332103
577,0.07751894874913658,0.993528920762758,0.9589025312112461,0.9720790587329138,0.9654458383348874,0.642514320131755
578,0.07590130248890935,0.9937585390167974,0.9605158111704415,0.9728783082284083,0.9666575355972321,0.6521254504618447
579,0.07528675708705358,0.9938273194375598,0.9609771138499439,0.9731424112718617,0.9670215036892453,0.6431416566074889
580,0.07558778361182847,0.9938056560425808,0.9610201133245305,0.9728523926096629,0.9669000554327061,0.6464397319603984
581,0.07514429775153776,0.9938685451185278,0.9614475849207047,0.9730879958558637,0.967232769278286,0.6462356011714628
582,0.07558936242469781,0.9938040424458073,0.9610624223924388,0.9727878619806503,0.9668895949845073,0.6413661834254326
583,0.0763173410869974,0.9937374867286816,0.9605607802118888,0.9725927934201795,0.9665393429875098,0.6471224611652906
584,0.07648459046060661,0.9937140930086519,0.9605789968274976,0.9723104534598311,0.9664091237607979,0.6444529434911828
585,0.0763414112864424,0.993733078519624,0.9604213408933574,0.9726966773961758,0.9665200348336196,0.6517095864681584
586,0.0756847103454655,0.9938369117553999,0.9612865766356871,0.9729102043745564,0.967063464192779,0.6378995934867143
587,0.07653005548464738,0.9937168395563513,0.9603840355005797,0.9725555812496733,0.9664314868143704,0.6378002274074376
588,0.07556415108709241,0.993860621328415,0.9613498260232309,0.9731064542737735,0.967192414784939,0.6377024134315802
589,0.07559388522192728,0.9938314735909551,0.961179163329701,0.9729671301353903,0.9670372248992589,0.6406024617967632
590,0.08827255754698095,0.992069741767388,0.9493264499311849,0.96630629928213,0.9577411213296138,0.6292454074460285
591,0.08269519357533335,0.992788568231276,0.9534986216855771,0.9697498278937114,0.9615555644708806,0.6426726414125485
592,0.07743041171766013,0.9935656215063913,0.9591266372237947,0.9722438554880125,0.9656407024903841,0.6457069377032432
593,0.07563307520886547,0.9938316795820326,0.9610723044175459,0.9730867406834458,0.9670422074498704,0.642199116982335
594,0.07475722476625614,0.9939353205594695,0.9620053700542479,0.9732245881483962,0.9675824581975115,0.647219911967063
595,0.07525882910159852,0.9938817216811157,0.9615265030453753,0.9731490563023093,0.9673028684600324,0.6321824496812782
596,0.07657095370479196,0.9937114975210759,0.9603298305376121,0.9725552859149867,0.9664038953596055,0.6509541017335455
597,0.07557485885784138,0.9938565015068659,0.9615297299723174,0.972863024658379,0.9671631773439014,0.6421741815935763
598,0.07487815364578859,0.9939346201898063,0.9620049523376908,0.9732172047812323,0.9675785978945427,0.6400652396374693
599,0.08261024875552964,0.9928987940568224,0.9545828334096074,0.969781428705173,0.9621221119374381,0.6410206435606455
600,0.07924697467749067,0.993287430556288,0.9571556886554305,0.9712974554849411,0.9641747197424101,0.6375172946768181
601,0.07792960114696686,0.9934493601422756,0.9584685196994588,0.9716646303340029,0.9650214648294165,0.6454901949492717
602,0.07513600410960561,0.9938600651525059,0.9613022207998357,0.9731524526512048,0.9671910401927406,0.6401394710883048
603,0.07461696158317353,0.9939215946873418,0.9617983189561801,0.973297683483319,0.9675138335649248,0.6333212598362515
604,0.07438571594333906,0.9939595519765475,0.9621430857389751,0.9733450847005114,0.9677116683900642,0.6420670090744671
605,0.07343374557873543,0.9941208773220412,0.9634134617983475,0.9737616542758999,0.9685599185411732,0.6410163622835358
606,0.07371803111122023,0.9940848906808099,0.9631758526292001,0.9736185646202631,0.9683690563766775,0.6387395713981556
607,0.07347572815986417,0.9941303597779735,0.9634388165235287,0.9738399918015092,0.9686114824078653,0.6421222903314872
608,0.07362563303745479,0.9941277574240283,0.9634992891573483,0.9737449678661094,0.9685950348884487,0.6438161424836584
609,0.07818462588429022,0.9934486391735045,0.958733145159157,0.9713641272904312,0.9650073062587148,0.630083900464841
610,0.07684914837423847,0.9936150181667651,0.9595863379600212,0.9722914043725481,0.9658970934934512,0.6433029945461785
611,0.07806147182052084,0.9934562333778933,0.9584983264056331,0.9717089305369864,0.9650584208748489,0.6471780368519513
612,0.0766974896822366,0.9936631582815664,0.9598102507967483,0.9725849670509857,0.9661553832513262,0.6433690521143454
613,0.07507914166039914,0.993902478715354,0.9617146784282963,0.9731752672557412,0.9674110316102281,0.6422996518818188
614,0.07459962539535632,0.9939890636315777,0.9625282614722975,0.9732540477833803,0.9678614398992145,0.6415993568465994
615,0.07362223449397645,0.9941160708635673,0.9632451591438135,0.9738915277043133,0.9685390875733287,0.647800122640407
616,0.07320773203542336,0.9941756709486443,0.9638027061315972,0.973949708637565,0.9688496400947996,0.6427636695692386
617,0.07333990123471339,0.994169607944598,0.9637745483171027,0.973912644134402,0.9688170746625194,0.6405034156024902
618,0.07385846408981857,0.9941000584904798,0.9633174758298598,0.9736336266892774,0.968448079484877,0.6405707698007254
619,0.07458683806840036,0.9939798970286309,0.962360173614234,0.9733352648221835,0.9678166056905765,0.640261270476254
620,0.07508265838134202,0.9939282962637284,0.9620805083740462,0.9730637045778944,0.9675409381015295,0.646377694277729
621,0.07397089737782375,0.9940908506893176,0.9633016289647173,0.973547979630176,0.9683977015989476,0.6413259645376709
622,0.07348295832521838,0.9941577634576443,0.9637081754712628,0.9738526173593595,0.9687538399063226,0.6429131947558198
623,0.07353390095313247,0.9941422385967734,0.9636470195989403,0.9737457800364975,0.9686700796614773,0.640325290715744
624,0.07574692431488912,0.9938235292017346,0.961420718660533,0.9726131715135519,0.9669845591496751,0.6419919733798253
625,0.07627585353396779,0.9937211997008241,0.9604775202734355,0.9725016826693766,0.9664522031173255,0.6407350621205086
626,0.07650268169642567,0.9937094925412553,0.9603763122348871,0.9724816737443625,0.9663910854510632,0.6318598358794079
627,0.07572939260293254,0.9938169512199945,0.9613256257655483,0.9726437386536105,0.9669515638774838,0.63488891539165
628,0.07368596873695044,0.9941159198034438,0.9633405858879914,0.9737857240528542,0.9685349944651622,0.6401188542603582
629,0.07472229780455072,0.9939830898903315,0.9623078596798401,0.9734282214147771,0.9678360985779659,0.6360417320707605
630,0.0734125664591682,0.9941741946792559,0.9639015183432832,0.9738255942355395,0.9688381431954634,0.639639762611057
631,0.07240830250620413,0.9942941226845504,0.9647507926885843,0.9742409824721817,0.969472663216236,0.6413227897020649
632,0.07217080721618246,0.9943170082932558,0.9649338600021966,0.9742975390646573,0.9695930930292143,0.6468370303119304
633,0.07210483979567778,0.9943266830075269,0.9650798176119861,0.9742470368332561,0.9696417604499319,0.6413900201536629
634,0.07281153058807413,0.9942377635257587,0.9643879849711621,0.974006191396369,0.9691732256753125,0.6540331475717658
635,0.07366474536951069,0.9940753944921391,0.9631664483011317,0.9735226546808038,0.9683168622220982,0.6430195779515517
636,0.07248248750169714,0.9942590012058443,0.9643303334448012,0.9743060299368959,0.9692925155777027,0.6581361923514019
637,0.09626284523083152,0.9911957147593761,0.9433830259944324,0.9631301223955542,0.9531543069180525,0.6308955491733246
638,0.0784983279840123,0.9934517702378818,0.9584950258983655,0.9716624153238537,0.9650338071391359,0.6236445792894346
639,0.07376745339858232,0.9940638589918017,0.9629397905957966,0.9736410838901131,0.9682608702675499,0.6452393824965482
640,0.07197994162603248,0.9942692664278708,0.9644818670630644,0.9742558230401812,0.9693442078312473,0.6401579696023965
641,0.07085109828375012,0.9944381653786457,0.9657339877191116,0.9747809281128793,0.9702363688921954,0.6412238072371663
642,0.07054281994539628,0.9944863192261855,0.9660953221303271,0.9749263066123369,0.9704907253919598,0.640730732814204
643,0.07040847838594974,0.9945276685018,0.9665310734264771,0.9749156007299492,0.9707052319458296,0.6430689898152598
644,0.07048452222759989,0.9945275243080458,0.9664998114159206,0.9749477922107839,0.9707054216161796,0.6364476269889412
645,0.07044414257992515,0.9945478144291751,0.9667310405983335,0.9749238701011728,0.9708101704926725,0.6416900968428269
646,0.07058494950128759,0.9945176367363279,0.9663978172958664,0.9749479398781272,0.9706540502572412,0.6395872411050114
647,0.07193157257740017,0.9942891514332145,0.9647159668045897,0.97422333622466,0.969446342359679,0.644488738217993
648,0.07162929687434606,0.9943863998208812,0.9654779010023073,0.9744813110733673,0.9699587134870035,0.6476976974105669
649,0.073212973713178,0.9941631329583966,0.9637587685289564,0.9738574903816876,0.9687818125356044,0.6414604059570149
650,0.07281787554137141,0.9942148985161611,0.9640778396779034,0.9740882944392318,0.9690572155067412,0.6433216066541592
651,0.07273584001918705,0.9942198011038046,0.9640752376522924,0.9741458847031104,0.9690843985456744,0.6524257003759675
652,0.07177392317638766,0.9943740540889723,0.9652624534028498,0.9745772948464984,0.9698975098362841,0.637112815436061
653,0.0711246858076226,0.9944562170634,0.9658667063845003,0.9748383707094146,0.9703318010424008,0.644788799091902
654,0.0715904694733967,0.9944124988903947,0.9655974095503046,0.9746427853132423,0.9700990127168734,0.6374034534649186
655,0.07196104426687355,0.9943527614779327,0.9652176196244749,0.9743884283144452,0.969781343347223,0.6473958192581404
656,0.07131662574201393,0.9944268496021241,0.9656262340251908,0.9747715512365811,0.9701773411666624,0.6478297544994207
657,0.07187767976747571,0.9943700303965927,0.9653373294832746,0.9744511869353385,0.9698728480408904,0.6326486620265415
658,0.07318364154118642,0.9941515013288896,0.9637042661741219,0.9737869053916005,0.9687193509243281,0.6401638939794637
659,0.07206049943409806,0.9943172280170717,0.9647501547055711,0.9744995479902622,0.9696003442745658,0.6391357620021061
660,0.0711798963585882,0.9944478126274399,0.9657679646173829,0.9748516607703096,0.9702885531088357,0.637475697032786
661,0.07095645541633419,0.9944634610829571,0.965752279119013,0.9750431114808701,0.9703754571066744,0.6330791739459616
662,0.07140494174853289,0.9944182735069327,0.9656222761693289,0.9746802189847634,0.9701301049128861,0.632674823584639
663,0.07126822775538019,0.9944203471504458,0.9656675201170446,0.974654303366018,0.9701401001750719,0.6433186207812033
664,0.07407054089331369,0.994044557627844,0.9632387146274308,0.9730990709066095,0.9681437869650577,0.6358113857706492
665,0.0729995123211214,0.9941891770969562,0.9639231383879493,0.9739694222278926,0.9689202396952874,0.6403351734148541
666,0.07206842819858583,0.9943038523297756,0.9648037837116967,0.9742920015392844,0.9695246791570717,0.6523887758157499
667,0.07086113652737021,0.9944702175902977,0.9659522969450319,0.974901719999681,0.9704063752427803,0.646131986129431
668,0.07170087694719755,0.9943810028546518,0.9653961793219247,0.9745097370369484,0.969931550714898,0.6438000840084733
669,0.07055628793515104,0.9945314656039944,0.966406933224018,0.9750921370388386,0.9707301087081917,0.6464285556356433
670,0.07047712768046119,0.9945544610746077,0.9667208244991938,0.9750089264909012,0.9708471869792821,0.6443021912174646
671,0.07012163791403496,0.9946052516079389,0.9670353742091267,0.9752347098587739,0.9711177351965421,0.6343522207978132
672,0.07058918920325503,0.9945267346755822,0.9663739089087836,0.9750751552943615,0.9707050333441603,0.6480379598647339
673,0.07049213666066849,0.9945602700229919,0.966692344076709,0.9751043934283307,0.970880147850989,0.634337136093314
674,0.07173642510776039,0.9943596965108737,0.9653452233313926,0.9743273678679996,0.9698154985536269,0.646482240334509
675,0.07097073141217446,0.9944886469253607,0.9660465854296771,0.9750050133063043,0.9705051267001253,0.6407562000485336
676,0.07165548431171144,0.9943769791622722,0.9652638757587528,0.9746083788222585,0.9699136207215041,0.631877743768484
677,0.07232124728264569,0.9943054590601798,0.9649037066461983,0.9742014076241831,0.9695302666356093,0.636727169253119
678,0.071989155441469,0.9943623194639266,0.9651910867173819,0.9745238392682315,0.9698350111703743,0.6444497199262802
679,0.07148396952091146,0.9944282022768661,0.965718630246337,0.9746864948468528,0.9701818394010895,0.6424853446257194
680,0.07071597335471523,0.9945385310979511,0.9665227248175928,0.9750456218257059,0.9707654668533614,0.6441434145019845
681,0.07020360745301993,0.9946089388482253,0.9671571246461579,0.9751443374446875,0.971134308371205,0.6350737349596594
682,0.06969061814811375,0.9946803490884099,0.9676881965392611,0.975366281461635,0.9715120688164046,0.6413081143992675
683,0.06988480719972215,0.9946272651877496,0.9672570727202467,0.9752404688851618,0.9712323654758092,0.6412657811566881
684,0.0697473513645877,0.9946412931801243,0.967198755105737,0.9754595333889153,0.9713115805671236,0.6402279196463688
685,0.06951535147407072,0.9946809258634267,0.9676200926678277,0.975446095660677,0.9715173339386841,0.6339886437940737
686,0.0691528751266946,0.9947318605905121,0.9679112102676861,0.9756989759860413,0.9717894908998037,0.6538189981332128
687,0.06962373009849367,0.9946704271848458,0.9674728545639064,0.9754880331861681,0.9714639116100926,0.6505707834990818
688,0.07112361490056454,0.9944648549559146,0.9661125350577017,0.9746684794309728,0.9703716477791086,0.6394003529765668
689,0.08099927733109581,0.993000519317239,0.955769516011105,0.9696057784003433,0.9626379316626144,0.6443202594603739
690,0.07295600316828961,0.994194889916171,0.9639108915123094,0.9740465784147556,0.9689522296994649,0.6446461495947097
691,0.07028452952881512,0.9945618561542883,0.9667470226663654,0.975062972738541,0.9708871908558084,0.6433915061318612
692,0.07004121360670534,0.9945910107581175,0.9670813967428004,0.9750264989047513,0.9710376962425673,0.6407078650344608
693,0.06853400785877979,0.9947764713915197,0.9682753288074195,0.975803007629381,0.9720245942304635,0.6322490472614745
694,0.06822362556892762,0.994824474178936,0.9686619349306912,0.9759207723356456,0.9722778055541191,0.6438973280648251
695,0.06770009832228903,0.9949141352285831,0.969444876288811,0.9760761183807745,0.972749196153309,0.640799026705684
696,0.06757576638336876,0.9949192506736733,0.9694353236707353,0.9761431593546228,0.9727776780985186,0.6429029941994017
697,0.06806599901546892,0.9948426769238139,0.9688723620091345,0.9758969240597061,0.972371956575323,0.6344751580125421
698,0.06818899914970715,0.9948316770002777,0.9686957356536932,0.9759644818692559,0.9723165242105412,0.6481086042735168
699,0.0682931859180224,0.9948300771362428,0.9687044753560293,0.9759373110780927,0.9723074424332335,0.6467110079416383
700,0.0695987967573267,0.9946392470020883,0.967336878824437,0.9752877224350108,0.9712960298808415,0.6361909526278864
701,0.06978721412153338,0.9946136491775298,0.9671639056543977,0.9751894498180591,0.9711600974989246,0.6437079852275651
702,0.06984647713172779,0.9946225754575528,0.9671757879325095,0.9752759828812202,0.9712089961437199,0.6355224001779818
703,0.06954002598126371,0.9946751169150425,0.967544115583576,0.9754633727398405,0.9714876056150779,0.6304755675182573
704,0.06900246568667374,0.9947503860547446,0.9682063127060586,0.9755872656408512,0.9718827757342625,0.6486036284516535
705,0.06846371916183036,0.9948144561462025,0.968688881691116,0.975780488359531,0.9722217532492015,0.6460363777024698
706,0.06822079607024253,0.9948722709752749,0.9690114195112215,0.9760763398817893,0.9725310491443616,0.6494625753986868
707,0.06803880405458186,0.9948631249714359,0.9689238995885979,0.9760687350136105,0.9724831941991596,0.6422604118971382
708,0.06894858866233192,0.9947356508263373,0.9680707540098936,0.9755693240586428,0.9718055742798596,0.6415954951115571
709,0.06989938995579807,0.9946266540808865,0.9672166234770441,0.9752773118873097,0.9712302431260627,0.6331987339846934
710,0.07225205311752694,0.9943014559669079,0.964886843109642,0.9741750490034079,0.9695087005652706,0.6355611740013377
711,0.07153443536526866,0.9944483482042412,0.9659678201400512,0.9746411609724662,0.9702851082793736,0.6416213813204749
712,0.07220108942430226,0.9943073541780924,0.9648263702749631,0.9743065467725973,0.9695432848295903,0.6390749969854049
713,0.06925335299330863,0.9947065305543544,0.9677614816634473,0.9755785532675978,0.9716542954077854,0.6415211855868398
714,0.06806634518605985,0.9948651162185179,0.9688862082624448,0.9761313459671606,0.9724952831439523,0.6423461472368583
715,0.0680447465894248,0.99487688517541,0.9690601152924537,0.9760753062103864,0.9725550605001648,0.6454751644145456
716,0.06802375287005155,0.994861525107401,0.969129401322989,0.9758303260878874,0.9724683204348831,0.6443972579824067
717,0.07061728058557074,0.9944826388522683,0.9663135830817373,0.9746491350090033,0.9704634603435343,0.627246994060844
718,0.06999993233827592,0.99459436841268,0.966993729972821,0.9751585135096422,0.971058959417725,0.6360930346320491
719,0.0677812533091298,0.9948845480434912,0.9691076206817408,0.9761094173666837,0.9725959175623038,0.6432965760221285
720,0.06858276044480878,0.994774960790285,0.9684237627660458,0.9756265451541632,0.9720118106649441,0.636086145081885
721,0.06865279751045884,0.9947789501508184,0.968262308263961,0.9758445759865139,0.972038656213958,0.6365220726877706
722,0.06837879065022194,0.9948299398088578,0.9687628313314562,0.9758730757837666,0.9723049548322493,0.6379165292920566
723,0.06757219486179755,0.994922642660082,0.9694119932912355,0.9762058441418445,0.9727970570835687,0.6452665405103173
724,0.06746874487014126,0.9949600781052249,0.9698254377809198,0.9761782303486515,0.972991464615316,0.6389095979812213
725,0.06999580871662218,0.9946065012871421,0.9671226787957472,0.9751543788240304,0.9711219224753056,0.6431296055063338
726,0.07107686492607748,0.994492993337095,0.9662648126433621,0.9748172542793258,0.9705221923574094,0.6482544415218942
727,0.07059068792908312,0.9945160437386622,0.9666403420804918,0.974668036428943,0.9706375912022736,0.6403557442585066
728,0.07405835379370683,0.9940972707445649,0.9632416659362492,0.9736851625920817,0.9684352597100557,0.6434765735922768
729,0.06927910755328137,0.9946687655234876,0.9675185646650583,0.9754202538756033,0.9714533416793741,0.6223464018410207
730,0.06762818777062696,0.9948735687190629,0.9690990469750203,0.9759966733500907,0.9725356301090129,0.642550120966039
731,0.06680439059495283,0.9949906540474884,0.9700398908620758,0.9762878733510357,0.973153853660705,0.6393802875566331
732,0.06634116194901063,0.9950556579651642,0.9704083003370583,0.9766147350153825,0.9735016256947912,0.646127174683217
733,0.06599164956497203,0.995106853614281,0.9708333061185909,0.9767280697013487,0.9737717669490882,0.641127030094812
734,0.06594858844530024,0.9951164253330134,0.9709292481256923,0.976731687551259,0.9738218245724249,0.6413255467421317
735,0.06632134896575761,0.9950679007015342,0.9705358763639704,0.9766140705123377,0.9735654866381867,0.6433628214696805
736,0.06634813868742195,0.9950485787384689,0.9703873562096802,0.9765586214249367,0.9734632082392147,0.637344368756542
737,0.06646101893656117,0.9950558845553493,0.9704802352124551,0.9765403106743702,0.9735008419914174,0.6461745871732871
738,0.06613782095796555,0.9951041757302741,0.9708326786315692,0.9766990530683944,0.9737570304742925,0.6411372295894938
739,0.06616633480562152,0.9951112274914923,0.9707670954698386,0.976847311081046,0.9737977124281385,0.6309664350056847
740,0.06643975192426349,0.9950742040285043,0.9705539491225843,0.9766646465774106,0.9735997096549518,0.6326640480828154
741,0.06650372788899665,0.9950727552245929,0.9705117897156078,0.9766936632103649,0.9735929135385597,0.6459883643724406
742,0.06642777407742875,0.9950744031532125,0.9705910948523226,0.9766271390722179,0.9735997616087743,0.6409066159642676
743,0.0665749733222367,0.9950487778631771,0.9703016408089283,0.9766525378552617,0.9734667311290784,0.633203553288134
744,0.06672478646790381,0.995035704296128,0.9703300653122429,0.976477109051447,0.9733938825364057,0.6428722206543278
745,0.06768889795559987,0.9948902402635983,0.9690305619608622,0.9762553865355145,0.9726295576884855,0.640374801537465
746,0.06979278945397559,0.9946177621327097,0.9674043024738312,0.9749759228396785,0.9711753551354886,0.635894715680742
747,0.06964643534755321,0.9946314880048375,0.9673642969580616,0.9751718035705373,0.9712523601673465,0.642477599901977
748,0.06987369101387349,0.9946390822092263,0.9673749500151603,0.9752448250717884,0.971293946458605,0.6359610921658383
749,0.06722384539144717,0.9949633464969871,0.9697794897728302,0.9762637297404096,0.9730108069729162,0.6420936272833229
750,0.0670360971925606,0.9949831353731613,0.9698819379418948,0.9763735942438089,0.9731169397648478,0.6385094874837985
751,0.06621659199352102,0.9951221038203819,0.9710161884893924,0.9767017849142452,0.9738506882707452,0.6390672549301145
752,0.06556845688857406,0.9951857825287926,0.9713978083210273,0.9770001467813392,0.97419092319141,0.6442243325130689
753,0.06545600979153415,0.9951978879377777,0.9715383626445379,0.9769843463756084,0.974253743939598,0.6428930714810744
754,0.06569392563734981,0.9951732651376526,0.971350721782007,0.9769116940427154,0.9741232715039408,0.6372854343975336
755,0.06697407334694545,0.9949779100661632,0.9699659505777926,0.9762256315658439,0.9730857243326463,0.645992325350221
756,0.06633358360971693,0.995079113482517,0.9706896218943978,0.9765740526623093,0.9736229462057385,0.6398786995140183
757,0.06605120137896683,0.9951217399028117,0.9709778393963792,0.9767387017500647,0.9738497509723567,0.6357877151606711
758,0.0660401474443271,0.9951399907122743,0.9710893547512686,0.9768219122980022,0.9739471982800267,0.6441222255590229
759,0.06606566847013913,0.9951442066629929,0.9711992534091436,0.976751327307915,0.9739673780621696,0.6506443774741358
760,0.06656023308554355,0.9950839542728372,0.9707035045479336,0.9766128891735916,0.9736492304630148,0.6367917394038324
761,0.06596745505071372,0.9951544306868039,0.9712254388165911,0.97683667903233,0.9740229775556812,0.6374070534188412
762,0.06591295826134921,0.995154348290373,0.9711824535308127,0.9768816437383583,0.9740237119558623,0.6459799514723531
763,0.06576129007521722,0.9951868330832876,0.9714394516654288,0.9769673646311314,0.9741955664025264,0.6436072093233093
764,0.06898941600815856,0.9946528424132003,0.9679425923615136,0.9747863918045806,0.9713524374961235,0.6359640929094862
765,0.07027848796557179,0.9945306210405769,0.966739363430018,0.9747234116826723,0.9707149708041627,0.6388166419003366
766,0.06693743470145001,0.9949899330787174,0.9699008728420513,0.9764287479965233,0.9731538633644883,0.6444967734506698
767,0.067905961576072,0.9948198943106473,0.9687587254023828,0.9757658692925464,0.9722496721367495,0.6388354859043563
768,0.0656362982306013,0.9951574518892733,0.9712691270580652,0.9768235366387782,0.9740384134710351,0.639756543733445
769,0.06495965858452397,0.9952512808250541,0.9719380364277934,0.9771497338000803,0.9745369172929091,0.6454017803255815
770,0.06442875306544116,0.995341765839011,0.9726404700562846,0.9774037954641909,0.9750163151310324,0.6448616540276578
771,0.06486122454215082,0.995279707593743,0.9721064912313042,0.977285070920195,0.9746889025993791,0.6399534830804869
772,0.06485317007591612,0.9953109221083467,0.9724336551276646,0.977282412908016,0.9748520048189231,0.644410491204156
773,0.06464508158429493,0.9953311572985221,0.9725313904297098,0.9774023926244296,0.9749608075608891,0.6384961546533895
774,0.0654276099739422,0.9952473601282132,0.9719053207333229,0.9771411690941701,0.9745162122164248,0.6418909494048488
775,0.0652654736751704,0.9952469069478428,0.9719384566301706,0.9771008559094551,0.9745128194743343,0.6395718739080419
776,0.06535278208446589,0.9952383583181285,0.9718615829733183,0.9770880826842615,0.9744678248747853,0.6384979099265095
777,0.06770832942490526,0.9949181039900087,0.9696340638402103,0.9759173759867501,0.9727655736868828,0.6383665361534833
778,0.06765820090022447,0.9948941266285929,0.9693493206941017,0.9759564339990473,0.9726416570162694,0.6358586129961841
779,0.06634620048454125,0.9950938899091398,0.9706908655078388,0.9767365605735873,0.9737043287554917,0.646988786473874
780,0.0656205601789218,0.9952052967501969,0.9715420712589479,0.9770624624002027,0.9742944472033181,0.6354303367719454
781,0.06494030373157572,0.9953137647852156,0.972463580182741,0.9772820437396578,0.9748668579560296,0.6422374139114082
782,0.06645255154601747,0.9951084534783159,0.970840922867824,0.9767376680786618,0.973780368592386,0.647577333750472
783,0.0655275845243562,0.9952158640924703,0.9717021457677504,0.9770088591545927,0.9743482768625837,0.6381929169422859
784,0.06704712181398981,0.9950677221759338,0.9709788503644113,0.9761388770016678,0.9735520264295641,0.6247614767380119
785,0.07373668201160517,0.9941914841970237,0.9645023163991313,0.9733652412928689,0.9689135113521355,0.6273954169230163
786,0.06746071485949935,0.9949694712983568,0.9698500383286156,0.9762561248722308,0.97304253799659,0.6414037241656563
787,0.06592853151583414,0.995170566654538,0.9714000076653929,0.9768292218314945,0.9741070498361595,0.6371589935012848
788,0.06525942188077907,0.9952825571369811,0.9723634957629205,0.9770431179782333,0.9746976900680269,0.650966136732751
789,0.06664468970471363,0.9950349627282491,0.9704155633251671,0.9763774335947341,0.9733873696267445,0.6258901557375437
790,0.0656488829580464,0.9951639337418439,0.9712729170150537,0.976891315949343,0.9740740149048132,0.6431978909764261
791,0.06406423359064103,0.9953858204641094,0.972920859205001,0.9775931788319454,0.975251422911429,0.6407440039588824
792,0.06364711546908608,0.995439522338002,0.9733832070172468,0.9776961768038821,0.9755349248804439,0.6316273357355843
793,0.06385326399568388,0.9954398313246182,0.9734511595777787,0.9776275114892576,0.9755348657200895,0.6393936416226048
794,0.06384241785318089,0.9954413625249606,0.9735262322996333,0.9775648267020359,0.9755413497254541,0.6373061779574288
795,0.0635804862266393,0.9954801575112147,0.9737742907852528,0.9777306571285377,0.9757484635046904,0.6467409284585108
796,0.06363190149070977,0.9954671594742273,0.9736818052770657,0.9776850279194645,0.9756793102992208,0.6362601107996
797,0.06482567975176967,0.995306067585288,0.9724647141488596,0.9771956583438398,0.9748244463151053,0.6383200888110966
798,0.06487032749670014,0.9953100638121907,0.9724310417889903,0.9772756940438968,0.9748473488944441,0.637243479023122
799,0.06423415829889852,0.9953909702410458,0.9730520695365881,0.977510780454396,0.9752763290040841,0.6393774811563148
800,0.06437182102834793,0.995369011592189,0.9728100732431573,0.9775249565193508,0.9751618158285351,0.6346009281458768
801,0.06460308585074737,0.9953541047045505,0.9727957285410719,0.977375295666938,0.9750801350281485,0.6464664191811196
802,0.06503354057857244,0.9952827081971045,0.9721724393132466,0.9772480802507038,0.9747036521437905,0.6464063560820931
803,0.06484105863454316,0.9953276623165745,0.9725225869552871,0.9773730806567889,0.9749418008450086,0.6402950116188493
804,0.06444858731500966,0.9953659766569812,0.9728158607212231,0.9774852340040089,0.9751449577008676,0.6296860482785158
805,0.06459593821129353,0.9953376254183541,0.9725900878826969,0.977411547999713,0.974994857310908,0.6349374306007987
806,0.06719004287109744,0.9950348048017564,0.9704422337632449,0.976347161789362,0.9733857424740316,0.6413535611140628
807,0.06697194069195136,0.9950207630766432,0.9701764868347358,0.9764757062116859,0.9733159046242931,0.645410895992796
808,0.06524626400134118,0.9952841501346468,0.9722231608379609,0.9772100559098095,0.9747102298218414,0.6430292102661654
809,0.0679681317934351,0.9948636399491295,0.9692763396950871,0.975696170306519,0.972475659934583,0.650853871106193
810,0.06543671759850472,0.9952106799836877,0.9716670475313215,0.9769888502295784,0.974320681926856,0.6450724424319338
811,0.06401567466610628,0.9953917736062479,0.9729532344222023,0.9776246319760638,0.9752833394836802,0.6451237889945702
812,0.06325656815478914,0.9955185817135294,0.9740413925666004,0.9778722701107416,0.975953072047715,0.6378048677989497
813,0.06328333643593377,0.9955233057755724,0.9740643210427488,0.9779001792386213,0.9759784811663782,0.6398338589618912
814,0.06431956095419986,0.9954029932535999,0.9731753629471576,0.9775128477972019,0.9753392830292956,0.6414361195424569
815,0.06436398664904798,0.9953788305002145,0.9730023945327714,0.9774292680809064,0.9752108074934475,0.6431544049539117
816,0.06372140106081749,0.9954631151827399,0.9735690903038438,0.9777598214288351,0.9756599557978844,0.6413350582489382
817,0.06320369972599496,0.995550455399581,0.9744351192038868,0.9778076656480573,0.9761184793483554,0.6400788678614078
818,0.06306942431055171,0.9955734302710865,0.9744841334709144,0.9780095269063189,0.9762436474897105,0.6399728285176879
819,0.06298329594055954,0.9955735401329945,0.9744647562376384,0.9780312340057808,0.976244737813184,0.6335503956796765
820,0.06290994489418088,0.9955913308957173,0.9746950972058975,0.9779841281232751,0.9763368426949376,0.6401862074651755
821,0.0650338276604311,0.9952977318130203,0.9723287013093866,0.9772480802507038,0.9747821842306553,0.6366550640637901
822,0.0645153296494977,0.9953684760153877,0.9728303460675426,0.977497490393501,0.9751583339805941,0.6388349445643275
823,0.06384943758653437,0.9954721375919324,0.97364315860085,0.9777810116925956,0.9757076981383856,0.6390109324705399
824,0.06484823084349255,0.9953226086688076,0.972629233673365,0.9772037800477201,0.9749111406383113,0.6383011392653727
825,0.06462231898854534,0.9953435098968001,0.9726419529729633,0.9774215155453843,0.9750258769579238,0.6412037696747079
826,0.06894646804752967,0.9947541419587236,0.9684548620440424,0.9753617037739933,0.9718960120848256,0.641946818527231
827,0.06516843755468191,0.9952721545875696,0.9721251824262878,0.9771815561125567,0.9746468113187545,0.6410506790017804
828,0.06390349579666801,0.9954371534406113,0.9733583136355447,0.9776963983048971,0.9755225331996232,0.6448341109984373
829,0.06310391659922093,0.9955407532198328,0.974197480713846,0.9779519366424404,0.9760710983143067,0.6403476572790895
830,0.062421580387962805,0.9956374179661133,0.9749439369282624,0.978229920416162,0.9765841645333615,0.6387333960551349
831,0.06252675562453784,0.9956211309382559,0.9747890948920501,0.9782137508420731,0.9764984202425642,0.6430063755951508
832,0.06246717164976348,0.9956348293449067,0.9748791521957593,0.9782697905988472,0.9765715283476134,0.6458909737203231
833,0.06213067804309104,0.9956859013993771,0.9752947706933436,0.9783944956702458,0.9768421741687117,0.6357170190726945
834,0.06254015360429561,0.9956315334876673,0.9748242512136437,0.9782914238646375,0.9765547600751826,0.6353183199122046
835,0.06315014933457049,0.9955624097484426,0.974380878462988,0.977997049015812,0.9761856148259332,0.6418081919958656
836,0.06360180519199629,0.9955105411951394,0.9740312772340138,0.9777941540861473,0.9759090884806266,0.635023363581895
837,0.06345354953258157,0.9955294168442035,0.9741945563851724,0.9778298157495491,0.9760088010915288,0.635741360196524
838,0.06355260186594167,0.995531751409748,0.9741852261421413,0.9778654774129508,0.9760218825414776,0.6440938395944474
839,0.06526952692501836,0.9952730678146796,0.9723311851338777,0.9769724591544745,0.9746462967288317,0.6361534910937671
840,0.06414729429797518,0.9954080880995824,0.9732474387699097,0.9774926912048444,0.9753654456718774,0.6364207285979843
841,0.06347308243564564,0.9955048215095553,0.973957313692892,0.9778092899888334,0.9758795007405271,0.638369554063005
842,0.06324595756319573,0.9955532294127574,0.9743704017152216,0.9779067504353972,0.9761353732098103,0.645753786500335
843,0.06269958388167533,0.9956333530755181,0.9749475287843832,0.9781812640265518,0.9765617194075001,0.6500681268291502
844,0.06254924561747972,0.9956499353572533,0.975142858362615,0.9781580064199854,0.9766481052746815,0.6386337018203628
845,0.06648369160943109,0.9950555412368869,0.9707446437520437,0.9762539098620816,0.9734914822421887,0.6389158035273805
846,0.06397615255881771,0.9954192596823497,0.973414118847235,0.9774393832939209,0.9754225983359293,0.6409524640847136
847,0.06413021027077016,0.9954213127267549,0.9733325677946502,0.9775485832942753,0.9754360199653894,0.6448419628660128
848,0.06249646213334456,0.9956437212930834,0.9750504230902979,0.9781870230529396,0.9766162046222246,0.6407753097932637
849,0.062054665899909225,0.9956896779024638,0.9752940916718185,0.9784368761977668,0.97686295618283,0.6372412620469642
850,0.062283126221929525,0.9956830175242927,0.9753387189568964,0.9783163058119799,0.9768252432981954,0.6385562387065791
851,0.06253500867018597,0.995651116372764,0.975106803936632,0.9782090993207597,0.9766554880649082,0.6282644721696465
852,0.06337135545775402,0.9955325135767346,0.9742023886137785,0.9778557313682945,0.9760256413138093,0.6445927731741075
853,0.0636269439869433,0.9954899558201323,0.9738323676982927,0.9777773938426852,0.9758008934899407,0.6433407156836325
854,0.06369616187733712,0.9954784683843796,0.9738696444863,0.9776109727468104,0.9757367222275772,0.6533267267352767
855,0.06403933002499582,0.9954203583014294,0.973314201283349,0.9775575171685437,0.9754312444351502,0.6429634311813955
856,0.06263617084448715,0.995627544127134,0.9749245086725705,0.9781414676775382,0.9765303387957285,0.6434927220815144
857,0.061951444082283716,0.9957260215948961,0.975676543462385,0.978434365852931,0.9770535086104041,0.6428802960505501
858,0.06157018900882426,0.9957687990753143,0.9759440124036615,0.9786241922227155,0.9772822647298681,0.6397174842426526
859,0.06154371794018385,0.9957867889627454,0.9761329535863021,0.9786235277196706,0.9773766540206941,0.6422355246373954
860,0.06150535552380539,0.9957928794322688,0.9762312359713101,0.9785872015532242,0.9774077990463189,0.6410657997493064
861,0.06183745604839257,0.995747959644645,0.9758043544269202,0.9785415723441512,0.977171046539131,0.6331726876257235
862,0.062498800449823734,0.9956650207704923,0.9751774414618157,0.9782879536820704,0.9767302211302573,0.6422468500280076
863,0.06244781439145692,0.995667472064314,0.9751879558691572,0.9783039017551445,0.9767434437445202,0.6425680596275771
864,0.062052604474341695,0.9957311370399862,0.9756970693622263,0.978469141512273,0.9770811392831011,0.63981365365168
865,0.06184336025830653,0.9957451856314686,0.9758338351490743,0.9784799212283324,0.9771550868254906,0.6338777184612799
866,0.06295262125702641,0.9955980256057346,0.9746878314259533,0.9780657143304364,0.9763738513387765,0.6445700048186882
867,0.0625661119631083,0.9956593148176468,0.9750659186758691,0.9783427382664267,0.9767015800583694,0.6322450124243962
868,0.06254177649753342,0.995678829039051,0.9753904533723463,0.9782155228501924,0.9768009454737949,0.6380390862750783
869,0.0626219335018838,0.9956650825678156,0.9752525207912833,0.9782093946554463,0.9767287198750149,0.6373892249330949
870,0.062155719129569666,0.9957376669571415,0.9757722554906239,0.9784619058124524,0.9771152297426253,0.6480392570529875
871,0.06175242828727841,0.9957822090944566,0.9760713336283844,0.9786379252856403,0.9773529444512487,0.6363464022498253
872,0.06174049620925308,0.9957852234305568,0.9760956665262818,0.9786455301538192,0.9773689352542849,0.6391628401630053
873,0.061696257944748124,0.9957883338958263,0.9761564227048302,0.9786158490178202,0.9773845886791095,0.6368851168688543
874,0.06185012809905431,0.9957831223215667,0.9760531284118994,0.9786671634196095,0.9773583980495635,0.6431966351311585
875,0.06209917807375356,0.995730498467646,0.9757659787055891,0.9783894749805744,0.9770759657926259,0.6522039467851845
876,0.06229230085481628,0.995716429277056,0.9756757926930918,0.9783293743718601,0.9770007817215481,0.641541178453399
877,0.06197193988578783,0.9957353255252278,0.9757173533174825,0.9784939496259438,0.9771036789401224,0.6429853051948572
878,0.0656284065247118,0.9951746178123946,0.9720997475605312,0.9761288356223248,0.9741101253578686,0.6495786623711332
879,0.06322233120930924,0.9955246996485297,0.9739625783753081,0.9780233338029155,0.9759887322536477,0.6395188145515449
880,0.06248875826650815,0.9956919644034234,0.9755231509552951,0.9782204697061921,0.976869948385203,0.6346616017419078
881,0.06272025819760647,0.9956252164279588,0.9749368152842617,0.9781027788335993,0.9765172309754712,0.6433490484893902
882,0.06163058794445271,0.9958004805030269,0.9763111923848249,0.978586832384866,0.9774476878816376,0.6478049724908025
883,0.06342405595367762,0.995558221263201,0.9744680353240481,0.9778586108814884,0.9761603789226453,0.6272880243402954
884,0.06279101221413493,0.9956208837489628,0.9748628176200096,0.978133124472643,0.9764952329692316,0.6354222907876681
885,0.06145526817832276,0.9958152637960189,0.9763215439672576,0.9787388559147712,0.9775287055122356,0.6425927218541639
886,0.06113159584162904,0.995858672982408,0.9766288471885256,0.9788939066252135,0.9777600651107675,0.6417754618273241
887,0.06077247233592349,0.9959041695450487,0.9770251846690532,0.9789785200129121,0.9780008770056711,0.6478777360505124
888,0.06292056638693852,0.9956199979873298,0.9749867323827758,0.9779924713281702,0.9764872888593615,0.6408500466893547
889,0.06679396685748863,0.9950990053542299,0.9711725230019163,0.9762789394767674,0.9737190364667847,0.6398511829913903
890,0.0628233062733206,0.9956482050322027,0.9751210640921312,0.9781619196045823,0.9766391248584416,0.6423230311206636
891,0.06137208434210407,0.9958266825680793,0.9764447202635587,0.9787350903975175,0.9775885638182839,0.641005250370382
892,0.060653097599262386,0.9959175040341293,0.9771074216346505,0.9790389897899846,0.9780722520629596,0.640595584041649
893,0.06039527428450344,0.9959436786337046,0.9772826892777606,0.9791431691006675,0.9782120445696522,0.6425509746890672
894,0.06039771826924394,0.9959632821179091,0.9775622687716761,0.9790656437454464,0.9783133786995124,0.648752835577179
895,0.060494006531004854,0.9959587571805743,0.9774360833981933,0.9791481897903389,0.9782913875060878,0.6402328943346866
896,0.062475530075565944,0.9956681724339774,0.9754612273031541,0.9780233338029155,0.9767406003785797,0.641338397705704
897,0.06121083389190461,0.9958525207155614,0.976685808373007,0.9787662482069492,0.9777249215817139,0.6460658788037195
898,0.060930793642622535,0.9958972551112154,0.9769806675806089,0.9789491342115996,0.9779639103541958,0.6452550005008647
899,0.0606061967371179,0.9959323216589675,0.9772519209762455,0.9790504340090886,0.9781503507674114,0.6437516641073096
900,0.06084721698258206,0.9959068748945326,0.9770519338521281,0.9789802181873597,0.9780151255546726,0.6447383275775725
901,0.06181161917692466,0.99578528522788,0.9761612541241097,0.9785771601738813,0.9773677142121404,0.6381166059726646
902,0.06152339085346932,0.9958379708791237,0.9765757603462633,0.9787216526692792,0.9776475289749235,0.63724823690763
903,0.0609453916482681,0.995899205160082,0.9769920447087325,0.9789586587552411,0.9779743630642251,0.6417692464089222
904,0.06143712751540563,0.9958348398147464,0.9765298245311611,0.9787354595658757,0.9776313980163286,0.6432327992265104
905,0.06080217950260468,0.9959262449221826,0.9772038000716764,0.9790340429339848,0.9781180653214242,0.6435212625143482
906,0.06102422389650731,0.9958923731226798,0.9770371818126343,0.9788360210266484,0.9779357742130226,0.6409232141460517
907,0.06083547063305867,0.9959231275905438,0.977255022723234,0.9789459593637191,0.9780997602221683,0.6343684553079262
908,0.06095726658730841,0.9958920778688021,0.9768481107616662,0.9790313849218057,0.9779385292886327,0.6485289637697521
909,0.06050475728999582,0.9959592927573757,0.9774355797147595,0.9791546133197716,0.9782943413574611,0.6401108365234837
910,0.06071915629607954,0.9959447566536765,0.9774485298437744,0.9789810303577478,0.978214179885483,0.6402264405450657
911,0.061604719736325225,0.9958489227380751,0.9766261916019459,0.9787892843125007,0.9777065415439464,0.6475283335769668
912,0.06254922936958589,0.995705683409182,0.9756901543935934,0.9781957354261931,0.9769413383840609,0.6474885491295619
913,0.061921966489967256,0.9958054242888859,0.9763485882175715,0.9786019682875521,0.9774739795696558,0.6351045731068798
914,0.06144187702603048,0.9958753582596819,0.9767756644154565,0.9789233662601975,0.9778483360604583,0.643504939707664
915,0.06172799789380255,0.9958143574352781,0.9764045428849798,0.9786415431355506,0.9775217632015291,0.6375293642582817
916,0.06183038412747409,0.9958039686186052,0.9763616938346483,0.9785721394842097,0.9774656669828706,0.637841748721481
917,0.060995094431229205,0.9958898462987963,0.9769653403878251,0.9788836437448556,0.9779235513271014,0.643271372771563
918,0.06082196843227465,0.9959199896597972,0.9771848961146905,0.9789850173760163,0.9780841284848497,0.6401677679962795
919,0.060644324594210805,0.9959450862394005,0.9773605642973285,0.9790769402972072,0.9782179994118406,0.6385848732963693
920,0.061046667115615426,0.9958987657124501,0.9770635072181179,0.9788787707225275,0.9779702966188822,0.6423598163957305
921,0.060355487748605316,0.9959927869065699,0.9778088934898852,0.979131798715235,0.9784698989560926,0.6401435714995456
922,0.0613971729796353,0.99586331464802,0.9768122217198385,0.9787522936430094,0.9777812953303899,0.6399274185884052
923,0.06064725166066087,0.9959596566749459,0.977500001658558,0.9790910425284902,0.9782948752002816,0.6359093568128823
924,0.06023178389630944,0.9960121706669585,0.977930553516533,0.9792175934416798,0.9785736502940319,0.6380681061638107
925,0.06029585226968252,0.9960075770659312,0.97792135911033,0.9791766895875917,0.9785486217491502,0.6482410887890057
926,0.06033416539296615,0.9960119852749888,0.9778861099752607,0.9792621151456783,0.9785736288489639,0.6435156483534651
927,0.06047826288468975,0.9959779967472087,0.9776133387018231,0.9791740315754127,0.9783930627505438,0.6304086545228081
928,0.060919382428522593,0.9959145858271986,0.9772170564422182,0.9788917654487359,0.9780536940502244,0.641214456586248
929,0.061290944095620574,0.9958742047096482,0.976923722042315,0.9787550993225318,0.9778385531942956,0.6376966912823571
930,0.0608868013142789,0.995921005882446,0.9771883803639512,0.9789925484105235,0.97808963240327,0.6424147118615127
931,0.06084567956331608,0.9959344365006961,0.9773468570315746,0.9789740899926137,0.9781597967603798,0.6391412570313731
932,0.06067858847434358,0.9959400875225876,0.9774942176175339,0.978881724069393,0.9781874788178478,0.6406468372084156
933,0.06400474769284399,0.9954987035745549,0.9739706663605027,0.9777275561143288,0.9758454953554981,0.6412485699005366
934,0.06238172419717629,0.9957214279938689,0.9757244534824606,0.9783332137227853,0.9770270921929128,0.6437157345010145
935,0.06123044855705054,0.995891940541417,0.9770274424182644,0.9788414847183496,0.9779336223183079,0.6485563483299435
936,0.06044376518228929,0.995972537983656,0.9775890006344801,0.9791394774170855,0.9783636247406942,0.6393176407055584
937,0.05976267585115467,0.9960604412427755,0.9782881336819237,0.979374120825555,0.9788308260352647,0.6299987982712724
938,0.05947355175618645,0.9960926857127664,0.9786230443540548,0.9793783293448384,0.9790005411765618,0.6371668890525419
939,0.06022093138195199,0.9959927388419851,0.9778644121316183,0.9790731009462819,0.9784683832698393,0.6456652735551803
940,0.06009604613691997,0.9960090808007966,0.9780150517965562,0.9790951033804304,0.9785547795696463,0.641458383937158
941,0.0597068434313154,0.9960593014254803,0.978318347427021,0.9793299682899147,0.9788238964793524,0.6375316901482431
942,0.05959877352357554,0.9960816926555996,0.978561338078233,0.9793219942533776,0.9789415184047495,0.6342521428692554
943,0.05986879999153048,0.9960209184213811,0.9779386875194602,0.9793053078435872,0.9786215205690343,0.6393446525862072
944,0.05972381290584374,0.9960457403462144,0.9781044217643435,0.9794047617992853,0.9787541598849373,0.6392064586838612
945,0.05951458426768617,0.9960987555831822,0.9786379268738836,0.9794294960792844,0.9790335514765248,0.6405260066478109
946,0.059403167722626125,0.9961187573168031,0.9787228109519717,0.9795606246801156,0.9791415385948363,0.641974924359187
947,0.06023840016598324,0.9959872045483709,0.9777683171071937,0.9791128972952954,0.9784401452682797,0.6423599277184797
948,0.061079810339984275,0.995872570513767,0.9769084854081166,0.9787531058133975,0.9778299256687244,0.622248362418153
949,0.06149105863015857,0.995834688754623,0.9765461458506994,0.9787166319796077,0.9776301842151794,0.6418774313681912
950,0.06051214829274862,0.9959816565220181,0.9776660477289517,0.9791590433400699,0.9784119759803118,0.6244088193968669
951,0.06151790486099266,0.9958133892772141,0.9763781888211259,0.9786585987136993,0.977517063800296,0.6449497310400532
952,0.06050512808368361,0.9959863256531071,0.9777678254706134,0.9791037419200121,0.9784353276938077,0.6351311856542593
953,0.05967297526277441,0.9960682002400263,0.9782826771065329,0.9794651577426862,0.9788735603151724,0.642847653931376
954,0.06133225235900433,0.9958550063412294,0.9768502147546679,0.9786208697074916,0.9777347405779674,0.6402154662226497
955,0.05989484106384808,0.996026693037919,0.978028515736128,0.9792747407035286,0.9786512314809315,0.6411389667620638
956,0.059480626538074274,0.9960988723114594,0.9785518103513897,0.9795208283311021,0.9790360795657068,0.6411828397536283
957,0.059691945305295126,0.9960703768790781,0.9783086510379632,0.979461909061134,0.9788849403764288,0.6415795300082736
958,0.0592970005605075,0.9961216617909951,0.9787342107571378,0.9795806336051298,0.9791572392606909,0.6342444766902989
959,0.05907735478454571,0.9961622145677769,0.979005410811545,0.9797429200153929,0.9793740265697448,0.6368469951799133
960,0.059527571413585605,0.9961146992925772,0.978718563475923,0.9795204591627439,0.9791193471318453,0.6421019014672248
961,0.05876349411207995,0.9962185462610916,0.9795127429692111,0.9798321849244046,0.9796724379066857,0.6358982634966414
962,0.05915135393093387,0.9961392396962714,0.9789532886353529,0.9795448981080564,0.979249004017073,0.6302506919930344
963,0.059191812272016094,0.9961613356725131,0.9790673490712591,0.9796685695080521,0.9793678670194291,0.6448182517531177
964,0.05945319516195668,0.9961312129106199,0.9788362071954786,0.9795790092643538,0.9792074673622113,0.6433044606301378
965,0.05987393108980476,0.9960611278797004,0.9783294272538018,0.9793384591621532,0.9788336831676001,0.6407332891659487
966,0.06026157795069672,0.9960176431632495,0.9780177080741485,0.9791865094659197,0.9786017597781708,0.613792558141105
967,0.06339656899971284,0.9955408218835253,0.9744123714450437,0.9777253411041796,0.9760660450569676,0.6408246064397057
968,0.060407129210158644,0.9959880010472038,0.977740820702175,0.9791504786341597,0.9784451419405573,0.6456637134117184
969,0.059772456031319476,0.9960530873613104,0.9782416206277809,0.9793419293447203,0.9787914657582555,0.6367471231573001
970,0.05902293698339582,0.996173489146083,0.9791861136064609,0.9796780940516936,0.9794320420471636,0.6351753495769584
971,0.05918607803852224,0.9961514069025798,0.9790620750055734,0.9795649808667424,0.9793134633719764,0.6292080920481741
972,0.059292864349248596,0.9961472664819229,0.9790043710424415,0.9795797476010701,0.979291974807085,0.6462141137149261
973,0.058969691174654226,0.9961991487679647,0.97939826087624,0.9797385638287661,0.9795683827971147,0.643331008899839
974,0.06018605333813232,0.9959938443274342,0.9778796165373468,0.9790693354290283,0.9784741143408873,0.6298479762587156
975,0.0592815241702705,0.9961525604526135,0.9790779608253161,0.9795610676821455,0.9793194546735243,0.6408097845621658
976,0.05930100692931911,0.9961446503952393,0.9788963504942059,0.9796638441530673,0.9792799469462016,0.6389907495361016
977,0.05961915340756984,0.9961178166242161,0.9787463294208277,0.9795257013534303,0.9791358602961611,0.6356900328009915
978,0.05950240712452064,0.9961244701360178,0.9787659317112152,0.979578344761309,0.9791719697227449,0.6373527943848136
979,0.05963748508541704,0.9961143765732225,0.9787713999947467,0.9794616875601191,0.9791164221124161,0.6396685162548587
980,0.05909841485562728,0.9961862674592544,0.9792287877294138,0.9797739301574813,0.9795012830935612,0.6314025536584004
981,0.05880998961439879,0.9962189925750928,0.9795274941939872,0.9798217005430319,0.9796745752802121,0.640640378766849
982,0.05914563061200458,0.9961770459253537,0.9792746913249937,0.9796247123070985,0.9794496705447394,0.6486909737394222
983,0.058944768982557516,0.9962064133866295,0.9794583964973304,0.9797556194069148,0.9796069854069954,0.634296238830544
984,0.059145146384567235,0.9961813786043495,0.9792621446352384,0.9796854035851859,0.9794737283846033,0.633111356001329
985,0.05886060774339725,0.9962194388890939,0.9795071352775886,0.9798478376627922,0.9796774568486779,0.6413562771404973
986,0.05864163908249826,0.9962414799343817,0.9797002323615909,0.9798885200158653,0.9797943671428911,0.6459400221465095
987,0.05878900944275393,0.99622623659465,0.9795944308332188,0.9798314465876883,0.9797129243755229,0.629437003978595
988,0.05878070414253919,0.9962242384811987,0.9795702740822515,0.9798346952692404,0.979702466833961,0.633650083009687
989,0.058482629963927134,0.9962622095031429,0.9799292488355814,0.9798774449651195,0.9799033462156806,0.6399223861938967
990,0.058490268001667886,0.9962564486193435,0.9798730104866725,0.9798727934438062,0.9798729019652274,0.6328234632596097
991,0.058620365926151656,0.9962415348653356,0.9796861511046939,0.9799038035858947,0.979794965257918,0.6381422566236031
992,0.05934906692626022,0.9961510704504866,0.9791305936914252,0.979489744355342,0.9793101360947969,0.6383063773731802
993,0.060974218802218386,0.995908213836536,0.9772109953976624,0.9788279731564397,0.9780188159322188,0.6367280524647563
994,0.060252364610971734,0.9960328109729195,0.9781797374024523,0.9791837037863974,0.978681463118353,0.6250066670439952
995,0.05938184433516196,0.996148042381648,0.9790045461089258,0.9795880908059654,0.9792962315265528,0.6340135612517529
996,0.059370279466237526,0.9961493057935897,0.9789757792258339,0.9796320218405907,0.9793037905943136,0.6406524711857785
997,0.0597115467912216,0.9961267154387621,0.9788859929954979,0.9794775617995215,0.9791816880490205,0.6418923310357634
998,0.059475369624150315,0.9961473145465076,0.979065467323533,0.9795164721444753,0.9792909178073157,0.6428653225807432
999,0.06061030321305604,0.9959952793986071,0.9779788619674362,0.978981178025091,0.9784797633130767,0.6407857103786944
1000,0.058979992805008624,0.9961970201934975,0.979388731299924,0.9797251261005278,0.9795568998194486,0.648437732737653
