Epoch,Loss,Accuracy,Precision,Recall,F1-score,Validation-F1-score
1,0.7524533893564622,0.7393948446310925,0.218996449751517,0.8592958942336454,0.3490384609942345,0.4152247455106818
2,0.7017172261965361,0.8254344132099716,0.2942238569905795,0.8343474538505836,0.4350366230011994,0.4535483063604664
3,0.6681753637121736,0.857304034370957,0.3390197882326428,0.8057926960565256,0.4772478863140894,0.4265629761832301
4,0.6412832338175327,0.8751686448951126,0.3726273129937455,0.787614941967016,0.5059061385569334,0.5183794248991861
5,0.6205723838840457,0.8878325780876469,0.3998619679833907,0.7783370057929828,0.5283103683126344,0.5599961035255984
6,0.6063800666400855,0.894144536083924,0.416132483097723,0.7701620992145796,0.5403202063170954,0.5710863604937602
7,0.5951308244638306,0.9001659985964042,0.4334748935717031,0.7713959365991883,0.5550483307352555,0.5731491493437332
8,0.589782843272463,0.904311074651606,0.4462551628665813,0.7634123108083529,0.5632567503186128,0.5669137146499518
9,0.5815600769982922,0.9070934304666408,0.4555737234279617,0.7606648592060611,0.5698535256771873,0.5742572205233556
10,0.5788651548272414,0.9093403605404152,0.4627314418433455,0.7624870845256673,0.5759409287665735,0.5998549015497857
11,0.5743216202199031,0.9114350220097348,0.4694654183026276,0.760861541355805,0.5806557012814733,0.5754924079615327
12,0.5719435843203565,0.912529658595332,0.4730244350405839,0.7625503481117831,0.5838658291249634,0.5824645445113513
13,0.5668131314593253,0.9135712730775924,0.4771254524917394,0.7613924570738034,0.5866362008968766,0.610639249573289
14,0.565467100242059,0.9149216132540042,0.482668739414359,0.7599511531131847,0.5903730775523519,0.6104775231445241
15,0.5645580124511993,0.9137570632967186,0.4779269275096121,0.7657063649805657,0.5885202536785669,0.5656354500249743
16,0.5599009187744676,0.9159874660197118,0.4874240468051992,0.7680906136823071,0.5963862422582115,0.6116306417026663
17,0.5596933397028944,0.9161479536681572,0.4890180383528385,0.7642717621663485,0.596418606053011,0.6221146787244999
18,0.5570195986212586,0.9175573034218908,0.4938181901378069,0.7658260598085673,0.600453403937079,0.6120807752612407
19,0.5533937545989057,0.9186358589707082,0.4976722439927388,0.767218312346194,0.6037253693201599,0.6304264753539445
20,0.5501275383096804,0.9196899290467854,0.5002790054969524,0.7698499085954451,0.6064577262682981,0.591386267387907
21,0.5517191205093329,0.9192086102952032,0.5001212474762675,0.7688460111834248,0.6060301770690919,0.6283802728316421
22,0.5488589978475364,0.9207983739009414,0.507439035753141,0.7670545362281221,0.6108048291347418,0.6277481131974373
23,0.548531490264179,0.9198201772050604,0.5025506552418101,0.7722877138461256,0.6088829863290672,0.64240319626642
24,0.5464460371638373,0.9223055762828356,0.5128515187905192,0.7662237702690369,0.6144423673524296,0.6154327465299465
25,0.5456836622395962,0.921481488378368,0.5095067979667705,0.7705885030870226,0.6134232044046489,0.625116564770721
26,0.5430893554961939,0.9223368525947624,0.5132340338549304,0.769772877588568,0.6158558236797101,0.621063239123787
27,0.5458365248904812,0.9227192750300582,0.5127694676161689,0.767678122833244,0.6148504714786829,0.629448923023167
28,0.5432338145353811,0.9222152011307868,0.5131960726969812,0.7748812056809722,0.617456729091516,0.6207164376265669
29,0.5437561485835974,0.9218204672954284,0.5089065612914444,0.7757316351277824,0.6146087202112726,0.6457150611510324
30,0.5378881695030404,0.9236957414008888,0.5170343301670114,0.7768573583328218,0.6208586506442749,0.6270683366431566
31,0.5372486274233825,0.9241872498444356,0.5218607859887985,0.7734836097336621,0.6232331198683749,0.6334014575947858
32,0.5380126286110432,0.9235783333531083,0.517379951455274,0.7738979516150986,0.6201597404956671,0.6365517546249504
33,0.538087052299822,0.9237998767569116,0.5203050242913885,0.7767487274421746,0.6231758166690446,0.6440349940039748
34,0.536879114967456,0.9245687315871444,0.5236490566277808,0.7735601394954758,0.6245315535878634,0.6355809320149738
35,0.5358549692004705,0.9249836319489854,0.5252389927031891,0.7754686650119395,0.6262842815875281,0.6403903369701416
36,0.5351967027933477,0.924994782932645,0.523930289811161,0.7736661414112747,0.6247660920349845,0.6284801223399256
37,0.534194040427105,0.9254876371845644,0.5267004757991297,0.777023134084138,0.627830088105393,0.6410283552266689
38,0.5318580251589096,0.9257824172827722,0.5268731277425689,0.7738072575269817,0.6268999742909934,0.6337347373916765
39,0.5309889336927331,0.925476486200905,0.5261184094802073,0.7800047685814235,0.6283861662145187,0.6435549000895774
40,0.5299575826246962,0.92741229421766,0.5355939727872333,0.7769454023853825,0.6340796818345149,0.6410097414950027
41,0.5281337090104604,0.925945404289624,0.5294597951246698,0.7799766930616093,0.6307542272362108,0.5980591726738228
42,0.5320150151098375,0.9262645325331872,0.5276108269741829,0.7760685050631365,0.6281638984106529,0.6386431569832207
43,0.5320086739689326,0.9256280750348044,0.5267241428750032,0.7807651391642038,0.6290649634566045,0.6426550390397869
44,0.5266223249675559,0.9282017756211152,0.5372673765976728,0.7788610421311299,0.6358902716257623,0.6373038260686492
45,0.5268273177764399,0.9266822000418354,0.5325377881638238,0.7789484762550544,0.6325944996797275,0.6418918736732467
46,0.5249769323163753,0.9268362676350336,0.5335974884278106,0.7815968070053508,0.6342151796573793,0.6564467674349111
47,0.5254838607079692,0.9272231532103408,0.5332300494552827,0.7835073304036181,0.6345831126696918,0.6471481451673825
48,0.5271960169934541,0.9277572331432284,0.5358167280052123,0.7778240870889083,0.6345283315177125,0.6487104013425571
49,0.5247962878976794,0.9283214358380092,0.5380367740789929,0.7836191556762844,0.6380116233498686,0.6378000338107769
50,0.5245298308005436,0.9283319482493284,0.5379229419432143,0.7789289727584036,0.6363718804113935,0.6495094229426419
51,0.5229187111417166,0.9287686493335338,0.5402451929411646,0.7827748740987698,0.6392803456611835,0.6448998143083682
52,0.5238867897352726,0.9274703905678718,0.5345397811844922,0.7879215168224093,0.6369568558680133,0.6460883594178675
53,0.5224464183016647,0.9290688126652324,0.5414033222889238,0.7821935746905114,0.6398960302444288,0.6482671654429124
54,0.522131488584786,0.9283375718057432,0.5394597776124125,0.7831692658371922,0.6388613951490109,0.6514346627259847
55,0.5207836362097761,0.928868040028406,0.541286406443053,0.7835316835524642,0.6402615612318877,0.6596142933690767
56,0.5231851591266317,0.927457323867192,0.5359669277727521,0.783539935366194,0.6365279388490126,0.6552850944150564
57,0.5188559996995995,0.929930562605028,0.5476448963470828,0.7787791272209187,0.6430740198099355,0.656251476189604
58,0.5182819057711594,0.9299784829960134,0.5468791986565004,0.7893100105751484,0.6461019488746023,0.6492189413789514
59,0.5190383962375654,0.9296314841596708,0.5440357000172131,0.7864248648893526,0.643150519701525,0.6601276565245731
60,0.5172152891219091,0.9301955563934357,0.5472351450754765,0.7835262154850393,0.6444026628798354,0.6316986040052953
61,0.5174826435047946,0.92955172441448,0.5443582378685337,0.7862832979276568,0.6433284682779011,0.6606459293274876
62,0.517826945876046,0.9295684440236,0.54391119721042,0.78613380071839,0.6429661814181773,0.6551753409435922
63,0.5189895314707172,0.9291205164256736,0.5419765839634623,0.7860964245651783,0.6416000507739239,0.6635732989327487
64,0.5159717726407291,0.9301839659621444,0.5461868395719366,0.7878694755549251,0.6451360920361479,0.6631912495628864
65,0.518405901120721,0.9293251616947562,0.5432731597334759,0.7859632634776266,0.6424632038782341,0.6636696882573103
66,0.5141359833504656,0.9313988120741752,0.5531326503508769,0.7839510985192254,0.6486189802783215,0.6492195447717537
67,0.5135515011686216,0.9308747021094366,0.5518113733728364,0.7853890759847074,0.6481999386993392,0.6643809542303278
68,0.5154200735495245,0.9299733744172924,0.5449686278048932,0.7858546589775758,0.6436108225796239,0.6556414374623569
69,0.5141130236627387,0.9310857125028124,0.5503867862422146,0.786062495346025,0.6474445630811907,0.6666291527099061
70,0.5144285287359636,0.9313769632872264,0.5542703594562298,0.7840840140893025,0.6494461211821577,0.6636779314938533
71,0.5134527971633047,0.930547402886468,0.5492902282356706,0.7883628829718882,0.6474623716596231,0.6613167183683173
72,0.5126545813015039,0.9310527607967888,0.5491220873306205,0.7913239828570041,0.6483416034192198,0.6567776305033409
73,0.5139151830896199,0.9312112091335676,0.5504087350959309,0.7887763856056296,0.6483784892223062,0.669720201005155
74,0.5127359447504977,0.9307283660480123,0.5503620801205085,0.7863689271978664,0.647531382372836,0.659348461282551
75,0.5099852611478284,0.9320164076562324,0.5553214131141384,0.7903813992766737,0.6523219116495164,0.6565928415809695
76,0.5092102337440998,0.9317965259137874,0.5536022684334824,0.7912439025637791,0.6514268007598936,0.6637653129973445
77,0.5115783576913875,0.9310506734205372,0.5504459660004903,0.7939742976090948,0.6501537667300644,0.650868839368425
78,0.5079037141885688,0.9323549539920302,0.5578564667750586,0.7893307618325678,0.6537076073203042,0.662126334244315
79,0.5083462208938255,0.9323397861823602,0.5570349986502138,0.7891520028016173,0.6530820522577175,0.6532939648763733
80,0.5095142765010862,0.9324202188317372,0.5568623737199234,0.7897228771635362,0.6531587297123514,0.6670880321080063
81,0.5087218314623662,0.9316147181888254,0.554515847132354,0.792416951540267,0.6524568376364692,0.6446946494038037
82,0.50499036672304,0.932490502987365,0.5594146201096206,0.7926060241471369,0.6559003366973201,0.6724920011597683
83,0.5070065527939968,0.9330468780212025,0.5589432132307282,0.7924387931875375,0.6555189920381879,0.6555402281149074
84,0.5086499108470601,0.9319165225827744,0.5536096392438056,0.7938141751885084,0.6523013389634655,0.6581742173382072
85,0.5056458005159021,0.9342209996972206,0.5644375065153017,0.7875904471012237,0.657598220403618,0.6698350041352126
86,0.5067778190048479,0.9323750999194051,0.55700625008061,0.7933544620034759,0.6544968169034807,0.6613135448178746
87,0.5069198819587557,0.9322677717016818,0.5560181356873193,0.7921335391857697,0.6533992011172356,0.6625604345856035
88,0.5064999762413313,0.9327287934657652,0.5583562594819099,0.7942032128970792,0.6557173185763964,0.6669306144394326
89,0.505952735706199,0.9330264917709036,0.5603877280992345,0.7933467153318793,0.6568227107718486,0.6567718136556835
90,0.5047658514633453,0.933845100312711,0.5646740307664391,0.789485278526113,0.6584185943218209,0.6721562139797284
91,0.5063329154638936,0.9334442485423522,0.5635360362703892,0.7898653624470736,0.6577761718918118,0.6626850734320261
92,0.5039018596247803,0.9327883454862576,0.5590502203247412,0.7942347389899677,0.6562063706770981,0.671360588488519
93,0.5071549022154842,0.9329781593977634,0.5601072793824681,0.7930489821418416,0.6565280307007949,0.6638578815096755
94,0.5057053083567311,0.9336149396155008,0.5632679126538854,0.7908835904270453,0.6579460985251784,0.6646847455569114
95,0.5017159790229454,0.9340146584349336,0.5654614914086062,0.7954567449808123,0.6610245132157636,0.6663017414712264
96,0.503105249765108,0.934087476280814,0.5654497940699513,0.7936747785783898,0.6604004506094417,0.6725384544069929
97,0.5015004607413313,0.9347322352196183,0.5696122717425324,0.7918214474791627,0.6625826981440005,0.6614463538640094
98,0.500959200288752,0.934354351454396,0.5659842212633909,0.7949727765127999,0.661214202322924,0.6623260648706851
99,0.5018788607214852,0.9342293148703804,0.5660696621213491,0.7923169016421481,0.6603518803410257,0.6747853956841984
100,0.4997531617288109,0.9335774011748194,0.5627537511669285,0.7960052149216682,0.6593589176969559,0.6582450610215839
101,0.5037004842603807,0.933917986822284,0.5650100539108015,0.7929164967720014,0.6598380337473226,0.6640858645013752
102,0.5004646780250741,0.934881812207328,0.56887887916559,0.7934860672190037,0.6626674677016096,0.6659340847644417
103,0.4973956792474651,0.935101865609004,0.5703808013097829,0.7984074244299699,0.6654006192549329,0.6763379683714927
104,0.5012575555190766,0.9340342413200304,0.5652002637238598,0.7966924973363795,0.6612720508930363,0.6627849133554644
105,0.4980876581917564,0.9354572826140456,0.5702790455911448,0.7964967921689541,0.6646670476687878,0.6752099218489328
106,0.5004405643013742,0.934708299056418,0.5690027199364198,0.7953387446006863,0.6633968412037513,0.6735056192574351
107,0.4980854595736634,0.9346032092750696,0.5671582648828463,0.7953844091572125,0.662157376803319,0.6523026296325597
108,0.4978951988674754,0.9357085436639562,0.5739406527557885,0.7924415788975351,0.6657206549194556,0.6764868700981506
109,0.4954713278537174,0.9359851965473478,0.5748370438520161,0.7961406178922621,0.667627390365269,0.6744576834650696
110,0.4985077302876136,0.9343823799736684,0.5673428951489472,0.7960011015874996,0.6624968762065189,0.668321304788383
111,0.4955536848563942,0.9353242535762248,0.5713172535229023,0.7991737203854079,0.6663038921244552,0.6714820121428878
112,0.4986932561766329,0.935202265660156,0.5698725276252115,0.7949609011903673,0.6638559234553819,0.6721896473063192
113,0.497026809899927,0.9358550376518732,0.5736588467259365,0.7958119419357697,0.6667167559926312,0.6726859902364937
114,0.4978530711407284,0.9342918194296496,0.5666790936775267,0.799300683815606,0.663182566160255,0.667233721337925
115,0.4977301682928483,0.9354489125099316,0.5726833928182568,0.7972437257131221,0.6665584403262552,0.663766487401365
116,0.4960644116504586,0.9347776150539816,0.5686566483395081,0.8013106450556781,0.6652284735452973,0.665061307223052
117,0.4947938646772782,0.9357721262431974,0.573353795931211,0.7985146098973211,0.6674567046606115,0.680055803786843
118,0.4930887377733807,0.9361722158465696,0.5759073942055931,0.8006146466163881,0.669920104759594,0.6724572934846174
119,0.4929169342457819,0.9366186397096306,0.5791279782107009,0.798249023694338,0.6712589836499094,0.6626404814341843
120,0.494087249469414,0.9357649714864404,0.5722369111610903,0.8001355084055986,0.6672635872191234,0.6586276287007302
121,0.4981767897554439,0.9355716969248332,0.5722046604947559,0.7979208183882704,0.6664703605975899,0.6651907292540724
122,0.4946819711074555,0.9355617269566844,0.5737796721982769,0.7983141074104484,0.6676750724602064,0.671884768224176
123,0.494366766844722,0.9353173185432838,0.5710753463572397,0.7998670640122999,0.6663800859402192,0.6678417182445071
124,0.4916339094261471,0.9359508715674746,0.5748972910250815,0.800524468968382,0.6692046934191326,0.6744036916783173
125,0.494375900934926,0.9363851694224428,0.5765662217718233,0.796950554771024,0.6690777690533054,0.6809259932742627
126,0.4929718836177167,0.9365778672090328,0.5765541159944906,0.7989735755845071,0.6697815047915046,0.664116429671185
127,0.4919950810910986,0.9356460528374256,0.572949847790912,0.8020190665086282,0.6684030414107545,0.6651859455086307
128,0.4916377101870749,0.9361369913723246,0.5753913741236855,0.8027478612723142,0.6703157171773055,0.6744758235753016
129,0.4903190280679319,0.9366246134508768,0.5782163368857667,0.7981540747581969,0.6706126802390376,0.6631760814046866
130,0.4913295919089008,0.936737187574706,0.5782377839206365,0.7975602625366887,0.6704174060137842,0.6724312661726887
131,0.4929178000139675,0.936468176960288,0.5771971617109477,0.800847453668731,0.6708736017137921,0.6721426051829841
132,0.4914959953200045,0.9368325271117216,0.5797040188722252,0.7966560955217921,0.6710812604975407,0.6728149690003701
133,0.4904886347998818,0.9363513113556784,0.575608826367535,0.8014515587819988,0.6700106925098178,0.6719313638053037
134,0.4897998352702573,0.936323921408746,0.5760665201209856,0.8023106230479478,0.6706209413959877,0.6677963397090061
135,0.4908480494142436,0.936885501150474,0.5801631878571861,0.8003112013857986,0.672683392740687,0.6728684295411467
136,0.4882914114127056,0.937079222026082,0.580909271324117,0.7991094315202841,0.6727591106060798,0.6689224335607226
137,0.4919722521905418,0.936042668057958,0.5751908639188654,0.7989739807413729,0.668860851763315,0.662642561913556
138,0.4898363769912033,0.9364434854964704,0.5769578791733918,0.8002399611847488,0.6704988017043124,0.6773646219008078
139,0.4890108082791884,0.937648595096907,0.5812231669892295,0.7996408668825957,0.673157944161005,0.6772493015692115
140,0.4906040284273436,0.937218087477764,0.5796721852493559,0.8001862356260306,0.672309125044194,0.6674777888181351
141,0.4878783381456951,0.937261661457015,0.5798825384758989,0.8017445746164718,0.6730002252160444,0.6717697508479267
142,0.4879043668294124,0.9377507392058478,0.5834671166992884,0.8016706290134913,0.6753818555602316,0.6756652249384655
143,0.4867302266170653,0.9368191239589484,0.5786021289570439,0.8031621058434081,0.6726347268725333,0.681325522047395
144,0.4881327867293529,0.9374631756617202,0.5818313153888319,0.8037940452631918,0.6750346232651572,0.6659931505943334
145,0.4859619454728613,0.9379790871815764,0.5849579970543163,0.8003607060661924,0.6759129065201562,0.6786454952123618
146,0.4879006785240105,0.9381503206978956,0.5854904626630716,0.7991422756080051,0.675832901746325,0.6684045191248683
147,0.4893355077976803,0.936427397593321,0.5755461457206528,0.8029390080768892,0.6704873825798061,0.664386039784793
148,0.4862759876594269,0.9382573811272183,0.5879367739064552,0.7990182222553215,0.6774151968669496,0.6801110837241857
149,0.4869381781104657,0.9377390801108638,0.5823740059006376,0.8051314191283215,0.6758713895831283,0.6751070883020422
150,0.4842181308664006,0.9375931216997484,0.5818052683168032,0.8045596352659559,0.6752869078885129,0.6655101993136782
151,0.4881895205957426,0.9368446599861836,0.579442189046951,0.8004137949996334,0.6722346779376757,0.6748767932843633
152,0.483972441699865,0.9375486619588642,0.5831923590646706,0.8045666574219978,0.6762227755574004,0.6715106721655042
153,0.4871643417173152,0.9379575336485052,0.5836156067294954,0.8018794969732058,0.6755554572502928,0.6858032506801931
154,0.4861174894751405,0.9376765343533792,0.5823346510625287,0.8036032760925275,0.6753059054190841,0.6796901184790799
155,0.482660277713117,0.9381749091661744,0.5852824587717986,0.8060986015615321,0.6781684543289884,0.655752811688127
156,0.4836894196572063,0.9381149588962656,0.5843009312167478,0.8041989020136056,0.6768371966409592,0.6742948797793789
157,0.4843208630093568,0.9374962784278672,0.5825928134417173,0.8025498364708317,0.6751070255273005,0.6641296827950293
158,0.4844337656772394,0.9380474212883374,0.5842483135775396,0.8045688245265137,0.6769328603309047,0.6688528436795083
159,0.4833492115675974,0.9386016883468156,0.5876916337112531,0.8011427172940084,0.6780144399821296,0.682702542417911
160,0.4814504881342538,0.9384005311933112,0.5862949259201168,0.8052372064716935,0.6785419859546779,0.6773163615282242
161,0.4819981584446036,0.938328825699249,0.5865948371479122,0.8033398206345438,0.6780678337949726,0.6741934277462254
162,0.4834199055707712,0.9378866177869064,0.5840978798416295,0.8057436799171135,0.6772472327235255,0.6712955029234142
163,0.4822983978677996,0.93809783417136,0.5841443346930062,0.806233345616059,0.6774513831055184,0.6795106442960793
164,0.4840091240706203,0.9382377089793212,0.5842832020082938,0.8054694668527298,0.6772748702088498,0.6847786168341414
165,0.4774274241795643,0.9388646084917104,0.588815295699433,0.8069572983144419,0.6808398477826975,0.6776721601006217
166,0.4827785861792324,0.9386278286145446,0.5867094058346751,0.8064014056812667,0.6792328157681357,0.676753154850768
167,0.4808069343189541,0.9383379099057648,0.5865348225108203,0.8057289050403208,0.6788772140762432,0.6829407943943429
168,0.4804154244258249,0.939198760351189,0.5896453951884831,0.8065602714164778,0.6812528574520677,0.6819953204602467
169,0.4779816591482368,0.9382945075857452,0.586270328458291,0.8105256236576233,0.6803959059099308,0.6818323547413538
170,0.4829748139964591,0.938200953304734,0.5834273525921058,0.8092472281055972,0.6780291310402421,0.6794348979456524
171,0.4810554892253533,0.9383435059967024,0.5860276276332624,0.8068646899689547,0.6789397774804723,0.6776590191860402
172,0.4799659981144418,0.9392284573981888,0.591218211681954,0.8038812763081488,0.6813410149956017,0.6754899085646351
173,0.47987761268084,0.9379652171156942,0.5833938328379014,0.8077303949489062,0.6774735449164075,0.6816209153902658
174,0.4784772407879932,0.9390497326730192,0.5904393340344868,0.8054025889827577,0.6813685137650878,0.6798712581900254
175,0.4788287721520705,0.9385725062775094,0.5877082973805655,0.8055570531635948,0.6796014326671885,0.6657271886179172
176,0.4778496675568519,0.9385924324810686,0.5865248660623411,0.8091378239269935,0.6800775820816428,0.6755336815790488
177,0.4770581952745108,0.9397437646775508,0.593439817219444,0.804375191128929,0.6829920462271055,0.6772928985222707
178,0.4773659738276502,0.938835948266467,0.5886048001197307,0.8094168579851111,0.6815726282148028,0.6797105078087498
179,0.4813582326868455,0.9388864504122898,0.5887123698550055,0.8060501709334607,0.6804480224770229,0.6646540988385065
180,0.4782434727648179,0.938155195820062,0.585778149411636,0.808142473971913,0.6792240460796317,0.6739313264710624
181,0.4786150113498564,0.9386027732331568,0.5880091729263053,0.8085485688400285,0.6808654751833678,0.6786597748978124
182,0.4772600571243025,0.9397346049409734,0.5926640361041883,0.8065818815633807,0.6832709923823895,0.6774823349586083
183,0.4755430556029724,0.9396639500014062,0.5931399577308846,0.805714244425866,0.6832753722941283,0.6748817864271245
184,0.4768866728321254,0.9395525225612414,0.5919697771123519,0.8101756187590845,0.6840937920858128,0.6801496335061353
185,0.4785103875098468,0.9393907165699004,0.5906036619131367,0.8093340179988691,0.6828813047892951,0.6767396175233193
186,0.4775450057048592,0.9391793559916928,0.5901351674046655,0.8070300930001897,0.6817473244292737,0.6824813723315772
187,0.4772764219225739,0.9400361140810448,0.5949760282639397,0.8090768824802815,0.6857025777513341,0.6809355440565303
188,0.4735954266657932,0.9402037358871392,0.5950228682559161,0.8098370647824976,0.6860065715799125,0.6830501004868981
189,0.47479089172624,0.9392433505530888,0.5912847923006602,0.8109971344500839,0.6839284783636594,0.6733678349820434
190,0.4746081251249039,0.939605146415162,0.5919444310393257,0.8130213104417595,0.6850892129582555,0.6747624204519183
191,0.4760008090906006,0.9395481280849224,0.5920207626275695,0.8079559134906616,0.6833352072699822,0.6717827251143218
192,0.4751954489260269,0.9396994971950058,0.592118694528103,0.8133824337144006,0.6853341276293363,0.6812340558347079
193,0.4726299281171757,0.9403577004847986,0.5949328235033251,0.8117842526389488,0.6866442523360407,0.6808225363578626
194,0.4756033651048331,0.93944389659973,0.5913974905347748,0.8112782817856045,0.6841038384511058,0.6818541668904365
195,0.4738208562564507,0.9400756781006546,0.5942893996495705,0.8123612938319995,0.6864215939993673,0.6805683734172393
196,0.4731738991874585,0.9398935201908608,0.5939133895355291,0.811845969520387,0.6859868133653052,0.676804809377127
197,0.4738821361562331,0.940441648715231,0.5966474630964832,0.8069573125094196,0.6860464451299154,0.6817857938170877
198,0.471829745945313,0.9400340885021164,0.5938423557558978,0.8115942966687774,0.68584958022883,0.6778994205246741
199,0.4745386218209918,0.9394327936806552,0.5927940666407264,0.8078651694909512,0.6838175435769146,0.6777559705275146
200,0.4734058923644128,0.9398162804031844,0.5926101498708628,0.8112411377022506,0.6849012234425895,0.6766859858424606
201,0.4716814959006344,0.9402003095688845,0.5959444918280992,0.8117812856757215,0.6873165122051136,0.6797410120906954
202,0.4740954834780247,0.9403487261401908,0.595430041848863,0.8107665124378406,0.6866106120924163,0.67655291316448
203,0.4706442028069668,0.9409903677473564,0.5987967241667944,0.8090862815226145,0.6882364699143395,0.6725452591426805
204,0.4714042540076825,0.940376308345462,0.5959313879812131,0.8101776549586319,0.6867323652530085,0.6832155903225222
205,0.4726214775507398,0.9407753817261856,0.5957152291542855,0.8121372707612902,0.6872915172367987,0.6705489046747065
206,0.4718447093912166,0.9398042917224764,0.5934625480119445,0.8112469041079139,0.6854722221056208,0.6871530806980686
207,0.4724231926228502,0.9405863574471433,0.5972055622195567,0.809909408133993,0.6874809999499051,0.667606253329948
208,0.4716864686003691,0.9395384396379128,0.5933023106149676,0.8110869517218929,0.6853082339372417,0.6847951599702673
209,0.4683739642659537,0.9406557764402456,0.5977824453175192,0.8128812650668259,0.6889326588716906,0.680583796185013
210,0.4697079625275495,0.9409520671396882,0.5997926754160249,0.8100741629645208,0.6892516885466895,0.6852809633144592
211,0.4686365349472856,0.9412617060609496,0.6013480480929673,0.8134991506302272,0.691517962926655,0.6796254533299522
212,0.4715498308483645,0.9404476293228464,0.5967038903741673,0.8123671111866134,0.6880314975187805,0.6833866126450864
213,0.4717895384315106,0.939847240862126,0.5932459316627995,0.8122605334673645,0.6856891361010469,0.6869469817804156
214,0.468443291007186,0.941134897953668,0.6009314737352739,0.8147353959482974,0.6916883522193852,0.6794606417677213
215,0.4703743849083674,0.9406919828052932,0.5979576380472076,0.8123315543078002,0.6888514216208151,0.6778917518351387
216,0.4682369761758571,0.9414473795517986,0.6013390343678777,0.8135958073517056,0.6915469217848114,0.6714582274422651
217,0.466294987381791,0.9407382209358124,0.5991965467827894,0.8147147395642431,0.6905302521789417,0.6731975731257824
218,0.4674623496026444,0.9417579385665394,0.6031836143328796,0.8103618235921999,0.6915900409812417,0.6762506252051603
219,0.4672210718230378,0.940444161806376,0.5958524011163859,0.8155956211688012,0.6886184989322234,0.6831336823854509
220,0.4660519606989922,0.9417345929110944,0.6037454695940306,0.8134172124907902,0.6930706871403859,0.6730940941872754
221,0.4705416338263655,0.9405991014284684,0.5977978404905457,0.811213593721037,0.6883432209680564,0.6838909843578487
222,0.4674510344755735,0.9412370901271936,0.6006273408392077,0.8150548904526711,0.6916018873018511,0.6841701400827697
223,0.4676973468108142,0.9410145579662188,0.599794861407359,0.812758600805578,0.6902229832265757,0.6777847185929319
224,0.4694789335024442,0.941715373943568,0.6027131299991839,0.8104433198644649,0.6913103358790486,0.6831879846360794
225,0.4652732551741085,0.9421385002157688,0.6052152732758941,0.813671538237604,0.6941306922798244,0.6836269427265728
226,0.4696526022480546,0.9409342832433344,0.5989702749216622,0.8124428915335202,0.6895629907182604,0.6856844173889837
227,0.4676642247455583,0.9408641570141996,0.5974110826365794,0.8149828911570338,0.6894390947147424,0.6852571879037379
228,0.4661165796381106,0.9415539799343816,0.602136731610506,0.8143540542928154,0.6923482927041194,0.6763786357416944
229,0.4653511820294017,0.94193793357002,0.6053010701975684,0.8152343924395039,0.6947552710714258,0.6821158694588564
230,0.4682062187855192,0.9398750496575824,0.5939905120564524,0.8150411681765648,0.6871764881144828,0.6774384411175283
231,0.4625788986039676,0.9415916419697098,0.6038786003971555,0.8146235249761566,0.6935960197926877,0.6850977247819511
232,0.4626802406508288,0.9426737199659516,0.6077602532890489,0.8140028285530321,0.6959226492481716,0.6706580672545128
233,0.4648438549513439,0.9414685691672996,0.6020148404443065,0.8158713631315982,0.6928153574807726,0.6819982505237384
234,0.4662179655308346,0.9412566455468134,0.599393050376156,0.8168755864283541,0.6914359843932444,0.6830160958421665
235,0.4644058224537389,0.9418975318533616,0.6027862399916292,0.8128877535105269,0.6922463147912683,0.6591552175449442
236,0.4641209322985985,0.9424346535878264,0.6069376064958318,0.8117371860368905,0.6945549852441301,0.6906401503389658
237,0.4655990356164013,0.9425429156317676,0.6087240484189669,0.8118417752515131,0.6957616519730884,0.6907338095015668
238,0.4637264119420978,0.9420330053186348,0.6034809883444331,0.8160722689452679,0.693857869572087,0.6850161593842721
239,0.4653531539139988,0.9420376744497236,0.6042945677754227,0.8138549666732173,0.693591364480308,0.679252443498878
240,0.4627045507696892,0.9415867943130204,0.6021382685585853,0.8173627084058089,0.6934343463099635,0.6750949727251152
241,0.4645905669430177,0.9423666010022044,0.607876504431785,0.8142762985639809,0.696098800311824,0.6773426714889905
242,0.4628253044198743,0.9420797858923248,0.6047726855949639,0.8178301004612855,0.6953470231666119,0.6739654681381674
243,0.4644777579702062,0.9415667170493376,0.6020143758010482,0.8126270314711517,0.6916426347981649,0.6730516558086097
244,0.4597997579643195,0.9424246286887236,0.6067030838202757,0.8161507170127988,0.6960112930560814,0.6831566827032732
245,0.4631457824072392,0.94202582996277,0.6049950249156549,0.8167146911454878,0.695090311807781,0.6870555281094771
246,0.4644424448982417,0.9420368367526754,0.6031147543352755,0.8187276958935793,0.6945730915501419,0.6807499843860264
247,0.4631365479754029,0.9420324216772484,0.6044538308246149,0.8172077347523448,0.6949113035212324,0.685679141397302
248,0.4613783311286418,0.9418951286241246,0.6046174897587691,0.8165629666279199,0.6947861531501576,0.6775734952220689
249,0.4615987866259307,0.9424934091094858,0.60709580213312,0.8144135946076851,0.695636730393873,0.680779045431749
250,0.4630348071348752,0.9427452606671518,0.6078857993953518,0.8162746582827725,0.6968340828467767,0.6800311573000357
251,0.4622141692063791,0.9422249478046076,0.6064921237718199,0.8161899827578357,0.6958867251821536,0.6836735874861417
252,0.4603069309922431,0.9423298247285092,0.6047315471434467,0.8199282393177577,0.6960770247342589,0.6851044929344678
253,0.4610522469813875,0.942492255559452,0.6076402735510801,0.8179154005714314,0.6972696286320614,0.6825299513375742
254,0.4637076075342919,0.9420077851443848,0.6040214516038644,0.816408609076283,0.6943366333996377,0.6779229413785491
255,0.4589025110220737,0.9424561247244664,0.6071229193408809,0.8180978684325332,0.696995118861929,0.6867605313161598
256,0.4590492251751234,0.9423751633646572,0.6055361460452621,0.819993316368676,0.6966332238913486,0.6876013795983367
257,0.4582292353935379,0.9429208199960976,0.6086842513914149,0.8171297146248776,0.6976702437917356,0.6752773678209454
258,0.4570170491933822,0.9430828869094704,0.6107306466807555,0.8212432176051406,0.7005133457799407,0.6857184191406819
259,0.4598794536624881,0.9424863367491598,0.605248134009243,0.8205498545477287,0.6966432444321323,0.6867496072262531
260,0.458580845551525,0.9423709130820924,0.6071644590730307,0.818365993540175,0.6971197912759072,0.6847059647207855
261,0.4587351281008274,0.9433582077172278,0.6109586798440438,0.81922780331773,0.6999287758614919,0.6813595699267201
262,0.4578948116345371,0.9429245896328152,0.6107544296280871,0.8165674470953613,0.6988223098611146,0.6809781320194949
263,0.4599632452503382,0.9424010701758316,0.6051721527633964,0.8190707326419818,0.6960593640562323,0.6862072931760994
264,0.4578182280278034,0.9428055885873692,0.608978215837071,0.8185700721710266,0.6983880633332477,0.6797210640512974
265,0.4600508747984179,0.9429790056091096,0.6086956796418862,0.8203090006285858,0.6988340227961548,0.6863619137702612
266,0.4590562820005759,0.942815640951949,0.6081961538707851,0.8169658777485364,0.6972898430724562,0.681570522077354
267,0.4570915355956811,0.943502477001508,0.6129670234875582,0.815438804321807,0.6998530627503147,0.6815398437722584
268,0.4576850263334864,0.9432482565464514,0.6113771130594597,0.8197177230485164,0.7003821723010724,0.6771743045142152
269,0.4569568433564344,0.9435607312782124,0.6128260643887979,0.8169794228251744,0.7003278262026391,0.6905869113712241
270,0.4550267745265,0.9437089899230264,0.6123331343656778,0.8202462904985669,0.7012022835109526,0.681044267635648
271,0.4566274770944238,0.9432343727478308,0.6118190103757788,0.81899561977234,0.7004081158148892,0.6828991960188732
272,0.4583123876250905,0.942406824193262,0.6052999768322694,0.8200984632719011,0.6965148366268499,0.6753749735547135
273,0.4526823963835942,0.9441792812855953,0.615070919113426,0.8193286392569179,0.7026566848308983,0.6758451346338636
274,0.4556925560501839,0.9430442429833396,0.6089234555169856,0.8220812362228532,0.6996267027858256,0.6846220997105863
275,0.4557703568352212,0.9437946135475552,0.6125719962035284,0.8209487027820037,0.701615520445226,0.6857501421057223
276,0.4562744925991236,0.9432593114009414,0.6107865037358666,0.8188488520760797,0.6996774742796232,0.6836103633331096
277,0.4546484515178118,0.9434831687711812,0.6124373787237835,0.8212208963139751,0.7016265756614569,0.6760865205634462
278,0.4547271605232637,0.9434383519790964,0.6108598135159432,0.8204411529778943,0.7003062828030862,0.6804002270565852
279,0.4545282973445577,0.94407754229244,0.6154766796551527,0.8183756648003931,0.7025704408541213,0.6825742136644793
280,0.4555405588458768,0.943248744058668,0.6118677733702628,0.8201973939994054,0.7008792122390363,0.6825402573497101
281,0.4551818377251247,0.9440158342320036,0.6145252061125981,0.8188913038328416,0.7021397392595201,0.6892222893572706
282,0.4535451061862836,0.9435821268847908,0.6124947162045399,0.821020407382647,0.7015910096010721,0.6802624761498995
283,0.4545678966980186,0.9435580396614672,0.6129398236346274,0.819193594672781,0.7012145251589558,0.6832480148439655
284,0.4500918513793739,0.943922643868563,0.6157334997106532,0.822378352699306,0.7042093427507293,0.6865294686248846
285,0.4549410210238944,0.9439208517461892,0.6152245464526616,0.8208862813284087,0.703329270067271,0.6745008230887028
286,0.4526156655532851,0.9444988489767902,0.6189508698299074,0.8169493435682383,0.7042989507075533,0.6790492352244764
287,0.4556355567501603,0.9436771025042364,0.6115004383278907,0.8196442171982627,0.7004362503179528,0.6836970915294296
288,0.4536984955235351,0.9436213201204614,0.6119813939639386,0.8238741733797835,0.7022930112791084,0.6697486200197175
289,0.4572380015747153,0.9430599051715955,0.6084088817680225,0.8184292352238438,0.6979623124430944,0.6770736750258748
290,0.4547567362193581,0.9433032698968704,0.6106241145328462,0.8193559610803387,0.6997559151407772,0.6846244311103448
291,0.4523643300258856,0.9436972003670266,0.6146476386195766,0.8186513017065081,0.7021313911419911,0.6803301302054915
292,0.4530178455354498,0.9439863500424508,0.6148542486886943,0.8228285866354956,0.7037986960750848,0.6852024255464225
293,0.4514678100244604,0.9444964320148148,0.6160366453933709,0.8214728680382549,0.704075187231139,0.6830575207058902
294,0.4504648055747258,0.945343693915496,0.6217712788196514,0.817605543896654,0.7063663059952652,0.6834201634904383
295,0.4487458067617828,0.944500531237256,0.6178485997251304,0.8236336136729674,0.7060522428435306,0.6742360077415361
296,0.4531555785764035,0.9442209189487182,0.6158232370150614,0.8208326401968663,0.7037006169001828,0.6741477266277597
297,0.4522841411957637,0.9446415458625128,0.6179231225704167,0.8238893876897497,0.7061948755070999,0.6836141769747626
298,0.4530198706997384,0.9433665640886032,0.6126648459435501,0.8239239639590004,0.7027609361406371,0.6797057369848177
299,0.4503941102851209,0.944905729419349,0.6190347155021992,0.8215057754818926,0.7060413743197765,0.677748782155874
300,0.4536790435048316,0.9432860353100568,0.6103775615785783,0.8224026064884749,0.7007021855439448,0.6808801495527177
301,0.4503030959221956,0.9444566963359736,0.6171847758784033,0.8221690375851832,0.705080583314147,0.6848771275436705
302,0.4458366066431827,0.945460483990044,0.6238389379745253,0.8214286411176608,0.7091270551001727,0.6854700179482698
303,0.4561697439752894,0.9425492395578454,0.6060224432884814,0.8228532230802881,0.6979858814254872,0.6866219372596459
304,0.4526269148579604,0.9445382413371688,0.6174045919285366,0.8197881668119258,0.7043466863024493,0.684915804537771
305,0.4512121281821093,0.9445959188388564,0.6174237073330242,0.8228127787444609,0.7054731930545753,0.6843787626651563
306,0.4471471931436936,0.9452056936263394,0.6212753280596768,0.8199712478671043,0.7069267875839421,0.6706778122095011
307,0.4505196447423893,0.944273130820484,0.6159516403641615,0.8248004936750434,0.7052388888406654,0.6851001774000044
308,0.4508481591725521,0.9448759362431798,0.6200420191709577,0.8204209766217024,0.706294407285074,0.6862233499507973
309,0.4460662771686375,0.9443573674384246,0.616097744242549,0.8275524317097932,0.70633896620073,0.686650595481638
310,0.4473023611864598,0.945011965884362,0.6183506350739678,0.8272276130272888,0.7076984183153218,0.684805602844301
311,0.4516418335034693,0.94429098338053,0.6150144051650228,0.8250403026810816,0.7047116588362305,0.6878873963159768
312,0.4469840301455354,0.945083966632302,0.6197743405390946,0.8252761191310103,0.7079129439035003,0.6806124480081227
313,0.4507220298480645,0.9448311194510948,0.6185109997471382,0.8228972337313818,0.7062135193942419,0.6682196499125399
314,0.4488845048405284,0.944414049316571,0.6179744401035513,0.8252572195332019,0.7067304334368645,0.6602582912115932
315,0.4485280377616127,0.9448622172374213,0.6187905425195915,0.8233291681840278,0.7065548010632567,0.6790259262455569
316,0.4454911192544072,0.9452279887272892,0.6227534315555595,0.8230087723636669,0.7090122231725413,0.6818057798184052
317,0.4477091685687895,0.9449790485101848,0.6201850465502333,0.8259592381685447,0.708432172342703,0.6765748500744834
318,0.4462939415046637,0.94521217547891,0.6210416480361554,0.825316294719497,0.7087537277904393,0.6836701496354102
319,0.4459816892798856,0.9448745217711144,0.6194641903104674,0.8254415124475228,0.7077713890684202,0.6896065298133602
320,0.4462782713792307,0.945085298707936,0.6202235265450662,0.8274807556443047,0.7090163906094648,0.6874971557516119
321,0.4439999448309699,0.9452665914552044,0.6204323915880084,0.8252317198939774,0.7083256553463744,0.6812532236621482
322,0.4434088872705432,0.945595435611254,0.6234985417992228,0.825774455447512,0.71052061247908,0.686205088283755
323,0.4495071889899617,0.9445668260323504,0.6161549855537586,0.8253139422107596,0.705559849880107,0.6816481764095098
324,0.4466372178398448,0.9454795312983392,0.6211991737343295,0.8247298130054462,0.7086398890836455,0.681593026352587
325,0.4476211548065967,0.945540065209634,0.6228385077411505,0.8216578964434471,0.7085655272135515,0.686559705016152
326,0.445460404423501,0.9452323214062852,0.6213987099559511,0.8267756431860636,0.7095241218492152,0.688115452638845
327,0.445352613068313,0.9454238587764724,0.6212229736397271,0.8263623137905781,0.7092573519976507,0.6846593809747297
328,0.4473482043408661,0.9452955675334332,0.621349378398594,0.8230669758042812,0.708122906955913,0.6802977841544434
329,0.4442431625487993,0.9458625373750212,0.6252667046356013,0.8229049393584016,0.7105995505365907,0.6779477179184141
330,0.4436878049545151,0.9453976910432662,0.6220605135464539,0.8264368566150386,0.7098304022220653,0.6864969287783446
331,0.4456500754081945,0.9451458669510772,0.6221214052427964,0.8224289116236683,0.7083874119684507,0.6872957462514957
332,0.4442840133853953,0.9450262685315066,0.6215369000690006,0.8256397423118357,0.7091954789513846,0.6906822607410508
333,0.4441524467451109,0.946090844152534,0.6263268825197766,0.8239228609498227,0.7116636831127913,0.6818268660611208
334,0.4434981155309745,0.945640444661678,0.6231620464331117,0.8267179038885412,0.7106508655365356,0.6733395271695005
335,0.444690611722658,0.945217675440678,0.6207519505547716,0.8263775274775833,0.7089558603613354,0.6885042888409262
336,0.4456440865350284,0.945234388183429,0.620598576990272,0.8268934561213711,0.7090455635715556,0.6788860529566
337,0.4426130216113097,0.9458277386156696,0.6235985112884269,0.8262790977363117,0.7107722914676956,0.681881061514859
338,0.4419932477980209,0.9461182890304204,0.6270452114757846,0.8235625402615747,0.711992537753035,0.6873307860742202
339,0.4442360467619176,0.9460481078703312,0.6248451607980846,0.8269587364314023,0.711833279446256,0.683790987675818
340,0.4423289419078141,0.9459077455501532,0.625686454043912,0.8282834143194444,0.7128699483054275,0.6798779019772659
341,0.4434894328709129,0.9455248699344873,0.6240359763174701,0.8225988572124647,0.709690198355912,0.6833661422158972
342,0.4456163122713995,0.9458044066929632,0.6243550983876817,0.8256455172223803,0.7110286472834935,0.6868309317704889
343,0.4427898505823218,0.945250771340456,0.6214828987473602,0.8282085977031575,0.7101062278813104,0.6831903129245477
344,0.4449347971583441,0.9454289398897162,0.6223053248522864,0.8266066873857317,0.7100524238515975,0.690642955044408
345,0.4442950509649386,0.9457970459451288,0.6227640980689032,0.8294773046210537,0.7114088395002729,0.6827399463483871
346,0.4421197379664551,0.9456094773363672,0.6230152688467204,0.8264674137474751,0.7104628763793123,0.6799089384871428
347,0.441294040075309,0.9465170808900044,0.6284553651045279,0.8251322613801194,0.7134881821184031,0.6898745781404918
348,0.4409419708757949,0.9462748559820248,0.6280266335233687,0.8254094787436351,0.7133153385119894,0.6811602781433821
349,0.4406042226570115,0.9467678887595448,0.6276168433134186,0.8291656118800901,0.7144488898215009,0.6907627753560257
350,0.440386620142477,0.9457779437058794,0.6234308256214286,0.8292190670923909,0.7117485503030073,0.6709945355890997
351,0.4415063935218097,0.9457622952503622,0.6248587741249985,0.8298143647431695,0.7128980014138044,0.6831135640517877
352,0.4432156855682675,0.94496885881822,0.6185569315659155,0.8272616026090427,0.7078459521950345,0.6829153872489356
353,0.4401166766024322,0.9457203554669922,0.6226619166286774,0.828675546307137,0.7110471783497782,0.6859501724244987
354,0.4393556873789794,0.9464449702801566,0.6268191864126997,0.827214523865758,0.7132075840786445,0.6805904698485474
355,0.4380114638119293,0.946357389740392,0.6278877016606136,0.8308612361792646,0.7152533769875602,0.6732547773808368
356,0.4379116833853207,0.946773944897222,0.6293911650501038,0.8291830356603874,0.7156036032995209,0.6867542968727407
357,0.4394674540209256,0.9465336631717396,0.6276985197610289,0.8268221696584068,0.7136303467877633,0.6804493218700303
358,0.4385174219128039,0.9463980455127124,0.627491825158449,0.8307104648117779,0.7149406215150149,0.6753677869854621
359,0.4409386225098328,0.9463952920986436,0.6263882487819934,0.8267876908621736,0.7127699814799833,0.6762405735571324
360,0.4411517145822374,0.9458677077510652,0.6247107462814715,0.8287421216035687,0.7124057762054716,0.6840333493687533
361,0.4390231434175436,0.9464555101569532,0.6294247925186536,0.8267160422940115,0.7147050078568743,0.6824270197634856
362,0.4374181325915906,0.9465065547459466,0.627714830136892,0.8278413742489704,0.7140202570689973,0.6865051736665815
363,0.4393974461143823,0.9467074166455732,0.6281755941020553,0.8277317180072112,0.7142774260306366,0.6848434640183141
364,0.4401639737456823,0.9462490109681736,0.6260495692826805,0.8295058380784088,0.71355823353776,0.6882554993055171
365,0.4386464951278494,0.9466978586595792,0.6301506249575252,0.8272076394982848,0.7153565786984141,0.6838745136348848
366,0.4360140537400897,0.9465733095877804,0.6290149756293459,0.8308949560785428,0.7159967326708568,0.6775964634779039
367,0.439682631505479,0.9462406339976904,0.625885925838661,0.8275135690641272,0.7127140172185048,0.6877159137777474
368,0.4394677219202192,0.9470908553035176,0.6320729979471327,0.8259480738027676,0.7161206175581606,0.6800365871090147
369,0.4350904784828638,0.9473298598843198,0.6324441222247332,0.8302641892430811,0.7179773332299473,0.687815397421438
370,0.4353448173982634,0.9468283059425624,0.6299084662086214,0.8326372692424175,0.7172223780268705,0.6758530877933647
371,0.4359402301714574,0.9469645690402992,0.6305889905105276,0.8308207397957147,0.7169877149965376,0.6885208600686169
372,0.4374323971837545,0.9467703949843204,0.6280594962891254,0.8317564561635875,0.7156964410693442,0.682593794915109
373,0.4375929887131821,0.947155632631008,0.6311760346433806,0.8267759445403022,0.7158550757010061,0.6768841686068027
374,0.4340304451451884,0.9471228937824312,0.6299613471104027,0.8308451780108828,0.716590922314592,0.6840309343209678
375,0.433988478007934,0.9471697567525524,0.6309188105363582,0.8307152692189513,0.7171615615828452,0.6856907281965143
376,0.4366545782243605,0.9465482816718698,0.6276502211199666,0.8311703716351028,0.7152137420269141,0.6834141150579984
377,0.4363232966807249,0.9472423892064632,0.6327203891115997,0.8275818298449004,0.7171500400448998,0.6863222519791023
378,0.4363674048682768,0.946970371122314,0.6296319500992421,0.8299739843285495,0.7160537319811439,0.6845734380174561
379,0.4360661133587789,0.9464624520562632,0.6264823806461904,0.8310266924510733,0.7144018384200278,0.6895855375260926
380,0.4363824406759344,0.946372921467632,0.6255302933459637,0.8320894443676463,0.7141741302732549,0.6740663264933353
381,0.4357036423983333,0.9464049118819609,0.6299390628767003,0.8299267503640071,0.7162347040925005,0.6876518087730052
382,0.4352222255451216,0.946544113785736,0.6287246781169298,0.8306307909881069,0.7157105828620023,0.6812354792215246
383,0.4358100345452055,0.9469009109309962,0.6297236788318006,0.8308761608543228,0.7164486513695159,0.6852172051590179
384,0.4333049979784505,0.947460829011366,0.6321074508301681,0.8329941787165371,0.7187785696856934,0.6835824952863991
385,0.4367714590734715,0.9467474063800764,0.6286417217440889,0.8298193371232699,0.7153554819363247,0.6798293402749944
386,0.4336286251493495,0.9480866985683676,0.6368446563070431,0.8293331224509392,0.7204533788238466,0.6848502811940903
387,0.4332939044391508,0.9474575262877574,0.6324854104196395,0.8310020494285572,0.718279707496641,0.686693822057123
388,0.4332315625904275,0.9474555144415676,0.6316227796932834,0.8328842883629726,0.7184242409658007,0.6877184721286784
389,0.4324137492359971,0.948261001351741,0.6362879670211838,0.8309955637719006,0.7207229779104085,0.684097650938865
390,0.4324514372743291,0.9470329718107529,0.6281542007873578,0.8360882465028637,0.717357081460996,0.6886796284195325
391,0.4320203293141701,0.9473024768037568,0.6322181007733013,0.8317385720433799,0.7183821626980756,0.6911677679138405
392,0.4331445790452065,0.9471209094017184,0.6304039914136107,0.8351159639063627,0.7184623246223235,0.6910017471171811
393,0.4317983292418418,0.9478750015380668,0.6350060047660457,0.8326544167555925,0.72052165035095,0.6813416113515957
394,0.4303257454642289,0.9474639944075894,0.6350008781324894,0.8319111673772006,0.7202399399879456,0.6918479574074642
395,0.4326766822621119,0.9474810436024336,0.6335696002199449,0.8340667244971184,0.7201229791014784,0.686257197421579
396,0.4318306515757129,0.947143966669655,0.6311733924846838,0.8336508770888763,0.7184182610426019,0.6866699435464585
397,0.431864752722301,0.9479777842193476,0.6366954618855718,0.8302650076678415,0.7207092127103244,0.6811774028983931
398,0.4329592325061345,0.947854924274384,0.6343078757244025,0.8323451209421902,0.719956345140078,0.6810817652518775
399,0.4335177119472901,0.9472719832579242,0.6314091201355734,0.8328170932829294,0.7182610218074863,0.6873651216001311
400,0.4327978884144652,0.9474921808533544,0.632353837296114,0.8321437683502997,0.7186209155543104,0.68202753965682
401,0.4339335753763322,0.948024015483498,0.635964982884724,0.8288656303224085,0.7197139541583139,0.6869315644028305
402,0.4295237687208669,0.9476364844694812,0.6332869136861935,0.8355816063250869,0.720504101481462,0.6829416611614422
403,0.4299903816456417,0.947584670847132,0.6324173974029185,0.8323275798064399,0.7187304957491211,0.6855908083199973
404,0.4307127325869292,0.9484196419468583,0.6378676303728081,0.8324022950999331,0.7222653069252696,0.6833792024965231
405,0.4297284702602908,0.9483076033998306,0.6378390220329065,0.83384891072011,0.722790969335451,0.6778472358404316
406,0.4295645931856238,0.9475066208278842,0.6343265569528994,0.8331279864011375,0.7202610936173115,0.6807240620813554
407,0.4306653731589694,0.9478186767111212,0.6343806916263104,0.8321189524693471,0.7199186153343962,0.689139353370396
408,0.4290479003525466,0.9479402869768816,0.6352164947165247,0.8315136494609111,0.7202295361778667,0.683880286184542
409,0.4287602311844448,0.947605942859064,0.6342954270416106,0.833756250602497,0.7204756958872246,0.6864378537711172
410,0.4292906899031975,0.9478802199786956,0.6344372692097493,0.8328206202714197,0.7202175484684628,0.6857256392720761
411,0.4273272288574589,0.948331491498446,0.6370802936672882,0.8323172047513877,0.7217283135407454,0.6821882562189626
412,0.4291166076771647,0.9484092599965548,0.6384947868075721,0.8319640834301709,0.7225019901378393,0.6793934752668815
413,0.4290153126922443,0.9479342926365276,0.6348185573221844,0.8366149013854772,0.7218792825306913,0.6893149006987364
414,0.4289713373287118,0.9479353775228688,0.6345336541409089,0.835521479220853,0.7212879099450185,0.6844661110407066
415,0.4285867994637798,0.947943060990058,0.6356350020412032,0.8337378698522494,0.7213321856452389,0.6873516677645242
416,0.4286132423783377,0.948134179511721,0.6366538957732156,0.8324117535454703,0.7214901335796915,0.6840159424348057
417,0.4298448168116507,0.94770246341159,0.6357199780130053,0.8319272611955328,0.7207083092812553,0.6853186712536621
418,0.428759130749771,0.9479618885745372,0.6366670969919485,0.8327950003272214,0.7216425332984653,0.683189364787108
419,0.4283953577065639,0.9476394164091504,0.6328462744803083,0.8371961996719186,0.7208179427291596,0.6851548318535923
420,0.4277624871662194,0.9483666404426292,0.637984543478939,0.8343426732224678,0.7230698766452072,0.6896751312569569
421,0.4267208608363172,0.9486340237275356,0.639589478885801,0.834662563680397,0.7242199823858964,0.689300212568394
422,0.424844771730814,0.9490704432906014,0.6411530533000375,0.8355578655773545,0.7255590378258221,0.6801796904354046
423,0.4269404130445109,0.94845233959722,0.6394355850993176,0.833984509747983,0.7238660241154591,0.6899421196333622
424,0.4242936536776934,0.9491436044549444,0.642760665120469,0.8348305602483408,0.7263121720747656,0.6880632630670817
425,0.4270524633445328,0.948628791554168,0.6388855233255027,0.8352994842306586,0.7240078353542694,0.6860947951503841
426,0.4258346465422953,0.9490727847225152,0.6419907609548039,0.8345344711133672,0.725708451866604,0.6849794629741012
427,0.4257840252608704,0.9483740561214176,0.638256228953879,0.837176076966026,0.724306826834175,0.6830118438788423
428,0.4270505684314014,0.948577918624406,0.6395709247970686,0.83361426786688,0.7238132053982311,0.679324148505584
429,0.4276122980409388,0.9483039985559752,0.6354762278950541,0.835605476810696,0.7219278367931613,0.6832932118644869
430,0.4242290203734267,0.9487696001883472,0.6410732298444265,0.8344100646903863,0.7250749055134651,0.6843034695252856
431,0.4244539961754847,0.948890613079983,0.6420458912603679,0.8354256830672357,0.7260804696169021,0.677050315361952
432,0.4243985075744793,0.9488245860732892,0.6404197991115135,0.8369425896892787,0.7256101945193778,0.6810083987281633
433,0.423998750907054,0.9492101945039164,0.6441077674824249,0.8341147012317423,0.7268997318136872,0.6839392578155581
434,0.4280723962638018,0.9477977617503902,0.6347633269394973,0.834918350617523,0.721211345359859,0.6852620627388867
435,0.4234343053196832,0.9490738215442716,0.6421637388909615,0.8307475441174954,0.7243830027771085,0.6877926191427822
436,0.4234412918202311,0.948581042822414,0.63825574550935,0.8388222686677499,0.724921943593681,0.6841365594568204
437,0.4252904164705345,0.9491415102123236,0.6418443134601035,0.8345739617320672,0.7256298035593943,0.6866882740103035
438,0.4251161991692275,0.9482788333126791,0.6369443566441968,0.8373367911972296,0.7235213507878366,0.6862755936444582
439,0.4284734661630589,0.9485874079467072,0.6381690002413897,0.8359735859423143,0.7238003061157527,0.6839808808967044
440,0.4224285849993177,0.9492851615233716,0.6442543735469891,0.8354720360353124,0.7275081524616395,0.6892587869303843
441,0.4244265974425583,0.9483147032256336,0.6374094650672936,0.8383159535664456,0.7241869209176871,0.6884621197708369
442,0.4231938504272227,0.9485556647216714,0.6397923338884084,0.8375846176120392,0.7254481894912306,0.6875820492445338
443,0.4224615938586297,0.9490015530079312,0.6408935387356257,0.8379280465177188,0.726284598891043,0.6786568641734977
444,0.4237152078597666,0.9492117737688436,0.6426994856041135,0.8367233400558836,0.7269884591742283,0.6723384643251744
445,0.4224159191195056,0.9494298908543916,0.64180188687336,0.8381233277110541,0.7269409668225528,0.6840171555799475
446,0.4212614630194877,0.9490230516100482,0.6417800934266389,0.8405219750677092,0.7278277257401725,0.6853424496811822
447,0.4238826172600547,0.9498573978701732,0.6453645379390862,0.8351012013917434,0.7280745331022132,0.689789366754906
448,0.4263368784952506,0.9489284536409116,0.6400289608758641,0.8361195892535037,0.7250499982958697,0.6862050731420791
449,0.4226743515661294,0.9491413591522,0.6422163707868263,0.8365253494783651,0.7266046080269277,0.6842687690354304
450,0.4244412075486972,0.9490639889035078,0.6410063398113119,0.8387206201733962,0.7266546456208086,0.6836425345947241
451,0.4234849760215059,0.9491314029167895,0.6418361893107243,0.8384625743358257,0.7270905533497579,0.6842077233728583
452,0.4215869035223405,0.9493055203081934,0.6433082502033262,0.838116217742943,0.7279035673694543,0.6887666163084241
453,0.4203714793748992,0.949973940755428,0.6458158003789183,0.8395144793657224,0.730035228951874,0.684171654331653
454,0.4189871241934865,0.9498094088154952,0.6452780011294028,0.840113305638592,0.7299176077234953,0.6920905846283705
455,0.4177026106513661,0.9494984584177072,0.64392036025486,0.8392033845587367,0.7287054065472819,0.6824088555730046
456,0.4227383912896081,0.94933460624833,0.6430140223846333,0.8362010823788639,0.7269923350178138,0.6878235396304108
457,0.4177155583668098,0.9495627894311964,0.644619056616505,0.8371842377123491,0.7283894098410276,0.6779410772045478
458,0.4239389980010849,0.9491322337474688,0.6401412002742278,0.8373424451337116,0.7255814973443638,0.6788395731206324
459,0.4222263556590183,0.9498792191916448,0.6461630657231199,0.8370302073149162,0.7293156120559006,0.6817674115303672
460,0.4230364761549792,0.9490173662563104,0.6410495764374612,0.8354628824821013,0.7254569695081028,0.6871159365876396
461,0.4214625827056898,0.9499030798247834,0.6457241572214802,0.8380560073954796,0.7294247786626049,0.6841358226420265
462,0.418990644941227,0.9500862196253796,0.6478250801740345,0.8389012065998782,0.7310844588655677,0.6879746800585267
463,0.4222003230088049,0.9494106306886496,0.6428310656503352,0.8375280316178157,0.7273762671103913,0.6861043547728379
464,0.4186098187518634,0.950218740551876,0.6480067908831275,0.8380062180650787,0.7308599814921068,0.682350527035526
465,0.4193854137933511,0.9496661282883866,0.6454606711265375,0.8396081387480858,0.7298436666586449,0.6897626698515094
466,0.4214354377213142,0.9487916961645888,0.6400252080024669,0.8361639639184624,0.7250642737538612,0.6898966327394243
467,0.417701986410635,0.9504704959803724,0.6488276093579822,0.8367132434666232,0.7308888913345952,0.6891089583727842
468,0.4170169864627097,0.9502585998253636,0.6485013071255764,0.8377413101544564,0.7310735519918086,0.6891284767366093
469,0.4173717905077145,0.9497337894909614,0.6457321344119982,0.838551675266342,0.7296175563645556,0.684812659373602
470,0.420097663140983,0.9499361070608688,0.6458192052896053,0.8373494669534145,0.7292176236162055,0.6826153129562157
471,0.4185072306891997,0.9504186205607,0.6492593757884173,0.8406551426576349,0.7326638225453089,0.6825715557367958
472,0.417559588663012,0.949874275405786,0.6462766886861095,0.8409494211209966,0.7308720626281483,0.6825597256238397
473,0.4189636810220403,0.9501690143057782,0.6476586984172775,0.8398779950914399,0.7313490705861997,0.6869773818098062
474,0.416761514094236,0.9503497783426144,0.6479675437991107,0.8402010570178026,0.7316684613751254,0.6863719765802379
475,0.420355495574663,0.9506133988571724,0.6516555181513811,0.8389380550471901,0.7335314237073521,0.6835457049339104
476,0.4135172682271587,0.9499469078596968,0.6467028505458272,0.8416380278153651,0.7314046393932021,0.6803305893228055
477,0.4154590714535267,0.9501600399611704,0.6502567625794947,0.8384545715294233,0.7324600045166461,0.6895897876152439
478,0.4188387988925838,0.9492471630359504,0.642668926473114,0.8407469322118141,0.7284834191258203,0.6876925429741201
479,0.4189566070441719,0.950101758218989,0.6478279474750894,0.8390534083880546,0.731144075799471,0.6745084942881862
480,0.4149845491210334,0.95059396016583,0.6484989718407409,0.8408824807497318,0.7322656304825544,0.686202838304873
481,0.4134115792221303,0.9511355587730448,0.6518915900173567,0.8416240597496675,0.7347062571358498,0.6858544075574835
482,0.4147800321844841,0.9504569280347376,0.6506872601811214,0.8411366956528802,0.7337553868763259,0.6860730283243356
483,0.4137745194083495,0.9508354091740844,0.6526945306073132,0.839338063951982,0.7343423537389999,0.6887231400982883
484,0.4146994858336963,0.950435223441543,0.6487813439929236,0.8410697450920109,0.732516643589838,0.6808754453829209
485,0.4154899214669097,0.9501072101161724,0.6483395098828054,0.841069753452058,0.7322349405957199,0.6866434556589492
486,0.4180274085818434,0.949994965578067,0.6467989884656911,0.8405431405462317,0.7310523146792675,0.6858481642348261
487,0.4163710672220738,0.9504456740555391,0.6493339490165956,0.8407722194868967,0.7327557687398366,0.6891125234854565
488,0.4202627945932553,0.9495263770750716,0.6427648218675509,0.8422467715066723,0.729107568548903,0.6851727041323896
489,0.4130022928869123,0.9506517681285332,0.6515491191016392,0.8394781908440436,0.7336703655272415,0.6883683783282757
490,0.4140081918068069,0.95042839827051,0.647913866505125,0.841037212716081,0.7319510761234531,0.6802140334375584
491,0.4134992965691381,0.951240978140117,0.654577076560609,0.8412225091397496,0.7362550117459168,0.6928494630202502
492,0.4159809350967407,0.949797742854142,0.6449076685868335,0.8423446036332493,0.7305209810369435,0.686570515750027
493,0.4133931836850351,0.9506414960401374,0.649945584617886,0.8428039662679343,0.7339164379573607,0.6898186109420599
494,0.4155290605996152,0.9501335769740866,0.6469117550237637,0.8431726477868308,0.7321173167626881,0.6825848656101049
495,0.4125218363545781,0.9510561148808394,0.652033750912496,0.8415063969517884,0.7347516880693763,0.6857560250516783
496,0.4130093204460556,0.9512119539973036,0.6538849298174194,0.842336175003748,0.736242696885139,0.6879642476650953
497,0.413442817523325,0.9507461051756384,0.6510222212886818,0.8423212378943485,0.7344189174439615,0.6900002763342822
498,0.4164278004452479,0.9499072339781788,0.6463220555825717,0.8414121934344455,0.7310758071370727,0.6832511545972738
499,0.412395303412307,0.9508135329216588,0.6530195822487724,0.8413085928003787,0.73530164924413,0.6895387349489291
500,0.4131218563738487,0.9514537119921744,0.6542450068188956,0.8387144491130764,0.7350832446237496,0.6763567721049784
501,0.4159848208693291,0.9508583359810052,0.6491059142901561,0.8409533848784964,0.7326793182949343,0.6819896534464617
502,0.4108399767026627,0.9512262703771868,0.653683527329569,0.8415093980057765,0.7357991363502803,0.6875482075331408
503,0.4156321587322427,0.9504589948118812,0.6500944956691923,0.8392018710593199,0.7326419768677281,0.6860708702671159
504,0.4146843357480687,0.9505809895943196,0.6497190512246841,0.8422690681629349,0.7335691923168031,0.6847918670435502
505,0.4158555436477387,0.9507300722034432,0.6501061830045561,0.8435498856468142,0.7343015675983972,0.677902152309874
506,0.4130804053099035,0.9505180387210492,0.6497672644448661,0.8423679702744525,0.7336374330764523,0.6824646376886195
507,0.4108261920565323,0.9510079953651458,0.6545763176323722,0.8420515754677983,0.7365718921414725,0.6787992158335617
508,0.4128043907795021,0.9506665926197408,0.6508602843048426,0.8416528880725472,0.7340617800301413,0.6786097767730997
509,0.411961984827364,0.9517198867960928,0.6569650046717516,0.8408286214029249,0.7376116035902718,0.690615862841934
510,0.4123700018838155,0.9511114028860284,0.6527597974210466,0.8443640251906332,0.7363010082513629,0.6842735353291278
511,0.4116609146912321,0.951260238305859,0.6525061527476136,0.8418261264601169,0.7351734747376865,0.6888374159680304
512,0.4132378487278231,0.9509115366099428,0.6514718769687571,0.841887605913034,0.7345399484958601,0.6752799487001117
513,0.4115184233557406,0.951468261828612,0.6545990003872202,0.841643713997324,0.7364301641280918,0.6799653076962322
514,0.4117088435793952,0.9507062390357816,0.6499214077864987,0.8447811979312637,0.7346496665367085,0.6672150580827774
515,0.4086442417163643,0.9513971262431974,0.6570551562013736,0.8419219790595229,0.7380888800068882,0.6819430342712723
516,0.4088938476370393,0.951707156547506,0.6569159677013188,0.8440053002322245,0.7388003226983961,0.6803051151775454
517,0.40975128135664,0.9514581270676012,0.6548420014542714,0.8424119839771348,0.7368779846362589,0.6878189980035302
518,0.4103345851675212,0.9515061229886482,0.6538136836195936,0.844579270546532,0.7370529639097004,0.6860145562351487
519,0.4082896816644737,0.9511004716261848,0.6515259083034859,0.8447295323413365,0.7356540345708418,0.6774942723849625
520,0.4095500533958133,0.9513551109297658,0.6544982105469299,0.8449891884728402,0.7376439603940743,0.6830300032032175
521,0.4114985560341704,0.9513047941759126,0.6524282306617412,0.8451430549451431,0.7363858980114831,0.684617647812802
522,0.4083748100687274,0.9515776362243714,0.6552617810763364,0.8441219810174614,0.7377976028695784,0.6791469802427668
523,0.4078240542531871,0.9515079013782836,0.656257271841849,0.84430884892425,0.7384997090352515,0.6849026101437335
524,0.4085198726585443,0.9517113107009014,0.656752034434475,0.8441325107507013,0.7387453559253025,0.6882099411603648
525,0.4095186520394661,0.951671650552122,0.6550399693493035,0.8430892509134447,0.7372623797835182,0.6858946957461415
526,0.4095961045232608,0.9517757515762988,0.6562794764676992,0.8421950650883799,0.737704006403631,0.686573486046531
527,0.4102311770049788,0.9517251464349372,0.6564427209666028,0.8427938858048398,0.7380368236914152,0.6896402767408696
528,0.405742234034504,0.9515999038598444,0.6559882430770296,0.8451746353747089,0.73866018419606,0.6881273231445848
529,0.4078299292771936,0.951667867182666,0.6563260865931132,0.8438815597316545,0.7383797609665941,0.6832644170680657
530,0.4103608215026718,0.9518872339474176,0.6579297453982579,0.842459221144362,0.7388470499795293,0.685032813164859
531,0.4064059479416703,0.9514739746478268,0.6544491048357085,0.8470940639182544,0.7384136045891899,0.6899243633412743
532,0.4094489551276611,0.9512790040930152,0.6535093374615558,0.8450519432466301,0.737039375914911,0.6818277496069843
533,0.4074334949254989,0.9518236857000224,0.6559387062405757,0.8452103365425601,0.738642411715518,0.6864298156242811
534,0.4061011073829458,0.951870473140082,0.6572237009761006,0.8463481833536968,0.7398915757540314,0.687190807221632
535,0.4062805529549825,0.9514830931861888,0.6543001438299612,0.8446314380175113,0.7373818499400996,0.6805916375320185
536,0.4071462042897725,0.9521349656835344,0.6586053759386724,0.8436396893474886,0.7397270227060416,0.6904606280888147
537,0.4107908988170486,0.951073816380762,0.6527731330262945,0.8447019499760673,0.7364379476068091,0.6774410860207005
538,0.4062877982426032,0.9518671017527808,0.655906679191993,0.8438343923579372,0.7380962281808939,0.6831632756751328
539,0.4074112666811016,0.9516552536623566,0.6549433619071193,0.8448205555011337,0.7378622840644529,0.6905512289441075
540,0.404491932915269,0.9520762238946134,0.6579603954414055,0.8453844623669048,0.7399892210625073,0.6847189545084943
541,0.4039116295979177,0.9521393601598536,0.6586158963773255,0.8456415991358229,0.74050220988103,0.6817141877271794
542,0.4069170417974321,0.9515506239277478,0.6548872207732406,0.8447224725653395,0.7377892458822815,0.6833737284322564
543,0.4052509262407426,0.9518908525240114,0.6571586893214628,0.8470089320509688,0.7401027275435119,0.6910227909445897
544,0.4044468173448988,0.9525746124401472,0.6613263500981867,0.8457628129033816,0.7422589821987684,0.687508236414898
545,0.4021009707407986,0.9523317832916736,0.6616021469663831,0.8460805130759425,0.7425550466193568,0.686816670921502
546,0.4047325974960121,0.9520753449993496,0.6578892108438644,0.8450053457063256,0.7397989401487544,0.6860109728552318
547,0.4056210957413955,0.9520705042090294,0.6597333612936666,0.8460521370797106,0.7413656471366586,0.6840571347876072
548,0.40541499145597,0.951868406362938,0.6568071285316922,0.8471751308759976,0.7399431231233571,0.679362742284843
549,0.4057239376598124,0.9519946308288334,0.6572731310862346,0.8452108564221997,0.7394879288529903,0.6871492802728655
550,0.4076096450896572,0.9513234295020532,0.6525523526028403,0.846553052071571,0.7369997920224933,0.684938619227093
551,0.4041208390066092,0.9522029290063562,0.6568332811476855,0.8471463656463314,0.7399487461761179,0.6876004577115228
552,0.4023256583822717,0.9526003819239368,0.6595090255099871,0.847368168649344,0.7417285991455799,0.6800800595112777
553,0.4048045243290688,0.9520359320398633,0.6576377852681162,0.8477392580245253,0.7406853593471563,0.6866587879729343
554,0.4042784037778703,0.952332071679182,0.6595454161878924,0.8483029926466242,0.7421095476978493,0.6833782741965752
555,0.4026386540570705,0.9523956954566388,0.6592888120914198,0.8481873903848884,0.7419028653575882,0.6801585468122751
556,0.4029653679123885,0.952633402293653,0.661951005385134,0.8475967669000062,0.7433584313284886,0.6806070288120922
557,0.4086763437488954,0.9523324081312752,0.6573268253080404,0.8467214599104894,0.7400995495065298,0.685018331173502
558,0.4025090401121181,0.9519852994330248,0.6561951347674044,0.8498247447294842,0.7405624195116624,0.6915605515672203
559,0.4015642676850874,0.952388767290067,0.6603002626646813,0.8473750458467337,0.7422313838919758,0.6873537174866414
560,0.4052812329513564,0.9526379546964648,0.6613867725291613,0.846446288347309,0.7425601590721171,0.6785357872484095
561,0.4038163528596754,0.9523574772454017,0.6610761828740721,0.847294937810456,0.7426905694164501,0.6831856896092967
562,0.4028255567490625,0.9528109322705732,0.6616554766954371,0.847413062842473,0.7431014289445947,0.6795023117626231
563,0.4052298985582461,0.9523962996971328,0.6590577209420584,0.8462056584486792,0.7409977288242958,0.6865376485122591
564,0.401842066924349,0.952707785671722,0.6622885538352347,0.8456737282353787,0.7428302911136518,0.678356804338329
565,0.4016313248401065,0.9524807079743046,0.6609434353686259,0.8468956172471085,0.7424533774886735,0.6815195475313331
566,0.3994762874978909,0.9525427044222494,0.6605455489304594,0.8495017761492988,0.7432013655787916,0.6848622047134469
567,0.4015389258484189,0.9523994994252024,0.6595207755474489,0.8484033365305668,0.7421323420773495,0.6774035234463183
568,0.4015455595452151,0.9526174517178888,0.6610176448240555,0.8494941486571335,0.7434971694501337,0.6818090719495218
569,0.3996522533807823,0.9529111537961245,0.6612906415756787,0.8486144292553978,0.7433325329039359,0.6858878624916922
570,0.4004537068682609,0.9525246115392796,0.6596676928982705,0.8483527356018052,0.7422059824680303,0.6819950514997811
571,0.3994915261328649,0.9527948786992702,0.6624901069090376,0.8484395969677814,0.7440224887482535,0.6857138849272025
572,0.3998544404832579,0.9526896653232751,0.6628454966287772,0.847039128213006,0.7437072506956482,0.6817327200664027
573,0.3992311058284567,0.9530933597705028,0.6620735367001408,0.8525973604007582,0.7453528695403882,0.668073628748464
574,0.4029896405103395,0.9531059183598584,0.6637961296904994,0.847999823579457,0.744675893135897,0.6851790185504298
575,0.4015006997602449,0.9528021227188274,0.6619447213803635,0.8490188569522121,0.7439008574013491,0.6894719379578037
576,0.4015629456626425,0.9529595685656956,0.6624735818547927,0.8482164090267257,0.743926240416874,0.689917354145249
577,0.3983867458945556,0.953197584389326,0.6645983250778804,0.8504963285315782,0.7461427364691545,0.6850438024149094
578,0.3958726419176129,0.9534611362401916,0.66662052178868,0.8466151781141003,0.7459129490863803,0.6861114257938568
579,0.3977332057283936,0.953572694141372,0.6670283067756099,0.8503308759251581,0.7476077791387822,0.6865600170412185
580,0.4009266949171642,0.952587782136366,0.6599754038339024,0.8486720449840681,0.7425229480217477,0.6684882679615898
581,0.3982405963775923,0.9529447166090113,0.6644632431210823,0.8461795333311738,0.7443919975579822,0.6853711948918104
582,0.4022605454535793,0.9530160375863954,0.6630941776134255,0.8461803711898578,0.7435324179973228,0.6819122002284558
583,0.3964891719946758,0.9534077914175,0.6663797855379068,0.8500876289201899,0.7471063426057111,0.6830433973058018
584,0.3982542564543031,0.952741437747409,0.6597679298657961,0.8523113221391261,0.7437806925308971,0.6799925462035552
585,0.3993980497550621,0.9530889721605532,0.6629004062761448,0.8490662126041746,0.7445221743155525,0.6784028027896926
586,0.3995537859716003,0.9528827201610665,0.6635984899727889,0.8475943857889499,0.7443951907666893,0.6904084176475989
587,0.3973468054327175,0.953532127631852,0.6663181198577705,0.848843992529005,0.7465869540039148,0.6893283015635251
588,0.3993486847808892,0.9529331467768274,0.6627486617787977,0.8487888467099783,0.7443198321320179,0.668875400945417
589,0.3998604438287749,0.9530984820819622,0.6647963725144154,0.8477952071639643,0.7452258573031997,0.6878809498540104
590,0.3990999095731501,0.9536700729900544,0.6668886690610241,0.850120222712799,0.7474386563468167,0.6857076933076239
591,0.3958037966232505,0.95363000085912,0.6664349224051541,0.8519539592770863,0.7478609433896116,0.689185970549259
592,0.3961869865227088,0.9533849058087944,0.6663919002442484,0.8482821283393956,0.7464158344035522,0.6847665095355062
593,0.3980388274724535,0.9529964547012988,0.6641626376650362,0.8507088604937628,0.7459497935729553,0.6864147063998557
594,0.3972364874194852,0.953955233304945,0.668484294713824,0.8507190698193393,0.748671771882937,0.68395793872746
595,0.3986792100204838,0.9536860716304034,0.6672370648290635,0.8484369234193057,0.7470057108113831,0.6802253373452763
596,0.3984694330812358,0.9530053535158448,0.6649017522967842,0.848352466349801,0.7455073106563306,0.6833358350707965
597,0.3936810656417188,0.9535145634593142,0.6663894492349737,0.850773299442103,0.7473771036540485,0.6935617310162162
598,0.3919924237102056,0.954036661577863,0.6691437703378581,0.8528300636154588,0.7499024115845968,0.6855654632659297
599,0.3975003240563029,0.9533010811730088,0.6647551966486814,0.8490334063874262,0.7456779208039935,0.6875440447747164
600,0.3974117809276786,0.9530313770552966,0.6627265706471415,0.8511806070721137,0.7452240309423551,0.681327081561483
601,0.4003906059179374,0.9533024887787048,0.6662354506161161,0.848813521971933,0.7465232735467341,0.6817159876942633
602,0.3934847722165018,0.9538588775452806,0.6688280587086569,0.8504706697971057,0.7487910526042303,0.6847858445904355
603,0.3988187991672282,0.9532457245041271,0.6652581023944749,0.8489238819378626,0.7459519352614089,0.6864954704687454
604,0.3950886105676349,0.9537072406467966,0.6685817918055923,0.8488537315904325,0.7480095728581141,0.6792155369434758
605,0.3963146977287402,0.9536968449637544,0.6679262788626836,0.8486243765521374,0.7475101737733811,0.684685946101869
606,0.3924229507394832,0.9539556933516846,0.6678972099183862,0.8519638538800064,0.7487846021078834,0.6868294035342676
607,0.394689634013519,0.953548517655248,0.6674322629524492,0.8513276121323469,0.7482466767798603,0.6865925831839832
608,0.3952477505738787,0.9539494724211456,0.6686189113970435,0.8509767038572492,0.7488559609486158,0.6844633131780952
609,0.3949888748445099,0.9535911852737584,0.6671354499703477,0.8529747556746612,0.7486953187040869,0.681876558860604
610,0.3936730958789373,0.9539393788583502,0.6689694274918803,0.8518123487204086,0.74939932627712,0.6881981881945501
611,0.3960154736213547,0.9537019329433676,0.6677222005545447,0.8514545954042521,0.7484779093887984,0.6896055250777492
612,0.3934015877169671,0.9537333534490486,0.6666060706670548,0.8525474520710152,0.7481973330226168,0.687232856346404
613,0.3911960496962499,0.9543549246589008,0.6722829119235353,0.85129936198038,0.7512741829482725,0.6870500395449259
614,0.3921354291893595,0.953878474163116,0.6680478209843276,0.8538412812075145,0.7496036426775645,0.6823420652296395
615,0.3935887210017486,0.9541080649516784,0.6691936348027513,0.8522382263689795,0.74970481554459,0.6909944432886711
616,0.3930119517252599,0.9539511272161344,0.6681169182986477,0.8520807470132687,0.7489678162600086,0.6764122767164078
617,0.3904321811182036,0.95383750253781,0.6685698088517905,0.8544177959672122,0.7501544211152725,0.6793752437378331
618,0.3939405650758057,0.9540307015693554,0.6700410243001146,0.8527491623790164,0.7504342058803882,0.6892615104951647
619,0.3929069145120305,0.9540520834431953,0.6674237160113757,0.8519414323106291,0.7484782933250582,0.6843522685868417
620,0.3920880637580542,0.954099790976734,0.6693706838803646,0.853014674107059,0.7501162734800098,0.6886633677414998
621,0.3936929806745309,0.9538561172648428,0.667688923880912,0.8516477228604943,0.7485316079513159,0.6850931735057899
622,0.3926800812105481,0.954103189829512,0.6703897053472846,0.8504680024771706,0.7497677010212096,0.6763420223533773
623,0.3942007945595885,0.95398341975071,0.6675988581271711,0.8533843588901728,0.7491449177932261,0.6829859672276796
624,0.3932599458548662,0.9538856220535036,0.667715157431275,0.8526084737388867,0.7489189664592948,0.6836417907097104
625,0.394843866713613,0.953406136622511,0.6670667048011842,0.8526389384200985,0.7485226492039253,0.6868364010753901
626,0.392596443672832,0.9536355282863652,0.6666417257681642,0.8516348778012907,0.7478681332862157,0.6856073031298081
627,0.3903535568028045,0.954578898757418,0.6722629160070739,0.8520285091314399,0.751545486149818,0.6762945391667372
628,0.3940758459645209,0.953743975722276,0.6679647344999524,0.8516116263965515,0.7486909490845765,0.6763732695783796
629,0.393563806903448,0.9542256927232744,0.6707684051881775,0.8514240240783771,0.7503760021262664,0.688594470328377
630,0.3909744135767435,0.954037128490972,0.6675084799441616,0.8541150831387776,0.7493693902691893,0.6813715441965061
631,0.3945809788197922,0.953614359269972,0.6667033921914591,0.8530987093121228,0.7484708736879021,0.6842498360842669
632,0.3923943450125001,0.9540188227505556,0.6688608257113416,0.8527915967545531,0.7497098327364289,0.6819011780889404
633,0.3909196201845896,0.9545012538539556,0.6711962358151121,0.8528502395771513,0.7511973942538293,0.6855925621145896
634,0.3919634979834659,0.9543032826957828,0.669787698685664,0.8540512927206819,0.7507788593635796,0.689766623959387
635,0.388697419663985,0.9542667398786422,0.6701864174947414,0.854267507889224,0.7511128688920382,0.6866271309508879
636,0.3890815664538377,0.9541597000484272,0.6700288085540875,0.8536260964780098,0.7507659043854011,0.6875630320257538
637,0.3905880247517455,0.9546946520102092,0.6737519935283806,0.8512061718508691,0.7521542140738756,0.6761583018350266
638,0.3919396921456289,0.9539469249981544,0.6685898433357615,0.8528537155592829,0.7495635690728091,0.6875778775646242
639,0.3932939266129363,0.9539780090517423,0.6694631647470441,0.8535026757972212,0.7503629920616995,0.6822897237393065
640,0.3912442163597766,0.9546528495542244,0.6731898866613216,0.8535015950000798,0.7526977767349489,0.6865710777472928
641,0.3917396539192405,0.9541489885123996,0.6701237958328503,0.852994143971255,0.7505809742543347,0.6841955095011386
642,0.3875580729126072,0.9545728014215252,0.6721783737402606,0.8547109730154702,0.7525342069878296,0.6895343258626632
643,0.3941479806634162,0.9536608789216308,0.6666469055869424,0.8548754835368391,0.7491182513458386,0.6795404850345363
644,0.3880568408279968,0.9547759498221116,0.6731031882908876,0.8540183290469522,0.7528444247743377,0.6853490550033201
645,0.3871259070772061,0.954627196798712,0.6735225366743537,0.8539272757565488,0.7530712436144134,0.687102087267692
646,0.3856839983583354,0.9549959894910494,0.6747325100008897,0.8548980293484223,0.7542049904187338,0.683490700529059
647,0.3890729144537191,0.9545153985746077,0.6726359845485608,0.8541172004440855,0.7525904903133837,0.6871465415533117
648,0.3892082307192919,0.9543723377713148,0.6703120530052988,0.8550382296211163,0.7514895924213352,0.6819482181676019
649,0.3878104620271449,0.954695139522426,0.6711937668944252,0.8583092314531964,0.7533058867379837,0.6830176764075101
650,0.3896820719936769,0.954121866353868,0.6682458913251602,0.8562862256425213,0.7506693308922585,0.6794557460792376
651,0.389042711193613,0.955031571016495,0.67454385975693,0.8576257990354167,0.7551464204877268,0.6910009557817115
652,0.3898394516260504,0.9547253309480116,0.6726259750701938,0.8555688472807988,0.7531472057425339,0.6894629905029914
653,0.3892230796728202,0.9543891260441276,0.6706512185420267,0.8540856150346494,0.7513343232071913,0.6849875268569121
654,0.3889043387963617,0.9545698488827484,0.672178603043114,0.8554627839040501,0.7528256094044745,0.669908181745303
655,0.3871337991181037,0.9549844471243426,0.6740583893133436,0.8550556631703178,0.7538449367510416,0.6833985520365449
656,0.3842137314432816,0.9552500794850904,0.6774657105801487,0.8552106936228937,0.7560316302412682,0.6900754496715806
657,0.3895230436925407,0.9551636044307747,0.6749190525780296,0.8539552620231137,0.753954292886427,0.6865208360977904
658,0.3912659017302149,0.9546762226751464,0.6725464043117171,0.8556238593509322,0.7531186330907644,0.6877574284527549
659,0.3856453855903886,0.9554444046011924,0.6768568203122053,0.8549903413737628,0.7555662971271385,0.6886905650700669
660,0.3857427972683803,0.95464219981552,0.6728920312157565,0.8561486201324989,0.7535386106517744,0.68632127676551
661,0.3899317204737835,0.9545709749673053,0.6721369363176144,0.8528639016114673,0.751791495017758,0.6809682340896005
662,0.387196331358642,0.955185274692123,0.6769848831824186,0.8537131616649745,0.755146852073854,0.6865037302600822
663,0.388469831120196,0.9547067642855636,0.6728612614951115,0.8554378712105963,0.7532439073421779,0.6894672629660799
664,0.3862585710535804,0.9551120929286724,0.6735822069253066,0.8573408050052929,0.7544331191342274,0.6801599092539237
665,0.3854835679848417,0.9550792373518182,0.6759723951591355,0.8540604057922888,0.7546521326274829,0.6818764595474293
666,0.3870307739904458,0.955249736166628,0.677048702630041,0.8543310297986013,0.7554281973216369,0.6890817867328399
667,0.3848208232963686,0.95540742233642,0.6773357975121354,0.8584320309335834,0.7572065692648566,0.6751376955768773
668,0.3836441789385226,0.9556268302993868,0.6794733528903717,0.8559666494555351,0.7575763668776222,0.6773210383126765
669,0.3874732252719591,0.9550808440822224,0.6753046237871532,0.8545571854549957,0.7544294721811077,0.6836990429547457
670,0.3887530889013688,0.9550480503026916,0.675693840415191,0.8533819248918032,0.75421365409618,0.6836010293282018
671,0.3833301010534917,0.9556106943316528,0.6781380490766372,0.8551614867777959,0.7564308587177798,0.6822196839095499
672,0.3861664674050516,0.9552676779894744,0.6766002410085965,0.8557241876941126,0.7556926989944273,0.681750220056501
673,0.3878735123778418,0.9549297427605395,0.6741510069792456,0.856122368786053,0.7543171908430227,0.6863372147909625
674,0.3873070618874735,0.9549244213243722,0.6753039039273117,0.85539935911777,0.7547570330254632,0.6795605811659555
675,0.3825794307233618,0.955427314208133,0.6775977997036639,0.857144881004967,0.7568688780168075,0.6807391822989977
676,0.3845348506093883,0.9560127202511532,0.680072622345387,0.8566178088524015,0.7582038747517003,0.6803413637373649
677,0.3847372639093467,0.9551701549470376,0.6747401089291188,0.8563599578901722,0.7547781151492144,0.6874326977124843
678,0.3860059496310117,0.9548774553587124,0.674001500267486,0.8574784700002942,0.7547493750456472,0.6886024263098832
679,0.3863348196521937,0.955201520521765,0.6735366728243991,0.8593321672645182,0.7551744985001451,0.690246492733753
680,0.3872136787759314,0.9555202230504344,0.6765187481466484,0.8554777321749213,0.7555457625030981,0.6894240019174157
681,0.3883998150662552,0.9551149630710184,0.6763943686754511,0.8535209345351611,0.7547042015393403,0.6781964803674816
682,0.3853882190992506,0.955116391275822,0.6737552458820202,0.8587833159415004,0.7550997783743494,0.6848515417271607
683,0.3812688892479423,0.9559718310222782,0.6803624159862239,0.8583383026206309,0.759057449239675,0.6891737020405239
684,0.3803615897036285,0.9561745605743404,0.680681327631681,0.856506188603715,0.758538256947761,0.6886895820322063
685,0.3817598588175053,0.9558321622053944,0.6796962113007053,0.8587181732197067,0.758790992577011,0.6892871843072312
686,0.3849984661495085,0.9551884744201928,0.6764538853486685,0.8577605047163929,0.7563941908919689,0.6828542636883154
687,0.3856318597313311,0.9556456510174972,0.6777760258105207,0.8570493005108039,0.7569427723950486,0.6902088272894992
688,0.3833647459316596,0.955400761958249,0.6767579046355718,0.8570013584385822,0.7562887573950288,0.681866650275383
689,0.3829744421749664,0.955853873664958,0.6783392146507036,0.8594863708334249,0.7582437375179776,0.6839233210103886
690,0.3802267322651774,0.9563054267058478,0.683541045177782,0.8578313506244162,0.7608322811398379,0.6805289225809763
691,0.3794125675511874,0.9562225358962798,0.6832349803169098,0.8574680683916086,0.7604997982200465,0.6838932743035175
692,0.3817195395985953,0.9558745483027652,0.6791421529172609,0.8580617385049946,0.7581894629280963,0.6907432789250477
693,0.3820217987187475,0.9561074555476748,0.6820242637348628,0.8571665697130469,0.7596308214714476,0.687064614429737
694,0.3785484661515668,0.9560922740052664,0.6802028774228226,0.8596756552396823,0.7594804940014613,0.6890024024604386
695,0.3829931000368201,0.955454443233034,0.6769189599090341,0.8590672907171361,0.7571928937346278,0.6852491508175718
696,0.3806921721791192,0.9557383264032442,0.6791935758985613,0.8587262879572117,0.7584808440844132,0.6868419814125326
697,0.3855757705813689,0.9558220823753376,0.678175652090545,0.8576370288466054,0.7574212122537435,0.6819505182467872
698,0.3786514396075722,0.956049242469186,0.6812868439604687,0.8602041017725341,0.7603622185140837,0.6835169015869617
699,0.3815880850922289,0.956228674430388,0.6808959896735918,0.8599406283991374,0.7600158490090134,0.6781511256588277
700,0.3791798581536725,0.9555231687228422,0.6770692470955452,0.8617652483192624,0.7583333355096739,0.6853724221750359
701,0.3785120104071047,0.9561800605361084,0.682334035200761,0.8592765559586891,0.7606507676361207,0.6845338435551691
702,0.3803113319462152,0.9561753982713888,0.681901273416468,0.858323050978511,0.7600082302230425,0.6852758546123281
703,0.3815454067729359,0.9558902310901288,0.680178293889936,0.8575147596652001,0.7586207466646406,0.6847795252092674
704,0.380661365475586,0.9559319099514674,0.6788658411636646,0.8609562254229157,0.7591445594392094,0.6913247862678755
705,0.3785764125825689,0.956436505694802,0.6822140027653552,0.8595264193345497,0.7606740416368207,0.6867751349749153
706,0.3814055317168613,0.955922894408644,0.6799163833376843,0.8585198128005742,0.7588506921617612,0.6870643798006673
707,0.3796669146139845,0.956213369293333,0.6820580679830897,0.8582228975856852,0.7600663314176426,0.690087067827571
708,0.3817550627876528,0.9556995794815748,0.6787723157230507,0.8577971327396967,0.7578556853291921,0.6838133165501975
709,0.3812690429764686,0.9560298999070128,0.6799041626074062,0.858015398244076,0.7586459730369928,0.6879057772991318
710,0.3792096847038474,0.9563166326204614,0.6824623804858272,0.8586598155940399,0.7604887182449754,0.6830239205299278
711,0.3822426674820536,0.9557702138220344,0.6804735362502996,0.8582335166909935,0.759085616608963,0.6879891882785449
712,0.3814863281713115,0.955813973193255,0.6789849081537832,0.8586151098946663,0.7583073552135073,0.6883713761170693
713,0.3774098061400351,0.9562016621337645,0.681415246854316,0.8599634967763078,0.7603481504633436,0.6890209010285469
714,0.3800007319278854,0.9562893044708524,0.6824796361754689,0.8588898635937868,0.7605896466850247,0.6869674933002274
715,0.3793047562563162,0.956458306417166,0.6823285267007779,0.8622480171022118,0.7618093405865698,0.6899808619146943
716,0.3770780296420022,0.9566359050577786,0.6844371817698796,0.8588392918197155,0.7617838469591615,0.6870484665398667
717,0.3802548403576981,0.956263129871277,0.6817492721304754,0.8584599578448965,0.7599674641909204,0.6843647616077665
718,0.3777794534568306,0.955937341249543,0.6798594238547554,0.8612208881220543,0.7598684276996349,0.6896106993910395
719,0.3815177575075369,0.9562490881461638,0.6823290957005647,0.857665751269007,0.7600159151549291,0.6916087981450731
720,0.3800915972791987,0.9560980966863892,0.68053400296551,0.8573288453696197,0.7587691342291182,0.6780255580230464
721,0.377685009897184,0.9565893030096888,0.6820052141549218,0.8605193135117438,0.7609326764920599,0.6815690104798632
722,0.3747421495562835,0.9567171960033116,0.6853703263960644,0.8603806266082096,0.7629681220473924,0.6742714415837654
723,0.3785691453184155,0.956185381972276,0.6817814849152638,0.8592362652622938,0.7602915368834323,0.688247997451489
724,0.3774448156142406,0.9562810785604926,0.6818836001241327,0.8609521923458058,0.7610261355314799,0.6904107081431317
725,0.3816930272167535,0.9557457420820326,0.6789536870002186,0.8599059882746181,0.7587908768983072,0.6790967702857835
726,0.3777662494199739,0.9563012794188216,0.6809155175230364,0.861119925189568,0.7604882524339404,0.6819571011671096
727,0.3761335011008832,0.9563059416835414,0.6831453392079606,0.8602620527280262,0.7615410097025094,0.6815153458096348
728,0.3751638715001319,0.9569048264093964,0.6850275832327919,0.8615020044983558,0.7631960497535699,0.6812332292992074
729,0.3782767081003395,0.9560949381565348,0.6802269744913816,0.860184217025726,0.7596939189676737,0.6876496459421966
730,0.3751669615078315,0.9568703641021382,0.6855396889168172,0.8623200610542383,0.7638348712315928,0.6808024975112935
731,0.3753340494075267,0.956636495565534,0.6835285501914163,0.8618172176696595,0.762388179493432,0.6881403525032019
732,0.3761962676863019,0.9565866731902668,0.6827881716773063,0.8622209181446173,0.7620851529744027,0.6865089008970217
733,0.3790234766846938,0.9563700255077378,0.6827333658839718,0.8611616012478781,0.7616369909958826,0.6866749561658114
734,0.3771549271379443,0.95640417882838,0.6810446633892384,0.8618006834495385,0.7608342048943401,0.6855801488967148
735,0.3763123090318638,0.9570871422456828,0.6863405090873222,0.8621558997118679,0.7642672152914473,0.6899727897719676
736,0.3731212135699155,0.9571404115383128,0.6866993367653569,0.8626927631563839,0.7647006181607411,0.6796108998495993
737,0.3769506910722032,0.9566735396276296,0.6841357982696487,0.8619367278385737,0.7628125607304076,0.6875312175339047
738,0.3742202437824483,0.9567048159395566,0.685006946807256,0.859346981451365,0.7623364582959161,0.6734920905993438
739,0.3767215916149908,0.9570766847653174,0.688259253697981,0.8573331862150884,0.7635486350439147,0.6824899078450444
740,0.3797001073257529,0.9566992679132038,0.6841998439637187,0.861348755730808,0.7626220028096722,0.6810598061191964
741,0.3771168225103145,0.9567575633881236,0.6841335175833564,0.86258683481645,0.7630656241232834,0.6769415576968176
742,0.3760406443540998,0.9568397332289206,0.6856667020748999,0.8607187228322076,0.7632847006869989,0.6866138482075405
743,0.3755768462479543,0.9565836245223204,0.6832245198620274,0.8635009553527945,0.762856803065684,0.6847883019451043
744,0.3788378301927512,0.956680735582602,0.6843848479263522,0.8591673351893065,0.7618804371743924,0.6827610508780293
745,0.3739790992556716,0.9569712242000296,0.6865291627103868,0.8618689316640533,0.7642713565344019,0.6897800055100978
746,0.3739335385801123,0.9572499369941958,0.6886769885808567,0.8611283339829907,0.7653080799180502,0.6838897630411828
747,0.3746295406235208,0.9570470357829024,0.6865353848024439,0.8628842231773707,0.7646741388169547,0.6847043241922015
748,0.3753761968595518,0.9566064689328102,0.6832147183000351,0.8629563837304215,0.7626381088630425,0.686137422838415
749,0.3753655058660095,0.9567379118393344,0.6832844049193667,0.8619820688697238,0.7623007616732932,0.6858104500789434
750,0.3745710226914865,0.957240523201956,0.6872761360113887,0.8618845295914157,0.7647401361757236,0.6910606546858448
751,0.3690229462419482,0.9575689759749584,0.6892151146234768,0.8643212850258281,0.7668996924244078,0.6896146382279275
752,0.3717432308861678,0.9573926407462876,0.6874377157313704,0.8630539173993937,0.7653002452287508,0.6774957626487592
753,0.37671963484596,0.9571455338497722,0.6874762882990173,0.8612466082755358,0.7646127307563584,0.6812889918357904
754,0.3733628292521126,0.9572241812431446,0.6886170310949249,0.8621097082156214,0.7656583364435906,0.685246411466644
755,0.3720991441028581,0.9575688180484658,0.6888890635492078,0.8609792983803356,0.7653801279717282,0.6867677246894737
756,0.3743733578234268,0.9570998450287926,0.6867236064703807,0.8632661043379787,0.7649408359045675,0.6861108742723919
757,0.3718893826007843,0.9567753335517388,0.6842760739547461,0.8650905386763006,0.7641325850123764,0.6868095682311398
758,0.3716046557152014,0.9578830643034932,0.6908077279204303,0.8617840421463678,0.7668816589020095,0.6819469422391345
759,0.377355535360549,0.9567276122854615,0.6828890429372142,0.8637322187291363,0.762737824470979,0.6874320127304108
760,0.3709533938186631,0.9577413836404194,0.6912476099432923,0.8605355533891105,0.7666575570700808,0.6804136813544409
761,0.3726035816420754,0.9573157923416582,0.6880502539128129,0.8620244704315548,0.7652742754196687,0.6824600236937656
762,0.3711016758097161,0.957334242275829,0.6881810569564039,0.8628584070300056,0.7656836906360381,0.6867837231369976
763,0.3695072199372078,0.957145863435496,0.686707930053163,0.8649471824576153,0.765590348630593,0.6827603057771243
764,0.3726636266751255,0.95755132940599,0.6878205157901076,0.8632246038377641,0.7656045394693015,0.6865433985410878
765,0.3725067333137388,0.9569476519543992,0.6839370699295416,0.8652650718858667,0.7639892070953602,0.6848307317099944
766,0.3709781572973127,0.957526411351987,0.6894951083898689,0.8630373129280718,0.766566929554614,0.683429686860725
767,0.3733059282568718,0.9576852922700284,0.6903821200295177,0.8610772960315918,0.7663395677507812,0.6832692796531886
768,0.3714063273702594,0.9573878617532906,0.6865546685275513,0.8657756182948152,0.7658193590416628,0.6824830210204272
769,0.3702411143471011,0.9573165201767986,0.6884501418447353,0.8628772712577829,0.7658576452329623,0.68481959270003
770,0.373723945171713,0.956889644866988,0.6852826233427581,0.8635700588134816,0.7641650650985103,0.6880321811730502
771,0.3721392470941269,0.9576382919725224,0.6893536013948657,0.8618134221998194,0.7659964108147702,0.68531462641483
772,0.3732431693900403,0.9571989198706794,0.6861813156655251,0.864519465238738,0.7650955121465144,0.6891429590761561
773,0.3723054125154619,0.9574308246256784,0.6887084928864509,0.8611622417924254,0.7653409234783225,0.6814991494523964
774,0.3721996719459836,0.9571101789145116,0.6863689507620434,0.8628518646795741,0.764558187083706,0.6864328344469005
775,0.3720929380372273,0.9578043619791666,0.6907198044820004,0.8636489879527035,0.7675648957997572,0.6773475352293924
776,0.3693145096516437,0.9577520539782316,0.6901055368182757,0.8664524060321982,0.7682895526488941,0.6857934977912687
777,0.3692328627589795,0.9577066329456526,0.6896389060527586,0.8647858214481468,0.7673449055745143,0.6911392600758866
778,0.3738378033363562,0.9572370213536392,0.6847294474233323,0.8653202714098913,0.7645048595379327,0.6825012928844651
779,0.3701120337350763,0.957832033447238,0.6907525216629102,0.8638364601282245,0.7676591306474366,0.6861114208678876
780,0.3694953488574611,0.9575746201304808,0.687943123998993,0.8657908965620758,0.7666883600781567,0.6884362727871483
781,0.3685270231619155,0.958021407911112,0.6907499552894862,0.864022932754667,0.7677311673734667,0.6824419462198965
782,0.3717021395405419,0.9574596359110452,0.688590911589573,0.8655307224680141,0.7669883439392972,0.6845438406072226
783,0.3724525975023242,0.95786317243178,0.6894657604653298,0.8648721736422804,0.7672716953252902,0.6856836416517375
784,0.3690483720182514,0.9574000770241836,0.6875521499440698,0.8662288805697799,0.7666170682781911,0.6859742513005042
785,0.3685512857900249,0.9575662912245824,0.686857283391708,0.8665427169113591,0.7663076816846719,0.68830148761203
786,0.3705580734091697,0.9579553671716798,0.6902099869260258,0.8656964121554546,0.7680568826871094,0.6895186854346802
787,0.3684424355947714,0.9577017440907476,0.6899520920127078,0.8671397515019534,0.7684644783260905,0.6837493982117646
788,0.3642310775655636,0.9579779025955536,0.6911811215510005,0.8676122047558563,0.769412040241747,0.689128587070275
789,0.3690859717216423,0.9580509195661422,0.6920361069192568,0.8644780072495114,0.7687048761183317,0.6839309388759895
790,0.3696846303751143,0.9576819414818348,0.6897514698587117,0.86263615936501,0.7665669935450647,0.6745919578111618
791,0.3668781324899454,0.9580366443844744,0.6910901800939632,0.8663979446807945,0.7688779157903136,0.6749724174388816
792,0.3666536557159836,0.9579755062326858,0.691262277657614,0.8665519813408012,0.7690450807858088,0.6835371259236919
793,0.3681128287701298,0.958149197909196,0.692628897728102,0.8656065350207984,0.769516707959894,0.6849152410301516
794,0.3677315111640546,0.9575877005638992,0.6896208544982549,0.8670263065434152,0.7682144513607346,0.690545229242752
795,0.3684553536150953,0.9579232531627048,0.6917410317947207,0.8651387463868261,0.7687837910904244,0.6858290791744194
796,0.368175074243717,0.9579671773267872,0.6926380608961884,0.8661764877673674,0.7697475025434202,0.6930567221580111
797,0.3684651912759534,0.9579160366086245,0.6902750937387335,0.8662633006289926,0.7683202460123021,0.6803647393407284
798,0.3700470069972731,0.9578571643586876,0.6915492483137452,0.8643579306477399,0.7683569885093582,0.6804674432711427
799,0.3698637303259733,0.9572623925880126,0.6878839855428378,0.8653808668246342,0.7664908386699439,0.6851207691684753
800,0.3673534234650701,0.9582955339706204,0.6936895320663222,0.8635657689576238,0.769362009919395,0.6746512343883024
801,0.3678634497973558,0.9584158327598542,0.6950402040095777,0.8654342735363831,0.7709342545371967,0.6853960055364249
802,0.3661912651799565,0.9585223370132678,0.6962594575088794,0.863181094289147,0.7707866769896871,0.6837683995901018
803,0.3647315828062648,0.9584835557597522,0.6937349505973144,0.8670036026560792,0.7707513858775769,0.6912372728413062
804,0.3675783988383176,0.958006432359781,0.6913054489397314,0.8670556716791344,0.7692701036173785,0.6739396705794567
805,0.3669217654483781,0.9581354445715912,0.6936490726189221,0.8674758169570921,0.7708848920025237,0.6822225974982681
806,0.36811600378949,0.9580414783084256,0.6906386936099114,0.8671468739339482,0.7688929678889181,0.6887486098623035
807,0.3662164212345219,0.9584605122245542,0.6940809478090987,0.8660389600758697,0.7705832599290009,0.6852031383382593
808,0.3683218699779442,0.9578100610656428,0.691793264776243,0.8634994627141975,0.7681680777964778,0.6862953261985252
809,0.3655467875998655,0.9583179457998474,0.6934844440656138,0.8665851542679712,0.7704314276554937,0.6806521176730196
810,0.3658160928556387,0.9579866297508683,0.692902743264204,0.8679511126597443,0.7706111686223853,0.680273843546161
811,0.3671618929441027,0.9579539458332454,0.6910599249012331,0.8675445286523997,0.7693103345779357,0.687448058301828
812,0.36391507357144526,0.9587536237950346,0.6966484177743417,0.8658618402040398,0.7720925707966392,0.6912825717941073
813,0.36596682185320545,0.9580863706305722,0.6919033818178174,0.8680562675031157,0.770034106145002,0.679828144632948
814,0.3671254866200385,0.9577830831008656,0.6906461597102331,0.8651542755812203,0.7681132675285874,0.6855630412596971
815,0.36455882839161713,0.9585769795797474,0.695168464728478,0.8667294354300029,0.7715267059411752,0.6908131506649303
816,0.36644318249585817,0.9583653992777239,0.6932970697200079,0.866287370653367,0.7701981118324615,0.6862988318103735
817,0.364575551139365,0.958863135518179,0.6972344006007599,0.8664138633692975,0.7726719168474692,0.6826013571767533
818,0.3636047998778254,0.9582744404842889,0.6946209287444035,0.8662539667082302,0.7710011053882752,0.6836310605933014
819,0.3678098413155233,0.9580091171101572,0.691301400526654,0.8667136717009473,0.769132963836868,0.6788325522580736
820,0.3645025759720974,0.9579528334814272,0.6922931546548206,0.8671524835414314,0.7699194042980942,0.675459022970057
821,0.3642598891215359,0.9584625446698518,0.6942595616605627,0.869121459171824,0.7719114857274585,0.6877704533461775
822,0.36299061818088557,0.9589529888261651,0.6960894752291448,0.8676545608303099,0.7724604462127986,0.6817524002088735
823,0.3632240255745195,0.958744573920365,0.6961048728635081,0.8679073439891017,0.7725700922728448,0.6876379417773348
824,0.36365689819665264,0.9592161424276142,0.6975335379347618,0.8696549080403216,0.7741423392261787,0.6900480305847492
825,0.36300948873269473,0.9588141096417447,0.6966407991655253,0.8670342861889724,0.7725536637269658,0.6824730465278817
826,0.3656440512310687,0.9583543375568645,0.6939634867613016,0.8666454051492086,0.7707507886959968,0.6726633539304376
827,0.3619538732141042,0.9587033551057662,0.6969494039137691,0.8663997429984297,0.7724912705859059,0.684132655277291
828,0.36382672201386457,0.9592450567085197,0.6995258638847996,0.8654393624373525,0.7736877567198758,0.6884585209811579
829,0.36335493045316325,0.9584946655451964,0.6955092259263543,0.867401258700053,0.7720027268871084,0.6879829631948613
830,0.3654664540462357,0.9582860377819497,0.6934770171778042,0.865756486638724,0.7700991858974364,0.6820641141228229
831,0.36230089081277095,0.9587819407018154,0.6960569040643708,0.8693219495985989,0.7731004458848821,0.6900474275276252
832,0.365131663118335,0.9586318075381968,0.6960705336987394,0.8680518709502324,0.7726061941119254,0.6857532394832363
833,0.3631433188486442,0.9590678837828004,0.6980964990614636,0.8682520272731535,0.7739320979358095,0.6830324413828426
834,0.3654596948151966,0.9587954743156043,0.6971586523948451,0.8670386951139294,0.7728737415678569,0.6888165008340831
835,0.3626583363298032,0.958641152666744,0.694836755117538,0.8701000764901771,0.7726542075884971,0.6878020380676753
836,0.36172461863473165,0.9586709252438056,0.6952155724117868,0.8701226247887731,0.7728972559959414,0.6828305125275312
837,0.3613472446906481,0.9591793043565959,0.6992083833832444,0.867411511659442,0.7742802229367693,0.6900797227801959
838,0.3618421795771276,0.958645794332356,0.6938214838762259,0.8708746930363954,0.7723308597647417,0.6863102519243071
839,0.36089309706962364,0.9593287508832897,0.6979294724112838,0.869149896976949,0.7741858400959671,0.6888893433982003
840,0.3630551157666625,0.958773968847118,0.6955330623409808,0.8685108338730009,0.7724565805630833,0.6831248105790099
841,0.36158445016514484,0.9590353989898857,0.6989252351155086,0.8671253921659086,0.7739926258275146,0.6851250500929303
842,0.3585868109044411,0.9590609830817056,0.6971391048251282,0.8711110585442734,0.7744753965171798,0.6891541593597759
843,0.3591386572920161,0.9596588515849118,0.7024034002363094,0.868401765826486,0.7766314578868079,0.6867786399078916
844,0.36240035531332165,0.9588114180249993,0.6970383211618004,0.8689606510496616,0.7735622872190897,0.6888455937297638
845,0.3610810411276577,0.9591261929904588,0.698271932258794,0.8695612725873852,0.7745597275911517,0.6874923353020517
846,0.3605364099037733,0.958633997909987,0.6950276739888168,0.8716605457594377,0.773387064497559,0.6843713453235044
847,0.36316663016089434,0.9588813657285339,0.6965985009591853,0.8676378313178276,0.7727671326898241,0.6827101238126206
848,0.3614252668490513,0.9586494472407963,0.6945819232873833,0.8698915332207867,0.7724144269529183,0.683406045863519
849,0.35920451163387984,0.9589908843180476,0.6974701216378358,0.8703791779274374,0.7743900785214668,0.689206586961465
850,0.35857190577675113,0.9592179208172495,0.6990301490676686,0.8695949209021522,0.7750393370908116,0.6795262113501067
851,0.3598985685933408,0.9589838188240909,0.697745967346093,0.8698370641071286,0.7743453348895545,0.6800087061817802
852,0.357007075878356,0.9594827566791646,0.700507998582355,0.8709770146928582,0.7764965751752637,0.6839777077352786
853,0.35908150587150517,0.9595557393179069,0.70111167446248,0.8709113196503857,0.7768411733353701,0.6817095303080163
854,0.3614166050934963,0.9589015597204937,0.6970760469442935,0.8698733675147036,0.7739469861298923,0.6835915836911043
855,0.362113993159301,0.95912371423116,0.6990926932974061,0.8674732675468452,0.7742338824290569,0.6810454643858784
856,0.3617254236190439,0.9593741581831301,0.7012927143277315,0.868401660853386,0.7759520165144402,0.6839092174293865
857,0.36015349208451003,0.9590336617984658,0.696526063788332,0.8727423722712055,0.7747403762045602,0.6796022549419559
858,0.3609279712005485,0.95879798054038,0.6952925546204334,0.872231866812575,0.7737759164773346,0.6867380018273601
859,0.35805815683423187,0.9599183728770285,0.7030707283089741,0.8686306808870924,0.7771308237932915,0.6893351074348771
860,0.35803614910557974,0.9594216391264836,0.6999245453787161,0.8699414319450233,0.7757265525280737,0.680958297334161
861,0.35879440348354175,0.9594994900210232,0.7004486868821683,0.8709919951707455,0.7764660878006794,0.6820476262635876
862,0.3571028374403501,0.9593641470167658,0.6994350793653605,0.8720369541549767,0.776257194819522,0.6798209571518293
863,0.35952173409273297,0.9586780731341933,0.6945738580234115,0.8715911698629831,0.7730787377979733,0.6833961041990695
864,0.3563606820518164,0.959494319644979,0.7012043477949088,0.8707471812402238,0.7768327432978505,0.6808851011631837
865,0.3624171274814674,0.9590624181528785,0.6985746489663816,0.8712572427424441,0.7754183434835089,0.6799543539200641
866,0.3582687990056525,0.9591567346008761,0.6988870105898007,0.8697893511823545,0.7750285454724933,0.6767667889712004
867,0.36259301998418014,0.9592764909469393,0.699714770035813,0.870504138405285,0.7758212561892942,0.688372372419261
868,0.3598093631670629,0.9592375380341925,0.6981927349909983,0.8691011413333334,0.7743284294256358,0.6885709508003491
869,0.3565182722300934,0.9591502870801517,0.6983752174019215,0.8726414618573549,0.7758430304201525,0.6884399756357265
870,0.3569644415121284,0.9599422953074903,0.7035621315013868,0.8707477578218873,0.7782777109487138,0.6892807020069065
871,0.3584082321726161,0.959514074189307,0.7013164040087763,0.8701766440649081,0.7766743296969543,0.6891177343847504
872,0.3587381127926943,0.9589556186455872,0.6960216394790774,0.8717239530682478,0.7740270333044214,0.6829583514066986
873,0.3594463484750377,0.9593270068255006,0.7000504021494696,0.8690564233213948,0.7754517267543666,0.6856951464253652
874,0.3580749900006562,0.9596175366411436,0.7006057542609389,0.8708994131760515,0.7765257829202535,0.6864703574373877
875,0.3576807584479558,0.959732932842734,0.7015219377871841,0.8703019001409915,0.7768502560077284,0.6868965359336017
876,0.35871558309459,0.9593506889330388,0.6991561899450809,0.8707919696917207,0.7755919735659077,0.6794993437395349
877,0.35850937096335045,0.9586838546171005,0.6959187114918737,0.8727501849603035,0.7743675998746815,0.6724918650196013
878,0.3527886376535292,0.9598470244341673,0.7020770076371052,0.8740645859845121,0.7786872086784005,0.6843402798152588
879,0.3604508628733724,0.9589715211567668,0.6966864584884785,0.8703265237057974,0.7738859989278726,0.6895697499042702
880,0.3559087817188647,0.959658329740849,0.700860268782059,0.8725717230400671,0.7773464064796015,0.6894449584322776
881,0.35577535179021547,0.9598565137564686,0.7026782422723659,0.8722441144450684,0.7783329235964895,0.684175294392234
882,0.3568410572173784,0.959395732315309,0.6997438367765598,0.8724618848810098,0.7766157041131994,0.6906910561131475
883,0.35656482067039547,0.9595919319502159,0.7014567191440825,0.8720725945166542,0.7775148205939443,0.6848333680294457
884,0.35423440320028676,0.959713480418653,0.702228395562967,0.8729020792335972,0.778318541088421,0.6888357280604951
885,0.35186783165382823,0.9600958753884717,0.7035451200217734,0.8723305312017294,0.7788988779622118,0.6777726547728626
886,0.35400802872592596,0.9595546132333502,0.7015426633380607,0.8708578839577706,0.7770843890271671,0.6867671455477399
887,0.35673337006311623,0.9596307612683161,0.6992864441450601,0.8742766115927656,0.7770515209932056,0.6871385615063744
888,0.35926662632029693,0.9595903938835042,0.7019160861944136,0.8681544463121211,0.776234644942801,0.6861890488302638
889,0.3551715465543939,0.9599769979376722,0.7036329698124172,0.8725232741702779,0.7790295473290998,0.6893032219835471
890,0.35451681032884036,0.9597651086490325,0.7014813199351395,0.8710449459892333,0.7771212114872814,0.6867305771401144
891,0.35545772035344897,0.9600444050845849,0.705338563176308,0.8714571081660867,0.7796473769113671,0.6848753618364376
892,0.3593793143685773,0.9594558405117104,0.699520370173306,0.8726852273146706,0.7765664926156105,0.6836247354380569
893,0.3552138809677508,0.9603357725972761,0.7058823001038153,0.8704941065479685,0.7795934772482663,0.6907775776521573
894,0.35387427783269676,0.9602607231813899,0.7045212352816453,0.8727963087521737,0.7796826148510242,0.6846446087512208
895,0.3529244573425046,0.9600109658663446,0.7028634174857789,0.8709380457469922,0.7779259399018327,0.6881242559083122
896,0.3573439926337853,0.9597939611326147,0.7023060753430268,0.8703124273563864,0.7773350041726619,0.6864361408422085
897,0.35483756114681847,0.960673659761626,0.708750365173407,0.8705087574609297,0.7813453674504274,0.6940975395521894
898,0.3536658419443549,0.9603100237125942,0.704347119560103,0.8738422489985596,0.7799929251762406,0.6831676038226784
899,0.3532161639748717,0.9603914863173585,0.7061371266990055,0.8723830276706194,0.7805057703381886,0.6926973822149523
900,0.3529917815391966,0.9599981120231115,0.7048479705129492,0.8737276431270279,0.7802542377036906,0.6863323075107908
901,0.3545247790731972,0.9599634643238835,0.7034924783475033,0.8735379403823924,0.7793475170949576,0.6801058340180016
902,0.35325016488703037,0.9602893353420484,0.7070433421923868,0.8717932009614938,0.7808225381927165,0.6869931487297902
903,0.35361039097146163,0.9605732322449974,0.7073358941286797,0.8708097616665152,0.7806060221659326,0.690135495382278
904,0.3550870916504654,0.9602352832833242,0.7049321352814092,0.8734320215405637,0.7801878892225689,0.6836766487874403
905,0.3552039387843592,0.9598244478120781,0.7033594057888515,0.8715227305520886,0.7784629665262642,0.6863874885859673
906,0.35351918637752533,0.9598939560679808,0.7026248889600978,0.8733715484337612,0.7787486985109492,0.6801416589719398
907,0.35553750867466277,0.9599929828452828,0.7040810597526028,0.8744621792126379,0.7800765194841293,0.6894617795652492
908,0.3561238650795367,0.9599012138202765,0.7022094824766011,0.8723772496875167,0.7780982330334812,0.6790308811763441
909,0.3558437202474196,0.959749982037578,0.7012523186246813,0.8733466666870853,0.7778950459010926,0.688471460967123
910,0.35425522130170317,0.9603513111908855,0.7046467263029391,0.8733718234911354,0.7799890519012805,0.6856523881047684
911,0.3500159077292724,0.9603726312674021,0.7060130677848951,0.874421308817641,0.7812445488587144,0.6899811474443691
912,0.3511796418925841,0.960494502455194,0.7055584522470663,0.8745405089837126,0.7810136745679299,0.6897168374849896
913,0.3521451600592771,0.9604394204410823,0.7064081922459735,0.8734950559120036,0.7811162665840595,0.6799371750751039
914,0.3547655721362546,0.9600450917215098,0.7022563366895405,0.8739576211043815,0.7787550343452935,0.6811410101314573
915,0.35590753077174264,0.9599419657217664,0.7021615713563061,0.8739331328141452,0.7786870423120912,0.6847369248995979
916,0.35214985510428176,0.9605838339191171,0.7063217167434922,0.8743321630643192,0.781397878825602,0.6895951323162682
917,0.3491443199969882,0.9606830735538657,0.7075501529389071,0.8739789765410957,0.7820076747120841,0.6771519430694791
918,0.3496336609982758,0.9607751241000112,0.7081218885562376,0.8735990199089928,0.7822044767924147,0.686165423305751
919,0.35323752366381583,0.9604611387670154,0.7060540761760676,0.8734883301256323,0.7808970414683897,0.6863027560418792
920,0.3527186595493083,0.9604079656035549,0.7065676508572167,0.8722912203602322,0.7807319193235472,0.6896003820298915
921,0.3518185465455913,0.9605981777644772,0.7067822425409213,0.874006277642423,0.7815493458104168,0.6872920752275984
922,0.35432486643465305,0.9601801188727817,0.7041390991056717,0.8737049074326164,0.7798106579034346,0.6859415966923547
923,0.3516652713791072,0.9601711033299584,0.703993334939394,0.8750389809334589,0.7802520622243148,0.681974954646992
924,0.3518246563432886,0.9606056552405888,0.7066981793965469,0.8751339647491723,0.7819484284792096,0.6830586275213938
925,0.35096961549288935,0.9605544733242104,0.7084579417371635,0.8731970523750018,0.7822482004728287,0.679004946713515
926,0.3491978574570992,0.9605633515396487,0.7067351319378536,0.8746303468930264,0.7817699347595284,0.6795752808162553
927,0.351763991679219,0.960481188565221,0.7062410436390575,0.8743746649193588,0.7813654799716004,0.6799425552059539
928,0.3515501202439233,0.9607264278093008,0.7081966658531458,0.8729361249396109,0.7819842290096785,0.6879966439854595
929,0.35651489459782193,0.9596416307308365,0.7008921134418339,0.8752517205584964,0.7784277233872267,0.6823838501505889
930,0.3543844108315681,0.959905814287673,0.702584879777047,0.8727260214986443,0.7784674204899915,0.6872800437405964
931,0.35074686725362597,0.9603746019153765,0.7053113218793179,0.8758256776250855,0.7813741207943671,0.6837976160804083
932,0.34677750954953884,0.9608073548372638,0.7091114416027802,0.8744948122363032,0.7831672494039669,0.6799458014730149
933,0.348448985557762,0.9608437053960653,0.7101968222503358,0.8743587125378272,0.7837740811454436,0.6842859430635597
934,0.3467267213536681,0.960862320123098,0.707088194325921,0.8767969229290921,0.7828506578796735,0.6859906418171162
935,0.34713121664395435,0.960805068336304,0.7071734907258933,0.8781716196569512,0.7834504748045021,0.685386974502997
936,0.34856132283914004,0.9605627541655241,0.7064586088155448,0.8765874129721486,0.7823812014943099,0.6853476852202746
937,0.3549105782303021,0.9596836460442681,0.7008820347187579,0.8737092396097949,0.777810876503709,0.6824677290314118
938,0.3497766428928581,0.9606605655954691,0.7067508992154763,0.8733391352919325,0.7812633529836311,0.6884792145502847
939,0.3496516518455615,0.9610588905419444,0.7092949952683203,0.8751539566627874,0.7835434783728817,0.6867260535693168
940,0.34805859732542105,0.9610982279713691,0.7106779276947611,0.8759338967949339,0.7846996687700074,0.6730024201670014
941,0.3481495818860239,0.9609097118036513,0.7100775364545924,0.874458825286585,0.7837416463048642,0.6883406756992436
942,0.3486484846622824,0.9609346435903926,0.7094232574206505,0.8747805197767616,0.7834719936926733,0.6854201327924558
943,0.348566836483187,0.9608398739620247,0.7079492400779064,0.876384939547753,0.7832136173634126,0.6842438114271696
944,0.3503719465338069,0.9605318005729518,0.7066592696798907,0.8736999850193358,0.7813516977196431,0.6893991042545266
945,0.3512588468172567,0.9607161900527513,0.7073059246650408,0.8737976630188407,0.7817859232323257,0.6774015865368352
946,0.3457062753627626,0.9611887610499107,0.710751099602271,0.8754746759801066,0.7845599260904049,0.6837141811537271
947,0.34971130494591146,0.960675843267047,0.7064693292601142,0.8751337278106509,0.7818082229106763,0.6848709602161677
948,0.347831142034462,0.9604579115734686,0.7070057855656297,0.8753712300420212,0.7822314379607554,0.6741999447574409
949,0.34621657281042,0.96131979197428,0.71127298628282,0.87657172910705,0.7853183443067108,0.6880283538693358
950,0.3493517534338313,0.9611004870068519,0.7095299316162702,0.8729664694151904,0.7828085282768906,0.6776899518992644
951,0.34671498824366564,0.9608791976587109,0.7085114995405218,0.8781883630071033,0.784277567093472,0.6881267106656778
952,0.3471558367391284,0.9610269207267234,0.7094209595745594,0.876619798423574,0.784207411371506,0.683517076737784
953,0.3483649603754496,0.9611407307970173,0.7118540426376789,0.8730579132758597,0.7842578292167806,0.6851798778753718
954,0.3477498123542868,0.9608643869002419,0.7091693839814721,0.8758555796334183,0.7837478602845285,0.6865477998545483
955,0.3524599066741175,0.9600799316790767,0.702606503344719,0.8750015656180562,0.7793846932391209,0.6864419308148759
956,0.348563494763786,0.9610622481965069,0.7092320476435668,0.8748809333782314,0.7833956330866273,0.693280396460079
957,0.34611119126244416,0.961129696541635,0.7101731200370638,0.8770782652009569,0.7848503569219485,0.6768362626128441
958,0.3485168002063422,0.9608653138600904,0.7089566626784025,0.8760744940090168,0.7837055403104461,0.6847245708293196
959,0.35021993882364505,0.960897434735435,0.7094324295142822,0.8766409568948356,0.7842228855118165,0.6861850017401546
960,0.3473962431760143,0.9612479697519406,0.7108626011942146,0.8766805300894891,0.7851117739797239,0.6791064291210331
961,0.3432055620624007,0.9614422605361964,0.711975959214477,0.8759706980864747,0.7855050736703598,0.6889291344346608
962,0.3476118389651072,0.9613203481501892,0.7124325601315626,0.8759684309608283,0.7857819723905616,0.6848540461752682
963,0.345086121516262,0.9607916857826386,0.7075051870647522,0.879064568779477,0.7840093256352008,0.6785738976022324
964,0.35404063729073504,0.9599627845533278,0.7032655136256517,0.873370717858977,0.7791416868586479,0.6845795578910749
965,0.3494849855736863,0.9611498836672256,0.7119833871684074,0.8750156919858922,0.7851253909203448,0.6757547593095717
966,0.34724147649977705,0.9611874015087996,0.7111823451653053,0.8770612998689413,0.7854594778889546,0.6813690895857604
967,0.3441151440572396,0.9615714238081301,0.713418235256815,0.8779386246283737,0.7871740651450837,0.6895809743383952
968,0.3460847329643133,0.9614246139672278,0.7116528129787165,0.8752374227488091,0.7850135565776839,0.6860318114054291
969,0.34419617507097533,0.9617355643650157,0.714093386542192,0.8763862491104318,0.7869596196237785,0.68493789509941
970,0.3462223238010201,0.9613044113071634,0.710995387371857,0.8776732924639402,0.785590690471509,0.6885904135028253
971,0.344532207083359,0.9611799514981648,0.7101215277419142,0.8771882460654695,0.7848628764114824,0.6891574648855612
972,0.34500923109569137,0.9613638465993785,0.7107239526171736,0.8788743085694835,0.7859055180066549,0.686628989676201
973,0.3493959971254678,0.960872152763862,0.7075656087420823,0.875685173694518,0.78269939274941,0.6829403292559468
974,0.34288371638428394,0.9614107164358687,0.7129125898867723,0.8761415050194542,0.7861435447074233,0.6814172950867814
975,0.3457906662131385,0.9610742918081688,0.710850200143496,0.8774740616060009,0.7854222558135644,0.685215821556468
976,0.3467731208895608,0.9612292108311536,0.7085271511413974,0.8784405293969533,0.7843877016192623,0.6908703232161133
977,0.34598030214258235,0.9615154766314933,0.7137378159126258,0.8770486721406338,0.7870104610566275,0.6830230246439726
978,0.3445543652172569,0.9612623135973007,0.712497057658472,0.8761892569356822,0.7859100462864069,0.6778292887682743
979,0.34505649318369175,0.9617278671650882,0.7139850544285571,0.8761938997552252,0.786816285752959,0.6788366586392929
980,0.34381522463380004,0.9613348911202575,0.7104762785134003,0.8777711470364337,0.7853128774529425,0.6856207567211262
981,0.34954030554500415,0.9606987357421216,0.7084496857688887,0.8762490905204432,0.7834654788944466,0.6835351887737183
982,0.34471536165089917,0.9612090923692556,0.709376877563338,0.8798226195016627,0.7854593759743163,0.6849931193792871
983,0.34512521701751,0.9613530663996583,0.7120734928050135,0.8765482035591573,0.7857965711394226,0.6888489333400392
984,0.34529020031579105,0.9612950181140314,0.7111628874735896,0.876675283332857,0.7852927802523775,0.6871421320952417
985,0.34458286620730116,0.9615722958370247,0.7123318593050851,0.8783454697893747,0.7866755251531081,0.6823389914300292
986,0.34228612782715034,0.9621351733225405,0.7163575512577787,0.8777315541688189,0.7888763867284484,0.6812965466604609
987,0.34427783697200337,0.9618200893704649,0.7151160004067127,0.8770513318653285,0.7878486486717472,0.6788270583756755
988,0.34353362420480027,0.9615287973878354,0.7129594213430518,0.8753270619634685,0.7858439672472483,0.686674021222877
989,0.3401533854093483,0.9620169962414044,0.7156112661737069,0.8786654486284737,0.7888001981062995,0.6794015127851728
990,0.34634966419326313,0.9615358834808998,0.712916195739102,0.8767448385870725,0.7863885211532949,0.6836264140657835
991,0.345687044342216,0.9615932794614481,0.7128309797113287,0.8783579359743354,0.7869848034581142,0.6827393060746451
992,0.34438359351466885,0.9616830572393724,0.7129792337061563,0.8768586108504496,0.7864726362796539,0.6868993939824264
993,0.3408177894332426,0.9615020460132432,0.7126795606175897,0.8775979688234823,0.7865874015585587,0.6858949052448197
994,0.3486057534921084,0.9613074050441557,0.7129099356613972,0.8761356425821631,0.786139570992432,0.6794374564934509
995,0.3432633964706668,0.9615601423634549,0.7125841152556381,0.8772309753293596,0.786381840418808,0.6876948032346867
996,0.34302074939226934,0.9616640167974463,0.712901795545071,0.8797221886715666,0.7875751390159781,0.6827943675307365
997,0.34426390052699357,0.9613022209353731,0.7106865314926436,0.8794801925825277,0.7861247731070139,0.6850948154747475
998,0.34430540079693145,0.9615767315115592,0.7129317567129472,0.8777142988301332,0.7867877266302277,0.6811964450018761
999,0.34099478344265505,0.9617623706705619,0.7138862088365414,0.8767630917587992,0.7869856408816596,0.684867238421654
1000,0.34634618836341147,0.9614240715240571,0.711749731354024,0.8775759042780706,0.7860118783829527,0.6849213951748331
