Epoch,Loss,Accuracy,Precision,Recall,F1-score,Validation-F1-score
1,0.7235857889377814,0.7920279269519385,0.2610235936671194,0.8568982511757826,0.4001543792364205,0.4159042588923914
2,0.6722603172278233,0.8507377597904537,0.3319160969668117,0.8383583729730617,0.4755544894198401,0.4289602660024245
3,0.6415105901604934,0.8779620349655297,0.3792777783256211,0.8052308810199161,0.5156672805771785,0.4765099086412969
4,0.6153715636661584,0.8950111886113631,0.4189242102696492,0.7864970973011939,0.5466680791137588,0.5944510603072639
5,0.5993611638923343,0.9014690981523864,0.4381103485078774,0.7766317682971702,0.5602018897078691,0.5797675907449024
6,0.5872060822711574,0.9085135329546172,0.4603173294050894,0.7685319057680431,0.5757721033628784,0.598957157996104
7,0.5793486915046363,0.910605406678022,0.4685053530403169,0.7713340205204973,0.5829369921655213,0.5533236514095177
8,0.5723588936191668,0.9143565797285444,0.4811505100640719,0.7651115577291596,0.5907807447099147,0.5845475385919551
9,0.5688450383625442,0.914895575981814,0.4827997211980672,0.7656888564588591,0.5921950317184037,0.5859585329097685
10,0.5636245501127174,0.916238404350268,0.487688220789097,0.7645054341500784,0.5954994157550789,0.6013779886462345
11,0.5631497447653641,0.9173262981612632,0.4921606315260476,0.7626502897967552,0.5982518033301937,0.5898867489392312
12,0.5606489326242062,0.9178073216589676,0.4939332050655926,0.7726048468721084,0.6026114851913236,0.6077498436397786
13,0.556722418545819,0.9196741913284676,0.5014292526209917,0.7672606921306881,0.6064948445632368,0.6050669277649433
14,0.5557249291337651,0.9201142706663432,0.5026411227028463,0.7675763893453801,0.6074793560019989,0.6136511620187255
15,0.5517720356047582,0.919851721305388,0.5038992377145645,0.7680136805284079,0.6085345979616715,0.5895414982280842
16,0.5540883651525854,0.9203365281725482,0.5047987972804578,0.7665927242684658,0.6087425921217774,0.6241403773678338
17,0.5491868564122014,0.9210489826457736,0.5079304697177046,0.7703130223975198,0.6121923682139384,0.6332509458274805
18,0.5501899811432516,0.9210042551164888,0.5060692426400293,0.7691270759919642,0.6104653082103528,0.6221628378926296
19,0.5455208183835736,0.9227709719241304,0.5149380576818554,0.7677170437891594,0.6164193678014684,0.6182999976057836
20,0.5483780322100619,0.9220646010540592,0.5109974269350661,0.7689788772378358,0.6139898470852788,0.5966539871701193
21,0.5443061677028806,0.922757094991879,0.5136586495656739,0.7726257782787653,0.6170733397672673,0.6221172364499685
22,0.5446022264391398,0.9240574205346848,0.5199481465085931,0.7675577256205075,0.61994314032102,0.6342948824049066
23,0.5431653430564798,0.9224184525269118,0.5127492913786705,0.7773870546028783,0.6179264116015819,0.634809201014535
24,0.5393002385930191,0.9250839358709676,0.5242171722923324,0.7718685233350814,0.6243826871159185,0.6060531942406799
25,0.5395359899714697,0.9249764359940128,0.5232447610045293,0.7728295821032005,0.6240059177704244,0.5992463362812952
26,0.5389100187759606,0.9256662177159796,0.5262954320591519,0.7705415124780552,0.6254178367410251,0.6384099694163934
27,0.5368529799387609,0.926366601112066,0.5285879693573413,0.7719058824293568,0.6274849548388979,0.6271329300536436
28,0.5354747391647572,0.926602447163014,0.5296679742913847,0.7762502388425611,0.6296793894378,0.6353275931172052
29,0.5360403218500905,0.9252335128586772,0.5244683180531632,0.7725543278185155,0.6247851881466,0.6203270396749057
30,0.5355713691214006,0.924941596036446,0.5226271087057122,0.7750956646885567,0.624302839576417,0.6401266033649842
31,0.5343169223704785,0.926169735439342,0.52870860473821,0.7719499046465772,0.6275844951901097,0.6093120952359531
32,0.5351040732088707,0.9271935866243568,0.5346206614715058,0.772367329728034,0.6318704310958593,0.598310997572838
33,0.5339225131830723,0.9263339789917664,0.530198407874541,0.7756992764106296,0.6298725027106163,0.6478169788411041
34,0.5306205824553538,0.9263870079614728,0.5299587300884608,0.7817720944213417,0.6316950682819522,0.6194670719709267
35,0.5318655277327667,0.9273050689954756,0.533136207109757,0.7786532794843051,0.6329190168396263,0.6526601912968321
36,0.5325053500400173,0.9270915386445852,0.5336680525374404,0.7773364533810158,0.6328576742023957,0.6360318394113804
37,0.533138459749359,0.9272443016276262,0.5332897114958727,0.7771346386117398,0.6325247347314177,0.6448459596971275
38,0.5297666793461326,0.928160652935686,0.5377737285281399,0.7761463294498995,0.6353371393294898,0.6303927214824471
39,0.5290312040195191,0.9275281230005132,0.5355780147316493,0.7785605270939304,0.6346056951805584,0.6346280551425288
40,0.5315935312629604,0.9273152174892249,0.5340389511601664,0.7779988169576887,0.633337975945542,0.6387125468085757
41,0.5285628359738014,0.9274090326922672,0.5348527130066981,0.7801826679492924,0.6346335963829827,0.6327165985270413
42,0.5268535130529952,0.928657524013616,0.539764153295931,0.7791318163005231,0.6377264542859262,0.6453963634691908
43,0.5245950436420578,0.9295623329549688,0.5438312737796923,0.7806398823624853,0.6410654994178626,0.633619260375556
44,0.524121150803223,0.9288517049359636,0.5420360639608949,0.7799493224857992,0.6395844692133684,0.643295180208453
45,0.5258232905067128,0.92855049104977,0.5402408241429791,0.7811069419071573,0.6387203564148051,0.6396866507935699
46,0.5238892740482907,0.9286800663038588,0.5419059841700627,0.7825990376379327,0.6403827765376432,0.6386677235065509
47,0.5252998365129499,0.9283940751582892,0.5378765531926268,0.7843693900484032,0.6381473977751988,0.6323985241304816
48,0.5204501889592452,0.929854963879602,0.544962604437715,0.7808726529129505,0.6419295192314803,0.6542012211417074
49,0.5288626231092344,0.9274843842284004,0.5363336292890012,0.7799434848598142,0.6355955222174927,0.6300898910619188
50,0.5235739665494549,0.9279887808470264,0.5374115733142031,0.784306940347544,0.6377993837820921,0.6496323605046621
51,0.522159071920587,0.9278450402731784,0.5365627462807988,0.7887284073307828,0.6386555575411592,0.630412117287571
52,0.5206802695346393,0.930167658335179,0.5487808091755347,0.7811289665689268,0.6446581477366512,0.6399844219199984
53,0.5237334468167463,0.928714446214686,0.540321849631595,0.7838068126968094,0.6396779389179157,0.6372126702884893
54,0.523313959511064,0.9303893733982134,0.5479288822898809,0.7775565232953529,0.6428523089446149,0.6459620823688496
55,0.5191142476505513,0.9304528598482852,0.5492801937038956,0.7815364739396676,0.6451414627265794,0.6550230985172831
56,0.5213248680392615,0.9293065881659388,0.5438027355444054,0.7869048592411552,0.6431480766253289,0.6622505734353114
57,0.5194218153361794,0.9300676153352282,0.5452418720449295,0.7889859423058134,0.6448496539690128,0.6465699486188625
58,0.5184936476268357,0.930501569871734,0.5478451366867707,0.7882035407013671,0.6464038081856358,0.644669694952243
59,0.5211692626098935,0.9302891930708777,0.5475153565404675,0.782050596661962,0.6440969855353499,0.6394659583509853
60,0.5178525469285978,0.9300605979058564,0.5461339770786933,0.786308081906221,0.6445752099835589,0.645430238774817
61,0.5203316354279895,0.929425287091138,0.5443699654451265,0.7863539544737117,0.6433603072989041,0.6385344956093413
62,0.5159419876851624,0.9303707998693962,0.5467070585796711,0.7885764988883723,0.6457360097952604,0.6516007335636818
63,0.5134772834160345,0.932023026836188,0.5575420936364994,0.786343670670736,0.6524657200897945,0.6601025768549315
64,0.5152592440303281,0.931269243686456,0.5524618542619442,0.7845536559518703,0.6483634097346305,0.6337432235885231
65,0.5148386756936423,0.9310586590079734,0.5519207570548372,0.7869075048327211,0.6487920791081777,0.6491637510328625
66,0.5119206848547613,0.931606197024588,0.5547998984413368,0.7888987366703244,0.6514569971991132,0.6416182240427005
67,0.5168282584749537,0.9305004506535464,0.5503746256495918,0.790009978055377,0.6487711731839233,0.6322497643437665
68,0.5115081953058997,0.9322687879243308,0.5560921538292234,0.7894527801128787,0.6525363601990705,0.656781914449498
69,0.5138530015087813,0.9314727285391354,0.553434654557101,0.788750800751326,0.650464546786698,0.6546106281890384
70,0.514097593242316,0.9322030218396684,0.5571709963806704,0.786098287067112,0.6521271218740665,0.6544097625329071
71,0.5146112239403691,0.93182318115921,0.5520233539251825,0.7903564931377696,0.6500324674763933,0.6624119743637785
72,0.5101203462845988,0.9322187458252476,0.5569291602395929,0.7863105971531102,0.6520344534917553,0.6568405429494556
73,0.512654715304752,0.9328174657582404,0.5598883256967468,0.7891081930959867,0.6550238771876021,0.6467037730193066
74,0.5109151204069742,0.93195447987198,0.5550825331511876,0.7886888798063362,0.6515801974199491,0.6558028002952788
75,0.5103854918651444,0.932013551246625,0.5564534081455299,0.7930974344059494,0.6540276311966097,0.6476788387926821
76,0.510721607495555,0.9324064105631784,0.5574244316915207,0.790578591543978,0.6538380322636647,0.6574100838034225
77,0.5107787105676939,0.9331086684780698,0.5594798365174155,0.7884921489999157,0.6545320872502162,0.6668062019139035
78,0.5093571261750708,0.9327493170434492,0.5586348912590624,0.7904057752189999,0.6546107248831128,0.6594678946816426
79,0.5075221016681452,0.932129125973816,0.5548801068023888,0.7933652720964269,0.653030396104491,0.6650131418503171
80,0.5073741661558906,0.9335385855894576,0.5631163955632554,0.791249355042929,0.6579692148950155,0.6672013407177886
81,0.505956951877196,0.9334614350645812,0.5628153308825261,0.7917983468445692,0.6579532687419721,0.6604344495460782
82,0.5069767769506509,0.9326024454052234,0.5596536545689612,0.7941677607267182,0.6565989939440938,0.6525758927071715
83,0.5077576632979962,0.9331762884824292,0.561175854148895,0.7928361499522347,0.6571884182739286,0.6518103564223269
84,0.5039266407918587,0.9333518066131596,0.5617620712680004,0.7963463707186157,0.6587945009858838,0.6657875186884171
85,0.5080328969646701,0.9331689140018562,0.5594226793038369,0.7929528331530951,0.6560245943497881,0.661426855921393
86,0.5059106284551483,0.9325993967372772,0.558804149024502,0.7930741125798307,0.6556405516390235,0.6537067744429185
87,0.5051151079882821,0.9335165926087544,0.5604790911404625,0.7955765080758814,0.657648548388072,0.6611016665355887
88,0.5051293152270557,0.9337149414172362,0.5623080988661259,0.7958047794362626,0.6589842121999918,0.6677256737513356
89,0.5050047460219843,0.9348740738091847,0.5703669390584664,0.7880728315368352,0.6617749250404017,0.6540614421772407
90,0.5062998972779555,0.9333004118393344,0.5613163902561844,0.7921603833913683,0.6570524379386005,0.6586093108934995
91,0.504392458916568,0.9337359250416596,0.5641844519676974,0.7907371299574641,0.6585201686457499,0.6635348064618012
92,0.5042139234945928,0.9337503650161892,0.5641462665708699,0.7964878201299764,0.660479749092585,0.6514644607439436
93,0.5042924593678482,0.934386238873186,0.5668150067416531,0.7932969064051981,0.6611994013225674,0.651021302015077
94,0.5060035894028574,0.9334590318353444,0.5624830780846312,0.7921021300013554,0.6578309604755004,0.6612699640711772
95,0.5043007520248564,0.9334298978306228,0.5622695269639972,0.795280908577036,0.6587780587185293,0.6636427404567158
96,0.5028333407726219,0.934249247940309,0.5659468078078339,0.7939741867090795,0.6608430317078042,0.6730902815953866
97,0.5027492806422624,0.9340517711607218,0.5660989620135592,0.7931449638140395,0.660659256531942,0.6638923441464946
98,0.5020786384455591,0.9341955803982626,0.5665144183772327,0.7936285392323007,0.661109933768933,0.6708877450451012
99,0.5009268576935898,0.9346601314761398,0.5687331658635142,0.7977641848856509,0.6640553678846118,0.6676063651270615
100,0.4989709791948469,0.9351365957046632,0.5715238825771516,0.7963537346605241,0.6654618404490136,0.6594240909969354
101,0.5022978470694247,0.9346069171144638,0.568105304273407,0.795645777835067,0.6628930933818155,0.6742276122544827
102,0.5005071489073389,0.9352598058344584,0.570737010224304,0.7948075064192915,0.6643885342274437,0.6627503525647986
103,0.4999651010516736,0.9341417274642464,0.565290720777075,0.7987695230367114,0.6620484710407324,0.6626995331556884
104,0.4986620309541551,0.9356755988243018,0.5735519938834811,0.7933407113054385,0.6657759531100641,0.6648285633290018
105,0.4994386147252089,0.9342460276131314,0.5656948940857517,0.7973036512495837,0.6618211091881251,0.6567088505022051
106,0.4988358376695098,0.9356155180933774,0.573028694893451,0.7976087577321476,0.6669199132174701,0.6720259351158917
107,0.5001855726293523,0.936028523337306,0.5742301914438582,0.794228264513141,0.6665454057391351,0.6719235491164018
108,0.4995558195405726,0.9353230862934526,0.5721153438881931,0.7964987198768028,0.665913278393826,0.6571221445303034
109,0.4992355726820102,0.9355035894082574,0.5726303952481764,0.7940696503268921,0.6654107010436823,0.6588464910992297
110,0.4985156885797171,0.9347993471126532,0.5685255352300315,0.7966540267278294,0.663529061758074,0.6655358106325745
111,0.4992822152461937,0.9350985148208109,0.5691965605202829,0.7967303778570104,0.6640123684462719,0.6670793074359392
112,0.4968693357148616,0.9352280351439456,0.5696601126242195,0.8013141787878421,0.6659158062920479,0.667124373225278
113,0.4948872239898434,0.935500787929604,0.5728108586645273,0.8001985852939016,0.6676755804721439,0.6701028174382878
114,0.4970344529091883,0.9351550731043108,0.5702391721538931,0.8007774117103058,0.6661256380228473,0.6697418562901633
115,0.4987945310074648,0.935353243387192,0.5730008993973021,0.8002867603052847,0.6678353660150019,0.6687839935842732
116,0.4970638649069148,0.9351231444873052,0.5696517002565354,0.802034836482252,0.666158770287751,0.6714289267288874
117,0.4943037866045245,0.9367281514327752,0.5802119393668443,0.7989378242306586,0.6722304954339721,0.6627303907544754
118,0.4971986521276638,0.9354858467101193,0.5717446882875322,0.7994167339072634,0.6666790123194005,0.6549231810185394
119,0.4963356012063061,0.9349919968346588,0.5700586182983785,0.7984865541993078,0.6652087939281526,0.676568985843714
120,0.4943698511706839,0.9366951653949052,0.5777348427579618,0.796246609037527,0.6696151667370949,0.6659868033564158
121,0.4967866533522983,0.9364400660445846,0.5756961476422694,0.7964210088685642,0.668305187398015,0.6727080537075785
122,0.4928241801990879,0.9369029897929498,0.5784270841635838,0.7987292492120148,0.6709574206806758,0.6723717607813996
123,0.4941278063564849,0.9359907171082236,0.5756858266517256,0.7980561328984169,0.6688732208959438,0.6675732491386897
124,0.4948013741121018,0.9360427710534966,0.5739838108650338,0.7996144088793176,0.6682677933530853,0.6620178820808684
125,0.4931345456581321,0.9364183408522824,0.5756388244775358,0.8009102474587667,0.6698417699133219,0.6682657651180679
126,0.4945465163361254,0.936873347676904,0.5782971345588211,0.7980103287324114,0.6706162667326084,0.6660657057156021
127,0.4944403603565778,0.9357374030139076,0.5743088753048521,0.802809329317829,0.6696019578524005,0.6742481331780503
128,0.4902146733064446,0.9370032799821936,0.5799057268147533,0.7991152114497768,0.6720876741548276,0.6709481195438033
129,0.4942590833353482,0.9362158996877286,0.575087228688799,0.8013593310684909,0.6696250045034086,0.6686884278631409
130,0.4919021845721512,0.9372210537492792,0.5800839309786056,0.8000174858604833,0.6725263555086671,0.6718870140290207
131,0.4922661477927681,0.9370340275836884,0.5792301682029984,0.800370735694187,0.6720767934426508,0.6648931002245879
132,0.4937412534043086,0.9362667726174908,0.5754116373513761,0.8007474542266431,0.6696310136833867,0.6735805334245052
133,0.4929827258741255,0.9363439712069516,0.5758247275090017,0.8009158997569471,0.6699695942743211,0.6672806905705714
134,0.4922141881941034,0.9365430615833122,0.5773971740790514,0.8014233172073778,0.6712107363082,0.6774828883867868
135,0.491578908060952,0.9365459179929196,0.5771741856670678,0.7999933993326351,0.6705582440773795,0.6744846097468675
136,0.487837538337536,0.9374271134904272,0.5806169258680748,0.803327503057229,0.674052419362771,0.6497433531237493
137,0.4896044944473308,0.9367661567865656,0.5776607316829936,0.8017608173547859,0.6715071846035603,0.6739941876379278
138,0.4894762425113925,0.9370124465851404,0.5791164961987171,0.8015573226174463,0.6724181509788558,0.6656681214765455
139,0.4891353648343532,0.9374448424558268,0.5816847900038105,0.8014133054135851,0.674095252983598,0.6748267416017851
140,0.4885651506751561,0.9373910101209184,0.5815955919761555,0.8036924785631336,0.6748401473705644,0.6684330325057757
141,0.4886527805448436,0.9373046655276184,0.5801071574734266,0.8032190998332582,0.6736706490916171,0.6689808198870788
142,0.4910447390602647,0.9374372070532224,0.5818010544808521,0.801154249603841,0.6740816363979691,0.6736438801570396
143,0.4906119242203321,0.937418324537789,0.5821755934899182,0.8020308700325169,0.6746432848900624,0.6804138919666923
144,0.4873056850201792,0.9374183382705276,0.5824875268873608,0.8036497512053296,0.6754251017725426,0.6713454707689139
145,0.4866295886768711,0.9371029453318356,0.5809661778800254,0.8020575883328115,0.6738399482596821,0.6674065977544051
146,0.4879610026054245,0.9373052011044198,0.5807877640838506,0.801812323113042,0.673633382014079,0.66773619595754
147,0.4892291571382138,0.9375799176716834,0.5812352209348213,0.8036122959203517,0.6745692427219806,0.6522101813341754
148,0.4885494803353179,0.9375656356236464,0.583272500840254,0.8012923579183618,0.6751172320324044,0.6632719710285655
149,0.4887774857900125,0.937181173876684,0.5797254007526572,0.8039908505407846,0.6736842435658905,0.6728182733304935
150,0.4876474149578766,0.93767086273238,0.582063832069207,0.8046937045236693,0.6755082830813861,0.6672472578339376
151,0.4857761419291119,0.9375633216572098,0.5831539987263382,0.8026221058153444,0.675509252812771,0.6631013468129486
152,0.4870258614742498,0.9375362406968936,0.5818519232806594,0.8057925102226369,0.6757522467834379,0.6760644932560537
153,0.486450439627222,0.937950838938488,0.5833929000957255,0.803576865521776,0.6760075809119948,0.6743910888656112
154,0.4845035871584638,0.9382081423933372,0.585990628120683,0.8045245825272255,0.6780851613036157,0.6788286652019248
155,0.4837647232649137,0.938637537660662,0.5878486954648539,0.8036783198970646,0.6790256268247857,0.6631079962046378
156,0.4856619329975663,0.9388071232483616,0.589538544523753,0.802993584376424,0.6799062788864724,0.6730448529434523
157,0.4836384426775596,0.9382442320301074,0.5859862663195936,0.8067754352497106,0.6788804208611682,0.6699201244489444
158,0.4849247067309112,0.9385105029631954,0.586621969154921,0.8050521591816664,0.6786952107186833,0.6771107934783263
159,0.4836833882246086,0.9381982479552502,0.5856250172065293,0.8070973159005252,0.6787517774015002,0.6713574332529834
160,0.4807438023870797,0.9388503470427813,0.5878058717473922,0.8072931515542635,0.6802838318702595,0.6790902724768477
161,0.4808625124341292,0.938727027051078,0.5887552288043933,0.8050298037298791,0.6801127795547428,0.6748338362841433
162,0.4829822560008481,0.9382825189050372,0.5868666997044163,0.8066359977611886,0.679421441709225,0.6728851462812614
163,0.485281954780757,0.9373178420902064,0.5812893563910754,0.8033641596297617,0.6745182529718342,0.6766434210006926
164,0.4830674199963645,0.9390333769814694,0.5896521792715222,0.8049448937094265,0.6806804918279519,0.6603365488051688
165,0.4814245620434232,0.9384282301268596,0.5857479025530513,0.8050916329085647,0.678123857304195,0.6800631200099055
166,0.4805676003368638,0.93896959527752,0.5899455813798153,0.8051965138932168,0.6809659419254661,0.6783467002787477
167,0.4821322023225345,0.9387653688569616,0.5883304498468737,0.8051753772318566,0.6798811783736887,0.6836934835042445
168,0.4818475133866715,0.9391243838394892,0.590599753545992,0.8052437917641138,0.6814184677906289,0.6693474710083714
169,0.4828748535766876,0.9381161879763612,0.5852829536953281,0.8065295979537301,0.678321264991854,0.6688191437479979
170,0.4827933612701704,0.938286494532832,0.5839726233407201,0.8074111263084887,0.6777511864196031,0.6691199874968284
171,0.4801124435105769,0.9382613567550132,0.5853236557113175,0.808551848741803,0.6790628322625973,0.6646130962460016
172,0.4832558196654423,0.9390424268561388,0.589328843045262,0.8043854932440622,0.680265043922899,0.6789882502605413
173,0.4804004740586384,0.938869215825476,0.5872635465535273,0.8083000333170844,0.6802773461444662,0.6791118556491107
174,0.4782242410474543,0.9394305003133262,0.591531171522416,0.8068227121158033,0.6826037238399526,0.6762653999139052
175,0.4812913188617006,0.9393756929539846,0.5908976916372168,0.8053746041426039,0.6816635923085679,0.6741197411813686
176,0.4813207223904218,0.9385552991561726,0.5865322105322381,0.808876696693125,0.6799902659397472,0.6689492530453266
177,0.4790073264417031,0.9389213727662876,0.589919936949336,0.8088247924238408,0.6822429576032144,0.6725406295889831
178,0.4786948206827794,0.938539533972378,0.5870055723629966,0.8076538610893252,0.6798753955671445,0.6706307483848464
179,0.4796388431204308,0.9388506766285052,0.5886516960899983,0.8083693188121726,0.6812323730423256,0.6798870556172604
180,0.4812269738252214,0.9386424402483056,0.5877698550780948,0.8069270722426419,0.6801297099317086,0.6712923486580386
181,0.4796096394173533,0.939198760351189,0.5906368607219297,0.8079708163295117,0.6824177420759937,0.6778995156466522
182,0.4781879732291475,0.939005705513398,0.5892933974413149,0.807931449393712,0.6815061581410905,0.6811255961504569
183,0.4772763780767111,0.939255346100166,0.5910862736407012,0.810065381861811,0.6834642432739445,0.6762719239264908
184,0.4755125204436213,0.939361088186593,0.5913735051161872,0.8093910923784357,0.6834159689154945,0.6652390638235914
185,0.4793446322353624,0.9397116781340528,0.5922888895346872,0.8089885774168953,0.6838830388201129,0.6730692460706226
186,0.4764130970985769,0.9403061340517423,0.5941036549157409,0.8093650021947915,0.6852261410023671,0.6803740503432637
187,0.4777775518328165,0.9396851739487534,0.592607199683636,0.8065254259368277,0.6832129640692508,0.6676113689853619
188,0.4791078855879873,0.9395831877663052,0.5933133364499095,0.8049729826989972,0.6831236200721441,0.6741236404446324
189,0.4765196437243935,0.9395138923678492,0.5932285755747971,0.8095808042671628,0.6847209239251227,0.6759856932216847
190,0.4762675665694175,0.9394453454036414,0.590382594810667,0.8100415680757178,0.6829851348456669,0.6727410263141136
191,0.4734035231869855,0.940807282877714,0.5979952459550154,0.8116038254264745,0.6886145699972389,0.6739461852011792
192,0.4748111219286061,0.9400888065986578,0.5949056947830076,0.8082911985400983,0.6853735770690066,0.6783508882778209
193,0.4758720520160181,0.9396672389922762,0.5930567718046266,0.8079797001145564,0.6840333456519037,0.6656073435638553
194,0.4774449296134839,0.9394515114032266,0.5923069685088282,0.8096389963259165,0.6841273936786312,0.681752012548048
195,0.47573654492982,0.9393477056329276,0.5900064474572496,0.8113910451544845,0.6832122229047776,0.6834459384468823
196,0.4733908477661421,0.9405596816026128,0.598477111806645,0.8093474830374744,0.6881197357542649,0.6818943179124484
197,0.4750005405583827,0.9398225905965238,0.5942226586394515,0.8128289140496668,0.6865439301595921,0.6791927919301622
198,0.4751869248186084,0.940447011349614,0.5975652725161166,0.8094706665110465,0.6875610579811038,0.6729910640455323
199,0.4734262324494424,0.9403140441091166,0.5962908770260004,0.8102196886077809,0.6869861066219111,0.6782895708873569
200,0.4732154946533038,0.9399424911363412,0.5926455744003971,0.8109652953824609,0.6848265479378605,0.6795466063183603
201,0.4751960947144803,0.9397840084677164,0.5929192380910713,0.8112773136297337,0.6851205069381967,0.6804744940314135
202,0.4734994405679565,0.9398949415292952,0.5930049991340132,0.8129908589312677,0.6857881420218417,0.6822553575089484
203,0.4754623749273286,0.9405749730069292,0.5973699264335257,0.8087861760723561,0.6871847835952125,0.6806573196882805
204,0.474663205498414,0.9401961210836428,0.5947922836382757,0.8124583258071276,0.6867915916670988,0.6782041811164599
205,0.471965984153233,0.9409028215394378,0.6005621389851358,0.8096129347669879,0.6895922143340371,0.6798519448315864
206,0.4735673231829842,0.9405552047298628,0.5962749785548915,0.8122477582798,0.6877035094768059,0.6761078880427669
207,0.4727595960922378,0.940518991498446,0.5950189229510582,0.8112203045306693,0.6864997397950062,0.6707026800580528
208,0.4739605203378115,0.9397040564641868,0.592716117725045,0.8103406504736811,0.6846507928544754,0.6771990650221857
209,0.470054273125079,0.9407551602687486,0.5982485788522954,0.8121257888316614,0.6889704041001304,0.6783066124592219
210,0.4717840995076749,0.941321587667166,0.6021971049074085,0.8085188596158684,0.6902703715956732,0.6818566108764125
211,0.47030996568769,0.940686565239956,0.5953323084518505,0.8132828203010749,0.6874461717058495,0.6826846773586572
212,0.4704548125858787,0.9398099564771064,0.5929808306330973,0.812990202765385,0.6857717467579636,0.683719085266318
213,0.4731437383795813,0.9399801257061924,0.5938702862504134,0.8104797581744811,0.6854699053103298,0.6766294603019987
214,0.4728903711485348,0.9392566301112154,0.589940928014205,0.8137143670156486,0.683990450526521,0.6822928219883778
215,0.4705099538504648,0.9411315952300596,0.5999148251758385,0.8107516800431285,0.6895775161523289,0.6805920243783684
216,0.4709544163599288,0.9409657449472312,0.5975516257177025,0.8113710634867735,0.6882366247087369,0.6786986915763051
217,0.4713184666290557,0.940584997906032,0.5975764948671307,0.8107790103045903,0.6880400258464326,0.6645541076762784
218,0.4706887747529599,0.941113921195614,0.6009664768862847,0.8104576488833989,0.6901651587532462,0.6781433468917206
219,0.4695847371070505,0.9405503296076964,0.5960567749581037,0.8159059482182994,0.6888655913947582,0.6804069859757118
220,0.4697678290682731,0.9403231901129556,0.5977539106048524,0.8112741186502685,0.6883358839242772,0.6790556311538881
221,0.4689444918855489,0.9414104865498264,0.6014781001668853,0.8137070390937775,0.6916790607654894,0.6832452055667685
222,0.4676274628304749,0.941431614368004,0.599688499156549,0.8134041894956147,0.6903851976922157,0.6786882672895987
223,0.4715517608167456,0.9412184067364684,0.5994764572916299,0.8113302085830961,0.6894968260353564,0.6737593207319186
224,0.4682853364472766,0.9409373662431272,0.6005232645853,0.8127817795358773,0.6907134021386614,0.6799031169720436
225,0.4669950037337035,0.9418848496693596,0.6053684371612976,0.8127381833804775,0.693891470172229,0.681735166476727
226,0.4658320265279399,0.94134247516242,0.6011895863974461,0.8145776261643305,0.6918024118897707,0.679279334979104
227,0.4680074904676821,0.9407495229795956,0.5982144713966367,0.8153208695786477,0.690094869049567,0.6698294871984379
228,0.4692329912305736,0.9416037611114334,0.6031287653515454,0.812736031955631,0.6924170732154544,0.6654913613654116
229,0.4666634828066654,0.9412860130080892,0.6019693425957269,0.8126453609706509,0.6916195519157006,0.6788075818087266
230,0.4674680243721968,0.9410749133519132,0.5990757110379507,0.8150104643865718,0.6905561795895184,0.6806960063062446
231,0.4660237971827281,0.9419152470860228,0.6041823005145202,0.8141188557832694,0.6936132019568193,0.684871921865242
232,0.4652185504385036,0.941849549665053,0.604150448949576,0.8156564739256238,0.6941496297438589,0.6750836356918742
233,0.466935696576139,0.9418581806911984,0.6042605706267068,0.8139140999714305,0.6935904422583262,0.6849338439834624
234,0.4638019560052336,0.9418277970072736,0.6037392386933901,0.8134995656317796,0.6930964731321979,0.6806684152082875
235,0.4681562342875295,0.94122076876749,0.6002027630040527,0.8156066481890853,0.6915187311193598,0.6431263888884856
236,0.4672719658278733,0.9420414097545948,0.6059782684539134,0.810794512990802,0.6935817252969613,0.6842311365543962
237,0.4650398637536618,0.9416602919294564,0.6017806438776849,0.8170954602519422,0.6931010124827992,0.6827576380939516
238,0.4653192105696355,0.941733308900045,0.6018093870736733,0.8151000734729277,0.6924011579839618,0.681638409339356
239,0.4630746416908374,0.941741679004159,0.6037666436310495,0.8155900658680821,0.693872193441447,0.6731125839696078
240,0.4623895692739555,0.9423004023362794,0.605528094540044,0.8159538328534971,0.695166023737473,0.6767469849202
241,0.463473334479675,0.9418427656922356,0.6043898981421671,0.8153743193280389,0.6942054120570958,0.688685583306987
242,0.4632844787707432,0.9417335148911224,0.6029660523280689,0.817308490343486,0.6939633981323705,0.6728919000164721
243,0.4638318593124692,0.9424196780364952,0.606774379500879,0.8135719563997627,0.6951186573952834,0.6770371889256566
244,0.4629436586614993,0.9425989864030508,0.6065172626570939,0.8160989296569412,0.6958701743268902,0.6839517751709018
245,0.4658818845268633,0.9418395934296426,0.6038079723694044,0.8123291097883463,0.6927165439811658,0.6821987098772685
246,0.4629495074208691,0.941298853118584,0.6012250055682922,0.8175728897029753,0.6929038544565572,0.6729341906936451
247,0.4670364341075472,0.9408307933260208,0.5989300447952126,0.81647534534617,0.6909845314543017,0.6756281165168172
248,0.4632519997066731,0.9427690251711208,0.6089503431460052,0.8141608292315128,0.6967600647928103,0.68436329425817
249,0.4588414777954705,0.942470756957335,0.6078389577962675,0.8177972409066282,0.6973574647636201,0.6809145587616356
250,0.4623662795094277,0.9425250974035676,0.6061563496001544,0.8179468332585064,0.6963030103194283,0.6838045442140924
251,0.4601856972888219,0.9431426586537786,0.6106676675663303,0.8157876561498187,0.6984798429053996,0.6770184899939627
252,0.4633903158225601,0.9429218636842236,0.60711522714323,0.8148021646276501,0.6957911959127666,0.6838948055561112
253,0.4588806820001533,0.942813484912005,0.6074909416406864,0.8200516242057134,0.6979461702948695,0.6849515629825781
254,0.4588616204133137,0.9433894153654624,0.6112455710804422,0.8153368360367848,0.6986922416536889,0.6826954725804744
255,0.4618392004597959,0.942482917297274,0.6062349633892873,0.8148463109379978,0.6952288126000932,0.6802758469212744
256,0.4601451003079791,0.9427050237433556,0.6082336751965732,0.8136680351247022,0.6961104214187217,0.6833477003110294
257,0.4645139164418625,0.9422610992387008,0.6056121325952495,0.8166578811604216,0.6954768310192938,0.6680077971221092
258,0.4612410938997063,0.9425845052303056,0.608014812543637,0.8181809776379552,0.6976127081148801,0.6840073023164697
259,0.4613740355205193,0.9429864006887902,0.6091077885210819,0.814639354163799,0.6970383442121915,0.6830661015268393
260,0.4588988304352588,0.9434815757735158,0.6130306385461429,0.8165072764260743,0.7002877948218342,0.684488652305941
261,0.4581983318860582,0.9426551739026112,0.6093414261431167,0.8169959260718033,0.6980529002800682,0.6758973216333646
262,0.4590430143925783,0.942995320102444,0.6089569874332625,0.8179882953170534,0.6981622828758498,0.6769058961927015
263,0.4575818396515126,0.9433132673304964,0.6107044038740128,0.8168113912633571,0.698878871222562,0.679285887457833
264,0.4587749848477274,0.9433574524166104,0.611609247058549,0.8164028628323604,0.6993211566973174,0.685731828546864
265,0.4621528838392642,0.9427229586998328,0.6088132075525489,0.8159988791546109,0.6973423367365191,0.6862400990411703
266,0.4579529912351704,0.9440617771086456,0.614900048137502,0.8173233653777375,0.7018069554960928,0.6795136117074357
267,0.4597657313235372,0.9430832302279328,0.6089983287978913,0.817573821657937,0.6980384285498579,0.6758822351885764
268,0.4581889067407992,0.9430394571239734,0.6100164283343238,0.8208517234573383,0.6999010159091549,0.6792371701798883
269,0.4576999414310181,0.9436233388330204,0.615142228282014,0.8170959983430341,0.7018807958023265,0.6839765673627791
270,0.4575510091490025,0.9435024014714464,0.6119528861984859,0.8153092366957218,0.6991439519581694,0.6852423691378197
271,0.4557186100337145,0.943782638599586,0.6139378235243295,0.8199298041809056,0.7021372261917578,0.6836448025265304
272,0.4562906295918732,0.942896430652527,0.6098082964739083,0.8188581606487783,0.6990385999607858,0.6811756232131908
273,0.4570930185292264,0.9438256426701892,0.6111455909138517,0.8205794705905153,0.7005444535822793,0.6825303071053553
274,0.4549452463071123,0.9437445577157336,0.613448376526532,0.8206486881017913,0.7020802396595737,0.6825382389228923
275,0.4555223167157001,0.943692126120152,0.6122883449984741,0.8187426429657965,0.7006229523433919,0.6899470764798797
276,0.4564074931813658,0.9433518494593036,0.6107650250356139,0.8193428979581301,0.6998436656956258,0.6823486929393906
277,0.4574567152441834,0.9434549342608316,0.6127602267024137,0.8167840148712776,0.700213037923852,0.6873233208507654
278,0.4560625871522821,0.943043535747307,0.6091780623496543,0.8203594062921378,0.6991701365199844,0.681309824391633
279,0.4558929852444491,0.943807508589004,0.6125908588296489,0.8210734570521201,0.7016734512338478,0.6808681706337981
280,0.4557908978179204,0.9446705562725876,0.6186093357090934,0.816573879979215,0.7039383124461581,0.680877782663457
281,0.455556242800445,0.943680851541846,0.6124548449053111,0.8186346330627836,0.7006923814972823,0.6848405082000842
282,0.4591976497456324,0.9432624287325804,0.6110767207932957,0.8194640493098629,0.7000924608728996,0.6770942776528699
283,0.4563900143336907,0.94345202292027,0.6124406202099498,0.8187888806772253,0.7007395663548454,0.6846102964675105
284,0.4554394004370669,0.943406567555845,0.6112097222775307,0.820349076057497,0.7005026011238803,0.6828521278694678
285,0.4539805207964327,0.9440442404015849,0.6157305674425873,0.8191907759106506,0.7030361679846151,0.6751145072954472
286,0.4546799570750847,0.9437019244290696,0.6137911998309588,0.8207436786432893,0.7023394897221842,0.6795295850141908
287,0.458725918003981,0.9431515643346938,0.6112836022188132,0.8169302468615657,0.699301528807592,0.6793605004494041
288,0.4564945442642239,0.9442292409882476,0.6167642066529514,0.8151127817308875,0.7022005273293285,0.6789476243738755
289,0.4524383346597068,0.9438372125023732,0.6136512829113967,0.8232733146256225,0.7031722145653029,0.6821883648538094
290,0.4536006320937932,0.9449419838489812,0.6196699545428451,0.8165593406740709,0.7046190900048666,0.6867222228110844
291,0.4534624216796682,0.9431861708357064,0.6087403422524076,0.8242768053667606,0.7002994282983014,0.680926726652436
292,0.4559647984427514,0.94389142248759,0.6135073890113713,0.8185464971945651,0.7013483628171584,0.6875531406281696
293,0.4543923379705964,0.943655013394364,0.6121101339639478,0.8194444882707345,0.7007630274120125,0.6793725032117467
294,0.4534881691709697,0.9439614182557092,0.6149466030719817,0.8200145293880239,0.7028276068388766,0.686906794753205
295,0.4514972355297143,0.9442946500217088,0.6166411721749963,0.8216753283600093,0.704544288324195,0.6828519110132408
296,0.4540030376302252,0.9437720506582048,0.6135794333265371,0.8200082339741325,0.7019315232703072,0.6806937389526966
297,0.4516065429440505,0.9440204690312464,0.6147936630116588,0.821112845884796,0.703130699860689,0.6810923558927423
298,0.4513211272817721,0.9446372681144708,0.6199382623140384,0.8199507965625673,0.7060528293764485,0.6845927094787029
299,0.4498860509061127,0.9443816263209796,0.6167320693618954,0.8211474836734404,0.7044094698866459,0.6827185172266864
300,0.4519858174830032,0.9437015879769765,0.6129745978151292,0.8215352808975006,0.7020938173684965,0.6740624902273358
301,0.4517231773343875,0.9444089270051116,0.6177135150468017,0.821844228110385,0.7053059029832318,0.6819292307662217
302,0.4468473198173715,0.9448167412738884,0.6192056567799583,0.8219360393901038,0.7063114563324778,0.6857059893979587
303,0.4511002794229727,0.944804546602103,0.6192653465809685,0.8186198578769442,0.7051229241869111,0.6815376661109368
304,0.4535148520049431,0.943976469337102,0.6152903319199319,0.8214119620409626,0.7035651587550719,0.6741463397785284
305,0.4503487097702438,0.94460419968017,0.6182201783967575,0.8228138785805559,0.7059932280440302,0.6848454416378515
306,0.4519253297032212,0.944383294848707,0.6164084219617884,0.8199135791494976,0.7037441953511164,0.6806146580171375
307,0.4475093967408585,0.9450396442188028,0.6208588627786882,0.8216894540310847,0.7072944095421294,0.6816318550167142
308,0.4520376828505839,0.9451433538599322,0.6210617861560299,0.8195715968914493,0.7066400179779506,0.677642125314881
309,0.4521481008838406,0.9440963904760272,0.6153674333364623,0.8228862615354603,0.7041558919603628,0.6880360478819744
310,0.4515477221646755,0.9453731437732028,0.6216426301120375,0.8215635961852625,0.7077560301928777,0.6872832682969642
311,0.4496800304531193,0.94486232023296,0.6212368232402551,0.8208034943042698,0.7072109553418795,0.6740722238821586
312,0.4504994199001532,0.9449151706770658,0.6201946069169549,0.8214200780733247,0.7067634753426711,0.6847148253513152
313,0.4478895670647244,0.9447360957670646,0.6187445216213239,0.8240000414561894,0.7067716968265142,0.6824701158129879
314,0.4479246575840943,0.9454323799407096,0.6222473002991945,0.8216056900679867,0.708163401628928,0.684750966457723
315,0.454126335734086,0.9445261084627068,0.6161517053107567,0.8225344882045486,0.7045400586569979,0.6875254739800566
316,0.4473897146878482,0.9449642102862386,0.6201424583732444,0.8238871597693695,0.7076411761397363,0.6864522560088278
317,0.4449410402088714,0.945760496261619,0.6257545604900648,0.8226941839196028,0.7108358365641144,0.6832159933417694
318,0.445217517961701,0.9455863445383692,0.6238252321943446,0.8230548152233651,0.7097234662012862,0.6763641800698014
319,0.4479379480262454,0.9444276653267908,0.6159908084694189,0.8243871780469084,0.7051134202975846,0.6830423896534086
320,0.4468001790827127,0.946134665321078,0.6257909526139098,0.8238878326744983,0.7113045412385073,0.6883800388801213
321,0.4457986340891543,0.9449020009808472,0.6193031707310689,0.8247031466956155,0.7073947911400548,0.6807431427819393
322,0.4490704990977006,0.9447663489899736,0.6182450611582188,0.8235677852806186,0.7062868347113925,0.6866004006828662
323,0.4468726554362894,0.9454641094330072,0.6230715123094959,0.8237911697695154,0.7095086718775031,0.6907145641107961
324,0.4473312082264921,0.9454127283919204,0.6207416007669996,0.8238394328959787,0.7080134605590217,0.6842004311587977
325,0.4467331770298292,0.944420043656925,0.6177528471647544,0.8232972295125128,0.7058661122546294,0.6912486856876242
326,0.4449163262578223,0.9454701381052072,0.6222860867397435,0.8238316146345468,0.7090141433387073,0.6868602949405156
327,0.4469931649861576,0.9450384014059688,0.6192645288273425,0.8268788383875837,0.708168700088897,0.6870470289233168
328,0.444937843320181,0.945536027784516,0.6235704646537826,0.8245781885442592,0.7101240650100594,0.6833899758076363
329,0.4434667654174695,0.9453857641598816,0.6215920586686738,0.824853922599393,0.7089413009395555,0.6863757225030344
330,0.4421931796794315,0.9456797408928872,0.623544143940295,0.8236219148925843,0.7097521652302241,0.6827242369398383
331,0.4437564656460028,0.9452721944125112,0.6231186835971182,0.8243274588838162,0.7097381048696351,0.6903333673583456
332,0.44329796442025,0.945479998211448,0.6215132170238489,0.8254032021442248,0.709092788927504,0.687042192985144
333,0.4442219157441914,0.9459913641948616,0.6262022979605133,0.8223277481735648,0.7109877036479734,0.6740581320226138
334,0.4454919241315169,0.9453483767793236,0.6224051877696904,0.8246524868642182,0.709395340529627,0.6806673816269379
335,0.4450196482294755,0.9458463533427024,0.6248178879438208,0.8240439752707142,0.7107336168806855,0.6851530160916746
336,0.4427529228248184,0.9455777890422854,0.624664605918753,0.8257631031867658,0.7112729303172479,0.6827079357925724
337,0.4455821185017661,0.9454369804081062,0.6216512248386468,0.826072513194827,0.709429535680142,0.6809677836512447
338,0.4419839732724128,0.9462623591899926,0.6272909064390944,0.8243056189145758,0.7124285706674319,0.6829981379612156
339,0.4451161269232523,0.9455417268709922,0.6234370812632707,0.8226850700284731,0.7093347936054798,0.6870851662829668
340,0.4443863510227889,0.946038783340892,0.6257472851367595,0.8251551865593799,0.71174820896464,0.6834952437683224
341,0.4424512389538099,0.9456407811137711,0.622905015702885,0.8244383643081112,0.7096405723174043,0.6873369908229251
342,0.4439485814931581,0.9459331785818498,0.6244756673713814,0.8258008297044342,0.711164423177656,0.6840442769751375
343,0.4437121868991165,0.9454968345488456,0.6217977869698859,0.8269954477461694,0.7098651856191464,0.6898965292199005
344,0.4459321816190541,0.945978476019782,0.6258357061236121,0.8261475588426043,0.7121743801401038,0.68867620074961
345,0.4447142605086882,0.945933933882467,0.6241256048165109,0.8260525031556826,0.7110306179744355,0.6820611434277317
346,0.4396622468241685,0.9468551328472165,0.6304778143955615,0.8262462363302358,0.7152074148490895,0.6873408448809026
347,0.4427941243211142,0.9459961088560124,0.6246552836185413,0.8259488322297613,0.7113357757835542,0.68542773337628
348,0.4366990737349009,0.946459678043087,0.6272767907713925,0.8277019209206424,0.7136849501620922,0.6754814928418743
349,0.4412186209032004,0.945894308065534,0.624957607875884,0.8271443456010698,0.7119750102355498,0.6804217245283217
350,0.4420515754454427,0.9462623042590386,0.6257419177759334,0.8270891673084253,0.7124632271937141,0.69052813320905
351,0.439407239822175,0.947043834406904,0.6303638480214547,0.8268022357621436,0.7153422587691349,0.6875374885688122
352,0.4387576116932382,0.9464681511427396,0.6274717811740897,0.8264406678580024,0.7133417122066594,0.6873987179476838
353,0.4399756918922602,0.9465988044168002,0.6283141502602729,0.8304072667633114,0.7153615900847641,0.6798161454346959
354,0.436878253230088,0.9463406152003178,0.6273421346497473,0.825645684885359,0.7129616910154958,0.6871593562936682
355,0.4392202102023063,0.9463077527570944,0.626237166759046,0.8267696053510292,0.7126654399079424,0.690669139370771
356,0.4386398342015932,0.946312579814676,0.6270206711286285,0.8275922104659845,0.7134783828647878,0.6818828986218382
357,0.4390904753328227,0.9461865956717044,0.6270350558027389,0.8285760515001525,0.7138530725447414,0.6830461560813759
358,0.439337905791166,0.9468758143513928,0.6311009369267212,0.823825408929502,0.7146987047423038,0.6819967335306759
359,0.4396106344547203,0.9458474656945206,0.6242316362061818,0.8284664867422222,0.7119923711492981,0.6778493635360437
360,0.4411243181005656,0.9460917505132748,0.6256168403786527,0.8276945329992015,0.7126066003737442,0.6828737368115155
361,0.4368455254559894,0.9472347538038588,0.6324447569303636,0.8273960718826879,0.7169032366253899,0.6887424358929777
362,0.4383291505652366,0.9468717700599056,0.6304964214881204,0.8267994405434613,0.7154265679781846,0.6845738356694671
363,0.4384392959822853,0.9470807342752454,0.6338316271272296,0.8253935409706505,0.7170387991260868,0.681901202081456
364,0.4357426578192402,0.9470720826499924,0.6328575342229033,0.8256661267643237,0.7165177268660313,0.6870853758469576
365,0.4371304968706995,0.9469592682032392,0.6313618980841809,0.8282966984023674,0.7165442343010219,0.6858164950288654
366,0.4397501642112251,0.9464974774058,0.6286169301671775,0.8272884938623746,0.7143974392719039,0.6676013873926204
367,0.4395463758235355,0.9458172948680428,0.6254408526982265,0.8283706123382878,0.7127427931213874,0.6826352393569708
368,0.4370982560108034,0.9468023098685876,0.6281298746257109,0.8289238770617725,0.7146913425397717,0.6875091918057913
369,0.4351510122525606,0.9469139364334606,0.6307552165892022,0.827512829737291,0.7158602089185829,0.6801605522995915
370,0.4347510497561461,0.9465680430825668,0.6307691517218037,0.8285145308138019,0.7162437489639494,0.6863705221643469
371,0.4354747168237357,0.9473562748068188,0.6304725920341999,0.8313094047167956,0.7170943360078688,0.6881272359736657
372,0.4377493498136671,0.9466721441067436,0.6292392257450162,0.8281513482800803,0.7151210148865358,0.6871281988133681
373,0.4382570228345102,0.9463472069147963,0.6259506990264888,0.8302333195619331,0.7137629861350084,0.6811406439135016
374,0.4323289709554301,0.9475101089434624,0.6338368277067903,0.8293888715546324,0.7185456236134363,0.6776579501391717
375,0.4373539946705317,0.9468687625901746,0.629254526921325,0.8292510142069495,0.715540585797377,0.6814450381944215
376,0.4345073326886129,0.9473547161409994,0.6321260755958817,0.8289171941515362,0.7172685214498058,0.6794342232209668
377,0.4359278359430299,0.94715305774254,0.6322599640067202,0.8290267457082778,0.7173957265434293,0.6837040275424887
378,0.4363028413529018,0.9465821260058956,0.6282507366334823,0.827951214145335,0.7144077233315012,0.6733262771184215
379,0.4335942528873896,0.9469769971686388,0.6304398086074935,0.8296869675854884,0.7164688732200802,0.6865227469456636
380,0.4360163934368024,0.946945968046005,0.6287512357200205,0.8300404707852187,0.7155085532452051,0.6799121420022856
381,0.437334079965413,0.9464546449944278,0.6285777784240795,0.8282478153235244,0.714729579127446,0.6866804508963674
382,0.4354908418097942,0.946690278187929,0.6298665065216544,0.831801898987615,0.7168851078105685,0.6859157676175489
383,0.4341461914691993,0.9472848165020497,0.6329020660798353,0.8281713986690022,0.7174880687822792,0.6881927847494523
384,0.4322407639069522,0.9470941580271264,0.6316366718374935,0.8290332145708315,0.716996749733601,0.6821079143156531
385,0.4334351827772401,0.9470488331237168,0.6293637265877027,0.8309933178679331,0.7162591549627436,0.6848518277912558
386,0.4336797281992521,0.947238653901592,0.6325531923183318,0.8278667319814621,0.7171495477646197,0.690179767561276
387,0.4351624955805085,0.9474336381891416,0.631324512274977,0.8276970945028461,0.7162957177206453,0.6853219923418038
388,0.4328974768412199,0.9474123249789944,0.6331545336846476,0.8280760794109784,0.7176144808575234,0.6836969692189739
389,0.4324555625375226,0.947634046908398,0.6359241334034896,0.8271727700188678,0.7190489238529469,0.6739964154417271
390,0.4312546226403696,0.947673995444686,0.6346405272640956,0.8284776860563242,0.7187191174554499,0.6916642826949719
391,0.4301277359398149,0.9474050878258063,0.6331259004275352,0.8297085986133684,0.718208387803231,0.6838088748846546
392,0.4300751362344344,0.9478470554152252,0.6361851870767607,0.8299519828454508,0.7202643358387479,0.6896407658585808
393,0.4319015749924474,0.947706658763201,0.634473547660508,0.8302891840425078,0.719292637342179,0.6790362142072628
394,0.4312533310634627,0.9473598041206126,0.6314291065282363,0.8323122475060899,0.7180861254575909,0.6742167738229642
395,0.43168069668811,0.9478595453408885,0.6355673085674906,0.8310005866187511,0.7202623321959657,0.6820590353895082
396,0.4312282524091734,0.947969832963758,0.6368308644483813,0.8318395397862602,0.7213886678413571,0.68948312183417
397,0.4310675297709678,0.9476661952492196,0.6333957572914528,0.8328001805124418,0.7195383473756279,0.6847973842790168
398,0.4291195526397485,0.9484403646492504,0.6379180273780923,0.8301059598860963,0.7214317491258259,0.6867949555153681
399,0.4326394532653068,0.9482202288511432,0.6378642754313876,0.8291216286694946,0.7210254242216493,0.6820894968434941
400,0.4313671525648171,0.9475175726868356,0.6339404580179298,0.8324008473115769,0.7197404485317069,0.6891982292105538
401,0.4337595104099178,0.947684116472958,0.6332659426611558,0.8312426317445776,0.718872744033569,0.6837575814357705
402,0.4289712824409814,0.94785121643499,0.6351158600272733,0.8322266285925878,0.7204321214106295,0.6856089294030691
403,0.4308466324917704,0.9477161755509794,0.6332399690065678,0.8321291502371955,0.7191873097170236,0.6913776149309562
404,0.4306660385654984,0.94853758557144,0.6388607043548886,0.8306584038873945,0.7222430930082397,0.6845255269659418
405,0.4261609368401465,0.9482564901471446,0.638046100707284,0.8330082053444218,0.7226077719777931,0.6860067983662981
406,0.4311501285155042,0.9479586201827752,0.6351399905108863,0.8307860600953255,0.7199073242573368,0.6830099267767004
407,0.4270299836028394,0.9479895394435012,0.6352852228475786,0.8325751893457047,0.7206716800959737,0.6864880605584642
408,0.4294683945050342,0.948045514085615,0.6372402681895977,0.8298832396166004,0.720914108956111,0.689687816426577
409,0.4272958746702551,0.9483739393931404,0.6365644934312548,0.833818454288127,0.7219605243529403,0.6857715387087855
410,0.428035023508312,0.9485897631113596,0.6391243144998494,0.8340601922548228,0.7236950241905408,0.6847568102795929
411,0.427547379363355,0.948570434281925,0.6387737649139857,0.8327413454143856,0.7229736489640028,0.6844911530842751
412,0.4269927825859124,0.9489177146394068,0.6408888867913385,0.8329454422592921,0.7244036412034726,0.6891132845741357
413,0.4299228071308822,0.9476498670231466,0.6334664159515188,0.8341879862071546,0.7201015076508873,0.6862882762660665
414,0.4257043632243177,0.9484407628986667,0.6386369309845418,0.8325570803397401,0.7228165620100856,0.6895718050268281
415,0.4273944845516905,0.9484038904958024,0.6384511353639709,0.8339011846895903,0.7232034763623172,0.6858012714448849
416,0.4277054697489567,0.9481532062209086,0.6363840501023866,0.8348813578983015,0.7222424682930529,0.6864189068943249
417,0.4256287089569106,0.9483229154032548,0.6380781485004803,0.8348556407549101,0.7233225897918625,0.6909246584521788
418,0.4234781490384245,0.948606242397556,0.6398120293759058,0.8348006888523467,0.7244146429182625,0.6829759176438304
419,0.4266862908927656,0.9488078801969076,0.6407660615644052,0.8309617962968766,0.723574150858833,0.6846139516854114
420,0.4276980699823914,0.9486617638592996,0.6396294713395638,0.8326796051446556,0.7234981080273486,0.6778555710684414
421,0.4261124441735178,0.9490919487590878,0.6419244540835986,0.8321270872810761,0.7247544760023149,0.6878101074090988
422,0.4254501898297303,0.9485002874536822,0.6392416795828381,0.8345341902465884,0.7239486659586524,0.6889193532610871
423,0.4260869972783027,0.9484255950889968,0.6384312522649859,0.8341346997478336,0.7232785196340753,0.6856612152504362
424,0.4216879235325957,0.949091983090934,0.6424863183797744,0.8337900491927179,0.7257431071505857,0.6914321445482681
425,0.4259267603750709,0.94913870873367,0.6433761941242645,0.8324274371649698,0.7257930324239071,0.689588635435035
426,0.4272543544606339,0.9480330584917982,0.6338162590026025,0.8372687460975436,0.7214736641207468,0.6871917124082639
427,0.4261723139303193,0.9491252918481584,0.6433191990439089,0.8305833542337073,0.72505501397851,0.6816938818950763
428,0.4242227052827533,0.9491113943167996,0.6428759624956057,0.8326330807188388,0.7255527109568646,0.6880221132698962
429,0.426521865262402,0.9485776645687436,0.6391728820177818,0.8368295210964088,0.7247667559730537,0.6860509509529689
430,0.4249663083887786,0.9489001573332384,0.6404761039841459,0.8348406202971357,0.7248551570458208,0.6831050971631772
431,0.420752629959326,0.9490119006263886,0.6407199898085392,0.8350185143370141,0.72507839633245,0.6886548908884206
432,0.4245722715159972,0.9492808563098528,0.6434250340495099,0.8326762740640704,0.725918684641757,0.6870411738047519
433,0.4221593437434958,0.9490647030059096,0.6418853633178145,0.8360370354444282,0.7262085434158524,0.690734336951112
434,0.4223993939461468,0.9485597776768512,0.6388465248121393,0.8369233761116357,0.724592079060945,0.6865154268463093
435,0.4267531536894736,0.9491121633501554,0.6431825824871327,0.8322064020365623,0.7255858196569106,0.688075122959357
436,0.4234190270197477,0.9492399327491317,0.6407531260677001,0.833724445582849,0.7246112861361023,0.6846298500068629
437,0.4242053888470148,0.9488490715460296,0.6412641408708109,0.8337025678081383,0.7249296648411939,0.6860929293123029
438,0.4249765066791781,0.9493673862951224,0.644642094955111,0.8326051625925206,0.7266655375960679,0.6863211685499127
439,0.4243518340287449,0.9488230960711624,0.6386786454113382,0.8362567033354632,0.7242341828151988,0.6880243954605048
440,0.4218338227314914,0.9498621974622778,0.6456352287083341,0.8351160738039959,0.7282524167206792,0.6893712877318663
441,0.4207230494391146,0.9489965680238568,0.6402082460518911,0.8372904512961911,0.7256050407657934,0.6865779990413794
442,0.4239318088876257,0.949001326417746,0.6414851652870185,0.8338373591848519,0.725121845978275,0.6846169400045456
443,0.4205397423222768,0.9496338220210724,0.6460820977355757,0.8318140020806217,0.7272772902735318,0.6893037630519484
444,0.4203762364902084,0.9490515539087988,0.643136916068762,0.8358959790276367,0.7269555178772059,0.6849351161976576
445,0.4226440102290764,0.9487810601586232,0.6415358862300699,0.8336005068712119,0.725064668512643,0.6840253578183885
446,0.4202037588726702,0.949490465963902,0.645742803553483,0.8337560590999362,0.7278031618318554,0.6889408113033655
447,0.4181130664597312,0.9497274724312528,0.6453457979840537,0.8386279818730471,0.729399739428999,0.6899190143533905
448,0.4211917367341707,0.949827529163942,0.6476486685353383,0.8352112932658758,0.7295678566602722,0.6916835695617665
449,0.4155182406413469,0.9500338910253368,0.6481462794630645,0.837684029739004,0.7308261029249525,0.6891880275173158
450,0.4187372574488893,0.9502183766343058,0.6472831261553477,0.8349080304206248,0.7292202191130343,0.6877141074703476
451,0.4197539349468492,0.9500386837510724,0.6471534503610946,0.8345223551739847,0.72899080829531,0.6913102386351225
452,0.4230699959418756,0.9489068520432558,0.6431267588265549,0.8349953404353273,0.7266082378412569,0.6833610644966166
453,0.42031777655478,0.9499445183631982,0.6471313932650223,0.8330747599579296,0.7284239819320589,0.686101213212754
454,0.4199329510652761,0.9497215192891144,0.6466287813366781,0.8351107122697646,0.7288819991452986,0.6898578359759022
455,0.4176480360597158,0.9492387929318364,0.6420278714795596,0.8393600876468323,0.7275508986782767,0.682681930224478
456,0.4187906334082857,0.9495045420208614,0.6452559301487291,0.8355325455557364,0.7281692675189372,0.6878412981933526
457,0.4195140185330411,0.9502522209683316,0.6491687252447709,0.8353174341647902,0.7305719227819122,0.6870316503060543
458,0.4190486775670978,0.9501923668275924,0.6471182624979511,0.8374651033514441,0.73008895970404,0.6867484635324951
459,0.4174388372640815,0.9497289006360564,0.6451502918911647,0.8364792532822093,0.7284612218674037,0.6812460098290748
460,0.4207308223779253,0.9501930328654096,0.6487063293659514,0.8343019756660112,0.7298906828514286,0.6843757865528106
461,0.4182670499137837,0.9498349173772536,0.6462746237323138,0.8363290970418542,0.7291203508175189,0.6839527109890187
462,0.4193418915752027,0.9494991313218936,0.6431615099579882,0.8354197945508993,0.7267910866634646,0.6869875486635034
463,0.4170631893890367,0.9497752417621148,0.6461707451155947,0.838476905071431,0.7298691328463992,0.6769270146548546
464,0.4236673155276895,0.9493689174954648,0.6431041761451326,0.8352431009833579,0.7266876121044487,0.6867809208301991
465,0.425352844510147,0.9486246305344036,0.6377386374634515,0.836415499943703,0.7236888840207923,0.6885505357893549
466,0.4155769200204945,0.9498079531452146,0.6459997401948696,0.8364552863595599,0.728993309063547,0.6880760194570523
467,0.4154457863715055,0.9502132268573692,0.6490433300279553,0.8378469048752749,0.7314580894120345,0.6868704793904622
468,0.4208090748075101,0.9493778575082265,0.6422012237205975,0.8385073253357737,0.7273415565439793,0.6874310780424355
469,0.4191325137512289,0.9494842862315784,0.6439705405529383,0.8377616446023267,0.7281934273062274,0.685896152008364
470,0.4162912599260001,0.9506142365542208,0.6516282135794331,0.8343938031911049,0.7317718543319882,0.6886801559997104
471,0.4211040208879992,0.950031192542222,0.6476180901682996,0.8373537585974317,0.7303646091188183,0.6917591839852182
472,0.4195998978914974,0.9492141975971884,0.6421842527396473,0.8392819125483161,0.7276219200631938,0.6888102915119636
473,0.4153237895999881,0.9502146687949116,0.6495088222322278,0.8371275461588845,0.7314791136883674,0.68594225926829
474,0.4183233873449641,0.9495712968626956,0.6440291232293152,0.8392825007305522,0.7288048773516913,0.6802638145626015
475,0.4169073041608865,0.9502214390349906,0.6474513051079189,0.8399820066517818,0.7312562414384396,0.6870005539983313
476,0.4165876542063926,0.950189153366784,0.6476385713572916,0.8400903977251561,0.7314167517074774,0.686558818153784
477,0.4148505633469108,0.9504996643169402,0.6511770128550254,0.8364382515196681,0.7322718112753502,0.6904329305910313
478,0.4149244383727903,0.9502066008110446,0.649436744258048,0.8371586530123067,0.7314452756117212,0.6818067101215937
479,0.4145130972853667,0.9500322774285634,0.6467180691466275,0.840246744198583,0.7308885148295606,0.6755664341085753
480,0.4146227072254359,0.9503072480514893,0.6487966718788006,0.8376659648519744,0.731232493454914,0.683386272685701
481,0.4149612236580403,0.9505366122498664,0.6506834113430927,0.8385794271661346,0.7327782688740154,0.6893699654173804
482,0.414074136306056,0.9505723311026972,0.6513929132614888,0.8385476871140203,0.7332158351550665,0.6877836466109947
483,0.4126769436134709,0.9509572391636608,0.6536457551432077,0.837259914000667,0.7341462307972357,0.6912594222426465
484,0.4161782635630464,0.9504957504864684,0.6503168966418025,0.8367508984434634,0.7318472625611429,0.6867235216501245
485,0.4148128392885057,0.9504992386020468,0.6502965863111996,0.8365492078786508,0.7317572491923967,0.6909143702940987
486,0.4136865394149753,0.9505204350839168,0.6490935771867493,0.8404238697165376,0.7324704213187476,0.6900043695043031
487,0.4106823049432082,0.9510696828264744,0.6546451784765378,0.84031417023836,0.7359499379363598,0.678340874577742
488,0.4153512557633489,0.9503083123387228,0.6492320433451229,0.8370974351677098,0.731292067027656,0.6906161336649269
489,0.4159747146659617,0.9510331468757032,0.6521837636406375,0.8383824243421659,0.7336533047453562,0.6873136023519641
490,0.4138311225947716,0.950365982974041,0.6488909379272312,0.8399005317397916,0.7321426202530661,0.6799639649246528
491,0.4126044874139827,0.9512381285968788,0.6543779126927068,0.8374802274014913,0.7346925936185836,0.6920361648986664
492,0.41239854125239,0.9509276725776769,0.6529311349466819,0.8402118854252701,0.7348264599726729,0.6889843032788372
493,0.4112850487661019,0.9510686322719796,0.6533676804006227,0.8398762893643005,0.7349743700512956,0.6883809842715346
494,0.4110217358139779,0.9512566059965266,0.6560082480510644,0.8380810655735413,0.7359507715344036,0.688618213780327
495,0.4108626915396546,0.9510874529900896,0.6529818508446263,0.8384008513737146,0.7341650655668789,0.6923293015846217
496,0.4105937279385628,0.951103218173884,0.6544562209183065,0.8407071708085582,0.7359811522282127,0.6798887020409842
497,0.4140384488826175,0.9508754057749572,0.6521275876121511,0.8379345759083289,0.7334462506891228,0.6921857114782585
498,0.4109084844160423,0.950560994727068,0.6507435990266454,0.8403104559683149,0.733476628274742,0.6873264967850917
499,0.4079070549002654,0.9515538236558176,0.6574580475951833,0.8397990929258757,0.7375255152433002,0.6866448726531076
500,0.4119159748657144,0.9510798244538544,0.6532458893564747,0.8395834247823174,0.7347851704362882,0.6922670060630868
501,0.4113401635516461,0.9508200353733371,0.6533381348348938,0.8372113185771326,0.7339334902169743,0.6835160269416941
502,0.4140980821504867,0.9509608508738856,0.6531611061347256,0.8385985210972373,0.7343541514917873,0.6902265757818402
503,0.4103401698868909,0.951357026646786,0.6550265367673721,0.839588326183324,0.7359121700749729,0.6845611958866284
504,0.4093256638847666,0.9514701226146782,0.6564795040434762,0.8409588457382068,0.7373555593145866,0.6880369861192388
505,0.4103783479483007,0.9512915489496324,0.6550800186468747,0.8386671071543523,0.7355917942248834,0.685535086636652
506,0.4090675326774446,0.9514324331138732,0.6550385827222085,0.8403546965821793,0.7362140208216023,0.6901685399169611
507,0.4086727949140741,0.9514687150089824,0.6540449278654059,0.8404831903361932,0.7356352294756492,0.6858325155009034
508,0.4134120971178837,0.9508242101258402,0.6519835107217619,0.838309947901733,0.7334988417794998,0.6867269219372886
509,0.4081169275714339,0.951335225924422,0.6555492854576525,0.8389957560807473,0.7360140418847395,0.6878142250139302
510,0.4059445893378566,0.9516618247777274,0.655475672800388,0.8430321945747545,0.7375164414708247,0.6882972863324505
511,0.4076896518897667,0.9513005095615016,0.6547125284597517,0.840577507999156,0.7360934831503486,0.6919579233987617
512,0.4097067761978657,0.9517058656700872,0.6567251710753605,0.8385763838377189,0.7365928528946065,0.6926012550643508
513,0.4071547920755345,0.9512463545072386,0.6552733945999812,0.8412925745524407,0.7367221392732194,0.6901983809856774
514,0.4106783689998036,0.9514597543971132,0.6560092514349839,0.8397395585803737,0.7365901487416174,0.6874671595366717
515,0.4075320446662765,0.951421240931998,0.6547664395007073,0.8428605924770834,0.7370016931423293,0.6846782951229465
516,0.40873218794092,0.9518337929955564,0.6559477454257763,0.8409643576025411,0.7370221314088578,0.6886322513606495
517,0.4112587551847636,0.9512714098886264,0.6537405073838466,0.8409905143674512,0.7356367902546375,0.6860870824770197
518,0.4072934393402483,0.951410021284646,0.6551398800623132,0.841100999081866,0.7365642996921311,0.6909271317052179
519,0.4080668949394775,0.9517528659675932,0.657002440196265,0.8416278468140073,0.7379425784821882,0.6895903087942892
520,0.4069283992695294,0.9517182594665808,0.6567435905177155,0.840805265979972,0.7374630442405767,0.6887874260946409
521,0.4089596330476321,0.950938095726196,0.6511931574115907,0.8431404057822912,0.7348389630079184,0.6921762558425166
522,0.408446481116384,0.9514368138574536,0.6546923649371562,0.8402581228804785,0.7359582569578488,0.6911386524406821
523,0.410156957858758,0.950948875925916,0.6530668886672546,0.840288848838399,0.7349418632284925,0.685385323206029
524,0.4066576081857407,0.9518113605672214,0.6576705651782067,0.8430143454273223,0.738896909127728,0.6881193222321739
525,0.4070062421851878,0.9516636718310552,0.6571368527124588,0.8414451407592729,0.7379571006958998,0.6875698121636108
526,0.4082384306749851,0.951335308320853,0.6536589910838834,0.842723931013167,0.7362474756612924,0.6861166006973352
527,0.4084775535751589,0.9513049589687746,0.653739163973643,0.8436543233146019,0.7366532266749054,0.6858112503806238
528,0.4054057443742271,0.951551537154858,0.6554418881933289,0.8442039561349459,0.7379430778567785,0.6879371086073882
529,0.4067075366167713,0.9518512953707708,0.6571876634743337,0.8411362952807743,0.7378703294824355,0.6878446840471572
530,0.4080053156228374,0.9521999490021024,0.6615411101011467,0.8391738478286284,0.7398446932603697,0.6900483892553333
531,0.403808950734653,0.951731278102676,0.6572930332548462,0.8432250826564325,0.7387394612816336,0.6853857256848584
532,0.405703113983861,0.952135810246952,0.6590061508242243,0.8420682445767768,0.7393746163282042,0.6854895393998202
533,0.4050308119693248,0.9516720213360614,0.6560705032902248,0.8450750567066799,0.7386742932147232,0.6878375426029221
534,0.4105066400852135,0.9516426882066318,0.656209805888253,0.8420557941228511,0.7376065621533854,0.6895748789908571
535,0.4080964841430993,0.9515703098083832,0.6556182005119334,0.8425580010672984,0.7374250904591747,0.6863118924173858
536,0.4079017961839978,0.9512467458902858,0.6543141727907292,0.8407597987828078,0.7359114836000802,0.6907053183292351
537,0.403261978206017,0.9521516646935468,0.6598805560880184,0.8428382309645386,0.7402217438593446,0.6908274430226832
538,0.4040630157474134,0.9520688219485636,0.6586008635468708,0.844059152990203,0.7398853778316032,0.6889645251958423
539,0.4048105496511185,0.9518411537433908,0.658272400304176,0.8431905717310446,0.7393443486853103,0.6891343787829721
540,0.4032208383512154,0.9522196554818456,0.6603330521043768,0.8419489715899925,0.7401629326016208,0.6895965877826806
541,0.4044975060567581,0.952146720907688,0.6597929036163791,0.844269613750722,0.740718013326714,0.6864400286585033
542,0.4036327640144087,0.9520899360340028,0.6580566767980085,0.8437522505718636,0.7394240264965678,0.6829868163239481
543,0.4039723638364737,0.952388266045112,0.6580733304395172,0.8453933369503823,0.7400640411192299,0.6905205341603602
544,0.404945360242034,0.9522062454627032,0.6581952564868556,0.843259989640591,0.7393223695453124,0.6863203573438423
545,0.4056063284762471,0.9518607915594416,0.6582922353827255,0.8419182873105306,0.7388673295908703,0.6890770984691524
546,0.4059477026085202,0.952200992690228,0.6601544986506751,0.842925361714765,0.7404276834997425,0.691221138081701
547,0.4017068676168112,0.9522616364634308,0.6604276947793468,0.8441318127111357,0.74106477594706,0.6884484269172214
548,0.402641156916138,0.9525132545645424,0.6609357459166143,0.8458298511656036,0.742038688275377,0.6799119941459589
549,0.4020271437416831,0.95192192971123,0.6577725511251986,0.844629956136122,0.7395813017074361,0.6817319748670919
550,0.4030392977187959,0.9522912442476305,0.6601194041937164,0.8447553462101004,0.7411107079576312,0.6890583792903255
551,0.4029195357998498,0.9522995800198982,0.6590608081788812,0.8453144070535722,0.7406577702649731,0.6863943208887638
552,0.4022830332354676,0.9524709027990176,0.6600696085207751,0.8430175797929393,0.7404098553914601,0.6888153487584272
553,0.4023242464168466,0.9519906208691924,0.6603499509728985,0.8424851869397305,0.7403806816278848,0.6859159874191895
554,0.4014463203845264,0.9523502400922136,0.65985310294222,0.8451167279812217,0.7410818261580863,0.6902855142903495
555,0.400246474811499,0.9530831288803224,0.6646333216888913,0.8457665209250596,0.7443388119040677,0.685371981076981
556,0.402593203692985,0.952113844731726,0.6590652089231078,0.8459900491839883,0.7409197841859447,0.691885172458698
557,0.3989793000032576,0.952789289474702,0.6626057764974098,0.8464352736959692,0.7433235851473274,0.6905691037326859
558,0.4002873399060407,0.9528529338512663,0.6632775873660243,0.8451203997564452,0.7432380904374052,0.6876765831570817
559,0.4005120390181919,0.9529059971528188,0.662683822605241,0.8440492001861947,0.7424510407424821,0.6913726907973632
560,0.3987404919571156,0.9528950109620212,0.6623975897225025,0.8472196741242878,0.7434947698933676,0.6910424675523594
561,0.4008456078364695,0.9524227832833242,0.6630765134285966,0.8438295935741217,0.7426124059552823,0.6838207250747138
562,0.397408210545135,0.9523639041670182,0.6602016594302755,0.847652656987083,0.742275543028597,0.6858975574699095
563,0.4019797669469023,0.9528387067341834,0.6632533965660692,0.8452681991132034,0.7432800507157098,0.6861557701278793
564,0.3997436141153033,0.9525422031772944,0.6606825614165692,0.8461954166273996,0.7420196770571406,0.6882779281315754
565,0.3983018846927786,0.9530618500020216,0.6638177990024272,0.8447905920924415,0.7434494395908431,0.6918657274285684
566,0.3984900204826602,0.9528452023194924,0.6632988669593707,0.8465946699344027,0.743821033232012,0.689857298119692
567,0.4016207130692845,0.9534231926837242,0.666665361698658,0.8426068349599776,0.744381022378838,0.6929886784186269
568,0.4014835216158585,0.9523926742541696,0.6599724773040332,0.8474531291969756,0.7420541865059641,0.6865478907653604
569,0.3997635143480713,0.952996516498622,0.6653311912142066,0.8463316368046127,0.7449952802179668,0.6902886777875439
570,0.396744259720226,0.953400224678588,0.6647569688419462,0.8477928655933025,0.7452001946739926,0.6897151207269998
571,0.3969981787230471,0.953001906598482,0.663575931137423,0.847384542256723,0.7443000615315004,0.6878420912378175
572,0.4002717492177332,0.9527867832499262,0.6631305705257663,0.8460920248252828,0.7435211861629787,0.6876711976795631
573,0.3958939126284002,0.9534267082647796,0.6664690018452222,0.8456219846330869,0.7454324443126013,0.6879688453451037
574,0.4000009302612688,0.9532326646698166,0.6645394176886991,0.8462693181736767,0.7444745407643398,0.6905326742222784
575,0.3971310337241605,0.9528489925553176,0.6611952798019796,0.849971297143972,0.7437922704385759,0.6883645576487547
576,0.4003785379070172,0.9531217796728224,0.6655509577769985,0.8428368045827195,0.7437753826140617,0.6863758449432785
577,0.3989051623310116,0.9525885649024602,0.6623613052349299,0.8478276636307158,0.7437059195559281,0.6903733532924949
578,0.3983702429121347,0.9525397175516264,0.6622603433886763,0.846315462530215,0.743059999545745,0.689586929702173
579,0.4000723088602368,0.9530382571572836,0.6639067081918886,0.8468032242388273,0.7442836364835524,0.68683453571549
580,0.3998341012558491,0.9526886971652112,0.6636521634836076,0.8471635656004589,0.7442627480137227,0.6907238385903287
581,0.3986421221022983,0.9533248525433472,0.6642591138282011,0.8477187912779176,0.744858679704399,0.6897251358361209
582,0.3972852440189114,0.952764893264762,0.6621660013186266,0.8483515372469022,0.7437842074508577,0.6902942983326251
583,0.3968407181527117,0.9536282087367464,0.6676754578093921,0.8482182877728585,0.7471955541231083,0.6892004743637478
584,0.3965079609653075,0.9534711405401866,0.6661013003581225,0.8478619069641864,0.746070863573806,0.6894884856917832
585,0.3956390613917824,0.9536749893104364,0.6685275285760557,0.8475947950540434,0.7474864590275052,0.690277027854591
586,0.3949940041672412,0.9531724809433536,0.6651133276527226,0.8494991736337402,0.7460828716703064,0.6903203725040199
587,0.4004057220203413,0.9532338182198504,0.664560908620498,0.847411220798165,0.7449295657127775,0.6908705801994207
588,0.392895505046673,0.9535193493186804,0.6687893790115779,0.8466207912639852,0.7472709426844762,0.6845251562508514
589,0.3971604833499991,0.95318576050148,0.6657854843848936,0.8458719599203092,0.7451017089681845,0.6866000558435472
590,0.3953089857701775,0.9534304298369122,0.6655721714663742,0.8473195959200372,0.745529000209662,0.6898117805226451
591,0.3971553994811696,0.9534213181649194,0.6657621800718829,0.8476099310404992,0.7457605851152044,0.6872355089226456
592,0.3956042826175689,0.9533292332869276,0.6662233439750749,0.8488118428061574,0.7465150238805912,0.6850629854837843
593,0.3978599282048589,0.9538626746474752,0.6678987543301615,0.8464160312381941,0.7466350038930536,0.69111875668022
594,0.3939772680294599,0.9536370663530768,0.6665932909694362,0.8503931603903317,0.7473585210920951,0.6904116147738817
595,0.3918405751959025,0.9539799110360242,0.6691525670841375,0.8489670665681838,0.7484107040988224,0.6916805657846277
596,0.3946847677659645,0.9534814538267978,0.6665856868830902,0.8506682504666554,0.7474599552365395,0.690226068834493
597,0.3929837614083462,0.9533358318677756,0.6659482045179792,0.8507844049262446,0.747103798473933,0.6863818451715232
598,0.3935546343275111,0.9533431994819792,0.6663782126088602,0.8493370922233218,0.7468153572294347,0.691089955828294
599,0.3925413232055499,0.953730126255502,0.6677912321399437,0.8486289931543068,0.7474273839340662,0.6869753187697346
600,0.3993333890069303,0.9528484638448856,0.6629189093220265,0.8468503934665118,0.743680691028567,0.6908563760309743
601,0.3949419577344716,0.9534990454648126,0.6662494916055283,0.8480791252320518,0.7462479144151555,0.688572625433159
602,0.3948169934878246,0.953709183829294,0.6677649149874034,0.8481035489971377,0.7472070403891775,0.6917045581998555
603,0.3932126035793222,0.953911686791171,0.668858463185178,0.8514287801265195,0.7491812457052838,0.6876129388829278
604,0.3902779438083978,0.9539578493916288,0.6701067544022791,0.8496927804616871,0.7492894402092231,0.6873267877333878
605,0.3935741812205143,0.9537834230136089,0.6669819522305596,0.8507254632045612,0.7477311166694782,0.6870952773621616
606,0.3936640719930045,0.9534152070962882,0.6650385090844055,0.8497080748623903,0.7461163434890608,0.6897778327490824
607,0.3937971215668342,0.9536351987006412,0.6678190113148829,0.8488001328114286,0.7475111568957749,0.6874277031134067
608,0.3954856620846892,0.9537918892468922,0.6689436819925342,0.8470305895460183,0.7475268834954115,0.6897934115206933
609,0.391781966034457,0.954193098068452,0.6707533511831991,0.849373423989056,0.7495691541674858,0.6921312763277303
610,0.3921747517457111,0.9543751186508608,0.6724047331835304,0.8504121815328314,0.7510044976432565,0.68946254931348
611,0.3918640083975072,0.9541255673268928,0.6706631723566202,0.8511066755174915,0.7501869008823696,0.6897608964571712
612,0.3909199313937331,0.9543149417907668,0.6712100659060544,0.8501832080455618,0.750169646303603,0.6925619525075193
613,0.3939459557584721,0.9541599403713508,0.6688258302716692,0.8514839757401603,0.7491821400946792,0.6872445991821482
614,0.3904403080399945,0.9544498384810228,0.6727665950010009,0.8506622088204646,0.7513276843507067,0.6909557073393784
615,0.3921648506209147,0.9539290312398928,0.6691303975544839,0.8493649774318804,0.7485514073731742,0.686638643173143
616,0.3931151003503113,0.9535654501218148,0.6673563806834243,0.8489532949470299,0.7472805949741821,0.6751261893710838
617,0.3950591287810168,0.9536263960152648,0.6669338520783432,0.8505813500216247,0.7476452235745701,0.6844388405021093
618,0.3934354652389348,0.9540217066256398,0.6715359817774689,0.8480171800439421,0.7495283006517123,0.6843236966189616
619,0.3928380743633929,0.9535721860300476,0.6668655939806799,0.8509866181844983,0.7477588292943224,0.6881571600171978
620,0.3913273971072203,0.9545538708415072,0.6722945158316782,0.8485623762017834,0.7502136918336754,0.6879467093783644
621,0.390347711688323,0.9539805427419952,0.6704993514161716,0.8527655638750358,0.7507279288697444,0.6890888403865436
622,0.3929777219355535,0.9542137521071514,0.6703625033023821,0.848296011942845,0.7489054746657211,0.6892846661047521
623,0.3898956709199672,0.9539965207832364,0.669062019927256,0.8513996071155939,0.7492976222095445,0.6913003992010576
624,0.3870896284314368,0.9545589038901662,0.6733529134051643,0.8496826172725799,0.751310464248485,0.689358890321142
625,0.3940813123322219,0.9535436974640356,0.6645694115254468,0.852682776635138,0.7469646714081023,0.6864350553684764
626,0.3900113505639618,0.9539954564960028,0.6703291839586902,0.851477572706812,0.7501218718759318,0.6867130777093244
627,0.3886499758675801,0.9547449481649546,0.673509296997737,0.8522085150206323,0.7523938612052082,0.6858042185563299
628,0.3903565671589735,0.9542978582640764,0.6708822127704166,0.8516745076614817,0.7505444895320688,0.6889708780656273
629,0.3880862612947285,0.954446611287476,0.6723327032420163,0.8513615104671655,0.751329473615558,0.6904527068188362
630,0.3900671826420928,0.9545581691886568,0.6736336055361756,0.8494742816870379,0.751403663500602,0.6886730029235109
631,0.3877027217003939,0.9544981571214246,0.6718304240797549,0.8532106315538106,0.751734333064254,0.692728013799738
632,0.3912347575529016,0.9540382202436825,0.6708037196387672,0.8485281031347985,0.7492712247174206,0.6892895414795842
633,0.3874780677205367,0.9545373846889412,0.6737362039328716,0.8516305774778391,0.7523100141100919,0.6912140774902336
634,0.386894323199773,0.954857501689676,0.6733395478109577,0.8533283610905688,0.7527239282895687,0.6935879058922463
635,0.3876860257532957,0.954870788114172,0.6736171685266042,0.8527126567511425,0.7526576181566507,0.6919899242444588
636,0.3869897783231392,0.955208373158275,0.6776041871694609,0.84836218793061,0.7534291451740911,0.6898541693520442
637,0.3930179410272365,0.9539439930584852,0.6678365975145686,0.8490475849435675,0.7476181198459071,0.6932043542000946
638,0.3887017258851648,0.954465480070171,0.672940820560758,0.8514795525692467,0.7517550393532954,0.6841811030319866
639,0.3879729985333175,0.9547145026837068,0.6731015510888795,0.8544407059520842,0.7530074691405438,0.6896768706100688
640,0.3856440780402945,0.9548807443495824,0.6749383793594688,0.8515655913404492,0.7530334819556082,0.6911582016047766
641,0.3890418637570717,0.9548179445364356,0.673493823476178,0.852991217676852,0.7526890878024555,0.6885324702923564
642,0.3863947252146631,0.9545908187744332,0.6735092485572757,0.8524281233413952,0.7524794075741082,0.6888752286131762
643,0.3858946497491795,0.9544336338495965,0.671043359433228,0.8525774350843668,0.7509958229430972,0.6880197609575228
644,0.3843876244567281,0.9551197695294922,0.676608897203919,0.8513024828366572,0.7539689037249951,0.6888522278585447
645,0.387815689118646,0.9550581919300716,0.6758743694537174,0.8510403781648894,0.7534099462578778,0.6876663046643628
646,0.3839872498735249,0.9551253106894756,0.6749544756047359,0.8559927029192068,0.7547694839182567,0.687061772861435
647,0.3878201425289936,0.954724651177456,0.6741145584940447,0.8518780197503221,0.7526424222003116,0.6874913923345973
648,0.3895694565215556,0.954077880392462,0.6688149942006687,0.8537419153445248,0.7500480153882452,0.688257969505728
649,0.3885522089201769,0.954811881532389,0.6721905409258536,0.8519059073653228,0.7514525650025317,0.6863548641948972
650,0.3860262966842102,0.955647745260118,0.6801472957416086,0.8523221992865223,0.7565627124403245,0.6900264668866897
651,0.3883264750885449,0.9544999492437986,0.6731468352962274,0.852056288632915,0.7521083391304959,0.689019755801305
652,0.3849028175254519,0.9552683989582454,0.6759683716712451,0.8524914112376748,0.7540364981292957,0.6902563626588285
653,0.3866451546657,0.9545380507267583,0.6722550360202608,0.8528257888298592,0.7518505538159501,0.6896553332197872
654,0.3839671890512645,0.9550599771860762,0.6761438335963454,0.8527474686480505,0.7542458272800154,0.6884700384255894
655,0.3848909004557904,0.9552394503454936,0.6762744988312007,0.8532407688936333,0.7545200568337176,0.6891148027094521
656,0.3817102846910628,0.9551820268994684,0.6751169584082343,0.8559495373100716,0.7548542794133875,0.6879206368755431
657,0.3844881554087289,0.9554049573098596,0.6759175811344823,0.8555348120616679,0.755192944049944,0.6859814195252254
658,0.3840084566915636,0.955298837573124,0.6770606590632722,0.852642294066404,0.7547747128090714,0.6899720866526505
659,0.3859049190076992,0.9548386878379352,0.6735746044978793,0.8558017743491593,0.7538318881587381,0.6927589001196475
660,0.3845567767568629,0.955374127311934,0.6784647129077034,0.8520402107932287,0.7554098102524058,0.6918122392415593
661,0.3848401432414706,0.955228594615712,0.675563676809192,0.8539671012880337,0.7543609623049509,0.6861894288847331
662,0.3845905469690295,0.9552545357587326,0.6775851667428151,0.853811641249056,0.7555587164391806,0.6911112682409658
663,0.3856093800968403,0.9553242431393436,0.6770339500690841,0.8530656691416095,0.754923944030786,0.6924384922764135
664,0.385358816749758,0.9551627186691416,0.6774164974749807,0.8527850375555809,0.7550517235998377,0.6870735054814836
665,0.3856327306452415,0.9551548910081984,0.6763039301568691,0.8537054150651623,0.7547200011657245,0.6865661939014543
666,0.3878087795895638,0.9549366571943728,0.6745766817999743,0.8535552899565471,0.7535847765423801,0.6888995009151274
667,0.3853550473991916,0.9551170229817928,0.6764114546614566,0.8526037536077353,0.7543560614814933,0.6916934728931212
668,0.383848839204946,0.9554477965876012,0.6782839443468638,0.8547750380286027,0.7563703562467178,0.6921210148706315
669,0.3857237470450161,0.9554786746501118,0.6771694341103486,0.8536468559444456,0.755235702840982,0.6871785834217631
670,0.3839137690316001,0.9549303470010336,0.6739675652429291,0.8547994036176534,0.7536885405846787,0.6898818825420966
671,0.3834824390548596,0.9556588893774082,0.6784629661990326,0.8532325175592081,0.7558769623062473,0.6901273509283501
672,0.3819858421095841,0.9555228528698568,0.6783200927275729,0.8566645449558064,0.7571317123379685,0.6886842751944662
673,0.3832332351439291,0.954997829678008,0.6759733994375047,0.8553998768531685,0.7551752033122258,0.6899923474814958
674,0.3848006115328494,0.9552783483272864,0.6772982130775016,0.8535369765635111,0.7552727725805756,0.6863174785547664
675,0.3823143518228325,0.9552113188306826,0.6777396884861763,0.8542753757159894,0.7558363367930484,0.6839435267550154
676,0.3852457280853669,0.9551001111143336,0.6765028870709228,0.8529878864411455,0.7545632543946905,0.6911645463239642
677,0.3878263132177668,0.9546648107694552,0.6721885566424449,0.8547968409733967,0.7525738696041975,0.6874472391280122
678,0.3818493279621755,0.955762447958414,0.6791585963253379,0.854468633419338,0.7567937063476907,0.6924796120596982
679,0.38377600726035,0.9555821714337944,0.6796016652329386,0.8543962991419537,0.7570403105487139,0.6929096719907328
680,0.3796687324484475,0.9560236789764738,0.6820943141602517,0.8552091434889514,0.7589045497675362,0.6908268274805347
681,0.3780944548922477,0.9561040223630506,0.6817170698264585,0.8558707987704015,0.7589312389934918,0.6914977248264728
682,0.3797783254505061,0.9557772587168832,0.6805852826204579,0.8547736122776208,0.7577985087676744,0.6930807543975417
683,0.3834508926533966,0.9556366766728892,0.678158946804185,0.8540056330634836,0.7559913188088371,0.6879088664210252
684,0.3827429049306636,0.9551919694021402,0.6761501650572163,0.8547847366345944,0.7550456131415817,0.6863378457785052
685,0.380768192328995,0.9561398579441583,0.6822978039490587,0.8555687290984962,0.7591720769611675,0.686420082114892
686,0.3841891610365119,0.9550842017367848,0.6758977889861885,0.8533403000367341,0.7543244262456946,0.6808181462396108
687,0.3825048688504335,0.9555538201951674,0.6794117996703312,0.8508151450829283,0.7555138809828946,0.6885696481086311
688,0.3813229978298969,0.9554647153214296,0.6771317346006771,0.8562041358380541,0.7562113465804574,0.6862179112101594
689,0.3801751358689164,0.9556495579815996,0.6788137306692005,0.8552802245215542,0.7568975264006913,0.6900809926062499
690,0.3823427346756132,0.9556263427871704,0.6776785449936128,0.855443786633869,0.7562552428995944,0.6890660281132669
691,0.3791075912739733,0.9560375627750942,0.6810107364051012,0.8575590800583647,0.7591555929048679,0.6882062333534784
692,0.378542049968843,0.956270092369695,0.6813762901855686,0.8573706608762609,0.759308786696458,0.6897207677629528
693,0.3837469593226481,0.9560673010203096,0.681974424193223,0.8513753187048956,0.7573173640720675,0.6947900770521722
694,0.3807605662577444,0.955750170890198,0.6792364428887173,0.8560891277724513,0.7574770394704681,0.6921165122024973
695,0.3801561724796569,0.9564746827078237,0.6832591457585622,0.8555872762363356,0.759774104975723,0.6913061597459838
696,0.377393008457671,0.956235499601421,0.6835241305823051,0.8566156383150062,0.7603432769503535,0.688681836450521
697,0.3790756611944103,0.9561149124246788,0.679934831447457,0.8585530595262526,0.7588751698893373,0.685478225564412
698,0.3776912320432045,0.9556548313531824,0.6780889964747274,0.8569034765518135,0.7570810003322765,0.687471539208901
699,0.3783539203431109,0.9556285606244376,0.679249230925532,0.8568706927819326,0.7577907819462615,0.6899467212526098
700,0.3790299921370239,0.9562381156881048,0.6823050322393994,0.8569225439640039,0.759709055405806,0.6895827486939952
701,0.3770851121960784,0.9558328625750576,0.6806498601628996,0.8565052810139709,0.7585183617895659,0.6903762805379577
702,0.3782266663561622,0.9564617396017902,0.6827642579438309,0.856732101629444,0.7599187279505153,0.689846657479639
703,0.3794763060353642,0.9558227415467854,0.6794315802071857,0.857398573600503,0.7581106686193684,0.6878773963785051
704,0.3794649750423088,0.956256854009784,0.6828310474366028,0.8552178643203917,0.7593637700549959,0.6894643932234258
705,0.3764373352416127,0.956281586671817,0.6831130833426758,0.8570942149394554,0.760277233506801,0.6908333753599303
706,0.3763799497978293,0.9558629304059968,0.680990331464014,0.857073370654059,0.7589525426897844,0.6913069490942882
707,0.3804738110989975,0.9561621736442162,0.6817939872606731,0.8559357480841598,0.7590044376613183,0.6896496880097432
708,0.3779873854393581,0.9563642989557846,0.682941181058545,0.8570078510700155,0.7601367860560988,0.683231804013896
709,0.3786458694677558,0.9562651554502052,0.6829309892098029,0.8583948201798066,0.7606755432326417,0.6896292578587927
710,0.3794203803693647,0.9561362736994108,0.6817934972151112,0.8567653583860756,0.7593301326890753,0.6865774959247929
711,0.37730755351430223,0.9562099017768626,0.6818979948634944,0.8575463166014338,0.7597015487187568,0.6908194384574619
712,0.37750496559863467,0.9564772232644455,0.6833850979113573,0.8563367855733676,0.7601474062701512,0.6887023353949555
713,0.37648542021675935,0.9564123910060011,0.6830492739369047,0.8595352245784152,0.7611964357693825,0.6825085236293658
714,0.37776723203899193,0.9562739993337974,0.6820284417785764,0.8564854372507155,0.7593658219615275,0.687502169212127
715,0.3782548543146188,0.9561338155392198,0.682767543944371,0.8550249152903893,0.7592484381339293,0.6898949526179974
716,0.3744404610755632,0.9562920784840288,0.6826020123124444,0.8593874314869262,0.7608607081558262,0.6893140545643898
717,0.3763265030847179,0.9568674321624691,0.6853519647476239,0.8589434985430493,0.7623911723204659,0.6882471380887293
718,0.3776649538990405,0.9568232058781394,0.6878954299619335,0.8554549514490075,0.7625793322474224,0.6888113392745536
719,0.3759582960348335,0.9565671383697547,0.6853437553920574,0.8555439590325646,0.7610440453220308,0.688849844405032
720,0.37770062063237747,0.9566384387480312,0.6838528754103387,0.8594503891746553,0.7616618630916585,0.6878744500850082
721,0.37481325382380176,0.9566149900970476,0.6847948053022089,0.858242092281719,0.761770152621063,0.6872240093184013
722,0.37902129929271533,0.9561940061320523,0.6812493940624561,0.8568843484044821,0.7590392525891858,0.6805963696408902
723,0.37530378364830563,0.9566575409872806,0.6840995273910226,0.8589554814590693,0.7616203382846011,0.6831437274800636
724,0.3737442737860645,0.9567046236812177,0.6841629256891111,0.8577241272226764,0.7611751421177257,0.6887074665335219
725,0.3756528979153942,0.9565978516394034,0.684493859954641,0.8588711503310563,0.7618314850677622,0.68566500940973
726,0.37623918195851414,0.9564056001668143,0.6827773207948268,0.8565848003960715,0.7598688664568906,0.6844067027178087
727,0.37261238179618505,0.9565659230223977,0.6836973718272529,0.8590877164075845,0.7614229854256105,0.6905875343211533
728,0.37410448673817753,0.956970626825905,0.686426614605083,0.8584425940431029,0.7628579045567666,0.6924949367963149
729,0.37470329944178354,0.9571048300128671,0.6878920582720697,0.8582720010746695,0.7636944990507518,0.6868957890786203
730,0.3749191248588425,0.9566817518052508,0.6844238785707102,0.8593867302109559,0.761990876001769,0.6882596819685488
731,0.37507310563283003,0.9568050511978463,0.6864729568922211,0.8580348632435926,0.7627254741068871,0.6887257095315621
732,0.3746978599819348,0.9568891436220328,0.6863890732541893,0.8575581467084087,0.7624853155213738,0.6887334256589319
733,0.3730994675228064,0.9569564065751912,0.6853875913065473,0.8605701807970807,0.7630533433835788,0.6876184376782782
734,0.37802678057186895,0.9563995577618757,0.6833271463158958,0.8598649583891299,0.7614982819593829,0.6838813927874333
735,0.3773268010976503,0.9563292255416631,0.6829071525957963,0.8592694310600122,0.7610039559630201,0.683206864995183
736,0.3744224487877578,0.9561001497307944,0.6803685577071535,0.8592689033806161,0.759424941586752,0.6876617966940363
737,0.3720046303255095,0.9572287405123256,0.6882724283365403,0.85866751743473,0.7640854824055268,0.6922131546029605
738,0.37450858650447655,0.956423384063168,0.6832658376802965,0.8594623996059607,0.761302324321844,0.686731326950958
739,0.3729829095679221,0.957186725198894,0.6866629184063817,0.8593697984489765,0.7633698399262089,0.6891895881138701
740,0.37377156788925475,0.9567156716693385,0.6844421603451317,0.8582069764257494,0.7615380879123972,0.6902214624913319
741,0.37374437251965775,0.9567011492983779,0.6851165566708437,0.8600379544393946,0.762676143667183,0.6902442344102945
742,0.37136034688932434,0.9570371482111845,0.6863520144593742,0.8584157689334537,0.7628012424717222,0.6860244623395158
743,0.3711641369749316,0.9569943432652893,0.6877101533790326,0.861202613231177,0.7647400086084778,0.6869305906526114
744,0.3734778531378122,0.9566692618795878,0.6861342231090702,0.859604395730769,0.7631354836544783,0.6895174629783681
745,0.3697354793548584,0.9573635410734124,0.6901421700839,0.8607872296438924,0.7660768655893818,0.6909736700612978
746,0.3759300628368803,0.9567547687758395,0.6840895516789434,0.8609028332053346,0.7623786873883932,0.6887456686497605
747,0.3730370342302665,0.9570791223264006,0.6865234663404663,0.8588127899697647,0.7630638718272674,0.6887239020159123
748,0.3699740470527745,0.9574734510459733,0.689787162874375,0.8595125474551352,0.7653531690623094,0.6894063196939677
749,0.3705594077599134,0.9572222929916013,0.6882015079549326,0.8600715824822175,0.7645971032750113,0.6884272420903856
750,0.36993896403758647,0.9573396873066431,0.6892673932651814,0.8590380353217925,0.7648450963092828,0.6867696072955052
751,0.37053722250375815,0.9570692072892057,0.6863800504791011,0.861372922100048,0.7639839176236858,0.6875883090483563
752,0.3732298510752136,0.9571603583409797,0.687427280199672,0.8588900344319043,0.7636523691139039,0.6880574601551169
753,0.3739611352090355,0.9568807254533341,0.6865691287371832,0.8578784761482856,0.7627230293450954,0.686604655621117
754,0.3739225310172966,0.9570530713214718,0.6876932068436314,0.8580724117936939,0.7634929402694965,0.6893024295437756
755,0.3727627397655583,0.9570392493201745,0.6873670538810919,0.8599329093131287,0.7640270981325765,0.687132818206509
756,0.3715147743765399,0.9571533683770848,0.6890388543606465,0.8614579935539808,0.7656617035456745,0.6915551758538557
757,0.37538163288891746,0.9566312153275819,0.6847409710456767,0.8606123955685215,0.7626690181892294,0.6905284213208056
758,0.3709808461528888,0.9570836266646277,0.6860382641296828,0.8608233036447386,0.7635560120670556,0.6885016732606649
759,0.37234085294411334,0.9575104882416997,0.6896875475049746,0.8597940929569556,0.7654034276314051,0.6865522852150948
760,0.3703475147485733,0.9570288536371323,0.6858904016670361,0.8622871660807325,0.7640396076218064,0.689464586500386
761,0.3691794842267208,0.9577640426589394,0.6910960046823548,0.8608796142116449,0.7667007840215175,0.6902562135459042
762,0.3700695747522999,0.9574550766418642,0.6889434678576388,0.8619976004569359,0.7658158369474702,0.6896385375013826
763,0.37064134549322747,0.9576124881568863,0.6903943938960455,0.8593253062190352,0.7656524904504584,0.687502434862297
764,0.3692127177826792,0.9573945701960463,0.689163733015756,0.8611331173656555,0.7656104231150362,0.6893777645243059
765,0.3656620570867182,0.9576100162639568,0.6905724226862602,0.8626387987254066,0.7670747634665455,0.6878828056703611
766,0.37172694782987775,0.9572202193480882,0.6876740107610794,0.8608494029775817,0.7645783800938787,0.686837441411195
767,0.3698366270434085,0.9576934838485417,0.6892844269426561,0.8634158030516592,0.7665859198357626,0.6871679317534798
768,0.37138798725690775,0.9569721236944011,0.6870317777116296,0.8601097993590356,0.7638897089168474,0.6886161486122737
769,0.37223636878908967,0.9572613145680405,0.6888351447015462,0.8591784889237111,0.7646345301962514,0.6896919044088261
770,0.3702178936210468,0.9572744087341974,0.6875086920581213,0.8622347326850464,0.7650219563456077,0.6895106855877048
771,0.36837179208402154,0.9576667118748418,0.6917105926039195,0.8614256761578293,0.7672955386128694,0.6882349529058487
772,0.36705912574589683,0.9574976275320972,0.6891376549989593,0.8627529972543949,0.7662338535359036,0.6868450472686444
773,0.3698626524038452,0.9572883749292489,0.6887676362480312,0.8627046582526654,0.7659860254689029,0.6848011179437479
774,0.36839473279688856,0.9575875838356219,0.6903722822887781,0.8628363696595863,0.7670293530961549,0.6885097079191168
775,0.3699633860759598,0.9573026295118089,0.6890198334063912,0.8611467386707683,0.7655269996208588,0.6882499223553583
776,0.36917364886767573,0.9574246723588319,0.6889597030878042,0.8603136348050693,0.765160558696292,0.6824168311884112
777,0.371522731167807,0.9569521974908419,0.6857613547627414,0.8618165028243351,0.7637747589063713,0.683873501052403
778,0.367080177548978,0.9575184188981818,0.6892287660816159,0.8636238402374627,0.7666334735741492,0.6879113673301751
779,0.3644162041785048,0.9576604360133487,0.6909220710060179,0.8620455475234979,0.7670556525324377,0.6915926910771173
780,0.3694233018502915,0.9574055769859517,0.6888265410235899,0.8626647703474122,0.766006725872308,0.6849010748007165
781,0.3685120384898975,0.9579444015799901,0.6922633152823741,0.8628590399359997,0.7682040678060779,0.6877454637653724
782,0.365732084075324,0.9575543231429822,0.689936152461984,0.864939635504137,0.7675894484307163,0.6892965082799476
783,0.3685358018755055,0.9577276028373376,0.6917962529085558,0.8610728005316072,0.7672082015796265,0.6906167323551123
784,0.3695905825002588,0.9576923508976157,0.6909294825905244,0.8615637179949865,0.7668694119478776,0.691661639782078
785,0.36591570615339625,0.9580875310469752,0.6928781574434142,0.863847502440726,0.7689743687372277,0.6878590933413044
786,0.36723569517941784,0.9579961259395391,0.6929319369938606,0.8619041724927774,0.7682365030044259,0.6864141683156513
787,0.36367197613493146,0.9580217031649897,0.6924959706468974,0.8625260565319793,0.7682152513427334,0.6906308471895516
788,0.36667674318920795,0.9578769669676004,0.6918948742564452,0.8636898551608229,0.7683060555074016,0.6890163468617211
789,0.37005447387266505,0.9575490017068146,0.6887325631662709,0.8615390486559069,0.765504564133985,0.6888760535156481
790,0.36469512588257413,0.9580672958567998,0.694799102345078,0.8612803058255494,0.7691339917653718,0.6911524282904673
791,0.367297772452128,0.9577551781762396,0.6906154207027986,0.861534951054783,0.7666645365025119,0.6899689921657749
792,0.3691030374105028,0.9571416337520391,0.6883938814118564,0.8625516721924064,0.7656945689149894,0.6883564832641588
793,0.3679599074794234,0.9577957103539135,0.691778090138605,0.8617544513682003,0.7674674750716491,0.6900628197759371
794,0.36412749423397534,0.9581964247968873,0.6944769924442618,0.8633448591201606,0.769758288602603,0.6883131562560577
795,0.36310606508803883,0.9586281820952336,0.6950262276284939,0.8630234786303683,0.7699676721451494,0.6856626227605431
796,0.368290425633355,0.95804920297383,0.6928019005964645,0.8614912571036433,0.7679925467236716,0.6853509766205155
797,0.3675547848931319,0.9576862398289846,0.6894920442555822,0.8637862252634565,0.7668603133695143,0.6879000494091383
798,0.36716836991069984,0.9577630813672446,0.6913306800342884,0.8617780378317282,0.7672014071898597,0.6887753234887473
799,0.3660175531244964,0.9579114430075971,0.6922760889670461,0.8623902894189583,0.76802609874655,0.6896152162633175
800,0.3652583689783975,0.9581060427784692,0.6946542285087925,0.8620511723556608,0.7693523665239256,0.6917362854483013
801,0.3650199908146755,0.9583398495177502,0.6938508274538808,0.8657196108806783,0.7703150221211776,0.6904410298283292
802,0.36393739508210327,0.9578982458459016,0.6926897886996386,0.8633389873014977,0.768656865365834,0.6904447724257449
803,0.3626343117986652,0.9582782719183295,0.6946343956801955,0.8642826967229656,0.7702276043551699,0.6849109205478124
804,0.365109297011396,0.9579344110127335,0.6917418414736808,0.8652948861555118,0.7688459332341705,0.6900281265922759
805,0.3633007753452809,0.9581674761841356,0.6942477928152636,0.8648644619643105,0.770220671362719,0.6855019818838112
806,0.36508598194705494,0.9580755698317442,0.6950602095625968,0.8647394830262061,0.7706707587455529,0.6912558473507332
807,0.3631200974793743,0.9583214888463797,0.6947315702759718,0.8637643165689655,0.770081390735187,0.6905633921750759
808,0.366058247338096,0.9579527098867807,0.6914615218074509,0.8632244174878598,0.7678547213825776,0.6899117938178344
809,0.3620197470132396,0.9583297696876933,0.6939186409456071,0.8653635625047487,0.7702158158265192,0.6887314740632094
810,0.36204615481894653,0.9583454318759492,0.6953044943312885,0.8637194651359914,0.7704153900953252,0.6937259721978225
811,0.3595476706358169,0.958831083306527,0.697656997169276,0.8650281347460967,0.7723794366869088,0.6898745434571173
812,0.36619577562208655,0.9580204809512635,0.6924859289865233,0.8631684415659769,0.7684637557600624,0.6896344554021989
813,0.36210131859607836,0.958429503701028,0.6947021360474873,0.864610354731855,0.7703993443684826,0.6890386302843755
814,0.36215499375792715,0.9585031867094337,0.6958657429741564,0.8659555031498277,0.771648831231328,0.6889816694363318
815,0.36220356907775936,0.9584790033569405,0.6962622828599934,0.8648475729763787,0.7714521091968223,0.689339432972342
816,0.36500637319019374,0.9580808981342811,0.692952531305625,0.8642824439226185,0.7691924684537846,0.6851031561062771
817,0.3596830715378411,0.9589808594189447,0.6988766125760119,0.864174846921667,0.7727852925380991,0.6913320941957136
818,0.36302042918668376,0.9587265222356107,0.6968134655575554,0.8658540254526836,0.7721908180896445,0.6894867059457265
819,0.3603860176295685,0.9584341659657477,0.695407191920561,0.8645533442258783,0.7708100294111667,0.6917025451876315
820,0.36187145306909685,0.9584489698578474,0.6946328315194245,0.8651671054672515,0.7705776387825499,0.6881615263935674
821,0.3644869135652515,0.9584476103167363,0.6958059641270901,0.8640838993494373,0.7708681808259956,0.6907178491352786
822,0.36709707096326266,0.9579979386610207,0.6933008027928438,0.8634312221363526,0.7690694992810544,0.6872789627795636
823,0.3613737075448894,0.9584426527981389,0.695834898218504,0.8648409276762677,0.7711870574272452,0.6911992910436902
824,0.3638372900460264,0.9581377997362436,0.6931413126308966,0.8670344770294418,0.7703970533157259,0.6878253181214677
825,0.36222372638235845,0.9581992743401254,0.6959142858422048,0.8647086103577971,0.7711831942284059,0.6924997157411618
826,0.36404975187435423,0.9587042202682916,0.6980179079531428,0.8632972607926017,0.7719094260823923,0.6884219561048444
827,0.3604363070117484,0.9590712345709936,0.7002280308320519,0.8650971977608126,0.7739801240039137,0.6921271243385041
828,0.3604131805167781,0.9589191170266622,0.6990067682265465,0.8645230480192563,0.7730040777915047,0.6923043256622501
829,0.3642327218390197,0.9588572785052101,0.6959351867909451,0.8667564287637881,0.7720093857927942,0.684556889098988
830,0.36390213727307835,0.9588863232471313,0.6969031589764182,0.8642504351166687,0.7716074326811396,0.6877036532518067
831,0.36294506050699904,0.9581886726660057,0.6926515449197559,0.8663717373562011,0.769832919337205,0.6899892272168106
832,0.3605925463300815,0.9586528872917897,0.6966023291484731,0.8666767100568266,0.7723880378402947,0.6877008174707548
833,0.35763317571698333,0.9588187787728337,0.6989447850847126,0.8648814708685275,0.7731094058290684,0.6920225998613676
834,0.3604670056550623,0.9589005572305834,0.6978327695914313,0.8674349779386289,0.773445378978232,0.6910940797305734
835,0.3607717743344444,0.9592145837617948,0.7002856354566298,0.8651275033818941,0.7740274416072738,0.6901508225077755
836,0.3636343993728967,0.9585079039051074,0.6937911237191144,0.8651238920066289,0.7700423321820482,0.6867870077332556
837,0.3619336228576496,0.9585461221163446,0.6960383653867158,0.8668954064926163,0.7721279974273392,0.6850758641506179
838,0.3586436890119271,0.9590123691874262,0.6979199127720821,0.8673315617663954,0.773457783339205,0.6850048049637119
839,0.3580342142058791,0.9590494201158911,0.7000741299581079,0.866271947716486,0.7743557937146053,0.6844028682449176
840,0.3604317682681324,0.9590089085373249,0.6972365044041453,0.8660594643318321,0.7725322467313752,0.6775175209892399
841,0.3584212348829928,0.9590685223551405,0.6986600279487761,0.8678028774301098,0.7740996362153895,0.6905446884425305
842,0.3608500546903061,0.9587040829409066,0.6960432741526149,0.867579572506933,0.7724022804165825,0.6890793939044727
843,0.35871982070610675,0.9593768703989833,0.7005044519403166,0.867211575437246,0.7749943979129355,0.690934657939037
844,0.3601637961838743,0.959155848839243,0.6997388304028254,0.8659497365169921,0.7740219461525472,0.6890895216918478
845,0.35869087289563184,0.9588759138313505,0.6972323622524512,0.8687817767848698,0.7736108575392123,0.6850537097529494
846,0.3605487736866628,0.959463455315207,0.7020743298058624,0.864509829015029,0.7748707982252746,0.6913402915707205
847,0.3594209053319135,0.958940663693364,0.6982283470641665,0.8657171185726883,0.7730042332134841,0.6908213881984111
848,0.3586486277820395,0.959233129825135,0.6990919157662838,0.8683869788102586,0.7745971173754955,0.6896973105967441
849,0.3608390986919403,0.9587587117746478,0.696419150647027,0.8653483547093497,0.7717476053684074,0.6872945015179805
850,0.3621286132352815,0.9585574172937584,0.6940756292796743,0.8673723874603214,0.7711073685350637,0.6861724983217217
851,0.3545852123404578,0.9593890032734455,0.6998531517905497,0.8678756730728481,0.7748604420988449,0.6893095251099081
852,0.3595478830577658,0.9588142744346067,0.6968215130517235,0.8671445967596666,0.7727085723380128,0.6886367797867383
853,0.36204457947676133,0.9592623187608104,0.700149293910183,0.8660288172510027,0.7743046088859009,0.6895996598019561
854,0.35900016129016876,0.9592643374733695,0.7011123960494854,0.8658073524976682,0.7748045399130843,0.6921659786621399
855,0.35906301267284285,0.9593635290435334,0.6997516750042413,0.8683639728278789,0.774992769620903,0.6925248402582055
856,0.3555765447856711,0.9592326560456569,0.6998259170663895,0.8682932831064581,0.7750101434451971,0.6883163052550583
857,0.3584602359387514,0.9590300706873488,0.6991535133083195,0.8646051709860837,0.7731266326328586,0.6905436303377541
858,0.3542716749709287,0.9595457693497581,0.7034475374556424,0.8682095272021098,0.7771922611359849,0.6909242868622959
859,0.3566454121534773,0.9592139932540394,0.6991736512921717,0.8678891224679062,0.7744491373713769,0.6882472666059186
860,0.3575593647982577,0.9590731434216447,0.6988610481790097,0.8673916081510041,0.7740592885881913,0.688353326762259
861,0.3568655114165313,0.9589327811014667,0.6983160587302399,0.8679038235118579,0.7739285961867558,0.6870875917151568
862,0.3594419992656159,0.9591082099693968,0.6991483835054105,0.8668236988830047,0.774009185315623,0.6867480911744285
863,0.3581581258302112,0.9591643562707419,0.6979050213444786,0.8678466430835325,0.7736533752128661,0.6851186542349246
864,0.3575413890665384,0.9587631543155515,0.6974345153369746,0.8701122913577102,0.774262486606572,0.6883958438378062
865,0.3564224654822041,0.9590305581995655,0.6982336150399047,0.8681156969308105,0.773962176518923,0.6902770904606278
866,0.35671245730180534,0.9593259768701133,0.6996843129824183,0.869785284209066,0.7755169263718947,0.6886978084429677
867,0.3575743382140029,0.9592516346902598,0.6994959051321435,0.868588839965733,0.774925384229263,0.6906236816507528
868,0.3568981849461151,0.9592170693874628,0.6989745233992324,0.8682464367820789,0.7744691460387633,0.6864489681268332
869,0.3558129222272969,0.9596047171297566,0.7017472579670063,0.8684179709706827,0.7762366898294522,0.6903983424133718
870,0.3580124936729884,0.9597212668813808,0.7041275279543816,0.8657409152609489,0.7766154076746942,0.6921936009153099
871,0.3554908464924037,0.9599521828792081,0.7047074362007074,0.8679857593945558,0.7778707517458834,0.6923205838580705
872,0.3549152410609259,0.959548666957581,0.7003733008785066,0.8705144217334706,0.7762299625056178,0.6899040085609582
873,0.3556974368344108,0.9599985514707433,0.703630938984716,0.8684809083592365,0.7774129278034911,0.6875945669794041
874,0.35518391634062896,0.9598778338329853,0.7038329823364758,0.8677828506621638,0.7772563485017118,0.6882053774234572
875,0.35806289304503436,0.9592457364790753,0.6993639385808429,0.869100503816598,0.7750479194067097,0.6862248049144944
876,0.35350131506113697,0.9596630812683689,0.701478347832904,0.8704502122367594,0.776882604287796,0.6884980341863279
877,0.3547460919232677,0.9594605714401226,0.7018471199446762,0.8672589906470023,0.7758343692922121,0.6904845631799764
878,0.3550659301255247,0.959548776819489,0.7016782712548547,0.8691646016352196,0.7764925768663987,0.6881245786129295
879,0.35624899784866854,0.9594545976988764,0.7006972301414498,0.8682576452387893,0.7755299232815906,0.691040381742565
880,0.3536237557586148,0.9598165171555961,0.7040995779285019,0.8670394176850991,0.7771204072253727,0.690443976674015
881,0.3535248191236592,0.9596542854493616,0.7021855061676975,0.8705209535495858,0.7773442941255378,0.6869351335413784
882,0.35540807311483424,0.960001552074105,0.7032926530033307,0.8697054202375839,0.7776963528887778,0.6917777081412265
883,0.35463979105940824,0.9597443584811635,0.7024037087707272,0.8690899407088091,0.776906731772508,0.6894080859843309
884,0.3561101762725295,0.9594149856146817,0.699943812377566,0.8686448387819526,0.7752224646145357,0.6888951865235301
885,0.3522082855589956,0.9598156725921785,0.7034769984149496,0.8692710476020745,0.7776352848439742,0.6903890306777816
886,0.3540476735332887,0.9600371953968739,0.7047926697099163,0.8689392296301589,0.7783053768224806,0.6871945819910983
887,0.3535550838108543,0.9592661433284818,0.7007181498595991,0.8706607673748628,0.77649992039345,0.690902049711204
888,0.355501172461098,0.9596540931910226,0.7010949358880855,0.8707630357826844,0.7767719040122592,0.6918829002833319
889,0.3533178246278557,0.9598456717594253,0.7030930437641789,0.8696747224192187,0.7775620289501717,0.6921997771367977
890,0.35481483537516145,0.9599237561105193,0.7040835169442735,0.869370254421558,0.7780454404180288,0.6890579896316403
891,0.3548662197246826,0.9596460526726326,0.7015067137292056,0.86906874351896,0.7763492743468026,0.6893025025438224
892,0.3532179754843815,0.9595120486103788,0.7027115302532133,0.8679675941863385,0.7766460085073288,0.6913703645711565
893,0.3578368638702434,0.9593314630991429,0.7008352587518781,0.8694632019099496,0.7760950970161117,0.6891008797851125
894,0.3549597045714907,0.9594851118438168,0.7032308896135339,0.8682454551786585,0.7770744063334108,0.6837277316065875
895,0.353238898751547,0.9601687550316754,0.7065320094914891,0.8675423758834973,0.778802404571202,0.6904219671818146
896,0.35114403862318544,0.9603434079998805,0.7053434947688948,0.8707017728071681,0.7793479590568174,0.6894252130976788
897,0.3530923818512786,0.9594920194112808,0.7030111360221977,0.8694466172375344,0.7774207641861591,0.6894239098627573
898,0.35114253457072825,0.9600605273195804,0.7045310513457484,0.872354009234004,0.7795120933485786,0.6892168599813782
899,0.3561615728431468,0.9594690857379907,0.7002362461017002,0.8712798301405356,0.7764498585602679,0.6903225446435758
900,0.3535686985408659,0.9598786371981873,0.7049263578596398,0.8687924521909989,0.778327989914843,0.6898524062475755
901,0.35550806580258787,0.9591455767508472,0.698800381406182,0.8686179970316068,0.7745099789207968,0.6892060127853613
902,0.35117035777234346,0.9599418970580739,0.7045861810280227,0.8695514933674782,0.7784248809803552,0.689277690449422
903,0.350293483987129,0.960261773735885,0.7057402482865339,0.8708273430800305,0.7796404146393608,0.6903150773408413
904,0.35110395868047534,0.9605383579555842,0.7078747263488963,0.8708873417149106,0.7809652273356299,0.6907315734068279
905,0.35204302760765704,0.9601081867885343,0.7039583317692985,0.8711686786319147,0.7786882526294522,0.689490884318446
906,0.35343442685741316,0.9596966646803634,0.7034662110279797,0.8708299413061282,0.778251840801463,0.6910310433069257
907,0.35018005270323305,0.9598611691548191,0.7035620597990834,0.8719940202021572,0.7787750836332403,0.6852281939519399
908,0.35200468949276764,0.9597920385492251,0.7045213776291046,0.8689219778734774,0.7781330122406482,0.6845379503114268
909,0.3494619547034339,0.9607795597745458,0.7089008840565152,0.8717069109104122,0.7819192107622058,0.6864757533924213
910,0.35032928954783105,0.9601750583586455,0.7058229803878405,0.8701655223093422,0.7794255114627998,0.689645605886943
911,0.35371561777248656,0.9600064409290099,0.7055379705870226,0.8710214819322637,0.7795947405829563,0.6902502784998144
912,0.3507051085182231,0.9595372138536745,0.702337752958662,0.8704559763070662,0.7774116631738593,0.6871685282904003
913,0.3535551793283696,0.9599343509182697,0.7029662930408285,0.8721453674857933,0.7784702651102711,0.6901240264652837
914,0.3522736333685813,0.9601297815198209,0.7044499080191056,0.8727119813449771,0.7796052886283256,0.6900409628410916
915,0.3518850512856202,0.9602719771605882,0.7052338116668762,0.8711347694359898,0.7794543754419052,0.6900856615782464
916,0.349435276264767,0.9604690488243897,0.7070868715731635,0.8725302216121341,0.7811445791697201,0.6869466267051846
917,0.34931679981217967,0.9607984491563485,0.707685671143163,0.8698597988828387,0.7804368587394341,0.6880107755896353
918,0.35148879167416114,0.9604553298186311,0.7071651878597421,0.8703736368573869,0.780326831609722,0.6879013251117286
919,0.35036234300342395,0.9602639366421982,0.7054560949237129,0.8713631052534974,0.7796815429741707,0.6870108245420016
920,0.3492320093105165,0.9603727205302024,0.706466332129527,0.8714917227298767,0.7803497170817711,0.687347121999587
921,0.3484729577740319,0.960339858086979,0.7057108709980623,0.8723472736930259,0.7802310154436061,0.6907157045329504
922,0.3479396259184364,0.960613949814641,0.7076287555444432,0.8731205883813121,0.781711835302231,0.6863650477581309
923,0.3462080984450073,0.9604301439762276,0.7071298379058442,0.8734426965720895,0.7815362838138549,0.687461297448423
924,0.35132691328474086,0.9603053065169205,0.7066653434471382,0.8726217940248856,0.7809239563125072,0.680944364347292
925,0.34816215021147146,0.960360608254848,0.7067594823973177,0.8709657031730025,0.7803174788489564,0.6904833655827819
926,0.35202751142515554,0.960430707018506,0.7060493528393891,0.8709471863120564,0.779877040927177,0.689563809051342
927,0.35107405767809574,0.9603660052210773,0.7049266746609706,0.8743142761062297,0.7805363139358366,0.6887876174824081
928,0.34917604714203226,0.9610175138008529,0.7107453728212659,0.87302956836708,0.7835731074106668,0.6863768164956675
929,0.3512937056718113,0.9603999319515342,0.7067021761152634,0.871012338640194,0.7803012641177081,0.6878197466032828
930,0.3476521273096688,0.960685373787564,0.708900504423597,0.8707112723814784,0.7815181796719544,0.6889194713363176
931,0.34707021659655535,0.9607701597150445,0.7098669091096235,0.8733304672080477,0.7831599630744291,0.6885792325229564
932,0.348111885807497,0.9610478631529313,0.7101124191778881,0.8709783312855263,0.7823618343215356,0.6887869858217294
933,0.3498055416045429,0.9605567117605854,0.7089048481163845,0.8729542637614611,0.7824230427572454,0.6910036793511277
934,0.34828571342735837,0.9604839076474435,0.7072169416123287,0.8725027173913044,0.7812129194253512,0.6914201984786406
935,0.345234764780072,0.960773929351762,0.7077952612743713,0.8740656913787936,0.7821920799837367,0.6870569534566153
936,0.34685960026096097,0.9602667243881131,0.7048799172804093,0.8731618851527855,0.7800481285475419,0.6921120249598095
937,0.3461218761454383,0.961060538470564,0.7097048285650999,0.874197431884314,0.7834096257321712,0.6891181136946517
938,0.34992112637423783,0.9604241771013506,0.7072267308851907,0.8733370353982001,0.7815531517061117,0.6892972648622638
939,0.35055103490678524,0.9606896996001906,0.7075605024589106,0.8729951958917508,0.7816199329058258,0.6900521367821918
940,0.3456413922764415,0.9607817913445516,0.7097355231461662,0.8724063277520747,0.7827082774804474,0.6886285997935214
941,0.3475336622741583,0.9608198996938808,0.7088323094605403,0.8728628343738719,0.782342136085205,0.6891301050939823
942,0.35125002286417023,0.9606166345650171,0.7088297998452217,0.8711589355562179,0.7816554638496162,0.6902967402464821
943,0.35110715460434233,0.9601218371306003,0.7052707930367504,0.8712848367685894,0.7795370314519775,0.6900373907515147
944,0.3486315198510671,0.9607233036112928,0.708677927051543,0.8713992162676588,0.7816597978522243,0.6906252016970966
945,0.3486254463950507,0.960528683241313,0.7068752514754314,0.8736968052870832,0.7814824339177638,0.6901553067476596
946,0.3458584341213857,0.9608053773229202,0.7093898543151811,0.8740085509512552,0.7831418758126193,0.6904033379095644
947,0.3481328239758238,0.9603746225144842,0.7058420204841209,0.8742492808407901,0.7810711675686437,0.686515396919544
948,0.3473546224103557,0.9605949917691459,0.7078296551225708,0.8743574054572645,0.7823298725902488,0.6895988746206162
949,0.3461700260317583,0.960801284966848,0.7076073854796849,0.8735134303459536,0.7818561977576973,0.6894928843743582
950,0.34837447224761087,0.9606397810957539,0.7075204045069351,0.8731908155051319,0.7816738581677369,0.6901913208846336
951,0.348587549740462,0.9608294233480285,0.7112715572315743,0.8731139269299292,0.7839267762247716,0.6852272313087198
952,0.3464294029868764,0.9612261209649918,0.711255367859898,0.8746676408410353,0.7845425676131986,0.6883726382794568
953,0.348026072593044,0.9611892004975426,0.711175504989352,0.8724806130839923,0.7836131007510696,0.6922788916915893
954,0.34873927073727407,0.9607494919436066,0.7078764409677876,0.8738498091622879,0.7821551836789851,0.6895542266238996
955,0.3497188485783639,0.9606193879790859,0.7072023245501242,0.8723570725728748,0.7811456165370632,0.693505320819504
956,0.34889885793915754,0.9604175579213952,0.7079125112888782,0.8710351289325945,0.7810476419053571,0.689931241119144
957,0.3507526478857445,0.9605986309448475,0.7091361198172038,0.8704670659291927,0.7815629179932502,0.6899161498485238
958,0.34467977682034745,0.9610860470323223,0.7097438584994735,0.8743539092179995,0.7834962334637425,0.688910483748539
959,0.3454566965643451,0.9609975395327089,0.7095072694172779,0.8744601131134007,0.783394675814792,0.69160409945494
960,0.34475545531554186,0.9609703006459002,0.7098009175137724,0.8738504271032839,0.7833287762941258,0.6913138478739693
961,0.3461389355093455,0.9609765009773316,0.7098430137504947,0.8753609733959912,0.7839607728889183,0.6901060032872701
962,0.3442236421991595,0.9610995737797419,0.7104136606839982,0.8754153406909002,0.7843304874106408,0.6915766893832586
963,0.34618752787439083,0.9611637537331076,0.7128055737018295,0.8708955277079249,0.7839600360315584,0.688183262935215
964,0.34343764368149876,0.9611585490252172,0.7100321276055831,0.8748292692994666,0.7838627258955844,0.6869312039183924
965,0.3441753450700705,0.9613993800602395,0.7130989932333213,0.8738381071288597,0.7853280061324239,0.6897304938023433
966,0.3451577897766511,0.9611628061741513,0.7099499620202987,0.875040804351759,0.7838975456465408,0.6870858092711255
967,0.3445312463336711,0.9607100377859046,0.7080076193691229,0.8762566868857938,0.7831981171182943,0.6904504898052792
968,0.34205771082168,0.9611846618274693,0.7115261413580335,0.8761196878442414,0.7852910887220245,0.6933455433717476
969,0.342451842729565,0.9612589078781535,0.7111044822604227,0.8749832446099592,0.7845776707100862,0.6852037378081403
970,0.3466504652508729,0.9608572390098542,0.7084246238577686,0.8748801913091897,0.7829025270582144,0.6890342707610854
971,0.34307104006088035,0.9611704415767557,0.7112444972415243,0.8752883565826797,0.7847855474513724,0.6848801145278509
972,0.3477684702697418,0.9609603238113821,0.7100806129526313,0.8751988856720824,0.7840406208906786,0.6936085058214748
973,0.34506916871173776,0.9613947452609968,0.7136297708141278,0.8742981002375032,0.7858356343131785,0.6879217114211273
974,0.3448398588158244,0.9615557616198743,0.7134378847263961,0.8727063016378165,0.7850758375946444,0.6904719567485228
975,0.3428892708725209,0.9612291421674611,0.7102926372129554,0.8758052540087814,0.7844131525522506,0.6920983180550829
976,0.3410512648469253,0.9616753188412294,0.713953872479478,0.8750478181382271,0.7863349448314856,0.6906954214628389
977,0.3454698355292245,0.9606170396808028,0.7067473540626036,0.8754472254417653,0.7821035645264727,0.6877434346615124
978,0.3421187915390344,0.9611284743279088,0.7114216704883985,0.8749583832444732,0.784760692308134,0.6912310435074522
979,0.34527265618173336,0.9611359449376512,0.7121096351646076,0.8748540999839687,0.7851370767505518,0.6854561976204293
980,0.34382816988358395,0.9612411995118616,0.7103564316183535,0.8760533750664333,0.7845515664327423,0.6809117605361907
981,0.34435291025492787,0.961195702949221,0.710095133332523,0.8761411369650665,0.7844273506047098,0.690376270725971
982,0.3463952740748152,0.9613723196990311,0.711416391006508,0.8750831397989802,0.7848076561741651,0.6895382714132732
983,0.34318109842941913,0.9612661930959261,0.7102420954404898,0.875428693226141,0.7842312716229061,0.6895237002802326
984,0.34476578525073237,0.9613191259364628,0.7127625351894132,0.8737488567107797,0.7850879021828107,0.6921904418576545
985,0.3443324467261061,0.9614190590745058,0.7118137458459539,0.8758642971655415,0.7853635678371901,0.686426110356956
986,0.3393690663275959,0.9618473831882277,0.714536872872775,0.8767204471200256,0.7873636511178449,0.689263646015344
987,0.3392516802326381,0.9616966938486999,0.7147300662539571,0.8768086618139668,0.7875165107808728,0.6909531442179988
988,0.34268001006018345,0.9610520035735881,0.7107266226214676,0.8779003675721727,0.7855175155580875,0.693445742989771
989,0.3442888034226225,0.9611532687872651,0.7107795139159933,0.876790478461743,0.7851051771945151,0.6877464332249665
990,0.34299908471193247,0.9615025884564138,0.7137905406164575,0.8742740829629665,0.7859233951305041,0.6913202882285008
991,0.34164819968261306,0.9611538661613898,0.7108367584032718,0.8746712366536497,0.7842892857934026,0.6918837166276223
992,0.3438969478547144,0.9617596790538165,0.7143348767711359,0.8754798715172403,0.7867404762840193,0.6905605323056013
993,0.3405508733481812,0.9616108024357704,0.7134640018787755,0.8770869019628507,0.7868593574194487,0.6882635253054101
994,0.34296045865086344,0.96161272501916,0.7142704948448795,0.8755470411907869,0.7867285448753328,0.684944726365609
995,0.3458174038812411,0.9609077617547847,0.709317768842903,0.8752726043844261,0.7836049257409062,0.6880752046683996
996,0.3403320817424239,0.9613655082607366,0.7116751641049217,0.8768429125419486,0.785672297786827,0.6885392371568224
997,0.3456897372178894,0.9608258734351269,0.7083207954196793,0.8756985172752242,0.7831665502220948,0.6887211792407308
998,0.34400648302097114,0.9613496194822956,0.7104167250185038,0.8758879361041589,0.7845219828200674,0.690981107757275
999,0.34016311972690144,0.9616886876621562,0.7134369411780233,0.8759994050434508,0.786404988779442,0.6873063980402334
1000,0.342663040746459,0.9616276250404292,0.7133592499161794,0.8759221345077186,0.786326654274513,0.688470941544664
