Epoch,Loss,Accuracy,Precision,Recall,F1-score,Validation-F1-score
1,0.7472089023041211,0.7271889669311262,0.21442243907236674,0.8950544301176435,0.34596440779962573,0.3557612171903523
2,0.6981180831253957,0.8197240178235565,0.29101303367648734,0.8604339108126341,0.43492665269923686,0.5177165137121584
3,0.6633756353700762,0.8603353304030965,0.34724808456538997,0.8300157232329907,0.48964619169057805,0.4628935332240128
4,0.6359144543572296,0.8774882623537519,0.37961312580680845,0.8118101150717405,0.5173204026416718,0.4944847463084699
5,0.6118816268101013,0.8933882398430469,0.4161544219647342,0.7933094523824742,0.545926577217656,0.5266679299236878
6,0.5962098567820281,0.9009037831057873,0.4360307159523356,0.7827699428671336,0.5600780343274836,0.5397644322544031
7,0.5862539434175698,0.9041864775152225,0.4465328482830203,0.7776704194111483,0.5673165503947383,0.571999667992302
8,0.5780221279576528,0.9095033612800055,0.4646291183341682,0.7706979294610115,0.5797472015310567,0.5405226294910785
9,0.5746299879585238,0.9114172587124888,0.47176259844088897,0.7695156888582855,0.584927207107938,0.5968533085288784
10,0.5669330241654417,0.9140535599872385,0.4800638719672826,0.7686009576987354,0.5909953463641758,0.5950539051549286
11,0.5664439502594282,0.9125661670806263,0.4760789150362769,0.767730866614536,0.5877112134181938,0.605202642941656
12,0.5638692693101416,0.9147501737466075,0.4825545739373532,0.7650505653572266,0.5918196999656934,0.6132656246459958
13,0.558690981363221,0.9170716107930975,0.490760662987454,0.7707010135660449,0.59966901478316,0.5890135273541307
14,0.5562576221690761,0.9196433338650649,0.49933747047022786,0.7668694179987323,0.6048405499159467,0.6005217001878255
15,0.5531386149872979,0.9187883953635638,0.5002007959822112,0.7688126069414225,0.6060781975466659,0.618871309540472
16,0.5534054231729438,0.9188968359331056,0.49839916176208116,0.7712005454750888,0.6054911689475395,0.596412559024886
17,0.5511291131055612,0.9189855562901655,0.5004209163948088,0.7718544268101994,0.6071831882157464,0.6116867516025585
18,0.5508477649242758,0.9196393925691163,0.5013847229187706,0.7695307265507275,0.6071701312155252,0.6018499217825635
19,0.5477535304405706,0.9213780259265314,0.5086778404325659,0.7701600435400067,0.6126864908293314,0.6168187203268697
20,0.5502516011968791,0.9202888137726404,0.5031915476349548,0.7687010326408827,0.608233538400337,0.6270635284019752
21,0.5500860315003842,0.9208187395521326,0.5067317459170125,0.769386844809849,0.6110290093556424,0.624167299158678
22,0.5451215380172936,0.9219153742511812,0.51120505559113,0.7742193733239277,0.6158041637871224,0.634799676244063
23,0.5430920398492607,0.9224418256478337,0.5131207402236957,0.774843280111347,0.6173901617914214,0.6315317583625544
24,0.5441396589116226,0.9232452869790788,0.5170287387469757,0.770253829133985,0.6187349626706041,0.6280046382853581
25,0.5462862939285718,0.9219212724623657,0.5110210889287008,0.7691177263313551,0.6140511846668313,0.6161921111425663
26,0.542170103505361,0.922398313465906,0.5141058643387817,0.7750588838891544,0.6181712895314655,0.6209245020534007
27,0.5417680479854131,0.9238280288708305,0.5181976674646979,0.770583572840792,0.6196778747928684,0.6193262272473957
28,0.5434423100819691,0.9231831669364875,0.5155199027620715,0.7715892342514806,0.6180821743469549,0.6143023498395997
29,0.5389019623934794,0.9242574859354785,0.5203049990956726,0.7740608451141868,0.6223089540237186,0.628041635065776
30,0.5399979113889255,0.9255875703226073,0.5258995800023933,0.7684021764485882,0.6244330270790942,0.6258281832736591
31,0.5412729306401108,0.9244608403271424,0.5228166745392546,0.7687877746140348,0.6223810517432515,0.6393498426463914
32,0.5358011679683657,0.925156973440664,0.5245606022444755,0.7747724889118285,0.6255749601887882,0.609080982102216
33,0.535664873371879,0.925243510292303,0.5252094111329191,0.7758569567121588,0.626389837488586,0.6076538678187031
34,0.5346876722659996,0.9258026044083628,0.5268829851573759,0.7746264617985998,0.6271756283120513,0.638155544099039
35,0.5344046238515017,0.9264279795867786,0.5292837912961348,0.7770851140421364,0.6296820961357918,0.6383080630518371
36,0.5417020510640933,0.9232054002401142,0.5163700963961493,0.7733005521305727,0.6192422555371285,0.6360365058569749
37,0.5333576776998507,0.9264672552188801,0.5305888785818977,0.7748236988837309,0.6298588577835598,0.6302089601678307
38,0.5328425501319144,0.9265952443416723,0.5307087476038848,0.7768274889334998,0.6306045404109624,0.6336636246825403
39,0.5327158794343043,0.9267411272227262,0.5318881895736406,0.7769496923663263,0.6314767794617929,0.6309470074190576
40,0.5298069288833536,0.9266666751809646,0.5315116505973535,0.779347542513242,0.6320012109420453,0.6400590394276208
41,0.5281735499985785,0.9270788976587988,0.5337496410362313,0.778074490632321,0.6331595372410477,0.6350577478617041
42,0.5269783044890534,0.9281186925532083,0.5373954075198235,0.7770511068150939,0.6353757138941724,0.6435725860062032
43,0.5277225703215428,0.9280399696297742,0.5371399137448796,0.7820794030512743,0.6368706973103248,0.6316661149082462
44,0.5286271516367685,0.9267088758863659,0.5310775779522272,0.7832456594805196,0.6329709403769009,0.6417867186563304
45,0.5278808910855286,0.9280281251428205,0.5368165376248153,0.7820178201015481,0.6366229331051753,0.6329236282233607
46,0.5285493294112116,0.9271011446951639,0.5324663478036026,0.7791902111293781,0.6326237811853567,0.6301079176123512
47,0.527017713557902,0.9283639249309188,0.5388562123792936,0.7798881958231111,0.6373450331492312,0.6466113788350221
48,0.5254287139760504,0.9280120441060404,0.5371622097436214,0.7847641591451223,0.6377747804642925,0.6416926467144161
49,0.5265230934182517,0.9288051990170435,0.5400989445647904,0.7762481544558048,0.6369912757112204,0.6356592857709471
50,0.5239567725564078,0.9283227198490586,0.5401284630086374,0.7795265166481979,0.6381129398248578,0.647283093044008
51,0.5266565147706931,0.928152172969664,0.5379363702253634,0.7770748181056747,0.6357615977029552,0.6420506012081141
52,0.5272340000533372,0.9276542856690854,0.5356991347112334,0.7807460415897638,0.6354157186918477,0.6407654683289696
53,0.5234413955280249,0.9281846302971017,0.539395486952468,0.7811782341691348,0.6381529592432786,0.6399755258653312
54,0.5223268911564093,0.9285596164545014,0.5386366998634423,0.7814357151092303,0.6377073711529353,0.6463782628058224
55,0.5240827959647282,0.9284426890525684,0.5394929593387424,0.7818070287483468,0.6384309261697726,0.6525070139439751
56,0.5221011490701771,0.92945405031192,0.5445491294574868,0.7804923875318246,0.6415141634872698,0.6542002476544343
57,0.5180224689433901,0.9300796589468902,0.5474567211253031,0.7818015043734303,0.6439719235057165,0.6501992716079861
58,0.5207222983133879,0.9293227104009344,0.5429675233844954,0.7862933137761214,0.6423596051272542,0.6552287693983809
59,0.5219857513690166,0.9293798042612358,0.5433036852329769,0.7867324616881899,0.6427413972425519,0.6525469668479273
60,0.5196438379210534,0.9304777161049647,0.5486293782424241,0.781992586876292,0.6448474743010093,0.6461465824312027
61,0.5203036572650183,0.9305732959649039,0.5493704859623747,0.7824210428350509,0.64550497466764,0.6374849298793085
62,0.5190871811384777,0.9302350723484609,0.5476162211185119,0.7835167345323221,0.6446635875496329,0.6507817508782612
63,0.5166283974544608,0.9301470798265412,0.5481534016527428,0.787336340411605,0.646326332053022,0.6520520976745356
64,0.5151632074400675,0.9312755813452722,0.5527985384328835,0.7855837660353658,0.6489469507047757,0.656751345349722
65,0.5177857371971761,0.9311852061932233,0.5516784829051516,0.7835288971592995,0.6474740025423222,0.659653482831406
66,0.5221956760334454,0.9296446607222586,0.5447752365092552,0.7844666410671676,0.6430101355220309,0.6381246556352621
67,0.5195695578837566,0.9295637130951879,0.5450198348524973,0.7831568584183457,0.642739815871361,0.6421764227222864
68,0.5168689143100231,0.9302148852228702,0.5475232863372085,0.7887516068083752,0.6463638194187418,0.6366651279606577
69,0.5151460855770454,0.9307151208217319,0.5493467723261302,0.7863793419940814,0.6468316351937898,0.6364035578047473
70,0.513433908601459,0.9298377086936804,0.5473992361958898,0.7912556333872683,0.6471163541753795,0.6425998132491009
71,0.5131510680527995,0.9309625641703404,0.5514684513730675,0.7883786620292534,0.6489784625364111,0.652893081384561
72,0.5123073771703157,0.9317680785459909,0.553925446173199,0.7875140637613985,0.6503820349796765,0.6486716789641654
73,0.516793584973692,0.9313993957155614,0.5525308446466535,0.7849415842826885,0.6485433675955179,0.6535872359763196
74,0.5118067788777592,0.9313043033678388,0.5544076675205875,0.7856155055091191,0.6500652656514356,0.6459832937257328
75,0.512390723331369,0.932630837842066,0.5593347107297909,0.7847875628406871,0.6531532630283681,0.6390118092579745
76,0.5143418911335279,0.932484810767258,0.558011107827156,0.7855754257473814,0.6525218921878505,0.6506092262596592
77,0.5129073550589651,0.9317949878470757,0.552817471467773,0.7903175034997495,0.650569499095977,0.6564370271744846
78,0.5126267223478221,0.9314177975851474,0.55341089326691,0.7899131983099907,0.6508430414091604,0.6682025831043057
79,0.5103604293984475,0.9327446685114679,0.5583350856839001,0.7880133771255042,0.6535834200298158,0.6513752302306541
80,0.5100192660264832,0.9323924375017578,0.557949125063002,0.7907835406254106,0.6542689976014887,0.6460432706861722
81,0.5108921747627876,0.9324096377567253,0.557643781460976,0.7862998611424703,0.6525202605673655,0.6656961561414095
82,0.5134945761599987,0.9314500557878769,0.55333526380229,0.7864397417457866,0.6496088375458116,0.6484532876265896
83,0.5105619513087993,0.931456249252939,0.5543189113503493,0.7885153372445716,0.650994661153175,0.6470263157319348
84,0.5089355559228993,0.933355658646308,0.5625042009040984,0.787458709293879,0.6562385213255465,0.659074693159752
85,0.5089698750123703,0.9323383785766642,0.5565728224115973,0.791296477143483,0.6534967652924198,0.6497132300766318
86,0.5067135277840731,0.9328408594782702,0.559345417317991,0.7912171453714691,0.6553767986662522,0.6550922574284147
87,0.5065287036432636,0.9329617556416288,0.5596686833605625,0.7902846382874351,0.6552783061424059,0.663360429377608
88,0.5092859495457985,0.9323698814787764,0.5567257429666539,0.7943093942961706,0.6546276636162756,0.6611061732656417
89,0.5078001034131153,0.932606606424988,0.5581054773794536,0.7925197655560388,0.6549701694112805,0.6445249893477969
90,0.5070354868825391,0.9329840026779939,0.5602219946391513,0.7938212132634475,0.6568713625766508,0.6507794265980114
91,0.5076356589150943,0.9328891437868257,0.559375959039309,0.7919611896136818,0.6556528848535698,0.64443495190515
92,0.507520196570767,0.9331260678577455,0.5613710728135068,0.7912789221584343,0.6567864548522916,0.6576198802975786
93,0.5060136152042759,0.9333312830354757,0.5619460834645476,0.7912649892243129,0.6571750270912196,0.6552374789701032
94,0.5096298495856978,0.9329561046197372,0.5604857125104353,0.7881547377674667,0.6551033964242235,0.6605006006130902
95,0.5059804529380455,0.9330532362791266,0.560318741731999,0.7927493775179021,0.6565705412760783,0.6641288825534937
96,0.5081846373115512,0.9330637418240768,0.561012217653277,0.7912681767901842,0.6565370857161923,0.6574783879629734
97,0.5057822266499773,0.9328246136486282,0.5606758780199036,0.7936347073472795,0.6571193361061467,0.6573933613189594
98,0.5042804525696116,0.9342582703495015,0.5658221172485818,0.79295265776557,0.6604040050568821,0.6717320946812799
99,0.5049323031156183,0.9340453785709515,0.5657989964618942,0.7902478132376658,0.659448356041839,0.66013502476832
100,0.5052727118884917,0.9321274231142423,0.5551300447510625,0.7972659717358865,0.654521736492431,0.6522546497086683
101,0.5035230695343703,0.9328646239822392,0.5607541300832638,0.794753883010963,0.6575564555768197,0.6581056606879607
102,0.5037900183698256,0.9346473325638606,0.568761440595789,0.7909577083704558,0.6617046557079742,0.6643131252228861
103,0.5044788797553494,0.9329545184884408,0.5607467898876117,0.7952520031618275,0.657721836052444,0.6629801527953304
104,0.5037046785620477,0.9340124474640356,0.5647933110671076,0.7933268169153818,0.6598321760381782,0.6605383482872353
105,0.49980174037192365,0.9342504770204044,0.5664040390852703,0.7959680823864481,0.6618449243656229,0.6693576548829958
106,0.5036660469264436,0.9346318077029897,0.5677449854468624,0.7922970192063864,0.6614834808041202,0.6640443341659387
107,0.5035815315066482,0.9338227983453917,0.5651780369608309,0.7935996948441374,0.6601890907778034,0.6604661081266903
108,0.5025671466434602,0.9346609966386651,0.568534706179709,0.7912650611630938,0.6616586645513373,0.6682651409788758
109,0.5036096196594856,0.934846917318807,0.5691074864820485,0.7920604715419101,0.662324647658314,0.6571389805276118
110,0.5015300576635402,0.9340030748700114,0.5648942198340324,0.7975043578393478,0.6613418560745196,0.6603521055284661
111,0.5015113548837977,0.9333831721878867,0.5605777647544763,0.7956510692114405,0.6577419484568596,0.6588266398812256
112,0.50330746559788,0.9339597480800533,0.56469131422691,0.796154894673414,0.6607385182262681,0.6632831146127749
113,0.49802430542252907,0.9346144907197449,0.5682696638819872,0.7950374321519945,0.6627936664555447,0.6685449653852472
114,0.5002197219099073,0.9342014442776009,0.5661410989741229,0.7988818024652358,0.6626699392679594,0.6629236254755615
115,0.498419577376448,0.9340346670349238,0.5662370272908968,0.796364665664192,0.6618679005854774,0.6700404692949775
116,0.4975066391898574,0.934786603131328,0.5683427011949744,0.7969623254204387,0.6635113940844946,0.6654163841153482
117,0.5016057309058073,0.9351845504274947,0.569624822114908,0.7957232172242724,0.6639533408396809,0.6606180165263807
118,0.4973731951104651,0.9352964997117224,0.5725473025413531,0.7974315303669806,0.6665318626913225,0.6671046033008438
119,0.498845291866673,0.9340567012138422,0.5649137814426077,0.7996835859914349,0.6621034003157588,0.6636819637781372
120,0.49628886387502547,0.935206667002844,0.5695952489591594,0.8001878258307576,0.6654822829345619,0.6586222666626732
121,0.4963420415096146,0.9348955998767788,0.5687794071920319,0.7996816189606942,0.6647502975712304,0.6677161353937318
122,0.49510990319063336,0.936157638544655,0.5775279595073598,0.7969198433232302,0.6697140336032362,0.6709243283490178
123,0.49822678690334016,0.9346398413550104,0.5680454412979765,0.8019477758436755,0.665029246170275,0.6684954837359467
124,0.4950316337158354,0.9356161978639329,0.5731418310239407,0.7973990790199271,0.6669232050747859,0.6591874248241774
125,0.4965255798624574,0.9350660849588501,0.568694443601493,0.7994624458203251,0.6646165426221158,0.6674084965311028
126,0.494694380022639,0.935878053721594,0.5727234000809145,0.798848117459139,0.6671456852647497,0.6727828326872571
127,0.49748008875109306,0.9344639867721868,0.5680874810140092,0.8014874534102188,0.6648997101623498,0.6635862819224234
128,0.4959109074992242,0.9361287517292264,0.5753348412349565,0.7969986250900523,0.6682648039744996,0.6662988420836725
129,0.49412581656905386,0.9361233547629971,0.5749325073629311,0.7957907487564346,0.6675686991903184,0.6607392302982276
130,0.494633400397335,0.9357702173925463,0.5743012612609968,0.7967665698064444,0.6674856423612364,0.6743322378432257
131,0.49473524543878844,0.935417869654559,0.571407697158463,0.7965283195087792,0.6654440079454794,0.6664569466782722
132,0.49523063196981554,0.9358943956804056,0.5734701664223438,0.7954574410657834,0.6664649154777791,0.6568319784129949
133,0.49478717180464765,0.9351033144129155,0.5684554408788239,0.8003364464940153,0.6647549736963386,0.6645803933519748
134,0.49051828189290686,0.9366869051526993,0.5780197996823401,0.8003891446893551,0.6712678047691296,0.6682423380518326
135,0.4940425736441029,0.9356372364193104,0.5730873117746184,0.7966486363068763,0.6666237037138201,0.6624745399401217
136,0.49205541417753096,0.9356618111548508,0.5722290308631489,0.8015138260875784,0.6677370187657472,0.6687324199632335
137,0.4928240321522994,0.9352732295863392,0.5711452042775016,0.8022499512363723,0.6672532816807142,0.6668636843733663
138,0.4933902192458832,0.9354891768992047,0.5732439008598128,0.8017308566122933,0.6685029251432404,0.6597041281362983
139,0.4927223458778944,0.9369817058500147,0.579679527530721,0.799702790769513,0.6721433641247678,0.6700386269346097
140,0.4906806031362616,0.936448449881437,0.5769398656208755,0.7995894906059021,0.6702582130562768,0.677476351362417
141,0.49063961679558105,0.936694581753519,0.576556561301231,0.7985759162912188,0.669643385982629,0.669686639002369
142,0.4886663856266214,0.936379127017504,0.576499991649865,0.8009118804515193,0.6704250220933092,0.6722387694349228
143,0.4912252106683717,0.936757409032143,0.5795509780892161,0.8002287282049292,0.6722425906261121,0.6630794285315326
144,0.49035929014785684,0.9369995652764301,0.5794060144336385,0.802196092355458,0.6728380600781276,0.6723380641618725
145,0.4907499723297229,0.9360384315081315,0.5757860479710725,0.8036113583120135,0.6708845558205736,0.6636444087630877
146,0.488026352344657,0.9372052405009,0.5804451034607475,0.8040636115367927,0.6741955195107965,0.672825329110691
147,0.49154192852459366,0.936969943759492,0.5787714004967531,0.7997058912513514,0.671533584826912,0.6617877682002468
148,0.48759476990579703,0.9365829483222768,0.5774837206269822,0.8069397078861543,0.6731965600036431,0.6731002577011886
149,0.4880165598160929,0.9369692571225672,0.5795520681528589,0.8022329479380887,0.6729494946083313,0.6616619391500851
150,0.48881309463394634,0.9381872274326063,0.5863116887900885,0.7980489138900733,0.6759877528067564,0.6624271278168142
151,0.48559369275467,0.9371487508810925,0.5798193642971443,0.8035233771603688,0.6735834869847818,0.6567868557965721
152,0.4923019963417122,0.9362645959784389,0.5763993823648605,0.7999800178820432,0.6700303537363655,0.6725880297081036
153,0.48883647101817373,0.9367164580059448,0.5788648391993478,0.8018090476975853,0.6723369940851105,0.6740643775236642
154,0.4886205519060437,0.9374984619332883,0.5832183075312946,0.7968394907733675,0.6734955300478621,0.6674960218598036
155,0.4886350806454103,0.9369398415967066,0.5786519992436688,0.8024469222815148,0.6724174621066932,0.6716942645515904
156,0.48851636170054513,0.9361605018206315,0.5756421054829567,0.8043741109319439,0.6710524141748716,0.6666868162351529
157,0.4897351286394133,0.9361164540619024,0.5753838658547731,0.8042957584822635,0.6708496590699397,0.6717479923380296
158,0.4877775195691225,0.9368964667421638,0.5779757937428269,0.8017763003509079,0.6717254434085622,0.6678740635226929
159,0.48942567107917595,0.9371274102054681,0.5790414038600549,0.8035266933856425,0.6730593965012717,0.6696001119036755
160,0.48737745951834344,0.9376234710518268,0.583322397877003,0.8010899820948005,0.6750788074869741,0.6721721644317126
161,0.4860665580565981,0.9372784840616738,0.5818701135606589,0.8044376476183894,0.6752876070953873,0.67147604920026
162,0.4857813286052333,0.9378223485707405,0.5835415835411509,0.8030572978448582,0.6759234174345334,0.6715756604961131
163,0.48541560651158255,0.9375316127640201,0.5808894795870392,0.8082101668894597,0.6759497555589006,0.672918634291119
164,0.4854049439267289,0.9376552486087087,0.5813925106542795,0.8038231456721875,0.6747494581800079,0.6650459506351235
165,0.4850997447753124,0.937866156006546,0.5829956423957615,0.8063525178104356,0.6767202312321279,0.6710412728429263
166,0.4865365594411068,0.9377580106908819,0.5834779945933545,0.8011632299745095,0.6752090093422609,0.6724376470482355
167,0.48280491803189834,0.9383094282061221,0.5873879337407353,0.8041788807451821,0.6788965735624475,0.6703503363039084
168,0.4826320445151638,0.9382145143839999,0.5854285463323307,0.8064872338057084,0.678404046652356,0.676806934745222
169,0.48628618219773545,0.9364565384644118,0.5778302191829848,0.8052355778164463,0.6728377658287301,0.6749900544614374
170,0.4830457732188616,0.9376020136479251,0.5816532801772885,0.8054016179374482,0.6754808242559709,0.6804771582737191
171,0.4827804920270289,0.9373542201144849,0.5808905679389152,0.8090432139045012,0.676241671583539,0.6698014746159008
172,0.4846588806282702,0.9378427966183626,0.5834141847343031,0.8028199664930039,0.6757538844721978,0.6770006476654352
173,0.4832333855920558,0.9380217753991942,0.5828178439419534,0.8058540140262028,0.6764248822236738,0.6750747602988744
174,0.4797334671020508,0.9384906660224365,0.5872542873098989,0.8064951169703317,0.6796310924773662,0.6766970418710708
175,0.4821756433883159,0.9382932510401726,0.5842614223152771,0.8058651007357426,0.6774000526466161,0.6771941703680496
176,0.48303316329880586,0.9381050644581787,0.5847582764432355,0.8066110046397489,0.6779975197758511,0.6702677071983408
177,0.4829849538614424,0.9375893795285078,0.5831891763151222,0.8043569520341762,0.6761465564798362,0.6726978890686653
178,0.4825721864434455,0.9377217356621421,0.5829189961944109,0.8068799911522293,0.6768542483827558,0.6758629750639735
179,0.47979039865003215,0.9386000953491499,0.5861838748608641,0.8063095125661208,0.6788479409392763,0.6793122104018973
180,0.479414761280842,0.9381924527396044,0.5856520453534974,0.8049678587190168,0.6780157130241024,0.677093361040699
181,0.481377164022528,0.9385042133689637,0.5866772561350805,0.8082940433174337,0.6798817031861727,0.6776312670041333
182,0.48274187915187944,0.939076525245827,0.5891127398046007,0.8028671088674355,0.6795777146560287,0.6775705543725455
183,0.48166039200137845,0.9377003812537793,0.5828367369713202,0.8089599974470717,0.6775294029546737,0.671162506814039
184,0.4807310334855704,0.9382944183229448,0.5850224241563563,0.8054051193214896,0.6777484487323158,0.6825906003282075
185,0.47926943261417554,0.9389549424455437,0.5898370256260161,0.804604398453143,0.6806818228347048,0.6666043604342672
186,0.47987454722253536,0.9391677655604012,0.5891993687080125,0.8060762531683415,0.680782509277432,0.6696719000700901
187,0.48235275376614906,0.9384529009915696,0.5877894071162687,0.804700397976701,0.6793505677427506,0.673975606611485
188,0.4800100379067359,0.9387177986508078,0.5876455519618332,0.8059454398495418,0.679697638165575,0.6726683084426287
189,0.4788698787740666,0.9386086989098184,0.5874004355270623,0.8057499502375123,0.6794641505061537,0.6778273463358647
190,0.478379981980907,0.9393293380951879,0.5916156893434237,0.8062699174896893,0.6824620422455998,0.6791205318851883
191,0.48264351647963627,0.9378692184072308,0.5830919300876971,0.8108207645068781,0.67835388308736,0.6658295568759119
192,0.4783699476032806,0.9396561154740937,0.5924368360717039,0.8055594314037061,0.6827530114516946,0.6797812672974403
193,0.47921079097034264,0.9384807578516109,0.5862949370231487,0.8112878296218594,0.6806808989461633,0.682033737256043
194,0.47812098071729536,0.9393097895419373,0.5908889054168727,0.80835520745851,0.6827230778790171,0.6797730116270438
195,0.4776545481072913,0.938847003120957,0.5873593632684262,0.8099564256374687,0.6809276674818041,0.6759495110835908
196,0.47830636970859636,0.9384903089712355,0.5873927140140531,0.80944909020942,0.680770716507351,0.6695853700019966
197,0.4854080228925609,0.9379930945748433,0.5834867073125303,0.8018830711566833,0.6754703619359634,0.6707532333590289
198,0.4783390868696377,0.9390969595607106,0.5900988364626346,0.8066304431412585,0.6815804507055016,0.6741984865449211
199,0.4781456840552872,0.9393242157837285,0.5916494032246242,0.8075433421515146,0.6829402711540246,0.6817395143524568
200,0.47745936315694304,0.9393653659346348,0.590943946516337,0.8092987213401444,0.6830961393734485,0.6791876876986821
201,0.47592915047844536,0.9384541987353576,0.5876049111543732,0.8100427127490833,0.681123150235544,0.6730895026085059
202,0.47542744960716304,0.9397346324064504,0.5932378749085417,0.8085496035045681,0.6843580156447031,0.6776177479883942
203,0.4754462739546522,0.9397670210701956,0.5940138768105417,0.8096458785076585,0.685267046111164,0.6764772784802132
204,0.4781664484482017,0.9389446978226249,0.5883778524895774,0.8102208978693026,0.6817052164649687,0.6679741437784157
205,0.4747967110048953,0.9391274668392817,0.588893435908657,0.8110732283084281,0.6823529622531247,0.681014594732197
206,0.47436994282032946,0.9398213615164283,0.5934276115130436,0.8088951643530806,0.6846080426099072,0.6837391526559077
207,0.47373282523463955,0.9400601120415683,0.5922108967417378,0.8123427130442402,0.6850264784508311,0.6716985271333763
208,0.47473490291791,0.9396653919389484,0.5922750060607026,0.8098730263264252,0.6841896012352691,0.6747164430590716
209,0.4747707684048646,0.9397964434624255,0.5932670958223959,0.8095074040521313,0.6847203263128773,0.6767954393877941
210,0.4746586762958293,0.9403630493864432,0.5931351552231011,0.8072765167467405,0.683833320804904,0.6758373467787692
211,0.47889377359006047,0.938427104042303,0.5851083064438433,0.8101112432628335,0.6794669952500085,0.6773987406569729
212,0.47317981623488364,0.9400643554577638,0.5949444544142316,0.8097336430547288,0.6859173519628246,0.677343380258929
213,0.4726927691011978,0.940356162418087,0.5968615620405561,0.80748519093982,0.6863787328394846,0.6734972899036921
214,0.47440690091616816,0.9395954511017831,0.593405358080351,0.8073563420306846,0.6840415171305501,0.6791399164414529
215,0.4744701062818225,0.9388029484958587,0.5869417608237417,0.8116061625614769,0.6812287833457705,0.6777364276299976
216,0.4709001944648276,0.9407069240247778,0.5980750345295124,0.8110637719874901,0.6884729753998181,0.6782307578513425
217,0.47450693176804687,0.9395201407638655,0.5936175653682016,0.8114339840745214,0.685642411161902,0.6822641875728446
218,0.4736184273049128,0.9401571201063111,0.5944721142233158,0.8098213403973392,0.6856347621433753,0.6698613277271026
219,0.4705545106808916,0.9399888253960302,0.59514345345445,0.811488647363298,0.6866787068916007,0.6642491216032956
220,0.47312707684451727,0.9400871380709304,0.5939250407248619,0.8093566311018764,0.6851043233000624,0.6704422994478142
221,0.47137368561552584,0.9402015523817183,0.5958459081038824,0.8109996770841333,0.6869706869778038,0.6812196892598475
222,0.4697191179227486,0.9402370721098409,0.596215873283017,0.8121027853445113,0.6876122366107291,0.6759597366507099
223,0.47370567874942754,0.9397602302310089,0.5933898142206598,0.812078539285764,0.6857203612691117,0.6728360700962335
224,0.47007959298521496,0.9398721589161287,0.593051460596217,0.8142288081282602,0.6862592969595904,0.6843409635772836
225,0.47173190138322846,0.9403954655156654,0.595385918582763,0.8123890111777887,0.6871623687017926,0.6760792491272828
226,0.46876088513744824,0.9408187359816206,0.5974990016271986,0.8120768993380812,0.6884554939776404,0.6808656818962556
227,0.47013816269610426,0.9406652382970702,0.5968806459730188,0.8099086670278725,0.6872653977211964,0.6765011813513506
228,0.46943618646628565,0.940734451299095,0.5975578076126871,0.812988582847839,0.6888219748973868,0.6778514714173764
229,0.46960620410579573,0.9412629008091988,0.6009570042860479,0.8102026773288376,0.690066447015953,0.6779855919240262
230,0.47114266787501546,0.9393237969352043,0.5904134941285452,0.8153922841263727,0.6849005958050778,0.6644658588449408
231,0.46917068357947916,0.9403351307290788,0.5958622585804881,0.8107565120710347,0.6868942979023689,0.6702146311982705
232,0.47115171802558486,0.9400891773825971,0.5940232889039428,0.8131584593567027,0.6865283223353198,0.6774948634848154
233,0.4715438099216214,0.9404859642623608,0.5960397181500692,0.814442256900146,0.6883319912471577,0.6755566951585059
234,0.46728325887120886,0.9407750452740923,0.5986755115733586,0.8102644222966675,0.6885821827701821,0.6764836991819206
235,0.47025773926175757,0.9398021356825325,0.5909737297560551,0.8174292155831261,0.6859957144272913,0.6786983138033281
236,0.46918303449805693,0.9406928960324031,0.5972204252611485,0.8144743767933411,0.6891301617954855,0.6712553601520526
237,0.468395774634622,0.9409403599801194,0.600153480162689,0.814381200824224,0.6910452156785962,0.6811311182049441
238,0.4684449399975564,0.9404555393802206,0.5956067462898835,0.8169885328011839,0.6889501741658992,0.6842799488468344
239,0.46958159649972436,0.9411597816758247,0.5991996546095495,0.8111110826594559,0.6892346030360255,0.6851094320974547
240,0.46792480789071367,0.9409677499270517,0.5987545956311541,0.817094755924295,0.6910894010557135,0.6780025772333333
241,0.4700606876997639,0.9407259781994425,0.5989448571812489,0.814441202635966,0.6902648662862974,0.673522165034545
242,0.46485128355540817,0.9413227824154151,0.6001418082049375,0.813444589818509,0.6907000628908236,0.6743819004075576
243,0.4694306403398514,0.9403415233188491,0.5953444582221995,0.8155152449150312,0.6882505476289148,0.6787447638578846
244,0.4681069248443027,0.9405373590361858,0.5964105348216311,0.8138194219247692,0.688356497259781,0.6776491842307403
245,0.4658288827045358,0.9414100951667792,0.6017477271098762,0.8128445002625432,0.6915453387373606,0.6837515061469152
246,0.4671780282644917,0.9410396408130836,0.6009603830561714,0.8125445116142507,0.6909166891335672,0.6780410510281131
247,0.4661809051637169,0.9415447103358962,0.6040276462193258,0.8100663474084555,0.6920366981424441,0.6755681923076959
248,0.463787517530455,0.9418632961362885,0.6028504953799799,0.8148509814708923,0.6929996559385161,0.6787378314220152
249,0.46385705567521157,0.9415531010391178,0.6016553218735899,0.8148318823195392,0.6922024243898264,0.6780374344517232
250,0.46865540710713366,0.9408209675516263,0.5964070013772581,0.813974557748627,0.688409632192175,0.6758136878367578
251,0.4653016662211727,0.9417324368711505,0.6044513137984406,0.8156896248545993,0.6943601891552502,0.6788000879304672
252,0.46342702113467155,0.9412606005755006,0.600325485095704,0.8186538638216604,0.6926933479323402,0.675477261155364
253,0.464506292729069,0.9419040961023631,0.6049535166193176,0.8144797519558203,0.6942522781018229,0.6767309225321837
254,0.4614664902575582,0.9417611520273477,0.6015930777532635,0.8166846120029326,0.6928287920442875,0.6792298547161827
255,0.4664835689736785,0.9416698430490811,0.6029932814507771,0.8148764520382158,0.6931032014942226,0.6773402816760205
256,0.4649412567666966,0.9421391731199551,0.6062422001446598,0.8129998494670846,0.6945606178918333,0.6819399029205118
257,0.46083023190069544,0.9417047585367097,0.6036891001140671,0.8172082565200889,0.6944058480804399,0.6751126355324051
258,0.4602874203337182,0.9423568919560869,0.6067588255795872,0.8157937756768341,0.6959181302788099,0.6802097751897284
259,0.46321235843699615,0.9416720471536097,0.6002196515562432,0.8174599153503672,0.6921952139345681,0.6846823624456109
260,0.4639274159566962,0.941794673642019,0.6026081027152549,0.8165948619265063,0.6934690705874776,0.6831132786645951
261,0.46205730854178506,0.9418763079060145,0.6032669563929821,0.8175820548777817,0.694261295795981,0.6788097615100614
262,0.46541753239768874,0.9418457456964894,0.6037793948032456,0.8150676252164347,0.6936914699515266,0.6796017517041149
263,0.46150896135422825,0.9422676840868103,0.6059378762921489,0.8155561759962892,0.695291515971624,0.6740032292764789
264,0.46078503260509573,0.9421077732133817,0.6050324363264167,0.8160078916990954,0.6948588763308099,0.6783334022086988
265,0.4613230124437552,0.9424338639553627,0.6050270496673608,0.8189132483191891,0.6959065169581341,0.6813648473460076
266,0.4604789689719248,0.9424604093388774,0.6064368963768453,0.816076930687893,0.6958092802124798,0.6771022135099405
267,0.46255453220374293,0.9418608105106205,0.6021437855018764,0.8193266820158608,0.6941438195803621,0.6786275247175055
268,0.46372089647560666,0.9410519453467769,0.5989007538744978,0.8174789314879232,0.6913241603283246,0.6751959373350591
269,0.45956093630344746,0.9423464688075677,0.6093454850826855,0.8139638030618269,0.6969464367973656,0.6843880247570053
270,0.4593247446439249,0.9433093878318709,0.6104768417410894,0.8165058394318158,0.6986180178581923,0.6802776897576608
271,0.4600150120987309,0.9423560748581463,0.60595669778712,0.8174750124681406,0.6960003146056772,0.6850491560353511
272,0.4587535116312315,0.942784028187929,0.6085656327238939,0.818797766153579,0.698199464865132,0.6730174103464951
273,0.4603435628705745,0.9425128478008282,0.6072967912504214,0.8167380264988008,0.6966155273771841,0.6849321896865103
274,0.4569537931208988,0.9428970623584979,0.6092294813609967,0.8183864828541725,0.6984864067083959,0.6818786064375486
275,0.45638172521436815,0.9431648095609743,0.6090115416551254,0.8180327394074832,0.6982143250382568,0.6745021004479833
276,0.45682786351485216,0.9423852088628677,0.6061295106963019,0.8180376883567468,0.696318218962631,0.6763943328179175
277,0.4603377534545583,0.9419365122315854,0.6043169525973303,0.818777767466433,0.6953877044355702,0.6817366604182507
278,0.4586182232383344,0.9427805744041969,0.6080358357958944,0.8166619408523381,0.6970737708836231,0.6815828359910191
279,0.45769408087936236,0.9428869893948103,0.6101782915454067,0.8135852325761266,0.6973518268016783,0.6805088959721761
280,0.4604631948599712,0.9430254428643372,0.6108511883705768,0.8164270340223514,0.6988342092325751,0.6804697597031432
281,0.4586390941906318,0.9427561781942569,0.6070703155303009,0.8175812038328448,0.6967728916673177,0.6789259318817111
282,0.45757636309956473,0.9430796185177079,0.6092034805953884,0.8188293555565251,0.6986305647745599,0.681612739551136
283,0.4583951094382101,0.9426060312978998,0.6082872225514846,0.8165564930745624,0.6972005080718148,0.6851425617314093
284,0.4579604366700426,0.941741239556527,0.6020239013311737,0.8204936788839345,0.6944825321660757,0.677890724707838
285,0.4586824879800673,0.9426815819587412,0.6073170022871806,0.8171857621235751,0.6967916381263674,0.6845369636116001
286,0.4536837496989065,0.9441266505653054,0.6149618837961455,0.8190945061465783,0.7024994331319029,0.680401408391326
287,0.45498026242787887,0.9429633571535923,0.6101072733081108,0.8212548884486758,0.7001073439965867,0.6811750391892385
288,0.4559367592815015,0.9432470549318329,0.611184945566861,0.8174663418652913,0.6994332711570198,0.679406610830798
289,0.45790199045654684,0.9430831203660247,0.6086048579836698,0.821367965958608,0.6991580901466877,0.6808281886455894
290,0.4571342291377431,0.9432729274111613,0.6105262963814672,0.818063140666614,0.6992198689490512,0.6803037164720022
291,0.4563328491912471,0.9430046995628375,0.6098515415016366,0.8194352177522012,0.6992772128775562,0.6758680617893299
292,0.4546921645565856,0.9430153561679112,0.6090062118871782,0.8198083253677478,0.6988567790820356,0.6867216263716858
293,0.4563664229010507,0.9425265187420021,0.6060396575963979,0.8195753403729636,0.6968152823329891,0.6805354385633547
294,0.4558981409390196,0.9433215138399638,0.6100802164170426,0.8175874161677519,0.6987535423667279,0.6761774483269554
295,0.4504369874652341,0.9434430211101853,0.6121567397494556,0.819543652083027,0.7008298286478483,0.6831460491354947
296,0.45358018180449233,0.9435483306153497,0.6122317492286754,0.8206567450610869,0.7012857128064248,0.6868996512966643
297,0.4519770787559825,0.9440675448588143,0.6153327422715559,0.8183837467157505,0.7024796310360795,0.6839155212552255
298,0.4537449797494806,0.9435452544819264,0.6124955743931861,0.822356642671032,0.7020789991033658,0.6819560648997077
299,0.4547400703961901,0.9432491835062999,0.6101916560852992,0.8211684156003672,0.7001314698544514,0.6792627966115362
300,0.45459222386209225,0.9429081515448342,0.6101677640000275,0.8192822631484988,0.6994293149056827,0.6871642397354287
301,0.4527653892048829,0.9439695961014842,0.6141411705098528,0.8223957435504822,0.7031731375963804,0.6795255496558498
302,0.45283360468397893,0.9436080954932887,0.6114668475935056,0.821768711427962,0.7011887477462547,0.6800646788128114
303,0.4538584703164135,0.9438002851685545,0.6134667739321545,0.8228180616038828,0.7028850117976168,0.6801032835316814
304,0.4516565073951543,0.9437358992241113,0.6133764321260543,0.8222861995641183,0.7026316129456504,0.6814316085033272
305,0.4516877581318505,0.9443683124310067,0.6158226946229587,0.8210319414259893,0.7037734922591679,0.6839004347300512
306,0.4537538968616252,0.9439548814721848,0.6134992856948264,0.8217849927219995,0.702529127659348,0.6795178134106759
307,0.45033708836534897,0.9432653469395109,0.6118651611810777,0.8219253782779411,0.7015076333933713,0.6835165840646918
308,0.45334654971421195,0.9434356603623509,0.612953170705651,0.8216122146185674,0.7021078539785408,0.6814180218132841
309,0.450744918889279,0.9444204625054492,0.6169109455798347,0.8205237552290615,0.7042964601094238,0.6821782732745619
310,0.45146223623975573,0.9441486641451161,0.615804279666996,0.8218213499320012,0.704051310703187,0.6855550052766275
311,0.45335172277560337,0.9437967558547607,0.615079243736794,0.8183583554108892,0.7023050583452107,0.6859072735618059
312,0.44943647258144487,0.9441778599471609,0.6152689276913458,0.8207384159672756,0.7033039870405089,0.6835343426707202
313,0.45100019915069606,0.9440663775760421,0.6146911218342227,0.8228579784326017,0.7037025640085532,0.6811978178541758
314,0.4508204022757441,0.9442854971515005,0.6177454766008529,0.8207474406863339,0.7049225099722717,0.6864889404791226
315,0.4481626183008976,0.9439733039408785,0.6153836397808353,0.8253240867404186,0.70505756462273,0.6842760869212008
316,0.4516155385284973,0.94418828309568,0.6155843814198452,0.8205940777437636,0.7034570035799947,0.681912428126328
317,0.450335773311073,0.9440027057340006,0.6150828012513644,0.8227549624158355,0.7039214573631489,0.6833538089144534
318,0.4493885788557341,0.9444566002068041,0.6183267094488805,0.8230237257156638,0.706139936138471,0.6825282581793503
319,0.44916150584924136,0.9441610030106558,0.6157846483344968,0.8218575197629139,0.7040517522632608,0.6858277723222411
320,0.44576602831161277,0.9454138064118925,0.621103024385201,0.8245086184648031,0.7084956725314486,0.6728801432882695
321,0.45114903741603274,0.9439287068726094,0.6145899391999984,0.8244069195573638,0.7042019521909897,0.6787872263902757
322,0.4477293516020123,0.9443243264696007,0.614509582296134,0.8234253207981415,0.7037909001956411,0.681129917964532
323,0.4498356661136202,0.9437650812934174,0.6139050305499433,0.8222636661110176,0.7029700650593693,0.6790901277707858
324,0.4483456546239716,0.9450089515482619,0.6189624871492978,0.8215398103164906,0.706006960461282,0.6788402905879435
325,0.4469266018207125,0.9446143893721348,0.6186962175571797,0.8243397394201414,0.7068651010327224,0.6823582923062983
326,0.45082917380675996,0.9445416264572083,0.6175272588211358,0.822977684705864,0.7056014017738101,0.6796549337097995
327,0.4490104042154422,0.9442569261890574,0.6146915175432106,0.826076012959667,0.7048769593453973,0.6771714819094524
328,0.4465762340336395,0.9446402618514632,0.61818552410679,0.8241661991825512,0.7064679239691404,0.680832435767721
329,0.44434708121011585,0.9452937342128438,0.6212895203570222,0.8225970450179281,0.7079100752122821,0.6834521174386845
330,0.4457032284933886,0.9449476486036112,0.6193167118124024,0.8270775768975971,0.7082757023257155,0.6794212287010029
331,0.449031337023639,0.9444876499285458,0.616804184373895,0.8226844852139006,0.7050215032880031,0.6790010606195453
332,0.4467363303942646,0.9440679911728154,0.6144270082054996,0.8263706536769878,0.7048102059579642,0.6832937875822173
333,0.4462245464753762,0.9453850981220645,0.6235921613479221,0.8216530071148356,0.7090511503037946,0.6771865113607245
334,0.44647439789000176,0.9446293786562043,0.6184113804062675,0.8246881779547053,0.7068071659767354,0.6778288982764836
335,0.44749063424926866,0.9448088998802066,0.6195791668894711,0.825184041051356,0.7077517448880469,0.6795695928036275
336,0.44540678211253326,0.9445566706722318,0.6181813036242028,0.8243688571186502,0.7065396110709575,0.6829215823951661
337,0.44496123610640603,0.9447765112164613,0.6183442428430541,0.8238721867556206,0.7064634864277843,0.6781414906486174
338,0.4418006134118965,0.9453160979774862,0.6228813229360878,0.8259990201767745,0.7102026953119399,0.6839387376695987
339,0.4445287886497786,0.9451820733161246,0.6213183742352159,0.8260276633240299,0.7091962136646842,0.6800105058669216
340,0.44348312346197716,0.945442748158275,0.6231156696105493,0.8252131730264823,0.7100642392035937,0.676764774507325
341,0.4453846356637186,0.9450641777561276,0.6188111094688787,0.823886098978714,0.7067732133946587,0.6853924148756413
342,0.44374214873897083,0.9455248562017486,0.622946189310454,0.8235054960564528,0.7093214600036294,0.6837958247882931
343,0.4448217346513872,0.9446321183375345,0.6185150745037166,0.824288538220073,0.7067280427268391,0.6835091600714694
344,0.4451157384210353,0.9454983794819264,0.6235930120136597,0.8217082428552085,0.7090722663283402,0.6851551970628388
345,0.4448467936876009,0.944789571050772,0.61795264928305,0.8272668823203465,0.7074520519755559,0.6780626427594867
346,0.44371554287646314,0.9454724452052747,0.6218535254724212,0.8274353738023519,0.7100635415852034,0.6851699253172895
347,0.44123506460258427,0.9452677724707153,0.6205096151458049,0.8288508713444035,0.7097060254990682,0.6841851570863752
348,0.44482643548533213,0.9450701720964816,0.619827459077777,0.8240883704783063,0.707510216694767,0.6815370596461152
349,0.44295902625262307,0.9455542923267171,0.621647668265704,0.8276681411669854,0.7100149832156534,0.6815761414866061
350,0.44612882441753965,0.9452019171232527,0.6203155379327981,0.8272646675083405,0.7089971599630304,0.6794060983662047
351,0.4401622315962538,0.9453632630678542,0.6229407906068866,0.8261009385194071,0.7102790229135197,0.6890194346451494
352,0.44228798858553386,0.9454851754538615,0.6212268883483444,0.8277557991840442,0.7097726754970722,0.6792909734868999
353,0.44028644070779677,0.9460650266041596,0.6240686610008375,0.8261862964724951,0.7110432177733987,0.6869314555736853
354,0.44120991230010986,0.9458586990746112,0.6254140169911858,0.824583200280993,0.7113198363254242,0.6833465767257472
355,0.4416976279492001,0.9455341258002341,0.6219598890059616,0.8279945455198637,0.710338729778758,0.6818903660700899
356,0.4435193958899958,0.9456884268499867,0.6229524759257538,0.826617180073322,0.7104773707677128,0.6812015557474865
357,0.4439103024469005,0.9453553049458953,0.6214492677060423,0.825164246637941,0.7089629838594481,0.6801768538394908
358,0.4401689530919782,0.9453089020225138,0.6206625116704967,0.8310611068607159,0.7106152539664627,0.682531374795486
359,0.44235207397731946,0.9453329892458375,0.6215333719841166,0.8262866773457969,0.7094317350197978,0.6761048816594558
360,0.4414351395994639,0.9449138317350623,0.6187088070076633,0.8279616676585795,0.7082016044646225,0.6779750597040396
361,0.43961540893685047,0.9457440444408995,0.6224320593331658,0.8296181137691114,0.7112438958085956,0.6849912097888877
362,0.443367355590244,0.9450209127634928,0.6194420614667031,0.8270025469334344,0.708330149022818,0.6812174422793892
363,0.4390208552852809,0.9458695136061775,0.6239397558811177,0.8268400982367002,0.7112015066686058,0.6837242753551469
364,0.438756321509965,0.9454786936012909,0.6213458078950677,0.8291192456555126,0.7103511611977058,0.6807778893467158
365,0.44476100362890914,0.9446255540885329,0.6179383615758455,0.8263221787949031,0.7070970355074959,0.675738798911507
366,0.44223213806855594,0.9454369666753677,0.6216530005218733,0.8269890085797116,0.7097684525951587,0.6838814906161198
367,0.44121135589030147,0.9458638145197014,0.6245903926221126,0.8274270704830338,0.7118412993656106,0.6815077076347206
368,0.43848224606016556,0.9460174357988982,0.6240708383849214,0.8298752530962584,0.7124073553883682,0.669782165087209
369,0.44067146109162475,0.9454737360826935,0.6226241033470676,0.8272469540937583,0.7104961374266767,0.6810544981713534
370,0.4415642704895074,0.9452070394347122,0.6213846750832484,0.8286250654343941,0.7101951147817432,0.6821112140485049
371,0.43744094090924845,0.9465317405883501,0.6276112528917637,0.8291637818634214,0.714444588316587,0.6804036262274581
372,0.4375478115013177,0.9460136661621807,0.625009172420848,0.8300062129959087,0.7130666816147065,0.6866638135586567
373,0.43717323200736974,0.9461179525783271,0.6273789821065816,0.8279214772688341,0.7138327076403491,0.678968236251544
374,0.43610801263678844,0.9466333079222741,0.6284092901538977,0.8278145988545879,0.7144593470437345,0.6828978137887446
375,0.4375031572237289,0.9461753485588754,0.6270623364653523,0.828457546872426,0.7138267652007334,0.6843235418500521
376,0.43834430922707207,0.9462297851342776,0.6266457773247002,0.8287538447127943,0.7136666649725206,0.6851522654132328
377,0.4340541037938578,0.9464383579665704,0.6288933632345002,0.828263810443831,0.7149395038567476,0.6753686601451814
378,0.43960383663074576,0.9463149899102824,0.6278433126464749,0.8253306978943207,0.7131676669636533,0.6812814454210248
379,0.4361489275805384,0.9461245786246519,0.6258345998463039,0.8304124837214562,0.7137536896334129,0.6786701600220548
380,0.4349901978489306,0.9464095398148343,0.6269765548637336,0.8307383118616517,0.7146163583203058,0.6832772309703882
381,0.435749078290068,0.9464891073016861,0.6289704053539951,0.8270089720112764,0.7145213406780639,0.6824643617807357
382,0.43840086277869106,0.9460181979658848,0.6255445113525187,0.8278881703144784,0.7126314241949258,0.6792577147343405
383,0.4377651054867738,0.9467156974868869,0.6282335303070207,0.8285292408345375,0.7146116859153283,0.6755942248076537
384,0.433907149078177,0.9465260621009816,0.626898625406337,0.830459528126464,0.7144625847476799,0.6853703911724102
385,0.43903649400035255,0.9466636847398294,0.6289301526942445,0.8290621452449536,0.7152605433361091,0.6761744988248839
386,0.4373451286940266,0.9463472824448581,0.6264670959250023,0.829616444969183,0.7138703108920554,0.6871723423047108
387,0.4334561592168945,0.9469221074128663,0.6295281934891748,0.830153791172528,0.7160535266812252,0.6843522089755361
388,0.43804667932952907,0.9453239256384295,0.6210278071356481,0.8306927813286988,0.7107198458040522,0.6759698269185358
389,0.43497544923703446,0.9467113236096756,0.6283808664497315,0.8300087204403597,0.7152568882822841,0.6849052920730628
390,0.4324207225506254,0.9471815875067675,0.6315374922554905,0.8322315422532831,0.7181261644149194,0.6808929318542765
391,0.43499855236183826,0.9467774879437543,0.6287714716899306,0.8291153077327185,0.7151776936343511,0.6784678305217733
392,0.43760389379031367,0.9470705377169113,0.6301457448290146,0.8277579494541517,0.7155591300609094,0.684026317718457
393,0.43615191070724735,0.946928259679713,0.6283978223707792,0.8302295083480701,0.7153498417677058,0.681603112009172
394,0.4342550991250457,0.9471850962214535,0.6323845461604735,0.8285361136857421,0.7172921139822537,0.6794460605525732
395,0.43338447294646887,0.9461430972225152,0.6251255695106664,0.8325298227697981,0.7140723141419262,0.6804078435817054
396,0.43569739012838266,0.946604846821739,0.6290941053510256,0.8306397136313453,0.7159531973853024,0.6841110443819052
397,0.4344305974974049,0.947418504711318,0.6338945352341572,0.8288346606023195,0.7183746157032381,0.6845958156279214
398,0.43361433986708414,0.9470625383967368,0.6313442595540892,0.8307033804222727,0.7174319034231443,0.6812165348192353
399,0.43655575383052553,0.946702575855253,0.6285024812691032,0.8308151895702064,0.7156350101902287,0.682372673383365
400,0.43090766539676584,0.9476547009470976,0.6347477694729381,0.8317127630453292,0.7200027678598582,0.6848485579190517
401,0.4323068948315202,0.947081221787462,0.6304568652587283,0.8306195509667496,0.7168273917909781,0.6869165827978154
402,0.4348456531548672,0.9469594329961012,0.6295773603927376,0.8311594586754879,0.7164592159622013,0.6816243736368548
403,0.43209801335557757,0.9475488970633472,0.6341282725361123,0.8324469440709281,0.7198787169510787,0.6891857066905243
404,0.4339347110806609,0.9471116054713867,0.6297784463020487,0.8340946016291471,0.7176780842099638,0.6811399418807996
405,0.4314050442880864,0.9473040835341608,0.630687137136965,0.8306315820954188,0.7169806937154554,0.6787957116987221
406,0.4317123315317168,0.9469313426795055,0.6313165554728516,0.8311720598829979,0.717588740645249,0.684878672313494
407,0.4296965690182267,0.9478516558826218,0.6333818105610369,0.8325692138522522,0.7194431291429688,0.6830817311854492
408,0.43189721495556316,0.947420907940555,0.6338640834775808,0.8316422825170332,0.7194075514385039,0.6830487877177351
409,0.43213228709834944,0.9477429612574179,0.6350913744796234,0.8312108483609607,0.7200355178419843,0.6864706205949229
410,0.4312522654696334,0.9479133914085351,0.6362584049074481,0.8300637358268071,0.7203533437259838,0.6839475356704064
411,0.4313378582755439,0.9470946249402351,0.6303580591314217,0.8335077011260628,0.7178367183893996,0.6701427811233229
412,0.43255964543322006,0.9473447118410043,0.6318382557065726,0.8342370099566786,0.7190665712219536,0.6742488733340649
413,0.4328132388617495,0.9473803002328194,0.6327180905000522,0.8304402980766034,0.7182197139770489,0.6847289665804329
414,0.43316230017075436,0.9474325327036928,0.6326651816648103,0.8319495528631184,0.718749446649194,0.6851608639339974
415,0.42985727868491796,0.9477695547055174,0.6345701157424629,0.8303055223497725,0.7193608217900147,0.6821177415651531
416,0.4302679468616307,0.9475116058119586,0.63342396894295,0.832658602394822,0.7195036991977225,0.681931082401768
417,0.4272343623552391,0.9478385411173571,0.6349555166378877,0.8317060939591924,0.720133899687672,0.6867198404658302
418,0.43036181120563755,0.9475816633774011,0.6311200287265583,0.8351290282957959,0.7189319628942,0.6857469585354062
419,0.4310788406099347,0.9482360695649996,0.6372612098082824,0.8311704601248778,0.7214127886525301,0.6804326134898057
420,0.4303621253092512,0.9471736980485009,0.631478273811815,0.8347149628115026,0.7190107697605215,0.6733388533040826
421,0.42693229062522914,0.948360941356153,0.6370245628587754,0.8339458419698728,0.7223041111974454,0.6828236995064421
422,0.42985387564563066,0.946861340045017,0.6299706039141286,0.8350973963143495,0.7181739154786312,0.6820208035871482
423,0.4283842739227007,0.9477648924407976,0.6329244143000876,0.8344981103002722,0.7198665944427608,0.6818944467189145
424,0.42897991932553353,0.9481025667477008,0.6356537755514279,0.8351600240311915,0.7218760425224412,0.6843437153288439
425,0.4282575125316922,0.9480201016530262,0.6344293511769936,0.8345787552792834,0.7208690760668691,0.6801568449196279
426,0.42236967567059636,0.9480667105674851,0.6360186364144838,0.8328592786657525,0.7212498973588384,0.6828252842258294
427,0.4308623433541909,0.9471730045452068,0.6309036187102529,0.835051104189046,0.7187626673747571,0.6778814017655369
428,0.42809267524335026,0.948112880034312,0.6359388618326258,0.8349684495690908,0.7219882332070379,0.6844973727784888
429,0.42673021126136507,0.9479204363033841,0.6358258338555901,0.8355821609362538,0.7221446751854965,0.6879904638506955
430,0.427228603646052,0.9484694368566486,0.6375203698877705,0.8331315831971357,0.72231686629985,0.683835073736265
431,0.4284990116846647,0.94821358907208,0.6356422730311476,0.8338691249598391,0.7213859881925424,0.6832576409838472
432,0.42539073408936423,0.9485484138357451,0.6385658065966203,0.8330038780545974,0.7229393196070371,0.6874440453040475
433,0.42645233001211563,0.9479790201658124,0.6359911723024522,0.8346117441885831,0.7218885474135085,0.6835892906759814
434,0.42676599098624085,0.9481586169198764,0.6356305127922982,0.8373513799421632,0.7226783840932459,0.6845265439719774
435,0.42861357663603994,0.9482233461827821,0.6360534877705717,0.8317038609197177,0.7208386890411852,0.6829837100538434
436,0.4251131580459128,0.948355695450047,0.6379056275730476,0.8355842021794929,0.723484959473321,0.6809220364029497
437,0.4247840960248769,0.9488707555401164,0.6393006278116569,0.8368949237823398,0.7248734080098205,0.6859468169832421
438,0.428300776713186,0.9483752096714514,0.6378815529826471,0.8338745419531024,0.7228279055803191,0.6829270128849624
439,0.42670252511827206,0.94787807767149,0.6361076138437368,0.8351501117275115,0.722164900872211,0.6832952996379701
440,0.42406804923959773,0.9479920044700613,0.634857495068938,0.836177171384397,0.7217414471119377,0.6849110851252289
441,0.4234318479145174,0.948408051515567,0.6370211321035425,0.8353103951867034,0.7228132573904933,0.6852345030514919
442,0.4263106518083339,0.9480774083707743,0.6362195810199284,0.8331294355425238,0.721480403146552,0.6849568526799783
443,0.4251647973232132,0.9489837073142543,0.6427914991084168,0.8339140595273085,0.725984764283498,0.6866199364329043
444,0.4245783910691309,0.94855805421817,0.6372902710821967,0.8356796150713605,0.7231247474005353,0.6834273045302025
445,0.42272195798887624,0.9488073446201063,0.6416786046639857,0.8353763161062403,0.7258269159130082,0.684285653577425
446,0.42482919422842613,0.9486385486648702,0.6383094413305247,0.8371956767921892,0.7243484257343105,0.684823310019623
447,0.42445220857215443,0.9490100261075838,0.641399055712147,0.8351117166388717,0.7255481998460921,0.684885627189255
448,0.4239605628758026,0.9488257327569538,0.6388783975543183,0.8365951557802416,0.724489532623149,0.6816817758084226
449,0.42729170138029743,0.9481715119613251,0.6368208357680892,0.8355627994451937,0.7227787480839998,0.6814630131003728
450,0.4227031161673635,0.9486211424188252,0.639472336782532,0.8348029121011068,0.7241976955909564,0.684677197490268
451,0.4228420082828124,0.9488221828440523,0.6401447297892511,0.834836071818531,0.7246411763869208,0.6834369997951153
452,0.42362982099004787,0.9490035167895362,0.6415683958026084,0.8348960804621746,0.7255751121883989,0.6849599312363615
453,0.42377365428766756,0.9484813912055103,0.6380871572312009,0.8376702133805474,0.7243827688716566,0.6780586177532171
454,0.42797013345382195,0.948255034476864,0.6372573380354921,0.8344508911067311,0.7226431748607576,0.6829278798597626
455,0.4211583364781716,0.9490059955488349,0.6417651028694094,0.8383535947874218,0.7270039650893343,0.6859861774597785
456,0.4225717502103435,0.9485264963851038,0.640452260931393,0.8344207114168398,0.7246815708393326,0.6806931395036963
457,0.41704811670368525,0.949389894253519,0.6439519050785406,0.837375096464862,0.7280354547943144,0.6889858581790742
458,0.42272948243206354,0.9487368338742934,0.6394941663157052,0.8375371481097964,0.7252386798545727,0.6828960554667933
459,0.42178598228547215,0.9486450305174408,0.6386299759119292,0.8384954196434471,0.72504109842052,0.6867317660745264
460,0.42177455405965986,0.949289205814859,0.6423856401175613,0.837698682347177,0.7271553331354866,0.682948853432829
461,0.41934656282123045,0.9492279372020545,0.6434854925779944,0.8359416682090145,0.7271954313016579,0.6842350663436084
462,0.4199530085642561,0.9486960751064342,0.6393926733634177,0.8374377999860482,0.7251361660952851,0.6860847370000549
463,0.42096136435330345,0.9491584701443674,0.6436106818676098,0.8341960548400262,0.7266139452889464,0.6869544570599055
464,0.4175929516125068,0.9496962716493876,0.644665103233692,0.8371474155745784,0.7284048666524087,0.6884208776394215
465,0.42042299708445297,0.9491580238303662,0.6433734441384753,0.834056547572835,0.726409828727823,0.6844612176743319
466,0.42017103324262356,0.9492608271107549,0.642393795812764,0.835944973493778,0.7264990620048025,0.6824890209406496
467,0.4199584257259643,0.949054877231515,0.6417264524129915,0.8386478170228375,0.7270897631138464,0.6827643014150989
468,0.41733595182140953,0.9493416305440713,0.6439064571107661,0.8374783229831205,0.7280454168361986,0.687093233280462
469,0.4216551876110996,0.9492396512279925,0.6426437292323438,0.8374976418501492,0.727244867682139,0.6844136053063498
470,0.4171294227992888,0.9497129294611845,0.6455164393358294,0.837324688581984,0.7290151876221526,0.6832046074183024
471,0.41577444327392166,0.9497199125587102,0.6458823905239489,0.8386569237608829,0.7297533093747516,0.6870247357108095
472,0.4220005809831962,0.9491004081260019,0.6403610693721862,0.8392024464126683,0.7264204209840953,0.6844776367327836
473,0.4222091406369381,0.9487428419473858,0.6400635537862055,0.8369796622494199,0.7253953997419401,0.6851234987826585
474,0.42185158845332027,0.9489415890052839,0.6412349163723648,0.8366115219910101,0.7260084747832989,0.6881503766845568
475,0.41923208030865344,0.9496822505233822,0.6431325409642384,0.8385134960031878,0.7279408196860623,0.6862561251882179
476,0.41695621706170144,0.9499353311611437,0.6455691298718826,0.8376335595065147,0.7291658409663945,0.6830158291213325
477,0.42036040781213224,0.9493576772490051,0.6436324207343033,0.8368874731902062,0.7276469738259281,0.6849381935554044
478,0.41938756888718914,0.9494876644852486,0.6424223174329948,0.8387568764605982,0.7275772419166013,0.6830653719630109
479,0.41511467045588457,0.9494538407503305,0.6432094134460108,0.8421787549421125,0.7293680056315965,0.6875703088883552
480,0.4178040630097012,0.9495583262911851,0.6426612581221283,0.8415427233922745,0.7287770577558623,0.6779721613394275
481,0.4209671837391613,0.9490997832864003,0.6413943982189003,0.8376239633666885,0.7264917486776145,0.6857038991802595
482,0.4169759167184075,0.949944456565875,0.6477548160952036,0.8409344960436437,0.7318106812364327,0.6831444071478928
483,0.4215370055368478,0.9491720586891101,0.6437829165854233,0.8361122062255578,0.7274498664393712,0.6812499939390877
484,0.4185299265513317,0.948993093641017,0.6413792799946103,0.8400378516349158,0.7273884727621212,0.678137675628934
485,0.4167333655863357,0.9495746133190425,0.6440016471004393,0.8391218212826889,0.7287266994879407,0.6835728316870167
486,0.4164768725419216,0.9496626676382853,0.6437171588517168,0.8397398596407045,0.7287773759320623,0.6811476600946209
487,0.42130770775482806,0.9493444869536787,0.6415627793962484,0.8387645191648408,0.7270285384825609,0.6849935042994604
488,0.41602458359955025,0.9502093336260055,0.6475752854148303,0.8393247478989057,0.7310860864869997,0.6836711166134904
489,0.41899448333026695,0.9487481771162919,0.6393548689329497,0.8408741441318426,0.7263970283860232,0.68203073415384
490,0.4168922272946337,0.9495962698476523,0.6428295662089198,0.8401793128928541,0.7283733912257406,0.6859272593719125
491,0.41757860479594994,0.9498854057903378,0.6463744638743901,0.8383250500684521,0.7299415130155796,0.6855739342274662
492,0.4154120600052017,0.949948713714809,0.6476591803798422,0.8357145295252535,0.7297664554921633,0.6876454817204081
493,0.417552392045371,0.9497665764041231,0.644695693193494,0.840560563004098,0.7297135057681895,0.6859645192695251
494,0.41658611659952205,0.9500145553295329,0.646884909190185,0.8392668659794095,0.7306239907070954,0.6832569237936645
495,0.4174763550646871,0.9492840011069685,0.6432038441555343,0.840499423197011,0.7287339347516189,0.6838249154889992
496,0.41627321612063073,0.9498734171096299,0.6446157727776344,0.842982137725676,0.7305731989955891,0.6822781861246616
497,0.41572652950132494,0.9503123428974716,0.6502500558807025,0.8381511014059149,0.7323399311503194,0.6861251783454697
498,0.4141830017240785,0.9500667534685602,0.6474241942242376,0.839339003631163,0.7309951966671304,0.6869809805575475
499,0.41550566095242397,0.950178125977771,0.6477970593806545,0.8412639364168231,0.7319623651574462,0.6884276697486146
500,0.4182169881227205,0.950135437760153,0.6464553293944778,0.8387217063993818,0.7301434157859775,0.6852894918115685
501,0.41249097637135346,0.9505882954111999,0.6497939477964155,0.8393815618544626,0.7325195119718316,0.6860735007316967
502,0.41340106361203915,0.9500195265808689,0.6464921200194904,0.8416016624049071,0.7312561202340999,0.6877721007478425
503,0.4124984484996727,0.9505703261228766,0.650965560328223,0.8392477154974578,0.7332123102584548,0.6829315815084175
504,0.4145051994555288,0.950168705319162,0.645699589309581,0.8417078213177475,0.7307888755432642,0.6874986901905393
505,0.4150319383513156,0.9502102399867463,0.6479941930648442,0.839540032711483,0.7314346878420145,0.687608575415603
506,0.41343381368427823,0.9497984088919592,0.6457900486286461,0.8412119385012007,0.7306598153513444,0.6833572435649354
507,0.41336058712691715,0.9506196953177733,0.6508456235340444,0.8379881322590079,0.7326552159797401,0.6847964587491084
508,0.4122913251463458,0.9505023078691008,0.6489024132926235,0.841411133609565,0.7327232800177494,0.6841209677829869
509,0.4119285092079382,0.9506429585767873,0.6489777884546797,0.8408203315176858,0.7325471980676149,0.6879742989761243
510,0.4091814945070006,0.9508808508057712,0.6525155963111815,0.8406795964427305,0.7347419156470286,0.6888404810584667
511,0.4109955478271992,0.9509400801069088,0.6524172892431384,0.8395566639768898,0.7342504628792764,0.6866989402315705
512,0.41197138906811637,0.950572633222944,0.6508551199368949,0.8423125455451026,0.7343092748772341,0.6835965323655294
513,0.412584112380906,0.9506917029320825,0.6504353098650415,0.8406309828891073,0.7334027688704313,0.6825668098643101
514,0.41207720532262926,0.9505499673380547,0.6493818093704726,0.8423506822488253,0.7333851253308958,0.6862063479857549
515,0.4109452975739678,0.9510954111120486,0.6520383698450747,0.8399984354180363,0.734179222081327,0.6877327446698456
516,0.41072893324944615,0.9507942384240705,0.6523123456625997,0.8428540712009897,0.7354420351277197,0.6866636221832627
517,0.4112257356051918,0.9503170120285606,0.6468203515601447,0.8435119067314846,0.7321866181473519,0.677822052539061
518,0.4122102608998045,0.9501868737321936,0.6478971138486352,0.8424593380627491,0.7324784255010444,0.687154241774307
519,0.41265317068683155,0.9503466404118679,0.6470734851324146,0.8431286946084313,0.7322043012046832,0.6824713109329372
520,0.40992417684990723,0.9509914199497799,0.6497084711519533,0.8439918354361999,0.7342150800229787,0.6860223061029952
521,0.40815499832304264,0.95111769248026,0.6515582112049657,0.843139030932709,0.735070813412264,0.6863687494049774
522,0.4107899183420826,0.9507075711114158,0.6504232148174266,0.8423063989024598,0.7340319784641638,0.6858426187296823
523,0.41159702869627973,0.9502718999825979,0.6485761884246044,0.8441257123037862,0.7335420913848121,0.6853807913247748
524,0.406332980171382,0.9510506286518098,0.6532532767458894,0.8421656557113678,0.735777061819466,0.6854634035403633
525,0.41122651464647525,0.9509558384243342,0.6512683842130446,0.8410903249729571,0.734107066284544,0.6837866390135959
526,0.4093520381896616,0.9506771118974294,0.6501750175096102,0.8435017997782013,0.7343272535165896,0.684634460354494
527,0.4107647971283618,0.9510849879635294,0.6520946274064067,0.8408657599897352,0.7345460054913288,0.6857589868496795
528,0.40963755633762416,0.9510290682523695,0.6523371769665409,0.8424988989347539,0.7353225710680621,0.6840310527898633
529,0.4140981649108928,0.9502404108132242,0.647702355740688,0.8430358715356956,0.7325717016933231,0.6852181182021383
530,0.41016703940552773,0.9513518768698497,0.6531019177403183,0.8449386411039829,0.736737124532373,0.6834011448818178
531,0.407276552250917,0.9510993386752588,0.6521624801143018,0.8430655463959937,0.7354272497416225,0.6786832225641755
532,0.41265813663280265,0.9511039185435475,0.6520765577183374,0.84133950385763,0.734715236648779,0.6888435696880266
533,0.41449696844001466,0.950446415623418,0.6490108233846728,0.8421073430041682,0.7330562961150231,0.6843964871804459
534,0.40944348479346404,0.9510485206764505,0.652028414410414,0.8420931711045765,0.7349718797508741,0.6854835365316395
535,0.40726413593875416,0.9512238602815805,0.6537154808662767,0.8442122443602474,0.7368507892351089,0.6823017368406354
536,0.40904614350778595,0.9513429574561959,0.6544159027371304,0.8432324485292088,0.7369216192237472,0.6851813738418423
537,0.40777687556880843,0.9514654946818047,0.655345101428361,0.8434593180349949,0.7375971476335165,0.6882219871385189
538,0.4076436663703095,0.9515769495874465,0.6558526995840923,0.842004876350178,0.7373613888126668,0.6851145191088228
539,0.4056446359311934,0.9516315990202955,0.6556057148645023,0.8425079348123403,0.7373980165000268,0.6864216522817018
540,0.4061191614797647,0.9510863406382714,0.6533835713307895,0.8446130638043957,0.7367924427565277,0.6841634212521669
541,0.40735510356134647,0.9513661451851481,0.6539660966839225,0.8452549430306228,0.737407041595115,0.6812026073795393
542,0.4060009300923176,0.9520020739730988,0.6579811057859825,0.8429100852947167,0.7390527884983157,0.6800166984058871
543,0.4086366975478989,0.9510431649084367,0.6506132115435113,0.844708658411451,0.7350639673105801,0.6858005242338019
544,0.4089214588455159,0.9516518479432093,0.6570307456468694,0.8445130389153552,0.7390674016593292,0.6851439225515167
545,0.40711603747854985,0.9512743212291878,0.6523530665930125,0.8452130791102619,0.7363645948649149,0.6857501587396024
546,0.403374005243075,0.9517611330761686,0.6558859150529286,0.8446779689490367,0.7384055933848699,0.6875407559060759
547,0.4081546003869969,0.9517175522305483,0.6557699402370779,0.8436734977339841,0.7379481015132477,0.682729681669747
548,0.40671892035350526,0.9513004683632861,0.6530924621184182,0.8422957547448703,0.7357246795111128,0.6876781228988106
549,0.4076788616266182,0.9514686463452898,0.6536983556245295,0.845524369130954,0.7373392633593092,0.6883033965196008
550,0.4032442777705707,0.9522433719212299,0.6606484009471173,0.8432137681789402,0.7408495792240589,0.6857858101350127
551,0.40592773076441646,0.9514556002437177,0.6535284038688293,0.845753506229798,0.7373182258384828,0.6813808120308912
552,0.40504995213566924,0.951730502202951,0.6563105458131063,0.8426783683863509,0.737908992737158,0.6868060785418865
553,0.40525232030333375,0.9517140503822316,0.6556956320425112,0.8457458530629263,0.7386926059692367,0.683941368704539
554,0.40323132984072185,0.9516667891626941,0.6560227329992294,0.846337184176068,0.739125726471672,0.6834053319046048
555,0.40475428886979603,0.9513270480786471,0.6539494920136247,0.8483045323716076,0.7385546106215798,0.6834149183017446
556,0.4042903175242513,0.9517078912490157,0.6565099910354099,0.8441946891001884,0.7386160050133618,0.6864675999323562
557,0.4061926311726193,0.9513742337681228,0.6538534282347832,0.8455802774776214,0.7374591636430866,0.6855457597172784
558,0.4036212837953362,0.9521665715811853,0.6594438796893488,0.8457711615838674,0.7410749970349197,0.6863092411319036
559,0.40422759585672147,0.9519659225390054,0.6575761859403301,0.8460265554948277,0.7399918877981311,0.6809361876865404
560,0.40416945281217426,0.9523886711608976,0.6614442110642158,0.8441781507178705,0.7417221809037481,0.687583458895065
561,0.40370465396977157,0.9519866040431819,0.6590197468665147,0.8444217195461154,0.740288997338504,0.6858914323940675
562,0.40070718762685925,0.95269866713336,0.660916150143242,0.8469272501223143,0.7424483172505336,0.6855625722780848
563,0.40174136798587634,0.9523557881185665,0.6607797190205437,0.8446174399388713,0.7414735325107713,0.6856406696816048
564,0.4032173724912053,0.9517392911555891,0.6561206482916023,0.8476706375829811,0.7396960116645954,0.6838871239685947
565,0.40268397985173643,0.9524388849192119,0.6614503933678068,0.8447305564734272,0.7419392190932332,0.6862620817773109
566,0.40197792574227287,0.9523160112415099,0.6582976128554276,0.8464195241400685,0.7405989318739338,0.6870865918155868
567,0.4022137115327574,0.9521103222843015,0.6575442527690398,0.8480687423660093,0.7407517460299524,0.6878543953975954
568,0.39879352958511105,0.9521394906208692,0.6575139499119595,0.8474270489308259,0.7404876425497003,0.687927670057357
569,0.4035682542075356,0.9523911911184118,0.6592939158324008,0.8428850611047181,0.7398705494673208,0.6871329785282378
570,0.40440162426704984,0.951621196470884,0.6548588863342752,0.8476686525693004,0.7388927462947903,0.6848817555017711
571,0.4027495990983016,0.9517462399212686,0.6570631234452771,0.8456254998789906,0.7395135939557362,0.6853700622634943
572,0.40283980579684964,0.9518383179328911,0.6571681798860253,0.8466918651855206,0.7399876787627547,0.6865672141907108
573,0.39902385554725317,0.9521550704126941,0.6579836384286871,0.8474971312514484,0.7408121806792423,0.6846081610739412
574,0.40127258067079585,0.9521321436057733,0.657482595089439,0.8487972979517844,0.7409903733568193,0.6854143928069492
575,0.4004458818289873,0.9520509419230404,0.6583989580965506,0.8457201821714068,0.7403951879552334,0.6868848821375074
576,0.40235040181403536,0.9527422960435651,0.6627081436933031,0.844657643182115,0.7427016105094117,0.6846716058673651
577,0.40096459864712447,0.952056647875886,0.6580156216434767,0.8488919279756789,0.7413648565716167,0.6855025933035804
578,0.40037362234626744,0.9527636435855587,0.6624822366008225,0.8462321845075029,0.7431675371198411,0.6845070160684309
579,0.40410082910558304,0.9524186291299288,0.6600580910407843,0.8464517134475802,0.7417240836692157,0.684302530177431
580,0.40092498321327374,0.9525392506385174,0.660713264230976,0.8503978450452352,0.743650328087321,0.684788395833769
581,0.39762846814642705,0.952824493349839,0.6625054770542455,0.8482824306661289,0.7439717428678485,0.6865559989336882
582,0.3988414784129575,0.9525032021999628,0.6607272194249943,0.8470352602375409,0.7423705786563131,0.6847638521917087
583,0.4036567937984741,0.9520799248676384,0.6577559548259894,0.848641566750759,0.7411045704043663,0.6843271057256731
584,0.40045429380248776,0.9519750273446289,0.6569993897008535,0.8490819734552663,0.740791768642688,0.6843229962358055
585,0.39992694503111803,0.9528194671675491,0.6619788569226293,0.8471631681211966,0.7432091829044878,0.6832848194832252
586,0.3968511582921735,0.9527996576922672,0.6632099389052745,0.8464183470092973,0.7436970616488645,0.6856824192469275
587,0.39889547754105903,0.9526091022128825,0.6610681450819035,0.8487322652440203,0.743237133092191,0.6887668325451529
588,0.3994559507361419,0.952356687612938,0.658214017125592,0.8502247885069031,0.7419987757053629,0.688744700355518
589,0.39938458403666244,0.9526747859011138,0.6607799225242525,0.8493756913733291,0.7433014165886029,0.6846231596740544
590,0.39844529673778756,0.952706872444612,0.661536201738287,0.8476408757462122,0.7431137588094249,0.6900135068225456
591,0.3993139194070006,0.9525878508000584,0.6604476083262675,0.849011446356869,0.7429516917975976,0.686952118101124
592,0.39890378992334546,0.9526144167826809,0.6627655389261548,0.8464649158341514,0.7434355361110202,0.6843977115911346
593,0.3988739900666175,0.9527249790603204,0.660811865471084,0.8492012229622409,0.7432548083251699,0.686395760724571
594,0.39605014154808127,0.9533965923692556,0.6654880485957967,0.8472409424024315,0.7454457801827351,0.6855007784206336
595,0.40170093213053915,0.9519002457171434,0.6577838981817076,0.8488017759941563,0.7411833931082753,0.6860191355653312
596,0.3976046159970675,0.9530465448649665,0.663121529112777,0.8492877880471122,0.7447468225390079,0.6854596838403314
597,0.3970909279456242,0.9527403528610677,0.6626502289331834,0.8493152135506485,0.7444600317996898,0.6853616293005799
598,0.3962858200287647,0.9532063046782716,0.6648838688759614,0.8472162159471855,0.7450570251099476,0.678424843125924
599,0.3994586823655547,0.9526683727122356,0.6627363865376777,0.8469113422802812,0.7435893182048298,0.6864005264497168
600,0.3989582700695065,0.9526336426165767,0.6623386525234687,0.8490962229690722,0.7441792660776504,0.6852637583723721
601,0.39500762382857235,0.9533560670579508,0.6654815349127917,0.8488315198714097,0.7460567033239802,0.684336025857002
602,0.3968597811331852,0.9524086248299337,0.6615323943996352,0.8479553464662416,0.7432321780500335,0.6863505359177917
603,0.39549952648955283,0.9534066104019892,0.6653670342833141,0.8499882641034584,0.7464311123130292,0.6858337187087754
604,0.3976798136886075,0.9529698269213529,0.6637229066687813,0.8483788313113063,0.744775896662079,0.6824580990686089
605,0.39914507445671576,0.9529444488206105,0.6615562680518436,0.8484729346404268,0.7434460038030228,0.6848478799097825
606,0.39551169687895465,0.9536088730409424,0.6668446823452806,0.8491857599382399,0.747049653548117,0.6826395466728555
607,0.3945439430020696,0.9532891199577779,0.665373084466166,0.8492642874203971,0.7461556263385147,0.6827470707766756
608,0.3971777506869474,0.9529114627827406,0.6625926110457986,0.8499667727553082,0.7446738412964894,0.6873964560192679
609,0.3950333371222448,0.953087976537012,0.6641836053678214,0.8493096122418534,0.7454245764288844,0.6865201994824013
610,0.397475858386472,0.9531013934225236,0.6636787215956814,0.8493437776726088,0.7451196434072981,0.6868983158498585
611,0.39609176059849827,0.9532644559594372,0.6643219239335191,0.8499404415752714,0.7457546092898804,0.6814690716271171
612,0.395173914569745,0.9530297359930462,0.6629595310214893,0.8521281715092215,0.7457343782941854,0.6862256382560573
613,0.394936973242451,0.9532742130701394,0.6643780572409205,0.8496322164835627,0.7456712958334509,0.685028787915122
614,0.3940571008397521,0.9534873863698285,0.6662450848377783,0.8489015266571543,0.7465633561211404,0.6869792788372305
615,0.3949283196342935,0.9535918787770524,0.6654821475379123,0.85163626668468,0.7471384255327316,0.687388772824746
616,0.39255993893678237,0.9532940088126828,0.6645942404905503,0.8518215408536449,0.7466496945518424,0.68776630760055
617,0.3970062461473959,0.9534122270920344,0.6639335366926732,0.851028673528563,0.7459281468944101,0.6861177809105508
618,0.3964005829833394,0.9531103403016544,0.6634388402330329,0.849433511513354,0.7450029516144709,0.6847707985111553
619,0.3932188034272022,0.9536187262808141,0.6675274781812861,0.8491570227715977,0.7474667877657206,0.679974996270612
620,0.39209986494170673,0.9535913363338817,0.6681394252354458,0.8523816362719364,0.7490981755627795,0.6833910423885605
621,0.39418089636367004,0.9530423701124634,0.6629563403524706,0.8537212300673088,0.7463417583342823,0.6855659898258691
622,0.39445345714795504,0.9534217026815973,0.6664341568489158,0.851182420608563,0.7475630501522781,0.6853401145606998
623,0.3945362081201814,0.9530436129252974,0.6635309078744587,0.8513895245319859,0.7458124559982786,0.6840743130242103
624,0.3949196503745566,0.9527232967998545,0.6625708890921645,0.8502878258326806,0.7447833101509281,0.6895839989877622
625,0.3933974312578174,0.9535802883457609,0.665186748351469,0.8513230457569083,0.746831719522989,0.6847650146120966
626,0.39085754183985344,0.9541675345757397,0.6725611424267538,0.849614608980509,0.7507907960169657,0.6801204384010748
627,0.39493388119790196,0.9539448650873797,0.6689290223549459,0.8520228255502255,0.7494554104449805,0.6807154243428173
628,0.3959142043650579,0.9531097017293143,0.6639969145294741,0.8489902371523859,0.7451839856117524,0.6865736272610837
629,0.39434735166083135,0.9539434094170991,0.6675150797786341,0.8537435353713246,0.749230510116396,0.6897908154056542
630,0.39214350776277856,0.9536232306190411,0.6675025969013677,0.8515939650301363,0.7483937458727254,0.6851889061024783
631,0.390345455395232,0.9534073931680834,0.6656364842371044,0.8533582288537929,0.747897759424328,0.6872800354314439
632,0.3906050123971143,0.954077276151968,0.6688368548136142,0.8543571438896083,0.7502991024034411,0.6864588698438332
633,0.3943701253520499,0.9534306358279897,0.665506160538421,0.8520677544487433,0.7473195660279565,0.6832156500798354
634,0.391945190781312,0.9537535474410086,0.6679276550135784,0.8525429680939318,0.749027329858555,0.685129210145003
635,0.39056265568561693,0.954714537015553,0.6743018690129404,0.8502214131983867,0.7521116859073653,0.6836900409398633
636,0.38986082032001274,0.9539482776728962,0.6668565272289488,0.8544445971215715,0.7490850399381479,0.683023318554076
637,0.3913365053615982,0.9538772176175434,0.6684360759310206,0.8520632614475899,0.7491615536103243,0.682246442541259
638,0.3924511823293974,0.9535213542985009,0.6662411877250631,0.8519929999500676,0.7477539800225258,0.6835852699564247
639,0.39364341373066253,0.9536613115028933,0.667156264718261,0.8509469404483178,0.7479262020274015,0.6870293987325815
640,0.392207375854897,0.9540387626868532,0.668917211194777,0.851566455821492,0.7492713945332209,0.6906776723412367
641,0.3892317660849729,0.9542816742317577,0.6707424688779503,0.8532888320825568,0.7510830749162785,0.6858946865043701
642,0.3908548261836278,0.9540184451002468,0.6681412338312389,0.8530845005889429,0.7493706133009272,0.6857721203401863
643,0.3886803339282386,0.954239878642142,0.6704002411497025,0.8537457352166705,0.7510453140903147,0.6859774287988343
644,0.39049987377022666,0.953878034715484,0.667651802840418,0.8539042212878863,0.749378509572154,0.6863085174980446
645,0.3913159392934909,0.9540901368615705,0.6681807534864396,0.8527382760790596,0.7492618512374206,0.6778872245515224
646,0.3943235766973427,0.9534339385515982,0.6644154473948879,0.8515925120880096,0.7464488776300181,0.6825424432729207
647,0.3917935864745284,0.953762652246632,0.6665268616058121,0.8540494787554351,0.7487252084899629,0.6852867583260924
648,0.39011475551042624,0.954373415791287,0.6710719296265238,0.850938423733039,0.7503771426356115,0.6870147141494541
649,0.38919963232047267,0.9540329262729919,0.6678613283137084,0.8525748515363121,0.7489979262267638,0.6866144847683007
650,0.3927175159291398,0.9543470077351572,0.6711766710195488,0.8515066563631721,0.750663506575814,0.686092403844171
651,0.3892519272488656,0.9542921523112309,0.6711227179147707,0.8517915551622424,0.750740437204406,0.6842057718513488
652,0.3890091617115968,0.9539330617986416,0.6690831102926609,0.8538467873565712,0.7502570736575216,0.6839678233475776
653,0.38578834357879144,0.9548941131705092,0.6730913803806723,0.8542736361916299,0.7529362199187452,0.6843058660418209
654,0.38757326845213663,0.9544728751498517,0.6730576307385361,0.8519988634650537,0.7520302868978986,0.6852226285948971
655,0.3882368929523358,0.954118611694844,0.6688585722473447,0.8558765624074491,0.7508981232749242,0.6867366026066156
656,0.3889456003261127,0.9548126642984833,0.6720551496554088,0.854467772750968,0.7523627172091744,0.6872207077050697
657,0.38542746436252867,0.954404444913921,0.6717184176135796,0.8566265731216445,0.752986857903342,0.6883619040078124
658,0.3887949807823991,0.9542439641318449,0.6713234800347591,0.8520282392753475,0.7509579769762628,0.6844342100084263
659,0.38906043907292454,0.9545182755833228,0.6717368679459401,0.8545616297799018,0.7521995907228365,0.6861624386623453
660,0.3872682559404442,0.9544258199213916,0.6725185677685167,0.8533339262496771,0.752212828120036,0.6864317224226804
661,0.38693855820799905,0.9543384453727043,0.6704997518655491,0.8540825855574239,0.7512380901079042,0.6848394423583344
662,0.3861288957887416,0.9546718350651965,0.672871080878616,0.8549702943387252,0.7530687352788441,0.6862856625144631
663,0.3871298340155924,0.9549195118703594,0.675181831774392,0.8538368612812687,0.7540720576597926,0.6866107520630023
664,0.38508954922929944,0.9545151788507917,0.6702197103762618,0.857012324702751,0.752192906982138,0.6839275168042698
665,0.38525968436285746,0.9546157024965899,0.6737548032615005,0.8551252885135945,0.753682088773204,0.6845064117086
666,0.39081497736972015,0.9545760492141797,0.6703283321671013,0.8528634054872267,0.7506586203612244,0.6868804556467905
667,0.3854871960423833,0.9545521542491949,0.6729516134641899,0.8542667504821395,0.7528460914787286,0.6855872875443436
668,0.38881268518434153,0.9545823456747806,0.6705933083739961,0.8542818135841973,0.7513738789567195,0.6842707892293869
669,0.3870473402223999,0.9545905097878171,0.672550286619058,0.8533601713092676,0.7522428656561375,0.6845003595920722
670,0.388477044568645,0.9543603696897148,0.6700385458752548,0.8546699243843096,0.7511754601065311,0.6843222411044694
671,0.3890706502276359,0.9545939773042876,0.6705991503111777,0.8549569756577027,0.7516385817198902,0.6888660076630538
672,0.385961059293301,0.9546354570409179,0.671647505211375,0.8542179681266305,0.7520104192984638,0.6866591074766982
673,0.38394889031811585,0.9550261946493735,0.6750856954957857,0.8548498676196027,0.7544068277638107,0.6879103280263179
674,0.38536407664525424,0.9551695781720209,0.6755645057773063,0.854496817087011,0.7545680833798304,0.686355283323488
675,0.3830854150888731,0.9545464551627186,0.6725205242152069,0.8580300276764976,0.7540329893608321,0.6856946368185614
676,0.3869113610159579,0.9550141029731269,0.6730275527762127,0.8547075624156795,0.7530647601821907,0.6831035097715622
677,0.38386374186697625,0.954949339378375,0.6753849451130891,0.8546968631073968,0.7545340267125594,0.6828717474012247
678,0.38647889619250947,0.9544012177203742,0.6700959003463774,0.8567278588131947,0.7520053607487153,0.6847728652821505
679,0.3806020943380946,0.9547059952522078,0.6736654581232177,0.85684792989871,0.754294418793905,0.6889730696758395
680,0.38814269327860085,0.9548197023269631,0.673928887159279,0.8550910087473537,0.7537776761280266,0.6842258109422202
681,0.38590177518429514,0.9549994638738891,0.6754265805228058,0.8547148118133975,0.7545670034896652,0.6881353514051303
682,0.3834928997772203,0.9550358624972755,0.6751408117876659,0.8558661927982805,0.7548367766530519,0.6860734884799502
683,0.38419938719958713,0.9545143205546357,0.6716890944112432,0.856135509610493,0.7527786679568343,0.6884690260085197
684,0.3844224639076123,0.9548752375214451,0.6732922534163757,0.8566836577373168,0.7539967997901365,0.68703234388747
685,0.3842501226517794,0.9547170913049133,0.6725038153314131,0.8560912180531279,0.7532729046459137,0.6845537423352691
686,0.3843800602413768,0.9549899470861106,0.6739929273552939,0.857432366716045,0.7547261405298485,0.6855616449488678
687,0.3863190118786242,0.954414751334163,0.6712363291898467,0.8557106401901637,0.7523300815131223,0.6837399286502267
688,0.38366492339175384,0.9554118374118468,0.6788131851688582,0.8543560071514443,0.7565350587366351,0.690226963720435
689,0.3866073755051592,0.954644053735217,0.6722197404044566,0.8561169615650078,0.7531046279494241,0.6858943140668629
690,0.3818931190444411,0.9551210535405417,0.6748928063860569,0.8557360593228817,0.7546311500334489,0.6856792890421022
691,0.38318190868381113,0.9554303628760793,0.6770217494229227,0.8559610312191913,0.7560479375393002,0.6846255212364788
692,0.38026119983024737,0.9557044477373721,0.6796667223094258,0.8564836436211947,0.7578990230152288,0.6856667500577199
693,0.37999229647701593,0.9557108815253579,0.6780282605002952,0.8577279389041627,0.7573647205503246,0.6874294466536812
694,0.3835848070305886,0.9554101345522732,0.6767970804211058,0.8565996341639892,0.7561567414064034,0.6800098259966361
695,0.3831833681399874,0.9554205577007924,0.6765105856566965,0.8560386027148063,0.7557593333532214,0.6863936690580769
696,0.38546141821274654,0.9554758388396122,0.676541706702593,0.8582590041140428,0.7566428753179707,0.6865435586671403
697,0.3809332405920509,0.9554726665770193,0.6771951592995779,0.8555282430150115,0.7559871323670517,0.6845808136662039
698,0.38309753423543286,0.9553690461986901,0.6757341394026274,0.8569948274891749,0.7556465294712217,0.6878061038883972
699,0.3838643159368913,0.9549235767609545,0.6749350430902669,0.8570200112438222,0.7551564082531176,0.6711369217942881
700,0.38523805816825346,0.9550252882886328,0.6739204746090296,0.8553420742584975,0.7538699447838138,0.6868127787008346
701,0.3815648345638522,0.9557630315998004,0.6777997455699722,0.8577455739626139,0.7572290109582688,0.6836963973852953
702,0.3801933176440301,0.9558464717189082,0.6798337600965647,0.8565591733250834,0.7580324419351974,0.6843851354461576
703,0.3797007394994763,0.9559101641600574,0.6781685141603191,0.859149904747894,0.7580061582266732,0.6834207441635041
704,0.38330729605911446,0.9552399035258641,0.6755112971513382,0.8579590921382847,0.7558816437291596,0.6859757687729421
705,0.3813862325690633,0.9553954679875584,0.6762369188406745,0.8585528064368552,0.7565663164468841,0.6839240304946141
706,0.3810586075988605,0.9556092455277414,0.6778905452189004,0.8587617942352803,0.75768146894449,0.6833311602811125
707,0.3815036480375331,0.9555994266197161,0.6796722374156339,0.8578624227702846,0.7584417930566476,0.6852131490180121
708,0.3794222237180463,0.9552650481700522,0.6761764626105012,0.8561675365430987,0.7556010094096756,0.684369056973915
709,0.3780848447153037,0.9559128969750182,0.6792418382257823,0.858136960397985,0.7582809480031834,0.6845218728242234
710,0.3771135216351036,0.955843814434009,0.6790404127002698,0.8590058897928828,0.7584943482798933,0.6901339323061504
711,0.378800688244456,0.9557128865051785,0.6796350534383346,0.8569665812384769,0.7580683439236073,0.6814505841456803
712,0.3806495464963021,0.9553679613123488,0.6769311244887496,0.8582665076665208,0.756889275982115,0.6847203744580455
713,0.3783096238005933,0.9560290347444875,0.6816584074510064,0.8564497470312992,0.7591223919096501,0.6881215582175138
714,0.3787447948464387,0.9560710637906576,0.681384831171002,0.8581892462007746,0.7596349447939906,0.6878986608932877
715,0.37928279580401003,0.9562916390363968,0.6831658789749703,0.8564901231218318,0.760072155077558,0.6862125611275156
716,0.37922152748210824,0.9560163800259626,0.6799960749710249,0.8579453156053614,0.758675786640709,0.6868101668750922
717,0.38058122370740494,0.9559803865183619,0.679107583009847,0.8582311827319007,0.7582340563532648,0.6873947699842177
718,0.38185453307714395,0.9552515488881096,0.6754421033544199,0.8584797502131262,0.7560402986925658,0.6887970503505602
719,0.3822514797500569,0.955748213974962,0.6799696620637311,0.8581670870983776,0.7587460406577942,0.6871619764604706
720,0.38238311725125895,0.955423393511292,0.676967919808386,0.8569904426946816,0.7564156257018694,0.6854607261745053
721,0.37916845694291507,0.9560209873597283,0.679142833736919,0.8599098883926286,0.758910503797816,0.6883060049305086
722,0.374017625082311,0.9560361483030291,0.6814390000404109,0.8604362411989969,0.7605476709384864,0.6836551052863279
723,0.3806896851860362,0.9558781256811438,0.6802339826499627,0.855994230116452,0.7580597198237221,0.6886606554444757
724,0.3782350889427199,0.9558666313790218,0.679316196487599,0.8614999043214149,0.7596374907696971,0.6872335241240113
725,0.37776003831582106,0.9562049854564806,0.6821490366104601,0.8590461399584084,0.7604455369256438,0.6834884753326914
726,0.37458315127187497,0.956277885698792,0.6818866594499675,0.8588393003545675,0.7602014593139194,0.6886003060873518
727,0.38186871319366017,0.9556712557084247,0.6773052701145084,0.858915431618262,0.7573754835637192,0.6817098740322576
728,0.377416654885244,0.956468255786207,0.6822018624707605,0.8615928317785113,0.7614746141054556,0.6895738921893606
729,0.3774581266392907,0.9557764416189427,0.6786681661813159,0.8583633080133762,0.7580116112742356,0.6845177522340227
730,0.38049707577811726,0.9558795744850552,0.6794969691827635,0.8583079093058618,0.75850666252551,0.6849069916260109
731,0.3770454708191988,0.9556167436029608,0.6788317354739498,0.8592560074269717,0.7584616019863074,0.6880834340376287
732,0.3741124538208941,0.9562521780123256,0.6820550506400447,0.8600163607681819,0.7607669763611571,0.6892887756252976
733,0.3768483777697995,0.9561402836590519,0.6819481609950396,0.8583504796005379,0.7600481044720826,0.6849236512323871
734,0.3760447407797944,0.9559092577993166,0.6801426438231452,0.8600037967566813,0.759570961062407,0.6854495981423251
735,0.3761005956920788,0.9564902075686944,0.6824515629441681,0.860185600437461,0.7610798201616874,0.6871242927580564
736,0.37455595868954555,0.9568224437111529,0.6856905883787784,0.8611264913413759,0.7634598017539947,0.687225690574639
737,0.37827236028455147,0.9563584419428156,0.6803429043664498,0.8592487714500462,0.7594010982575679,0.6858117476823813
738,0.3771625035743919,0.9562158686517395,0.6825564638283608,0.8586212156787626,0.7605319860707154,0.6869891872091517
739,0.3776808970694919,0.9557477813936994,0.6779074315318362,0.8605012155935631,0.7583682917839265,0.6873888070621212
740,0.3783700877813984,0.9561515376382502,0.6802501136892688,0.8590288043404546,0.7592573834025147,0.6869751000704741
741,0.37418281024308514,0.9566050063961603,0.6833938475705259,0.8595947421101652,0.7614337035164026,0.6849984566905316
742,0.3726392029215106,0.9563856739632551,0.6834334227118415,0.8599303470206094,0.7615899140355719,0.6862128813885077
743,0.37242575890297513,0.9566887555018844,0.6836030056475776,0.8617947026825807,0.7624256795896738,0.6878600262164184
744,0.37539162760158234,0.9565387871311276,0.6832643392936777,0.8608006160599747,0.7618259350508976,0.6858310544618874
745,0.374416479854275,0.9562370033362865,0.6820406293830249,0.8600878125728229,0.760785959265295,0.6874203069003085
746,0.37565900771309146,0.9565069203114454,0.6826504650201742,0.8616610192880942,0.7617806400892612,0.6849993636951229
747,0.3739480539191541,0.9569850393349575,0.6849810724866734,0.861329746312217,0.7630995867336682,0.6851620553899408
748,0.3727246338514973,0.9569862203504683,0.6854650069745726,0.861687535399373,0.7635402926154029,0.6868376200788845
749,0.3761430802962763,0.9562189928497475,0.6823281545565398,0.8621713446201392,0.7617791819288832,0.6816696502696119
750,0.37414015390032485,0.9565106350172088,0.6820930573029791,0.8609158352554745,0.7611423589092617,0.6885909333899798
751,0.3757732192174994,0.9562937676108638,0.6822926766033907,0.8608737626460679,0.7612501785861706,0.6853500348635683
752,0.3713825815658775,0.9567808609789838,0.6837696618508271,0.862902440605482,0.7629626332381994,0.6843526348330431
753,0.37646515710319545,0.9563308940693905,0.6812977197076321,0.8606397856939314,0.7605391547048962,0.6855738333144239
754,0.37375056850824423,0.9569377094517275,0.6848445308494384,0.8628175924900546,0.7635980753505528,0.6870878495028273
755,0.37498418976077075,0.956854001544219,0.6869932631614717,0.8576224025176005,0.7628833838182278,0.6865634800883939
756,0.37680970582601836,0.9565581502924084,0.6831450976740294,0.8612300711508691,0.7619199181036281,0.6834462742430718
757,0.37282638648431077,0.9568229518224772,0.6851624300354477,0.8600500070636254,0.7627093060394977,0.6861802782890801
758,0.3753890751077117,0.956913958680497,0.685395238805045,0.860691019266874,0.7631055817331194,0.6840257112548982
759,0.37161091141563524,0.9570781541683365,0.6873576851747326,0.8618657338444112,0.7647832178031337,0.6837947549253365
760,0.37781578323823944,0.9560329623076977,0.6799401308969314,0.8625947298729308,0.7604531845044742,0.6811557165027318
761,0.371394879955182,0.9570949149756722,0.6858559297541592,0.8625657306985063,0.7641275452441716,0.688274901851171
762,0.3719477411225545,0.9574210949804534,0.6881551523152525,0.8610931378977834,0.764971868242223,0.6838523572111308
763,0.3686040212138951,0.9568956323409727,0.6861043961199251,0.8616603623893386,0.7639261190660772,0.6859421298851258
764,0.3708642933437293,0.9569729545250801,0.6859421381952276,0.8618302764508219,0.7638922841576175,0.6866337626314316
765,0.3717087550128964,0.9567517681724779,0.6844949755556458,0.8625043334159312,0.7632581077371683,0.6853297007828956
766,0.3742121379795692,0.9569472674377215,0.6838963632553632,0.8625634273839393,0.76290892868426,0.6869139300995192
767,0.3701086777577297,0.9571869243236022,0.6859759908359243,0.8642930200475901,0.7648792004967294,0.6850081858947143
768,0.37210811288665524,0.9575292677615944,0.688169501693115,0.8604056992135748,0.7647093417678972,0.6863730137211046
769,0.3746507233209747,0.9565393433070368,0.6832794506654017,0.8608313000097273,0.7618473448605386,0.6851596193565989
770,0.3738539476188824,0.9565458182932381,0.6841153313752399,0.8610865188349425,0.7624667147471897,0.683894513540432
771,0.37360249566946097,0.9567386740063211,0.6851921060066819,0.8608516706742142,0.7630427780705467,0.6869657677207746
772,0.37345603108406067,0.9569338848840562,0.6870030509588002,0.860073555981854,0.7638576581892353,0.6859092042529534
773,0.37059744056180227,0.9571614020291055,0.6862316561930036,0.8632815471376191,0.7646415978640783,0.6852312926184544
774,0.3695284075659814,0.9571854068559983,0.6876044104492202,0.861773719739765,0.7648996703342072,0.6869758471498228
775,0.3676261615624531,0.9572073037075318,0.686002077171972,0.8643929109134855,0.7649345320854375,0.68267644718713
776,0.36925615509636966,0.9569802260101143,0.6860002785377739,0.8631623962754286,0.7644512147049698,0.6886219645557455
777,0.37060107590912056,0.9570335845655445,0.6855120152504534,0.8631378078874362,0.7641383213732388,0.6876376741594219
778,0.36970802230371846,0.9570639201848844,0.6871443777246967,0.8636250073257827,0.7653427698110568,0.6872082603605061
779,0.369290449529243,0.9573047168880604,0.687400166145175,0.8643228570332868,0.7657754208102935,0.6872150267432109
780,0.37116379585626313,0.9567858871612738,0.6840470353490206,0.8651908275470457,0.7640288618926253,0.6825288956837271
781,0.3707047858469778,0.9574670447234644,0.6893652609187274,0.8616965549041431,0.765957441985149,0.6861190387144266
782,0.37078782497978896,0.9573136774999297,0.6874713240609234,0.8629015893393355,0.7652611743020524,0.6810675345823425
783,0.37138184990814266,0.9570544377289523,0.6845788162582996,0.8634266369588374,0.7636711922774537,0.6803530850155357
784,0.37068963833421253,0.9573025608481164,0.6875294074851123,0.8625631644033571,0.7651640322593497,0.6860587143294165
785,0.37046286410136187,0.9568162571124599,0.685295936612747,0.863281919912866,0.7640605080003648,0.686868540194933
786,0.36830613510214166,0.9574073004446331,0.6874093635849161,0.8640275384328385,0.7656651966206256,0.6805963034094863
787,0.3709066970099648,0.9573093585536724,0.6881186829199883,0.8646545301903152,0.7663513660228184,0.6834466617508678
788,0.36712972262351634,0.9576230280336828,0.6896678930519708,0.864574058252282,0.7672794684789971,0.6839474428715187
789,0.3681528449272938,0.9576571401561094,0.6906140345530314,0.8644764969266043,0.7678261673302093,0.6858007996885893
790,0.3669267323591726,0.9578756142928585,0.6906825498894184,0.8654898928016813,0.7682680269418493,0.6846927041185741
791,0.36828841799669126,0.9574188222122321,0.6900776886591615,0.8626688633009781,0.7667813327467589,0.682221311251515
792,0.3678951094047629,0.9576206179380765,0.68959982014419,0.8642620970508572,0.7671144779190825,0.6849169801849732
793,0.36380970971189813,0.9580090896446802,0.6932166990171813,0.8647195241157655,0.7695283095450379,0.6889568682659983
794,0.3632665722490215,0.9581121538471004,0.6935865615110872,0.8626400257204798,0.7689311237455088,0.6886803748330215
795,0.37125982976645877,0.9573487097158356,0.6876429853434365,0.8649848759522116,0.7661858932253698,0.6875101439564868
796,0.3710739662964567,0.9572957425434526,0.6887998280643387,0.8638028153753325,0.7664385130684468,0.6900142733280595
797,0.3692871771699233,0.9570084055895102,0.6855653007063098,0.8660713679767084,0.7653189561755237,0.6813575069820339
798,0.3681212275577106,0.9574056044514287,0.6890185190644804,0.8629283362171665,0.7662293360828067,0.6810011419436881
799,0.3686578154778309,0.9577587624209873,0.6897318929524585,0.8633281657319325,0.7668280008358241,0.6873750897875546
800,0.36588277126387725,0.9576775813373621,0.6904236239879487,0.8659171887272208,0.7682760467760329,0.6862677863841237
801,0.36659541576028726,0.957779917704642,0.6904627249584574,0.8641129654389365,0.767589248274407,0.684684622805499
802,0.36824347035919164,0.9576079632195516,0.6891279075471143,0.8626326183347366,0.7661803497895747,0.6840601625099165
803,0.36905082449209775,0.9574031188257608,0.6878172404350742,0.862947423558426,0.7654934746630279,0.6878545510911732
804,0.36704262651556685,0.9577365909146839,0.6898487458939321,0.8638515980526927,0.7671066610455631,0.6819372528234191
805,0.37086456156463077,0.9572361905229603,0.6878916252853008,0.864071947254369,0.7659817107531361,0.6834686025199795
806,0.3688425923422944,0.957262516182659,0.6872536886875754,0.865512924129708,0.766151132829523,0.683506682629115
807,0.3673038214659519,0.9575145737314026,0.6894090041844253,0.8662553904315394,0.767780336367762,0.6852889272032203
808,0.3672649144268722,0.9578178337956322,0.6915399816899116,0.865195071041841,0.7686818415716306,0.6860180420779302
809,0.3683508985119758,0.9574586196883965,0.6874219812049844,0.8639506862725765,0.765642846327239,0.6840507800272406
810,0.3682915038770909,0.957725790115856,0.6909523866687906,0.8668133844002646,0.7689561394545039,0.6833381438711956
811,0.36856227630762745,0.9579579763919943,0.6910729850968387,0.8645293830326082,0.7681306144508989,0.68336121711909
812,0.3641612802049239,0.9580113692792708,0.6929213470843438,0.8642920176031424,0.7691770475293912,0.6802020372814425
813,0.3666017791993326,0.957909973604578,0.6904491606176604,0.8651942940123626,0.7680071835150653,0.6817819610105744
814,0.36644536246069903,0.9581087000633683,0.6933375759811355,0.8648748036595018,0.7696642739223184,0.6867307719623418
815,0.3652046225268206,0.957954982655002,0.6916569713216048,0.8681365920721851,0.7699130706240964,0.6795982396621304
816,0.3664943794552371,0.9571915591228449,0.6874832443864897,0.8636982914246984,0.7655817063980254,0.6855954819703276
817,0.3688651207539675,0.9577414385713733,0.6898965428915617,0.8631498517889366,0.7668593813889991,0.6836309195683276
818,0.36747363552772744,0.9580727546203524,0.6925407393411103,0.8641077555779395,0.7688695628738634,0.6848391350867152
819,0.36644920663867925,0.9577065780146986,0.6886905171594303,0.8675538811431607,0.7678435748521589,0.6811260685566671
820,0.36759157639613255,0.95782141804038,0.6903791678937341,0.8660044673114612,0.768282870638021,0.6837368117529425
821,0.3666638512191155,0.9579761516713952,0.6916651302787835,0.8654015748942016,0.7688406553862616,0.6866854252508257
822,0.3672900382134554,0.9576689365784783,0.6886219719957868,0.86820593882083,0.7680562270696311,0.684691313023574
823,0.3656056148113964,0.95840737339294,0.6945362722324178,0.8650715791590948,0.7704803348704639,0.6860767111892426
824,0.36430824113835536,0.9580139098358926,0.6928739488695985,0.8648107282525344,0.7693531728336377,0.6842747478589142
825,0.3637013054794545,0.9578792946667757,0.6906455012646775,0.8671366797583387,0.7688931792291922,0.6878694192848999
826,0.3642424455435156,0.9578726548877123,0.691058741150904,0.8673856494038036,0.7692471269456054,0.6861699390548713
827,0.36405349056497754,0.9581749193284009,0.6928942997008071,0.8647337229548743,0.7693352439473126,0.6852429322943777
828,0.36369824988378896,0.9585145368178015,0.6957722636393633,0.8650815330025535,0.7712442225463376,0.6869341035788294
829,0.3651017806620049,0.9579769207047509,0.6917769034507363,0.8674662133625435,0.7697235722348711,0.687110108062603
830,0.3661048052122267,0.9580929280132046,0.6922732852564092,0.8647286404893155,0.7689502844001098,0.6856579805686114
831,0.3630446533290602,0.9586558947615206,0.6957059656444181,0.8665670385740978,0.7717932227451993,0.6874802905910798
832,0.3643486046319385,0.9581254883361809,0.6918825482578703,0.8675938388858213,0.7698392114812322,0.6791109980224028
833,0.3630181140393662,0.9583871244700262,0.6955345103229056,0.8658915999421519,0.7714197758051409,0.6871107308894862
834,0.36177698474565,0.9587884294207553,0.6966499876347704,0.8664685525467262,0.7723346514046288,0.6851719072305501
835,0.3631748307308705,0.9586804351652147,0.6962732052899346,0.8668801457253708,0.7722664155431281,0.6846748618687098
836,0.3634865127450271,0.9583872343319342,0.6940312070207053,0.8670797533381057,0.7709642979563037,0.6847739844238244
837,0.3621982580466236,0.9584563649375282,0.6945941699432077,0.8657254029127284,0.7707752028442139,0.6865841910017829
838,0.3629505117591336,0.9583679810325613,0.6917451536579052,0.8693136148722402,0.7704302902867868,0.6822168681952478
839,0.36596627115345687,0.9580607110086905,0.6913238752346096,0.8656135178731557,0.7687133654578655,0.6879996028324094
840,0.36113009789435985,0.9585623404805096,0.6944257233160823,0.8682824169727937,0.7716829904495258,0.6853462972535994
841,0.36272802605903404,0.9585867572895573,0.6955697262903103,0.8670372586963127,0.7718957799488628,0.6848215496324987
842,0.3602183253216229,0.9588317012797594,0.6978733456559054,0.8682199691596252,0.7737822119674449,0.6852476041095741
843,0.36352590112377414,0.957611568063407,0.689989501365201,0.8654833009996331,0.7678364936869897,0.6840066613566426
844,0.36305642867688653,0.9581460050474955,0.6931080553261943,0.8671028139922013,0.7704034845450867,0.6806451215884095
845,0.36276821320434266,0.9587869394186284,0.6969684282366199,0.8662757634567911,0.7724536710057011,0.6889386274361565
846,0.36192500655599635,0.9585180386661183,0.6937943199223005,0.8671944402013584,0.7708634325236774,0.6828634799742056
847,0.36351412416790885,0.9586113732233132,0.69526185548506,0.8659988707332029,0.7712945975043515,0.6829424570193613
848,0.362398410550982,0.9587162020826302,0.6967726612601318,0.8653540406703809,0.7719668796455034,0.6894992561218439
849,0.3598962702768312,0.9585624915406331,0.6967556445781486,0.8679546766418085,0.7729894945879501,0.6856128542730657
850,0.3617376840586285,0.9586510608375696,0.6960418865864654,0.8673757805816946,0.7723206502956245,0.6789004053438158
851,0.3618677320669023,0.9585586189083769,0.695888651091943,0.8667694706063702,0.7719859249218345,0.690128526228368
852,0.3590919632705853,0.958916624534625,0.6979601340761041,0.8683634715623724,0.7738925505006464,0.6868479660168769
853,0.3618900301001912,0.9586148956707377,0.694334898863241,0.8683652487155631,0.7716596150290804,0.6836593786445196
854,0.36107039258634444,0.958655297387396,0.6950432072877142,0.8683311625429596,0.772083370238563,0.6871306229318408
855,0.3594301809295476,0.9584748423371758,0.6936871428508361,0.8691472979307072,0.7715677234711693,0.683819094699022
856,0.363194200364377,0.9585326708989869,0.6947021018720118,0.867206924770758,0.7714283778628779,0.6872658218704543
857,0.3586148068630438,0.9588027801324847,0.6974741155494385,0.8686478440083263,0.7737065214189502,0.6840894102093388
858,0.36038184680527063,0.9589079454438948,0.6972633134835153,0.8692290500478321,0.7738071907943282,0.689013720820548
859,0.36015848611756196,0.9586136665906422,0.6945612836467653,0.8691593661625411,0.7721129028117419,0.6817968507438555
860,0.35730187873617353,0.9587093563124894,0.6965950255435879,0.868003039256383,0.7729098135884686,0.6885607503675057
861,0.3596695435347317,0.9589465756372869,0.6972372102563431,0.8691855663767089,0.7737738859980117,0.6835523937854855
862,0.36086683757871174,0.9584901680733385,0.6934872101796706,0.8692950163159239,0.7715022163258788,0.6816820918314054
863,0.35861431855520753,0.9589995428096699,0.6970694697984974,0.8705723968483454,0.7742194846968753,0.6853778039726339
864,0.3601916737908082,0.9590736652657076,0.6988913422257444,0.8684957191501167,0.7745172253002066,0.6864879277582968
865,0.35842295934399254,0.959152642244804,0.6969598543107058,0.8694963953743844,0.7737261492820394,0.6824506434698658
866,0.35953153669834137,0.9591424044882545,0.7000361344238814,0.8680474269740279,0.7750410504064928,0.6849661922279395
867,0.3619886337638759,0.9586646562486817,0.6958141034099725,0.8681186216281994,0.7724746348625493,0.6845129063665973
868,0.36184050057002964,0.9586263075764287,0.6948430856777754,0.867277302555257,0.7715431430063316,0.6878934107864766
869,0.3596454310974629,0.9588528908952603,0.6968033641485214,0.8682023393340503,0.773117068472485,0.6891099115673475
870,0.35892043461044915,0.9589418927734594,0.6970947320016494,0.8708615977628271,0.7743494134102509,0.68710234579121
871,0.3584910151984194,0.9592969458609306,0.6993174020526908,0.8691154718981584,0.775025293062896,0.6911489770269322
872,0.35808611880961083,0.959385261102205,0.7001445235593392,0.8695017050001577,0.7756867068575803,0.6868595292791368
873,0.35828143862082806,0.9587736461277633,0.6945968197154245,0.8719077806007928,0.7732174822444727,0.6859248943599345
874,0.3597683890474786,0.9589471936105193,0.6975570108345772,0.8693632232967443,0.774041202816666,0.6879610505045508
875,0.3562518996086052,0.9591827581403279,0.6975942228589095,0.8710175657107836,0.7747191832626941,0.6874549990472866
876,0.35499300738032774,0.9593785663921877,0.7005328121267721,0.8705495746173455,0.7763418987419154,0.6845419303400165
877,0.3595197448413149,0.95882000098656,0.6964910921633902,0.8680989929814269,0.7728838645575462,0.6887612338264898
878,0.35628610131123084,0.9591727126421173,0.6990345112705986,0.8703344380152642,0.7753356007162233,0.6826942171573822
879,0.3595248703047526,0.9589106645261173,0.6966564179666709,0.8686731408947174,0.7732131745595678,0.6860081431695775
880,0.35785714027692944,0.9588377574174366,0.6962013057616696,0.8707647769289137,0.7737596638572372,0.6892743461848811
881,0.35787714792670106,0.959097326774138,0.698397549891866,0.8687423285710326,0.7743118812807719,0.6853334041951988
882,0.358919634128646,0.9591438395594274,0.697331423700278,0.8705816596102354,0.7743846959444344,0.689995989823913
883,0.35582704161354106,0.9595749514190643,0.7000958021967054,0.8710271159988231,0.776263168779501,0.6876942012434428
884,0.35555208887127665,0.9598425681605249,0.7023668000015754,0.8683659659923721,0.7765947689750929,0.6870296280732153
885,0.35584141935804764,0.9596450227172453,0.7015576916065455,0.8697106089399674,0.7766365132694723,0.686115273417595
886,0.35750698389338076,0.9590672726759373,0.6982889218879216,0.8678162845883697,0.7738771255673854,0.6888647055827152
887,0.3574038711811999,0.9594409336240719,0.7006246824232611,0.8679334185160649,0.7753561380330091,0.6885832188210864
888,0.35863487626151214,0.9591015839230721,0.6978477873539647,0.868094237801767,0.7737165659174942,0.6853247445911772
889,0.35645943515592343,0.9591859029374438,0.6996042078388773,0.8693843208217138,0.7753083186595926,0.6865275729957874
890,0.35783574681916686,0.9596054243657892,0.7007851178156917,0.8703928542155619,0.7764344584067979,0.6870895732137199
891,0.3547791798980974,0.9593159519710105,0.6995241118315286,0.8692589342431063,0.775209275048605,0.6829761990906899
892,0.35993686296957,0.958885403153652,0.698791003241695,0.865824431903351,0.7733917355159219,0.6861092362397544
893,0.3564714144030921,0.9595223344315129,0.7003633157784205,0.8699651729548429,0.7760053995249083,0.6861385125925463
894,0.3572851749632856,0.9594575639703917,0.7006066444157426,0.8675224324469895,0.7751810604367382,0.6858395478041035
895,0.352660165416251,0.9599235020548571,0.7036224090268169,0.8708664402756257,0.7783619971888913,0.6839582759147295
896,0.3533346932783401,0.959287477137737,0.6986810883858898,0.8723644526801588,0.7759221860037857,0.6902991671629373
897,0.3563974711963599,0.9592473638085871,0.6994271806654753,0.8711127281594814,0.7758859435214817,0.6809767459523779
898,0.35752745798165847,0.9591272572776922,0.698114518767162,0.8715559234606174,0.7752529801374511,0.685758505369573
899,0.3563927993071165,0.9592230362623397,0.6974557835726315,0.8717031406522124,0.7749048074358035,0.6848201544362225
900,0.35569986872535814,0.9594109344568251,0.7000371306388186,0.870619333935107,0.7760651347421696,0.6865344448129438
901,0.35423020289527424,0.95953460463336,0.7006858362518025,0.8705862688171951,0.776450451615096,0.6877562177066807
902,0.35302703575693445,0.959743706176085,0.7017709285172551,0.8739597843083136,0.7784573396059443,0.6850778566444933
903,0.35382951410125485,0.9598662365353245,0.7024063849981408,0.8717539674641422,0.7779710014122546,0.6901594715558589
904,0.3533465937315989,0.9595993201635272,0.7014134988915295,0.8715737994249572,0.7772899741162975,0.6730575560739149
905,0.3569710594501427,0.9594057846798888,0.7003677526765042,0.8704134775220387,0.7761864216755353,0.6864338389586598
906,0.3542193283708833,0.9597623552349639,0.7026173470159672,0.8693191414665989,0.7771289913590351,0.6805642658131342
907,0.353436925106769,0.9595878258614052,0.6994724155300539,0.8737426906715824,0.7769553038063051,0.6840631119750328
908,0.35169359988017046,0.9599146032403111,0.7026919733906496,0.8694216528551086,0.7772155991195677,0.6897367091038363
909,0.3536228861311357,0.9596686292947217,0.7038146557031095,0.8707497569143746,0.7784329881398613,0.678854134873415
910,0.3564195829115326,0.9594492281981241,0.6996456524953124,0.872351430196659,0.7765114735963594,0.682588854969514
911,0.3531846535934819,0.960014234258107,0.7045250934156616,0.8697522240417951,0.778468012079561,0.6856584786468699
912,0.3563028832348131,0.9593241229504162,0.6996421989066235,0.8731088033621311,0.7768092497640343,0.6840533986302291
913,0.3527116289884924,0.9598425132295709,0.70218342505512,0.8728223398024574,0.7782592212702588,0.6836586319024482
914,0.35344740630482596,0.9595491613361669,0.7013192239618324,0.8718045481884859,0.7773238190230868,0.6888345993340665
915,0.35168124038538484,0.9603673372967115,0.7059021367490987,0.8712948151136701,0.7799265285172398,0.686898288171119
916,0.3550421739224907,0.959745834750552,0.7010740982193684,0.8734588165202034,0.7778298521310274,0.6838622740044153
917,0.35246857593385433,0.959763350858505,0.7015575256057952,0.8735398703274214,0.7781594605225252,0.6864480485239126
918,0.35009164186261543,0.9601169757411724,0.7043746916481283,0.8712918799973819,0.7789921552600486,0.6806348985303047
919,0.3506841561991534,0.9598261644043903,0.702135165086044,0.8736129112380416,0.7785436706156124,0.6887018272500232
920,0.35489286632417777,0.9597921484111331,0.7001061283683007,0.8733616896099388,0.7771952679193186,0.6839804322882155
921,0.3499359561385011,0.9599527459214865,0.7036287056646975,0.8741861974617146,0.7796890514991527,0.6864848189545023
922,0.3517208156182612,0.9597602747250815,0.7029007647530813,0.8729368153523749,0.7787451737903621,0.6841146197532557
923,0.3538523687304353,0.959700660907266,0.7012848367526267,0.8725140169088225,0.7775845667808677,0.6850155360228106
924,0.35578226914508737,0.9598977325710675,0.7026929890451352,0.8696199829424395,0.7772954571184844,0.686504220996056
925,0.3513767853272047,0.9598638333060876,0.7024811265226212,0.872414500972496,0.778279792944221,0.6861081363099651
926,0.3530349646219247,0.9599736540158482,0.7029350738515816,0.8739252257818336,0.7791593120437204,0.6847450581116676
927,0.35299209038988294,0.9600226318276979,0.70410303183605,0.8722699467547714,0.7792164956272367,0.68767771682733
928,0.3493634764667895,0.9602481714584037,0.7057580345620655,0.873136652532762,0.780575440315752,0.6881800574327428
929,0.3497232702567423,0.9603534122998756,0.7043554176002688,0.8750717475543174,0.7804874321235217,0.6849984779121702
930,0.3489957351049931,0.9602599266825571,0.7059241232853283,0.8723345782962734,0.7803562518339572,0.6841402278399809
931,0.34880262345290014,0.9603884376494122,0.7050920119731745,0.8735856428238288,0.7803470919574602,0.6871412275517788
932,0.34689968674302957,0.9605820692622201,0.7067512083936893,0.8734509235687886,0.7813082683772552,0.6838228203806141
933,0.35103363045256775,0.9599819142580542,0.7030652343697883,0.8734934126169968,0.7790675621687579,0.6890186042312594
934,0.3468280638293397,0.9606439627146263,0.7074254164435942,0.8738201399975773,0.7818679064949948,0.685437416576345
935,0.3470982579018572,0.9610530953262987,0.7102758618209541,0.8738426062807028,0.783614764640273,0.6842603983665462
936,0.34710453096911204,0.9605957745352401,0.7082908440384307,0.8722624841516651,0.7817711938012324,0.6849563588693105
937,0.3524689642216662,0.9598862931998995,0.701818411540312,0.8725207171678608,0.7779151170068774,0.6860692250692634
938,0.35166129834360355,0.959617632770313,0.6990018539379936,0.8757227426809716,0.7774461921582352,0.6861461302018426
939,0.3501159608792916,0.9602300442435876,0.7055618462558028,0.8739434556932841,0.7807775730302751,0.6899007071566816
940,0.3490109572843682,0.9603584041503193,0.7061324396674421,0.8724823220584849,0.7805426448290563,0.6845806008099243
941,0.34757705504516906,0.9604329111230347,0.7069394662999839,0.8711987097203161,0.7805206923566528,0.686836800541057
942,0.35033650267467226,0.9604230510167939,0.7053449356630348,0.8730075957254019,0.7802711678088744,0.6854645583282544
943,0.34815819936690573,0.960068169588554,0.7035669743317288,0.8734507732399747,0.779358531256119,0.681520304597981
944,0.35125074176479587,0.960224612945512,0.7054911940302198,0.8722513519340254,0.7800583806838083,0.6879770012590085
945,0.34812692461682737,0.9605908994130737,0.7064882141254641,0.875196636446675,0.7818448896038455,0.6883949874849485
946,0.34661480323445026,0.9608336736305932,0.7093137723961052,0.8752068934419949,0.7835761522063328,0.6856513858971561
947,0.3452748149204597,0.9606608883148238,0.706993983117818,0.8759609454821089,0.782459571921983,0.6902502958153873
948,0.3475552235575889,0.9607511330058569,0.7091459566275468,0.8744789969907486,0.7831819566303375,0.6863419243952166
949,0.34841738587660753,0.9607187649412194,0.7085508772962643,0.8741651693622671,0.7826931419077277,0.6871848475086594
950,0.349576383507509,0.9604274042948975,0.7050259951285932,0.8746608434329085,0.7807352906767827,0.6861799345024775
951,0.34841378461971556,0.9609227510388542,0.7098387158531259,0.8723311001083102,0.782740742052837,0.684763108093017
952,0.34601250323031446,0.9607452622601494,0.7081402965726975,0.8730565320328546,0.7819981678861629,0.6840587827557422
953,0.34905204670034723,0.9606562329164733,0.706947989156706,0.874870984954743,0.7819962887127766,0.6859865687455909
954,0.34913590775548126,0.960624585820607,0.7071451525598463,0.8739289246156783,0.7817402253888309,0.6800734714066174
955,0.348936900335679,0.9606315826508711,0.7064547432820123,0.8754288140925783,0.7819170194143431,0.6868900927778249
956,0.3446929125691489,0.9610217778161562,0.70798278780286,0.8761040273694328,0.7831219422590309,0.6883188940556516
957,0.3464428399749797,0.961100129955651,0.7090376204648874,0.8759364286801852,0.7836997475194162,0.6823285380414165
958,0.34885628457120854,0.9606232812104497,0.7059881050588119,0.8751879818568179,0.7815350990876829,0.6862860820943653
959,0.34945165735783335,0.9604669683145074,0.7061098055147729,0.8734606623379265,0.7809200677785184,0.6851608195074194
960,0.3475154010083178,0.9608537371615374,0.7083257714356331,0.8758565246214794,0.783232775689441,0.6884307463368604
961,0.34552236330166136,0.9609630222944967,0.7090757460111397,0.8750563327742761,0.7833705664737585,0.68585163296988
962,0.34880288770730544,0.9602644378871533,0.7040102367172398,0.8753954112796606,0.7804041115058604,0.6877313712441421
963,0.3488252360186131,0.9607662390182037,0.7073380660754671,0.8757349071988182,0.7825800150849592,0.6869659237631145
964,0.3451731003445687,0.9607368166259738,0.708418717332604,0.8744919047738708,0.7827434156367421,0.6825063839019967
965,0.3494407464917615,0.9600731133744129,0.7037747449636409,0.8762077077275081,0.7805819045531452,0.6787954512287333
966,0.347007862205128,0.9606158723980306,0.7076263736142976,0.8744748566494562,0.7822526900185475,0.6888131770369417
967,0.3483902840948791,0.9605989879960485,0.70782688966243,0.8748568418110805,0.7825280375662951,0.6859208191196984
968,0.3477298180512387,0.9604421463896741,0.7067193758100391,0.8750772100238879,0.7819387463497813,0.685647636279849
969,0.35113098488437183,0.9600993291722038,0.7037067515588872,0.8764034266561992,0.780617727713113,0.684468640767595
970,0.34742131936464377,0.9613307369668621,0.711170371260629,0.8755797742818198,0.7848575213855449,0.6859248081797996
971,0.34566914156186496,0.9607049978708763,0.7074367768679669,0.875352192503301,0.7824875528856268,0.6857569331873503
972,0.3457617234411857,0.9608927999361923,0.7092446520453864,0.8752287013060119,0.7835427139307026,0.6870315011332321
973,0.34405050078313126,0.9612998383052438,0.7111519538387217,0.8754398586216634,0.7847900903530408,0.6874132924476887
974,0.34499567361186734,0.9608350125725967,0.7093279616204526,0.8745300837184304,0.7833134332780842,0.6833559578172174
975,0.34674423815106314,0.9606022632541801,0.7078327399154571,0.8760598118402408,0.7830124792964407,0.6797188764283375
976,0.3476482754131015,0.9604938501501153,0.7054736796181758,0.8756883510992927,0.7814190718562465,0.6866059256125124
977,0.346891258796342,0.960553855350978,0.70569120657934,0.8758647328376681,0.7816227358285476,0.6823508584518966
978,0.34507091793653777,0.9608408283873502,0.7093548364750192,0.8758843805313482,0.7838726355712436,0.6797605451657031
979,0.34389634542971204,0.9612483542686185,0.7104738580566271,0.8763164698821508,0.7847286844059427,0.6849572777338678
980,0.3473993439039738,0.9606601673460528,0.7066109545014646,0.8757875688711656,0.7821557981002287,0.6889752119584692
981,0.34244111501913277,0.9614449315538341,0.7115649118197642,0.8770042561923398,0.7856698578683547,0.684883332803081
982,0.34244404990467237,0.9613459940393323,0.7129049284750606,0.8757793678443404,0.785993074948202,0.6832214200193991
983,0.34662320974061817,0.9603147271755295,0.7056971579490346,0.8759419985045714,0.7816571515071815,0.681561408259085
984,0.3436158832779034,0.96115039177855,0.7094027853068985,0.8758869924334389,0.7839029567604252,0.6857726048225221
985,0.3446125366168914,0.961230687100542,0.7115752466343929,0.8751434174409878,0.7849285537570914,0.6881670046802979
986,0.34519534552697656,0.9608751327681158,0.7087238035776723,0.8757814750333288,0.7834460212497214,0.6860086306617962
987,0.3449505861821792,0.9610482751350862,0.7118831389464171,0.874098666054933,0.7846951335479312,0.688045065162669
988,0.3443449851956299,0.9612056591846313,0.7107574440541959,0.8750821812631318,0.784406146198418,0.6869054317023945
989,0.34331018622401804,0.9616914067443786,0.7145574597163791,0.8754354526922835,0.786857511551821,0.6856467725689624
990,0.34298464478991875,0.9616884679383402,0.71341280835096,0.8756444213860521,0.7862472591767656,0.6860007647942624
991,0.3432933686019705,0.9609325218822948,0.7094781465368659,0.8775376046813798,0.784609419040514,0.6819023805910114
992,0.3419695790294263,0.9613506425713135,0.7128941912772987,0.875511451582527,0.7858786337552938,0.687315171240232
993,0.34555821619231064,0.9612805369412862,0.70975985120435,0.8772546309763992,0.7846684744735959,0.6863726915186941
994,0.3415329640717815,0.9613117995204747,0.7123030295597422,0.8763342302796696,0.7858502918384435,0.6835056706861288
995,0.341990747361732,0.9613273793122996,0.7103794541128035,0.878957031402944,0.7857279082774156,0.6856130666739528
996,0.3434892890693472,0.9612877603617357,0.7111745622214607,0.8769177899851456,0.7853971773497499,0.6843939928314237
997,0.3428970171714858,0.9613084212668045,0.7104730242881344,0.8765579201476548,0.784824969764436,0.6890427349440894
998,0.34295177309633157,0.961211564262185,0.7095448586872288,0.8773481489479636,0.7845744676794165,0.6860240523118705
999,0.3409902913857707,0.9616656303942197,0.7148296394566712,0.8759494362263229,0.7872301430808047,0.6836776234803577
1000,0.3444724256614987,0.9612104656431052,0.7103154353420028,0.8776348919823516,0.7851600892581833,0.6862574375043694
