Epoch,Loss,Accuracy,Precision,Recall,F1-score,Validation-F1-score
1,0.7458716287887354,0.6704872793093992,0.20130913223679558,0.8570326867571041,0.3260355083268925,0.34648975870701093
2,0.7037008632001259,0.7609421430388859,0.2569212437419382,0.830007052592315,0.3923836466228498,0.39288362105859104
3,0.6767647461496669,0.7980952293455219,0.2898056350909443,0.807307037914181,0.42650519785767765,0.4289555837311481
4,0.6509989139845045,0.829558842092843,0.32663249010971884,0.7844642289150969,0.4612226822475493,0.4932291094777067
5,0.6272190219635586,0.8501031081471833,0.3583646971875425,0.7740273964268638,0.48990821306427756,0.5074412905179946
6,0.607936052324103,0.8677355667270468,0.3914171641451256,0.761026246688929,0.516951604770609,0.48902650972994166
7,0.5927267287918132,0.8772845371781486,0.4129014470669254,0.7574385209166362,0.5344557477423577,0.5375084517148284
8,0.5802125466598881,0.8840661822965006,0.43010849611055824,0.7588726661545563,0.5490374305970157,0.571983748518504
9,0.5690723595430525,0.8895093523245022,0.4449378411758573,0.7599829769086669,0.5612737036342301,0.5532066284535592
10,0.5609970218200477,0.8934524815937359,0.4563200596829732,0.7610531959790773,0.5705461955827588,0.550174730235784
11,0.5529862092338877,0.8972264509901634,0.4676383330029841,0.7594976681849823,0.5788604085054065,0.585842955524909
12,0.5470240377693725,0.8992364089284333,0.474074274098976,0.7634811424372613,0.5849382800202115,0.5795670094064461
13,0.541336358772765,0.9028219170880969,0.4856490956435133,0.7605819156530041,0.5927888427610413,0.5586735992998457
14,0.5378773526536474,0.9023911554132917,0.4843578185005681,0.7676537047226084,0.5939547150909784,0.5819367904581295
15,0.5305536655213335,0.9046397128165781,0.49185749371561693,0.7672685882913383,0.5994424390640374,0.6028007522757208
16,0.5244133641822732,0.9090750371662835,0.5073989745360454,0.7642600876730551,0.6098879743608077,0.5625569697409207
17,0.5206821725951681,0.9082479486584543,0.5043776759662723,0.7716867213685573,0.6100343460891597,0.5784094510066637
18,0.5169438580386072,0.9106288553290056,0.5129924026310835,0.7698842199428291,0.6157174412358188,0.5928879520118109
19,0.5113080674581391,0.912215117086427,0.5189338056501447,0.768161311215128,0.619417892832854,0.6011904303853495
20,0.5074694802006372,0.9133098017366091,0.5229861993673823,0.7715868982445011,0.6234167852536945,0.6069510065716788
21,0.5061801052350792,0.9122032108021502,0.5186514513748643,0.7775857363978442,0.622256442810606,0.5990495992555448
22,0.4979027791632165,0.9155219124519244,0.5312597986909566,0.7784723311268879,0.6315353262021128,0.6004914799030419
23,0.4981953477044757,0.9161480360645883,0.5337925756069225,0.776733621993456,0.6327452917821181,0.60448769828942
24,0.4960720698824889,0.916211110532505,0.5340058183747781,0.777496545322504,0.6331481977631253,0.5995695943672333
25,0.4887822900744651,0.9176699050111972,0.5395989770648069,0.7815478727190195,0.6384187082841902,0.6220252381078802
26,0.48646283460606776,0.9191671786231579,0.5458099785553545,0.7792739432998749,0.641975179482588,0.5900960599064218
27,0.4824258208060436,0.9193835035863321,0.5464539893788449,0.7830588049754444,0.6437028808058751,0.6274821521390048
28,0.4768571386234366,0.9218978032122743,0.5568746818858439,0.7841406897659738,0.6512499504450867,0.6171738962675571
29,0.4790350519281497,0.9212206281442478,0.5542281617034609,0.7812907838743717,0.6484570755605406,0.6270898494015863
30,0.47205068685596796,0.9227624850917391,0.5605156161124683,0.7848410759751434,0.6539762753444305,0.6127891500805632
31,0.4727228001939307,0.9225013639355876,0.5594443137070662,0.7842458289143881,0.6530402443508018,0.6255687748742931
32,0.46712499138691443,0.9239142361367455,0.5652261396172665,0.7879412780136025,0.658255587614533,0.6298049751842825
33,0.4622116765315584,0.924670683437746,0.5683665581172813,0.7897351408997489,0.6610094725341006,0.6241579749408694
34,0.4544718504595242,0.9273014229534045,0.5801464446988702,0.7900055936389634,0.6690044952936222,0.634444328494776
35,0.45469480045407795,0.9267447801311663,0.5773872094485422,0.7919527352274328,0.667859550268665,0.622980182113546
36,0.46214751363229406,0.9251373012927671,0.5707925579856442,0.78615479849462,0.6613835183251036,0.6160950038389859
37,0.4523087104233049,0.9270740500021093,0.5786844504853641,0.793665824076806,0.6693365094730321,0.6238900475490083
38,0.4542134671116904,0.9269309891988167,0.5784409637612524,0.7901224723411683,0.6679108798815592,0.6278800343625041
39,0.44349095107411307,0.9292707319857232,0.5885410794083936,0.7958311441649693,0.6766667412680096,0.6151755099897608
40,0.4431410767406011,0.9291120913906057,0.5876870925954317,0.7966993543097748,0.6764150692946348,0.6370470481942954
41,0.44156402295870745,0.929532910562739,0.5895139321199595,0.7977663246986331,0.6780091631441383,0.6278748704050205
42,0.4327669961632585,0.9313958320699214,0.5978880942452423,0.8010578297803094,0.6847197321957829,0.607124657683271
43,0.43636453451870155,0.9303476739377672,0.5931919574944943,0.7989450054326815,0.6808636855766804,0.6356279532684507
44,0.4274078951679545,0.9328390055585731,0.6049732035247158,0.8005599693324461,0.6891581623451547,0.6285077223059238
45,0.43035644003384405,0.9320250867469625,0.6004771043194368,0.8040149421631316,0.6874977548057889,0.6255041362253186
46,0.42830756799780206,0.9326060639818174,0.6037912497904068,0.8008090103068852,0.6884826764066255,0.6374610353407127
47,0.4228440361271659,0.933467038021888,0.6072814089833063,0.8054380123503059,0.6924623865184344,0.6187735835574186
48,0.42274753009672644,0.9336375093712207,0.6082229411609457,0.8048196553503275,0.6928450410339905,0.6344181373463721
49,0.41081608949805337,0.9363329026197231,0.6210332206411109,0.8091519198674302,0.7027205199524407,0.6281409815978242
50,0.4136615001040397,0.9354189270754233,0.61677653558394,0.8069445145864325,0.6991600525335003,0.6142581006507639
51,0.4093615572443969,0.9369840198164515,0.6251933462400945,0.8049862241135456,0.7037885892976115,0.6340470214397763
52,0.4095695656623772,0.9365259711902527,0.6218940202272354,0.8098473592205999,0.7035338046740567,0.6418609359709485
53,0.40384809501308333,0.9367841054757812,0.6227451027003102,0.812373947464094,0.705031261743238,0.6367691227425321
54,0.4078494190312118,0.9361573020925618,0.6196198273413545,0.81195892839581,0.7028685624240325,0.6352097424517738
55,0.3989913274915956,0.9382667262557656,0.6300354983621632,0.8144272618723806,0.7104621869658725,0.6374357620643799
56,0.3963405814745443,0.9387209983788777,0.6319042572577933,0.8169708318603516,0.7126181554024923,0.6333685411456428
57,0.39472025911585035,0.9390573474765159,0.6338116096095214,0.8163220553876578,0.7135816626752276,0.6423577105462187
58,0.39376707760978946,0.9394299235383093,0.6359037260562181,0.8157814452439155,0.7146982981351678,0.636478416367303
59,0.3909256876372605,0.9402908563801644,0.6404272004550143,0.8162292464624072,0.7177195588536183,0.6347520823888264
60,0.3875807046675854,0.9406500567546616,0.6416455043755186,0.819496534099786,0.7197469556144507,0.6281719739553493
61,0.3823281512629214,0.941537795902063,0.6460347005583591,0.82141776006951,0.7232457485304459,0.6377792054589473
62,0.3832530004086254,0.9412478153959599,0.6447211606473183,0.8202424018506853,0.7219669442584359,0.6279289882820045
63,0.3794516555482535,0.9416285006398357,0.6460965962041707,0.8233050963839517,0.7240152547725704,0.6329643136068904
64,0.38040058840092994,0.9420458728946064,0.6493866641626777,0.8190275426175336,0.7244080877206657,0.6357612302726615
65,0.3758828230470205,0.9430828457112548,0.6539087596309933,0.824186448922309,0.7292395447881258,0.634318491800587
66,0.37413655628832126,0.942539475580774,0.6502172415890864,0.8270279377753442,0.728041400207859,0.6326519480429882
67,0.36563936819275505,0.9446148494188744,0.6614795845271784,0.8283809398081329,0.7355817151259628,0.6431318042791878
68,0.3666861371385108,0.9440836808265483,0.6582010384856993,0.8294756716575276,0.7339790221372019,0.6382779045671179
69,0.364389641465043,0.9442466403679232,0.6586648719576145,0.8312707897160918,0.7349698142742525,0.6209420839964445
70,0.36662156729818246,0.9444642356094084,0.6600061012544289,0.8308069665908543,0.7356222973107919,0.6293284215838008
71,0.35979854631767,0.9450843236835028,0.6627754832316495,0.8336734112249036,0.7384659777273872,0.6342367386288204
72,0.35589441003130495,0.9459709985436705,0.6677077466349493,0.8341567264394539,0.7417086137088228,0.623513301864713
73,0.3579839754233257,0.9458287411055799,0.6668832122441001,0.8341865552427962,0.741211396859357,0.6408023947835191
74,0.35869920821927437,0.9454480077971193,0.6653945689736914,0.8315805958022899,0.739263048754125,0.6319374708502871
75,0.3542273179661456,0.9462726656102346,0.6692463958502429,0.8348914453059357,0.7429479870910067,0.6395901033487089
76,0.34852244763923207,0.9477629286591925,0.6778371538319125,0.8352993763417424,0.7483752332541713,0.6370281937452297
77,0.3436453563275097,0.9479532781474997,0.6776486593203703,0.839856981224688,0.7500834819214821,0.6333792655906095
78,0.35738308470455005,0.9456172294672488,0.6664828892835998,0.8311379629408129,0.7397589718536756,0.640120499518446
79,0.3382830095591305,0.9488905512826598,0.6826852024539819,0.8416038858956718,0.7538603059224283,0.6418341622818919
80,0.3378572063051539,0.9492831496771817,0.6851367222111079,0.8412532497890572,0.7552113217235611,0.63266389570549
81,0.3336532009269694,0.94982224892599,0.6870460320038814,0.8456328416896807,0.7581349210026656,0.6280632376860463
82,0.33212835786582756,0.9499362169227767,0.6879907745951168,0.8447825731270834,0.7583673316265089,0.6414044574390412
83,0.3322477563679647,0.9504083484723043,0.6909146423225928,0.8445663143028521,0.7600527124044383,0.6332679739753063
84,0.3447509260057545,0.9474992532136806,0.6750793052285494,0.839538758099923,0.7483804072494071,0.635277869211419
85,0.32905346187327406,0.9507706387129633,0.693071037295363,0.8447321447293538,0.7614230359615682,0.6322095113822935
86,0.3265229124281046,0.951284607050322,0.6954059480099067,0.8472843532569067,0.7638689093031054,0.6371035521682104
87,0.3183133149211355,0.9524049719214935,0.700823632065859,0.8518706056044482,0.7690001513313005,0.637400316131439
88,0.32322234322698856,0.951595310258817,0.6963128244663203,0.8503952611777534,0.7656792276700082,0.6319240210915142
89,0.31874567774131146,0.9524017721934237,0.7013001887666404,0.8503718559038438,0.7686752430908804,0.6293531735697688
90,0.311486285367458,0.9533302769750535,0.7055515835737137,0.8549674112940119,0.7731063997635477,0.635689547811706
91,0.3140886255519853,0.9530430430166498,0.7043477614254633,0.8532137877589089,0.7716667398986887,0.632414196398236
92,0.3191591716713185,0.9517758820373143,0.6973176605412974,0.8507165114830556,0.7664167345808253,0.6336504482893635
93,0.3172756131711624,0.9524706556097248,0.7007265116522133,0.8533974859339473,0.7695631034590091,0.6304003767736565
94,0.31905341920235175,0.9522031967947568,0.6999571651949075,0.8507066916047276,0.7680042862376769,0.6396342625907546
95,0.315673619455142,0.9527687521642796,0.7026411766376222,0.8532011622010586,0.7706362702084787,0.6392392610895918
96,0.30982169653657526,0.9534615825541927,0.7062962051225263,0.8551974770148397,0.7736473602879474,0.6362939183502082
97,0.30474522104151813,0.9548659747893288,0.7149335902472529,0.8559841009524839,0.7791264811858513,0.6413566248278622
98,0.2987714194886976,0.955404991641706,0.716638964684675,0.8608581569520751,0.78215610016251,0.6292122956575821
99,0.29888221841278695,0.9556404737750837,0.7180312902736307,0.8611921066488993,0.7831227433884195,0.6326942956957284
100,0.29792735999007874,0.9559349723521522,0.7201113819452256,0.8607050259170954,0.7841561898999997,0.639809220655473
101,0.2977852802589643,0.9557370011939792,0.718991563886456,0.8602663800738868,0.7833099999068881,0.6315579746768835
102,0.2891688433696898,0.9571594382475004,0.7265347961937973,0.8648732320158158,0.7896912497833858,0.6375104848076838
103,0.29376367115073926,0.9564192848407266,0.7227165134176566,0.8621642746033729,0.7863056492881721,0.6347588196474797
104,0.30166543055352546,0.9551234293043017,0.7154949220285516,0.8590205845323183,0.7807161804247507,0.6355229038324663
105,0.30628261554369823,0.9543954568365747,0.7112702397307781,0.8578477366583294,0.7777127972360548,0.6336169394314239
106,0.28536383389569014,0.95775800712037,0.7299967696903737,0.8661284044336824,0.7922573337277914,0.6350929356904901
107,0.2864160917216925,0.9574254482585569,0.7271514165431954,0.8678358080903393,0.7912891431776689,0.6327841429122042
108,0.292224099310182,0.9565270319069742,0.7230300938476536,0.8632036311990382,0.7869233803575882,0.6272881036652019
109,0.28767035542417774,0.957333940155582,0.7280672742459484,0.8638688725805075,0.7901757323865526,0.6352309454534951
110,0.2779660359453812,0.9588007339544486,0.7350323567375884,0.8709507768631263,0.7972400067301084,0.6373923497379423
111,0.2696481085509705,0.9604366807597522,0.7443781204140191,0.8750849456392209,0.8044568606618815,0.639976493753357
112,0.2828551574255065,0.9582299326788201,0.732447859575773,0.8678679257375024,0.7944282127748457,0.6379803746111189
113,0.2813353685916757,0.9585571769708348,0.7341554733573541,0.8690638097170428,0.7959334812603468,0.6388677441857272
114,0.2705517741415998,0.9601432876681326,0.7425620547276215,0.8746567841773851,0.8032146586666901,0.6414801201122358
115,0.2640380018906628,0.9613033195544528,0.7485550017704375,0.8792397878433745,0.8086514899115533,0.6402227073429746
116,0.2707494740649093,0.9601719410270066,0.7427335131214929,0.8747121594311145,0.8033383082586699,0.6270474742058686
117,0.28180309599466463,0.958621617846232,0.7340836289796104,0.870331976861118,0.7964226397017875,0.6347638911632637
118,0.2730265114483216,0.9599545929748143,0.7419569988257073,0.8730185626710542,0.8021697022810917,0.6335617743284393
119,0.2626121501914031,0.9616944073477401,0.7514320321662089,0.8788037261786733,0.810142050261635,0.636235575018681
120,0.26778058600511484,0.9605204641973225,0.744886122640057,0.8752357878303798,0.8048172031739012,0.6341318754539146
121,0.2664849105284368,0.9607045034922903,0.745479814854281,0.8768198154217276,0.8058332276756371,0.622288981027442
122,0.2653614510949567,0.9612435546765138,0.7498267404465312,0.8752857732260796,0.8077135247874305,0.6254441270141771
123,0.262440367729115,0.9614079492890616,0.7494969919650335,0.878712320093184,0.80897736652781,0.6338612526172817
124,0.25617399886786507,0.9625609500132714,0.7559162010964686,0.8823190949527597,0.8142411532946519,0.637895475393543
125,0.2591246727773612,0.9620818010343718,0.7532158590141499,0.8808798551914965,0.8120609717636458,0.6351036924407344
126,0.2582950653146497,0.9623817446422545,0.75475611509537,0.882122180550498,0.8134839490544393,0.625065001765296
127,0.25753148473638426,0.9624714880883325,0.7563467900556358,0.8799196482918284,0.8134670318906622,0.6349382172039563
128,0.25522723901186056,0.9628199975259099,0.7575394320087572,0.8827374365362676,0.815360417634512,0.6305784265606871
129,0.24884107446284603,0.9639410833658525,0.764528165812407,0.8847648353258089,0.8202637569675472,0.6352392632682925
130,0.25112722551436734,0.9636083253793312,0.7620604541864797,0.8850110706207256,0.8189467528026594,0.6252218652457232
131,0.2554643956019724,0.9628546314923994,0.7582555262897216,0.8816686203056182,0.8153183244370298,0.6346727832462302
132,0.24730741195112682,0.9641912526630526,0.7652529801240139,0.8870640896943256,0.8216684928083574,0.6301440844658635
133,0.24453428387641907,0.9645285081214316,0.7669657297182858,0.8885549391920647,0.8232952932937776,0.6361543429151659
134,0.24137330671651758,0.9653010913901662,0.7721105192333356,0.8893890381805729,0.8266106710722024,0.6317508039054883
135,0.24665427443792495,0.9641350651634921,0.764695994491211,0.8874109602836867,0.8214959749854629,0.6299631675416983
136,0.24686272865791115,0.964168936962995,0.7648895105635555,0.8875129245842205,0.8216513266555964,0.6350333943947059
137,0.23911506403907598,0.9655322889091328,0.7727242739947972,0.8916148280458088,0.8279231315781274,0.6316543622696492
138,0.24454921205266775,0.964515585614506,0.7665489253107298,0.889260936760279,0.8233578395792546,0.6305190847403224
139,0.24188802326969105,0.9651194621908047,0.7703492609833581,0.8903586219565391,0.8260177644489498,0.635126358569937
140,0.24056771445831807,0.9655036904812128,0.7739993753331728,0.8884956507537384,0.8273048254325224,0.6320638852470061
141,0.23408559350658664,0.9663078041175365,0.7772044332358793,0.8939807542198158,0.8315126421925827,0.6328146147557491
142,0.23381548117605044,0.9664676394609032,0.7783091764804785,0.8941010292709162,0.8321965907515386,0.6345783552942228
143,0.24513780191647921,0.9648584989611458,0.7696014282088657,0.8879564434497572,0.8245534695960708,0.626375446579794
144,0.23350470995517086,0.9665759701685369,0.7787523855421686,0.8948149270419957,0.832759165183147,0.6303484461706458
145,0.22948401110420982,0.96722795939416,0.7825236903013939,0.8968550252230589,0.8357975452651007,0.6223275194996694
146,0.22890518005374524,0.9673914957105517,0.7838739132750304,0.8965572540253379,0.8364375249204569,0.6276009310933512
147,0.232841985742394,0.9666950604767831,0.7794975526034019,0.8950689148724346,0.8332951150110297,0.6286405442168889
148,0.23112118222730624,0.9668496567804133,0.7803415563385396,0.8956540467201755,0.8340309145000158,0.6375549702372649
149,0.25122463810358114,0.9639731149783968,0.76499629673752,0.8842398040867824,0.820307262515304,0.626500914376755
150,0.23008185555394606,0.9672355810640257,0.783105600501702,0.8957904913453647,0.8356664287388514,0.6219372831573714
151,0.22188845491237777,0.9685483484679098,0.790263522187814,0.9009022917676343,0.8419638244391804,0.6302810108388176
152,0.2194137187312833,0.9690107160403659,0.7933649218278966,0.9015991339605651,0.8440263072150894,0.6257102858737889
153,0.23038235644427993,0.9669899847687451,0.7811767807689416,0.8960454390135348,0.8346775796496032,0.6202962191807699
154,0.22858025524899256,0.9674088744911197,0.7837261296740713,0.8971132215727813,0.8365952076278057,0.6345089787681262
155,0.21725468385777028,0.9693708777065579,0.7949118035163527,0.9038381400530244,0.8458827135991284,0.63709634801179
156,0.22187877548255508,0.9683892752915295,0.7888998636133939,0.9012573578945472,0.841343985844379,0.6291938891216539
157,0.22484143914507448,0.9681513487306994,0.7885786945135194,0.8983974844572737,0.8399135972148334,0.6300443961932661
158,0.220817821381761,0.9686722521009992,0.7911178547815568,0.901039843897898,0.8425086018088022,0.6178785258402588
159,0.2175999678832164,0.9692635494888345,0.7944939678554104,0.90308798994917,0.8453176085650633,0.6350015697040422
160,0.21507098933132432,0.969885711206442,0.798443926489031,0.9045150471546127,0.848176094663413,0.638429893248895
161,0.21192257953204696,0.970227168882801,0.7999589279384034,0.9065501984796761,0.8499256331788059,0.6266360168935503
162,0.2123635139503925,0.9701826267454859,0.7997209120521173,0.9063611842802797,0.8497082227161972,0.6235497656171473
163,0.21134878952297376,0.9705731720956027,0.802484458412818,0.9067545700827735,0.8514390766359673,0.6089384737132243
164,0.23251258694439483,0.9670581334835365,0.7814768413047767,0.8964513027065356,0.835024950172041,0.6121015745354867
165,0.25978666940610184,0.9624448259765406,0.7562786942116286,0.8796511890617483,0.8133129169254927,0.6300508544437212
166,0.2158315075601605,0.9696415499823342,0.7965829068095108,0.9045434731181938,0.8471373763337718,0.6303142349621474
167,0.2105024115001555,0.9705859778742512,0.8027073291904837,0.9065211818467219,0.8514615711543597,0.6283228285676348
168,0.2052726718268806,0.9715723867477536,0.8085467929495478,0.9097320605589682,0.8561601494500287,0.6300576141114483
169,0.208926815727203,0.9709485496360495,0.8046047922981815,0.9081529059899486,0.853248747361472,0.6291431022295747
170,0.20942822961712912,0.9707793554313969,0.8042108746582829,0.9064788751528726,0.8522879956770922,0.6309523850215907
171,0.20205051280397304,0.9720017888814476,0.8111252407297439,0.9110886066079955,0.8582058105077033,0.631599416302964
172,0.19974484401855538,0.9725616382981248,0.8144183107876125,0.9130031137136003,0.8608975702951736,0.63200999144876
173,0.19923917852717338,0.9727401364331091,0.815684088955117,0.9132353206109057,0.8617076265933317,0.6306734263096507
174,0.20530135147005535,0.9716255187129985,0.8090750163723304,0.9095183859132443,0.8563614895705459,0.6257993254037861
175,0.21122167891950058,0.9705865203174218,0.802882921495816,0.9062015558821958,0.8514192976194564,0.6298235943571251
176,0.20532575549839213,0.9713721428213593,0.8070492338925637,0.9096461181651802,0.8552818668712274,0.6291688115184643
177,0.19866755063370836,0.9728107776399377,0.8160078979314618,0.9136424394763244,0.8620695528731923,0.6177202045885888
178,0.20037271082401276,0.9724362721283855,0.8139956987915166,0.9120101984973962,0.860219979545775,0.6302122439433778
179,0.20190944522619247,0.9721411624444538,0.811391096089064,0.9125616621908695,0.8590077701116161,0.6318489330126401
180,0.20386381088186512,0.9717723285539009,0.8101093873446059,0.9097055542708496,0.8570236150432573,0.6253187546550381
181,0.20033072171022567,0.9724894384254767,0.8138988200362011,0.9129242593522897,0.860572210712374,0.6341555229385686
182,0.20078928173660374,0.9723598288395419,0.8133096137605998,0.9121700483964951,0.8599077532074644,0.6357197314835173
183,0.20989341465689296,0.970722797147897,0.8036566008434887,0.9067028126789544,0.8520755282798779,0.6219274732417798
184,0.20872235638524989,0.9711252144504444,0.8066375125906232,0.9069104329636039,0.8538401013945787,0.6347843500902819
185,0.20029458800236954,0.9725394530590828,0.8146474391010317,0.9122861149283119,0.8607065923523664,0.6278627564118354
186,0.19863521479230992,0.9727504222542434,0.8158349586199231,0.9131107632068504,0.8617363429190462,0.6320358155171514
187,0.19423238831243927,0.9734116192810285,0.8197484645174429,0.9153752419160252,0.8649267441113335,0.6242652125234579
188,0.20381379191824,0.9718919544389484,0.8111256772888561,0.9095482885502582,0.8575220945095994,0.6292694384156117
189,0.20314367994558896,0.9721946514608997,0.8135901720151018,0.9093642950405332,0.8588153284059237,0.6161886899022369
190,0.21517730032582935,0.9700529896940742,0.8001533952492974,0.9036866333588207,0.8487744339639258,0.6254828754781973
191,0.19430976478959158,0.9734083234237892,0.8197479023269303,0.9153307940456983,0.8649065888744683,0.6276133847728163
192,0.18659391414990528,0.9749346967086251,0.8297296463199799,0.919080437059896,0.872122471420667,0.6286938236124209
193,0.18850978747975056,0.9745014082099365,0.8266168023581884,0.9184631137313205,0.8701229498507247,0.6295484021301848
194,0.1885580239857701,0.9744562412330198,0.8264145150647025,0.9181925871584343,0.8698894790530205,0.6279837021368734
195,0.18886964033833512,0.9746462680019723,0.8280422704302984,0.9180149433444704,0.8707105036180706,0.609057487667918
196,0.2048076671018875,0.9717001218148835,0.8098948103473634,0.9090797400700357,0.8566257871541781,0.6289299202321648
197,0.18863013665453135,0.9745640706956983,0.8273483633270495,0.9180730504440505,0.8703528325099016,0.6220476769099657
198,0.18358709387106004,0.9754428286321226,0.8327499020863715,0.9208904695201313,0.8746051479444833,0.6283408969435847
199,0.19037805141197692,0.9741787712516875,0.824813274415494,0.9171429676824112,0.8685312248374565,0.6284328397555229
200,0.18419825730563924,0.9754123282199207,0.8324263605692535,0.9210179802710523,0.8744841538208843,0.6311411578701521
201,0.1839017152464647,0.975549326019167,0.8337099525620225,0.9207302504526742,0.8750619965368952,0.6035176794601179
202,0.1886054709446516,0.9746448878617533,0.8279478878890262,0.9181557441562864,0.8707216400860761,0.6318206869581526
203,0.18760082157824537,0.9748165814248123,0.8292643652087672,0.918263688984223,0.871497717375892,0.631706312574803
204,0.1803344332700153,0.976056867434909,0.8359637003406692,0.9238159072578204,0.8776969126477369,0.6143068804049426
205,0.18100479095102215,0.976113315856501,0.8371406670916614,0.9226405490389957,0.8778135800387761,0.6295735730631316
206,0.1833368146376644,0.9756066258705458,0.8345692841580078,0.9200804403085775,0.8752412105151612,0.6232697152305642
207,0.18576411693859443,0.9752015169512529,0.8317944372853038,0.9192301717459803,0.873329294744892,0.6250481829563758
208,0.18068856124183258,0.9760742118836307,0.8366667900507617,0.9228937246990466,0.8776674899547121,0.6340333218214678
209,0.18527333877927107,0.9753056454409066,0.8325467350627954,0.9193817522738555,0.8738122379590318,0.6238094486390316
210,0.18182850031436776,0.9759559936042792,0.8360003238799208,0.9224062747988845,0.8770803579332968,0.6244305048889586
211,0.18025778126802375,0.976154871123193,0.8371919919892572,0.923111386363039,0.8780548510912075,0.6300408637938938
212,0.1821686747155601,0.9758319732429126,0.8350007753264391,0.9223903267258103,0.8765227467809954,0.6261824234084373
213,0.18406080492108845,0.9754776067923663,0.8329200783819021,0.9210756443686025,0.8747825185116309,0.6244629163721179
214,0.1826833096875561,0.9758699785967031,0.8361167901039123,0.9210647169851999,0.8765374226130854,0.6208022292348374
215,0.17824087685925497,0.9765431849033039,0.8400369402498241,0.9236564265270797,0.8798644174750607,0.6307129837685448
216,0.17949606837342968,0.9763954618352915,0.8390037952312692,0.9233662601975375,0.879165864521843,0.6262574952436656
217,0.17707233892070304,0.9767609518040204,0.8414631932980533,0.924245323892074,0.8809137114778671,0.6200584699807478
218,0.18277730966965072,0.9758955352230461,0.8358539393052855,0.9218377555272625,0.8767427434777875,0.6216042312715145
219,0.1755856570633624,0.9768774534910599,0.8415832085962925,0.925595594079012,0.8815924101718994,0.6267296184081705
220,0.17472698887903915,0.9771881978977704,0.8441344922603865,0.9256168581764441,0.882999881776122,0.6246904961294429
221,0.17677520687202755,0.9767272379310102,0.8411897301829795,0.9242386050279549,0.8807607845438454,0.6274051958737633
222,0.17354063309139486,0.9773414827248741,0.8452521725649326,0.9258596232887939,0.8837215808816573,0.6294785964482411
223,0.17934936405621843,0.9764085216696021,0.8393776980163631,0.9229336687154034,0.8791748755553979,0.6219160723724242
224,0.17610857466892374,0.9768979427368975,0.8424232022739243,0.9245176224730796,0.8815633044122604,0.6239769350378636
225,0.1755467156390492,0.9770157833659403,0.8430000486415387,0.9251519275461321,0.8821675177534899,0.6279976915801335
226,0.1703314523098709,0.977899553751916,0.8487687458930104,0.9276393839436572,0.8864531785533046,0.623715868013809
227,0.16810713804883065,0.9783438284414023,0.8511329791950998,0.9297499194474642,0.888706179894147,0.6262568138540594
228,0.16805483491943896,0.9783630748744059,0.8515110311125896,0.9294131640711177,0.8887582793339233,0.6277211088498258
229,0.16772295647173477,0.9784761845750366,0.8525726840816811,0.929240393279482,0.889257112680649,0.6098972626456323
230,0.18412483722078715,0.9755297431340701,0.8340884002757286,0.9198418837155112,0.8748688044190421,0.6285978316693287
231,0.17323690623366575,0.9774144447645088,0.8454012727766205,0.9265833409382015,0.8841326608593639,0.6166379435241368
232,0.16967619041637552,0.9781314791060229,0.8501735540911265,0.9284745166035684,0.8876005238693347,0.6294691840446569
233,0.17016124497536275,0.9781184467371892,0.850309898850617,0.928091910517134,0.8874999276304837,0.596789876473703
234,0.1701788201445727,0.9781086964928564,0.8502066252649606,0.9281255786714014,0.8874590634051622,0.6222503802415513
235,0.16569573911938737,0.9787890300907371,0.8543602853579495,0.9305465847644514,0.8908274812609164,0.6270559615223911
236,0.1719587819396163,0.9777405767047053,0.8482395133182916,0.9263879032093725,0.8855930172653469,0.6085346802257324
237,0.17295235470473339,0.9775390830991078,0.8466090150538366,0.9263105993551662,0.8846683152246861,0.6135334193689066
238,0.16908822763416406,0.9781560744406711,0.8502708154750155,0.9286438910463087,0.88773092451397,0.6267108045401716
239,0.16407869019203905,0.9791260383598233,0.8568515324916189,0.9310953904457457,0.8924319866147038,0.6246444529154013
240,0.17467563159817415,0.9773628783314525,0.845763840463778,0.9253305311978273,0.8837599128385598,0.5955137209565502
241,0.1700389583012183,0.978009079207799,0.8493711002893549,0.9281288273529535,0.887005159369755,0.6275783216840192
242,0.1652093946183328,0.9789610051749353,0.855635530636077,0.9308183665097554,0.8916449153564309,0.6318568696328017
243,0.16177427160332528,0.9794464506144357,0.8582813469618866,0.9330539024196476,0.8941070750807446,0.619382327795768
244,0.1630008068176911,0.9792860316296828,0.8578167066430171,0.9316920403462622,0.8932294955249321,0.6152813470725088
245,0.16487325580536033,0.979083205948451,0.8564922392892439,0.9310897052530295,0.8922344612688835,0.6299235317273311
246,0.16200554663007208,0.9795236217384197,0.8597251113694446,0.9318639251338383,0.8943421738955132,0.6331410526031095
247,0.16047061044427988,0.9797885811949811,0.8607968067065805,0.9336528411639848,0.8957458184465644,0.6288398870361741
248,0.1586970622858984,0.980083333827712,0.8627233805009531,0.9345415770695061,0.8971975614302138,0.6262832379958695
249,0.1622412057606865,0.9795017729514709,0.8595066338148116,0.9319124338561052,0.8942462804922762,0.6253529281833313
250,0.17023817031717986,0.9782481387195551,0.8513993426683353,0.9280894001722982,0.8880918279738849,0.6190131105102069
251,0.17435450959119866,0.9775579656145411,0.8477613471845515,0.9247453255164149,0.8845815421025186,0.6166280791797801
252,0.1656698229447972,0.9787437807173894,0.8544989249255631,0.9297471876016136,0.890536307385166,0.6200514742473435
253,0.16007473132164357,0.9798122358370422,0.8614714642135559,0.9329437425815619,0.895784218621346,0.6286451352002217
254,0.15629335905579353,0.9804898160208544,0.8658208483631733,0.9351280379233364,0.8991408443495009,0.6200293888427809
255,0.15856778498390595,0.9801143286184997,0.86327184946372,0.934119839137103,0.8972995327249788,0.6266299518342793
256,0.17166611077866967,0.978027261353569,0.8501273251323889,0.927186119033464,0.8869862070319712,0.6061330518248429
257,0.1609361869343322,0.9797200960280965,0.8608014730712341,0.9327673539400158,0.8953406194534475,0.6272701858338832
258,0.16457340249912344,0.9790906422263471,0.8572645551971603,0.9300106261420223,0.8921571273102922,0.6331982051012957
259,0.1560481691585599,0.980478225589563,0.8653269503416319,0.9357105117588982,0.8991434554599393,0.6261185604503884
260,0.15912919279804333,0.9799975866085365,0.8626143004233207,0.933607802624285,0.8967080854467773,0.628921155022317
261,0.167498469593928,0.9785439007085653,0.8541914343372481,0.9276277920572099,0.8893963006918726,0.6128958961961413
262,0.1757239953433867,0.9771885549489714,0.8456547072885642,0.9232102496493639,0.8827322745819216,0.6246339710255885
263,0.15792286661353042,0.980100383022556,0.8630405763565169,0.9342862602329777,0.8972513358154537,0.6288427253291918
264,0.15481664009874674,0.9806356439709543,0.8666573165554683,0.9357492744365088,0.8998790386197395,0.6248256312596707
265,0.15180498053380054,0.9812264195147268,0.8707305350728212,0.9372779267741271,0.9027795255540858,0.6248283419486425
266,0.1506161639641086,0.9814693104605235,0.8721285114214463,0.938316545033076,0.9040126445641928,0.6163394673420252
267,0.15006181487826992,0.9816026622176989,0.8733477788922289,0.9382368785013773,0.9046301982849282,0.6241839240857011
268,0.14986445449239058,0.9816013164093261,0.8730826340593695,0.9386016906729466,0.9046574231925254,0.6195156386263464
269,0.1500767424649043,0.9816415876649687,0.873448725391422,0.938581164912231,0.904844369903418,0.6210358821280112
270,0.1503969072866783,0.9816704538812894,0.8737831026699645,0.9384633263722948,0.9049689754311416,0.6267723459915698
271,0.15980415223099345,0.9799109261622511,0.8624948706306479,0.9326774983616308,0.8962142824659207,0.6243331757350449
272,0.15925758985949934,0.9799641473902962,0.8624580773025172,0.9334132508995157,0.8965339387710562,0.6240729746771968
273,0.1548217386007309,0.9806719807970173,0.8667525345026673,0.9360708200764976,0.9000790384864822,0.622662372232969
274,0.15586021823955953,0.9806210804017782,0.8673375980377344,0.9345646131750576,0.8996970221338995,0.6171750793564078
275,0.1525836263200362,0.9811589711695987,0.8700617139699283,0.9373980541578841,0.9024755870693444,0.6195336256207441
276,0.15273195928592476,0.9811758281061037,0.8705710774713553,0.936870512574022,0.9025048179423941,0.6166799774112001
277,0.15023576661193971,0.9816120691435694,0.872846078536734,0.9390780655223628,0.9047515698916837,0.5963375872190793
278,0.15415009950026334,0.9809302661426693,0.8694922720458402,0.9353346983702546,0.9012124766971632,0.6213216636958613
279,0.14890026421748476,0.9819021732443188,0.8754643293198391,0.9389636233313221,0.9061028381472734,0.6256215929442601
280,0.14822050009807236,0.9820605117191894,0.8762919431436239,0.9397666383440703,0.9069200101920355,0.6239756326005766
281,0.1494518148062898,0.981742832279538,0.8742723457338571,0.9386703559875711,0.9053276016068906,0.6212473571228299
282,0.14736828735942464,0.9822114276489025,0.877586565053743,0.939813965727591,0.9076349390278099,0.6249551789988588
283,0.14783666374014437,0.9820657438925569,0.8763298328280975,0.9397781563968459,0.9069456657610022,0.6223484694193748
284,0.1471586127450569,0.9822431708739383,0.8778953509127924,0.9397729142061596,0.9077809060404791,0.6231573908595374
285,0.15201950670896675,0.98132890694213,0.8720020998935414,0.9367298594295492,0.9032077973136978,0.6236826973163488
286,0.1515040704511481,0.9813229881318378,0.870970629740302,0.9381485734300968,0.9033123437730882,0.6231179942439224
287,0.15319251220860927,0.981091035312254,0.8697636962031563,0.9369730675439288,0.9021183105608147,0.6034754168513395
288,0.14994389893446894,0.9816525326575508,0.8737895454796438,0.9382288306311686,0.9048633880112168,0.6122590260471035
289,0.14609957451550223,0.9823781842924717,0.8785960910683824,0.940466803052225,0.9084792610655917,0.6241593548223272
290,0.14626538265737699,0.9823283001198813,0.8786655179293458,0.9397463340843695,0.9081800676189373,0.6187706781338455
291,0.14520999253224984,0.982551683710643,0.8796177859165305,0.9411877888557819,0.9093618016503745,0.6181432539647322
292,0.14377390569169746,0.9828031232861543,0.8816385613608695,0.941477955185324,0.9105762165273333,0.6220763292893893
293,0.14359873932578582,0.9827810135771741,0.881229867188559,0.9417755787157017,0.9104972999588629,0.611594145802424
294,0.14445696412016162,0.982643857851435,0.8804796392461675,0.9411227413910678,0.9097917532765804,0.6296467569546998
295,0.14584670261406213,0.9824533504366352,0.8791994361549879,0.9405522286103115,0.9088415799582806,0.6217038457597096
296,0.14475134803022413,0.9826218442716244,0.8801407229180489,0.9413251933187025,0.909705340915979,0.621987960516044
297,0.14453563372865855,0.9826934124383016,0.8809622912140563,0.9410617547782937,0.9100208325866265,0.6268805894478974
298,0.15953348022249106,0.9799918051256293,0.8634323128273237,0.9323159348716136,0.8965529605427466,0.6227101720291045
299,0.1530049462005389,0.9811315537571894,0.8706488349732489,0.9361984784947618,0.9022346365733724,0.6174173128015408
300,0.15195425688255604,0.9813254119601825,0.8717178522982881,0.9370965174429096,0.9032256457564707,0.6100006878052135
301,0.14351340900543783,0.9827190583274448,0.881098350162013,0.9411898561985877,0.9101533188781412,0.6244139383390394
302,0.14596997900939673,0.9823472856308535,0.8790113829890635,0.9394950780997812,0.9082473838640492,0.6262307515171374
303,0.14027896435033504,0.9833947433933443,0.8856725962353763,0.9431976890651447,0.9135304485525788,0.606355270654568
304,0.1444491842399827,0.9826894230777682,0.8809693606030374,0.9410022448389526,0.9099967787485801,0.6262173409338688
305,0.14044942548699516,0.9833017521546117,0.8847796799879553,0.9432837052926043,0.9130955322739581,0.6170272825428468
306,0.138685330292947,0.9836481261513528,0.8871501189837196,0.9442872525575245,0.9148274043968333,0.6269468677193522
307,0.13988473207401714,0.9834910373556854,0.8862134198110002,0.9436400265919351,0.9140256086414862,0.6158712707244236
308,0.14599169680862117,0.9824159424569693,0.8791113840627595,0.9402100833759354,0.9086347877486726,0.6254627734912479
309,0.14278800359411206,0.9829675865623946,0.8824998091546047,0.9423158196910858,0.911427453705866,0.6290746982810372
310,0.145589606581832,0.9826202650066972,0.8811819529757712,0.9398448282023362,0.9095685025277092,0.6235736066359694
311,0.1414773678072065,0.9831958452753228,0.8840336199598422,0.943008527198405,0.9125692510693892,0.6260170952788314
312,0.1386728032404999,0.9836614057094795,0.887550220878139,0.9439013239558663,0.9148588516330394,0.6105726232048662
313,0.1390319564681259,0.9836340569607626,0.8872095086383344,0.9440323048893543,0.9147393109664098,0.619950739834383
314,0.13732341607268767,0.9840129020176799,0.8897335319222457,0.9452367535748049,0.9166457265361317,0.6222847988768786
315,0.1397656692500166,0.9835296057517543,0.8864836013620839,0.9437434675659018,0.9142178280422756,0.6194887981207928
316,0.13802404117455586,0.9838485348706091,0.8886680558427389,0.9446723689887947,0.9158148112451823,0.6292976833435757
317,0.1428959131669655,0.9829565935052277,0.882852062264464,0.9416883073158241,0.9113215338889475,0.6218071670121074
318,0.1387977667367287,0.9837191381421209,0.8875932865592701,0.9445530537754258,0.9151877564288563,0.6182524770593864
319,0.1407780076423995,0.9834523041667546,0.8862680343815541,0.9430869385576858,0.9137951022632925,0.614642517578018
320,0.13674599403957668,0.9841531682086884,0.8906868322400586,0.9456598943469692,0.9173505237083592,0.6310294763713455
321,0.13660734653365697,0.9841267807516664,0.8905894696489605,0.9454687389710953,0.9172089412598611,0.619573271328913
322,0.13490581852819422,0.984444933970796,0.8926373377787794,0.9465890172708772,0.9188218709757386,0.6095062658058523
323,0.1351219478914206,0.9843734276014421,0.8920372156470268,0.9465258894816256,0.9184741243156109,0.6200665711191468
324,0.13758209564810175,0.9840647225063983,0.8906407042959261,0.9446384054998407,0.9168451929613952,0.6310312818489494
325,0.13663477096840632,0.98417343773071,0.8907227424627545,0.9458595405950817,0.9174634991912104,0.6228108465500456
326,0.13533870074495996,0.9844105403272303,0.8923630572273012,0.946539105708849,0.9186530389489482,0.6130794948110032
327,0.13728149002082915,0.9841013202544929,0.8903636055931107,0.9454636444477522,0.9170867459440599,0.6187408273367827
328,0.13851474587329857,0.9839679547645791,0.8901227729961917,0.9441553856199769,0.9163432558357177,0.6170021333585556
329,0.13662250487388466,0.9841900131460759,0.8910943088757713,0.9455581515474504,0.9175186985140023,0.6248461888248844
330,0.1381035512246245,0.9838608462706716,0.8885265006953115,0.9450173937363647,0.9159017141643504,0.625641381302225
331,0.13823157200495972,0.9838702119983266,0.888807155560705,0.944748639171598,0.915924514666378,0.614556804690614
332,0.14744147939754904,0.9821751869520088,0.8779326292443299,0.9388710359070865,0.9073798483410259,0.6149699977590688
333,0.13543321050221113,0.9842483292201035,0.8911862669812498,0.9461477134154895,0.91784494025362,0.6200226538861218
334,0.13515792894277642,0.9843671380072104,0.8920842475227714,0.9463853101708245,0.9184328603727149,0.6279440319080714
335,0.1323320693570933,0.9848810102153996,0.8957279908202247,0.9477548509460604,0.9210072686270901,0.6280745954798097
336,0.13181157402104612,0.9849874458051208,0.8963133220857665,0.9482676996292664,0.9215588386473624,0.6031642786141331
337,0.13161193113104044,0.9850652692341834,0.8969707817323272,0.9483370294469355,0.9219389865424421,0.6217298759730076
338,0.13324087641114812,0.9847163752799282,0.894503464583188,0.9473899649408194,0.9201874466427834,0.6263331475768439
339,0.13522951342433476,0.9844069629488518,0.8930498369821599,0.9455687097624949,0.9185591906531574,0.609178571210223
340,0.13676262295825017,0.9841498036877566,0.8912254042890874,0.9448878894763095,0.9172724735078183,0.6212828612513599
341,0.13477831382116826,0.9844820604293227,0.8933445773630798,0.9460890156465364,0.9189605920458894,0.6187677909070582
342,0.13385046785362334,0.9846892325222888,0.8947488221875061,0.946730039583708,0.9200057686595329,0.6171229073659211
343,0.13184682121701377,0.9849558742393162,0.8959603286636649,0.9483551925301589,0.921413521954434,0.6287598120188017
344,0.12935254942598962,0.9854224302970138,0.8996106732969187,0.9491677320865484,0.923725006791152,0.620314981000283
345,0.1311664784715759,0.9850976304324516,0.8973464295112019,0.9482301921240737,0.9220868613987161,0.6206699339727454
346,0.13014465956379184,0.9853540824575142,0.8989784426468814,0.9491757061230854,0.9233953765779643,0.6205882206913965
347,0.12958037464631547,0.9854127143845273,0.8994729665344594,0.9492319673808746,0.9236828202985893,0.6216521547383904
348,0.1301523570051725,0.9853543777113919,0.8991358299334575,0.9489711130189732,0.9233815527191098,0.6091703657429465
349,0.12987556220065777,0.9854688057549184,0.9000022891934597,0.9492122537905469,0.9239525014371077,0.6239774489244277
350,0.12937884322173304,0.985501427875218,0.9001266554314279,0.9494429101807478,0.9241273074054005,0.6085376344138771
351,0.1328642670091965,0.9848582070031253,0.8958557277831057,0.9473066805592103,0.920863090420143,0.5780363321523951
352,0.13569615076450134,0.9843829512555897,0.892250136684164,0.9463543738624077,0.9185061981376027,0.6235231558685576
353,0.13286233720161933,0.9849031061916413,0.8959702441656493,0.9476999925280324,0.9211094010215901,0.6146044328567783
354,0.12924933838222524,0.9854532808940474,0.8994828203027471,0.9497100404047385,0.9239143020336581,0.6119145181923347
355,0.13303405850482503,0.9847766208037145,0.8950336757464943,0.9474130748800424,0.9204788215147235,0.6164657341824661
356,0.1285044874379532,0.9856863803972958,0.9016124134767649,0.9497242164696932,0.9250431597340931,0.6233039594764858
357,0.12789041658850026,0.9857321790801834,0.9016062248322477,0.9502851308731364,0.9253058898095011,0.6036909133471806
358,0.1267856887990622,0.9858918839625345,0.9028227460808945,0.9506180468985576,0.9261041397447294,0.624568914918704
359,0.12685564969726604,0.9858757411284312,0.9024847607145214,0.9508655373658922,0.9260436711291465,0.6136268748338355
360,0.12632349374697363,0.9860699357835175,0.9042981397792487,0.9508379974063708,0.9269842951692489,0.61635202387147
361,0.12831785205564053,0.9856985819354505,0.9016041199240742,0.9498823681943444,0.9251138067743565,0.6141703282154615
362,0.12795230212936298,0.9857331197727704,0.9015334744038175,0.9503919681959982,0.9253182157596931,0.6158158458601168
363,0.14497229789229607,0.9829809073187367,0.8842273361450109,0.940080209947522,0.9112987791833399,0.6058958468464882
364,0.13251035092331523,0.9849171135849083,0.8962279699418668,0.947526335732337,0.9211635213286427,0.6152755973660359
365,0.12612544037669682,0.9860017458705106,0.9034222467109723,0.951158435541285,0.9266759856155137,0.6195070182815723
366,0.1276338224788364,0.985855595201056,0.9028827511765128,0.9501023925358293,0.9258909225289575,0.6245117678805009
367,0.1296366734845604,0.9854480418543108,0.9004758817033759,0.9483376201163087,0.923787233040232,0.537556986703295
368,0.14627001598048553,0.9826891484229983,0.8826994628246628,0.9385844135937831,0.9097845409185247,0.6122880288028802
369,0.1287710927426815,0.9854877706667827,0.8998007787390432,0.9497075300599027,0.9240808176494966,0.6169318019646196
370,0.12461692327968509,0.9862721228924092,0.9055056235027995,0.951699931689087,0.9280282816542194,0.6160340678271676
371,0.12635761006272955,0.9859386439371168,0.903619462804442,0.9501416720491414,0.9262968039870704,0.6212475971580917
372,0.12707197175716325,0.9858028958170738,0.9024916384358883,0.9499783519674754,0.9256263516140089,0.6216712369995732
373,0.12387872364023607,0.9864277560177959,0.9066914033367784,0.9520332168828665,0.9288092749712968,0.6142333694833931
374,0.12263774083887073,0.9865906331627398,0.9076606739064483,0.9527347105971106,0.9296516608004777,0.6184547118915199
375,0.12308258745524524,0.9865466952659185,0.9075585185068437,0.9523402172895423,0.9294102523788188,0.6194381587525727
376,0.12329526312595648,0.9865413944288587,0.9072959041021986,0.9526150262153834,0.9294033358079626,0.6143343030170851
377,0.12459835897889926,0.986348765305961,0.9062521444923811,0.951653490309626,0.9283980846515556,0.6157971553754984
378,0.12367882410720955,0.9865259382316803,0.9072792795251243,0.9524513369653593,0.9293167033141592,0.6090112901190985
379,0.12298850624038161,0.9866750139744347,0.9084377248400863,0.952745268812155,0.9300641014922034,0.6020985366026754
380,0.12491013200806199,0.9863708200839872,0.9062995306638967,0.9518567544076487,0.9285196694267257,0.6205599704607224
381,0.12394672996706242,0.9864958360688948,0.907145901164637,0.9522626919343211,0.9291569384225697,0.6128259415891587
382,0.1266400495128666,0.9859912815237759,0.9035177694941438,0.9509078440597415,0.9266072771857532,0.6149658112712624
383,0.1235332073871609,0.9865742294066051,0.9078069670058388,0.952350111001542,0.9295452260645629,0.6232714218170102
384,0.12663445544007013,0.9860764588343036,0.9047540687453299,0.9503241888854335,0.9269794123071855,0.6261775441114639
385,0.12460107878922559,0.9863640567102775,0.9062300958534142,0.9518653929472305,0.928487337157155,0.6264344355546111
386,0.12354955481861135,0.9865293782826738,0.907560181134574,0.9521307511631019,0.9293113624227383,0.6094299742130401
387,0.12305761088463042,0.9866624553850791,0.9084905893561358,0.9525272379798044,0.9299879013505383,0.6176693010190905
388,0.12443569053312857,0.9863701403134316,0.9061831172692937,0.9519991057265691,0.9285262840089102,0.618521798615483
389,0.12524498181698993,0.9862669731154727,0.9056485505616714,0.9514529580574538,0.9279858838013264,0.621423440623863
390,0.12370312133495756,0.9865108116202258,0.9075155648396441,0.9519658805743315,0.9292094373387508,0.6109161519974119
391,0.1309160821193414,0.985281189081572,0.8989214821147598,0.9483679657553524,0.9229829557570268,0.6055735893429396
392,0.12750283840427296,0.9857427052242413,0.9022393325854604,0.9495826034874891,0.9253057842291007,0.620201862172196
393,0.12303425899619679,0.9866126055443349,0.907899348353208,0.9526905580614704,0.9297558090197316,0.6143551908793863
394,0.12324125027592234,0.9865437289944032,0.9078880041937302,0.9518808980182747,0.9293641244394054,0.6218119399106602
395,0.12690979872140096,0.9859601013410184,0.9044472084712591,0.9493236688010505,0.9263422494220986,0.6227291192710978
396,0.12440014609115586,0.9862802252081224,0.9056660785494821,0.9515893288489714,0.9280599452450937,0.6206805912515563
397,0.1215695372963552,0.9868781349095441,0.9100494910812139,0.9531077921399036,0.9310810944343871,0.6214244640153711
398,0.11947359927266622,0.9872033261571534,0.9123785860359837,0.9540184566459017,0.9327340224200916,0.6121670939292515
399,0.11885383181113134,0.9873017830258078,0.9128398519899102,0.9546047698323887,0.9332552800974896,0.6147239711463541
400,0.11855717331653448,0.9873899678060665,0.9134811479564592,0.9548412590826492,0.9337033974187641,0.6198249555729917
401,0.11977537992082053,0.9872091625710148,0.9123731298855126,0.9540948006623766,0.9327676572854913,0.6126251853458583
402,0.12241247408896042,0.9867773640744529,0.9095962801632822,0.9524840452818955,0.9305462634069325,0.6209562607507745
403,0.12387570331422545,0.9865692581552692,0.907933884786294,0.952127428647878,0.929505655389189,0.6156716826109229
404,0.12073184541768307,0.9870658477120599,0.9111698897764852,0.9539173783494276,0.9320537514149637,0.6147945640864005
405,0.12021631173950305,0.9872351517786203,0.9128145688789798,0.953844652182863,0.9328786798744501,0.6128537902467939
406,0.11905607664220624,0.9873937992401072,0.9136329752619117,0.9546949207454601,0.9337127200981087,0.6207239111781693
407,0.11904652853556674,0.9873589592825402,0.9132231720116272,0.9547991000561431,0.9335484654815557,0.6215016303289942
408,0.12058486025646437,0.9871237243384555,0.911792936142479,0.9538143803774909,0.9323304070672072,0.6184523050352223
409,0.11997470886801644,0.98721596714294,0.9122480565224882,0.9543343909268459,0.9328167577973742,0.6091606693232686
410,0.11874687489416959,0.9874180100580774,0.9140831318112268,0.9544142789595595,0.9338134354671893,0.6185033292640482
411,0.11908370907679736,0.9873202810245634,0.9131206363828941,0.954469211211259,0.9333371935726006,0.6124207299547498
412,0.11878747838757021,0.9874375380122201,0.9140358327998716,0.9547057004615195,0.9339282126160884,0.6241952680773495
413,0.12391851794162242,0.9865102829097937,0.9080381192458722,0.9512878659676686,0.9291599768348252,0.610169911531677
414,0.12609775573444024,0.9862789823952884,0.9066292075077509,0.9503300955791646,0.9279654325147867,0.6105488797462482
415,0.12726635504647982,0.98596547770814,0.9041030213469612,0.9498353361455102,0.9264051242272758,0.6213382540095422
416,0.119773885838205,0.9872139278312732,0.9127010225189311,0.9537360428518816,0.9327674398184227,0.6105455654959683
417,0.11673705078822245,0.9876696899565123,0.9155959277110411,0.9554950562450144,0.93512008763601,0.6175545482845081
418,0.11677345483423136,0.9877108813056341,0.9161451134161913,0.9552940071571407,0.9353100797258797,0.6150592484917832
419,0.11729414602942603,0.987608757795801,0.9151428448970083,0.9553423682120645,0.9348106326304892,0.6040193383656044
420,0.11753674534906586,0.9875382607827266,0.9147932929804636,0.9549463243973917,0.9344386615075276,0.6098787613058069
421,0.11780411058621441,0.9875158970180842,0.9145273220705586,0.9550159495497476,0.9343332054779876,0.625434785553259
422,0.11677797591621927,0.9876989063576647,0.9155700680395269,0.9558736014795086,0.9352878449915636,0.6166993843369826
423,0.11661585498091986,0.9877068026823005,0.9158305847996209,0.9556400655761138,0.9353119162609425,0.6133989824834309
424,0.11608026332134823,0.9879009973373868,0.9174458507539429,0.9559159081733579,0.9362858822585456,0.6233860455633792
425,0.11614310272413192,0.9878701261412455,0.916984035323321,0.9561278846446342,0.9361469505373567,0.618453814597707
426,0.11791134446108942,0.9875205867482809,0.914670588911746,0.9548911706446772,0.9343482395654275,0.6262772615848573
427,0.11670839052191741,0.9877880318305103,0.9167206630163788,0.9554864177054326,0.9357022002121352,0.6151343257796078
428,0.1166794190062679,0.9878362062771578,0.9170914243251596,0.9555926643589214,0.9359462633629916,0.6151052277159551
429,0.11853252817615331,0.9875393456690678,0.9148558048416648,0.9548805385959612,0.9344397746034323,0.6011012533428713
430,0.1193605358008858,0.9874092623036548,0.9141294551824808,0.9542520663829681,0.933759953714959,0.6127025694155521
431,0.11963713517506346,0.9873434550207771,0.9138892327936583,0.9537737718580893,0.9334056288003983,0.6126830282663046
432,0.12047884029021366,0.9871709374934083,0.9124241432395774,0.9535754546160664,0.932546039336997,0.6176072129281696
433,0.11594182750035961,0.9879232787055983,0.917674982031497,0.9558933150698363,0.93639434664633,0.6086911321215723
434,0.11581500697371772,0.987926423502714,0.9176251423433118,0.9559926213581911,0.9364160419998288,0.6176570197081127
435,0.11444606562312558,0.9881448289757706,0.9191073871622499,0.9567254943828819,0.9375392424611425,0.6171852132646843
436,0.11305877626639046,0.9883839914830654,0.9209222179171149,0.9572947519912203,0.9387562995421072,0.6261630688287154
437,0.11402752156630694,0.9882466228998797,0.9200110666125878,0.9568044964115359,0.9380471290049532,0.6157874593916803
438,0.11394840998829697,0.9882658350010372,0.9202210695842841,0.9567708282572684,0.9381400910024257,0.6141349495110787
439,0.11371378981166606,0.988298601315091,0.9201877817640314,0.957197808380358,0.9383279946610986,0.6127931086483465
440,0.114113306894684,0.9882613855937641,0.9201279500060031,0.9568336607118334,0.9381218983917414,0.6124586070978257
441,0.1144708536779709,0.9882233596408658,0.9199713638709162,0.9565796728813944,0.9379184355517718,0.6092178227668509
442,0.1133315181292647,0.9883941331104455,0.9210583224543637,0.9572460217679384,0.9388035732310926,0.5981062287135388
443,0.1196979756245939,0.9872553801024264,0.91353008604626,0.9531808874748264,0.9329343754915175,0.6162552077009964
444,0.11708611161481562,0.9877471288688969,0.9166281079670044,0.9551183568523111,0.9354774792221672,0.619420678874776
445,0.11416409287950118,0.9882794029466722,0.9203526630233022,0.9567678010767312,0.9382070149004487,0.6157098653093471
446,0.11589830132911531,0.9879329328207617,0.917904497490206,0.955721282614917,0.9364312478771725,0.6098483254336038
447,0.11681497078254927,0.9877975898165042,0.9171104696284788,0.9551123763249083,0.9357257464223011,0.6231549363043125
448,0.11559947325492935,0.987914956666069,0.9174388722897822,0.9560895649690534,0.9363655387869134,0.6135755911062251
449,0.11234499611925307,0.9884788778397106,0.9215552445358273,0.9576295138584325,0.9392461245509737,0.6185278079929949
450,0.11198479306998013,0.9885471295500408,0.9222303994766557,0.9576002018907918,0.9395825518387201,0.6056308515934572
451,0.11347829381660592,0.9882733742744719,0.9202126688919202,0.9568699868782798,0.9381833897416139,0.6193780199274717
452,0.11176439309023696,0.9885354017913643,0.922095540482032,0.9576283325196863,0.9395260948040745,0.6078615808624063
453,0.11115064725226206,0.988648429095564,0.9228554938085235,0.9580213491538219,0.9401096818864476,0.6170553731258107
454,0.11194793046485606,0.9885607318275221,0.9222052118549029,0.9577909142646358,0.9396612692232289,0.6210003722281587
455,0.11174800659683969,0.9886350877401142,0.9228433275985864,0.9578797361716178,0.9400351813581842,0.622983323035376
456,0.11235455753241512,0.9885157914407906,0.9220511483034017,0.957452608381185,0.9394184756100079,0.6251664704150891
457,0.11256071005900986,0.9885340697157301,0.9223621944174902,0.9572848582792206,0.9394991057478363,0.6035539285574371
458,0.1127276259253351,0.9884485147548937,0.9214129992543506,0.9574479568598717,0.9390849181141557,0.6120793576324447
459,0.11396638322755587,0.9882637201593085,0.9202619429530833,0.9566953702448532,0.938125053825242,0.612206564034228
460,0.11340683612892095,0.9883094570448728,0.9205171475772645,0.9569182002658603,0.9383647891635439,0.6149809357669522
461,0.11312931325795839,0.9883440978777316,0.9211842458086973,0.9565022951935166,0.9385111158562527,0.6072239910433073
462,0.11133657939892878,0.988647021489868,0.9227187127293794,0.9581727820143539,0.9401115996997716,0.6155641390545921
463,0.11332313075876065,0.9883145862227015,0.9207415918107099,0.9567012769385843,0.9383770566638736,0.6138327935513668
464,0.11114777235997667,0.9887250371772697,0.9236839841978999,0.9579043227842736,0.9404829718238165,0.6137610798084616
465,0.11290500546209246,0.9883749553411344,0.9210670699881662,0.9570096801850213,0.9386944404663382,0.6192665975788312
466,0.11823458433580056,0.9874715608718465,0.9147080586299646,0.9542626245980126,0.9340667786844143,0.5928239223085683
467,0.1201837813789896,0.987198396104033,0.9132772538569619,0.9528230156683911,0.9326311145999379,0.6108169966304129
468,0.11126643596150035,0.9886380334125218,0.9228042394688067,0.9579622822165105,0.9400546480255978,0.6148421169899604
469,0.10947708884696308,0.9889445206702983,0.9252331593256996,0.958582854226638,0.9416128075258215,0.621366538340399
470,0.10828894325833527,0.9891039096996639,0.9264686160807402,0.9589438270472822,0.9424265375799669,0.607678238983963
471,0.10814761009951718,0.9891490698102113,0.9265968407389338,0.9593156534176573,0.9426724267243761,0.6183900075544627
472,0.1125460633967849,0.9884512544362238,0.9223596971066184,0.956315569837941,0.9390307679609183,0.6030228937312527
473,0.1104847016013998,0.9887495295163791,0.9237246530594638,0.9581416242049221,0.94061841703982,0.6096626100065368
474,0.10987966979364697,0.9889075933364798,0.9249340841145619,0.9585152964170882,0.9414253199107299,0.6085576610656693
475,0.10860832012760982,0.9891582913441122,0.9269056120632235,0.9590488923620248,0.9427033350884457,0.6190918615828336
476,0.10795436540899946,0.9892376871717327,0.9273482123187414,0.9594393986513247,0.9431208960610351,0.6189047177022271
477,0.10836440423945728,0.989191140054597,0.9271001973188895,0.9591965597053033,0.9428753100050855,0.6198422895466676
478,0.1138643441761998,0.9882927855003375,0.9210582846239893,0.9560541248066665,0.938229983221096,0.614412807569323
479,0.11282110688604897,0.9883805376993334,0.9211930200047821,0.9569199722739796,0.938716682953568,0.6141421397414225
480,0.11042005544622167,0.9887939755245247,0.9242546977041836,0.9580142611213445,0.9408317309355144,0.6039239781072356
481,0.10928907908713646,0.988996183232524,0.9253532104768338,0.9590409183254878,0.9418959433026735,0.6127062051076446
482,0.10758411281293245,0.9893204406539157,0.9278983221661199,0.9597391633581799,0.9435501956561528,0.6064735274958623
483,0.1088401988925908,0.9890811133537588,0.9262487086406649,0.9589444915503269,0.9423130710068148,0.6089806329946762
484,0.10832391586824716,0.9891540822597628,0.9267890550607941,0.9591410367842306,0.9426875566544956,0.6094239419276775
485,0.11015189246093626,0.9888141145855306,0.9243576780353473,0.9581243471257586,0.9409381709262312,0.6152642961955949
486,0.10936411775702196,0.9889985452635456,0.9256968133909773,0.9586502643688447,0.9418853939982786,0.6219050498913601
487,0.10825501553875079,0.9891901581637944,0.9269999307218985,0.9593065718760456,0.9428765944934038,0.620486395162203
488,0.10800462336741763,0.9892380716884105,0.9273212398899098,0.9594765369881592,0.9431248889823498,0.6185359170927631
489,0.10763092903192524,0.9893043733498741,0.9276118135186899,0.9598982749205623,0.943478909115438,0.6165260529607411
490,0.10748905234253235,0.9893100243717656,0.9276683623419099,0.9598957645757267,0.9435069455330405,0.6121778431815226
491,0.10746938861209712,0.989320200330992,0.9282252256075197,0.9593415690364027,0.9435269224700165,0.615501365227426
492,0.1066741802387958,0.9894013882809863,0.9284890696100023,0.9599692290790076,0.9439667658857646,0.6132548233525432
493,0.10642542480993614,0.9894658428891221,0.929015449757193,0.9600853694444961,0.9442949071153331,0.6189004753341075
494,0.10691197236611259,0.9894206141148821,0.9286912362171462,0.9599493678213367,0.9440616316323781,0.6095061343163868
495,0.1076021614692194,0.9892248745267149,0.927314137167799,0.9593311584887015,0.9430509778814343,0.6153811082281938
496,0.10692618174893821,0.9894163432332096,0.9286808411424574,0.9599121556508305,0.9440382651490419,0.6170808362582777
497,0.10750589391096033,0.9893253363751898,0.9281785311286507,0.9594577832355627,0.9435589993123088,0.6154674167254335
498,0.10732427413622253,0.9893941236623214,0.9285440818826799,0.9598182392205055,0.9439221867025964,0.6110398868002535
499,0.10716921702134523,0.989371897225064,0.9283700650126835,0.959769213662537,0.9438085604683047,0.6120922211500954
500,0.10891601177964279,0.9890889272819636,0.9264036273764139,0.9588476956068079,0.9423464898102266,0.6164978129550486
501,0.11045301897223476,0.9888482129752186,0.9248495809009,0.9579233718715566,0.9410959804856047,0.6182501278081276
502,0.10678872285182957,0.9894155192688998,0.9286658994167338,0.9599205726893973,0.9440346154879475,0.6147668415499746
503,0.10774392201799712,0.9892263851279496,0.9275273364168835,0.9590908298875159,0.9430450514212793,0.6107164847620921
504,0.10762436259135925,0.9892486802288994,0.9272817528688275,0.9596481264410487,0.9431873506067961,0.6158372439320232
505,0.11850890620417304,0.9876502443988004,0.9174050244244434,0.9530037604965639,0.9348656242671148,0.6115241220992806
506,0.10741283574389468,0.9892121511444975,0.9271585365975483,0.9593711025050583,0.942989804152436,0.6128067328344838
507,0.10513327895201367,0.9896185715403167,0.9299755023252636,0.9607076396290715,0.9450918029852966,0.610666045321722
508,0.10412648525223028,0.9898262998091918,0.9316923019220841,0.9610638870947307,0.946150201972496,0.6173392939880515
509,0.10443918038454415,0.9897404976590625,0.9311586763991201,0.9607059414546237,0.9457015733699983,0.6172665128710334
510,0.10307615945825903,0.9899554081501716,0.9325491722585082,0.9615387114370425,0.9468220953883217,0.6214230885402653
511,0.1033448845335691,0.9899105432935018,0.9322411315162713,0.9613858757367493,0.9465892207787204,0.6211084363324899
512,0.10284949435765366,0.9900014746214598,0.9330634833434353,0.9614600785767468,0.9470489658130397,0.617758868146909
513,0.10284590745250956,0.9899872818362231,0.9327974393976941,0.9616123236076668,0.9469857373744542,0.6022925514590851
514,0.1031883559692249,0.9899422453203222,0.9325438150762608,0.9613925207671968,0.9467484541424713,0.6115412126998446
515,0.10289586533745415,0.9900318102407997,0.9332222614960749,0.9616225864880246,0.9472095890307846,0.616590577811991
516,0.10352028981387186,0.9899037387215766,0.93230887865101,0.9612261735049936,0.9465467195128632,0.6110186939218338
517,0.10463457491597254,0.989737194935454,0.9310220022003775,0.9608311633617238,0.945691737364578,0.6175910382231405
518,0.10394906543409653,0.9898684936482239,0.9318297881232576,0.9613891982519731,0.9463787331082358,0.6142588154018447
519,0.10500886641013965,0.9896806023201077,0.9307056035847558,0.9605527365859724,0.9453936519307391,0.6069697891607327
520,0.10447136501667739,0.9898198866203137,0.9318067987704265,0.9608527227938425,0.9461068824216154,0.6139245297801688
521,0.1044402344674944,0.9898039635100264,0.9314965989899736,0.9610385621453584,0.9460370095312604,0.6137785603763639
522,0.10409309661431278,0.9899008067819074,0.932360746885197,0.961130337399206,0.9465269804216807,0.6119555116661416
523,0.10468565777158566,0.9897487029703145,0.93121078538649,0.9607388712721748,0.9457444025743438,0.6125168289263859
524,0.10433845185815431,0.98979790050598,0.9315468131602901,0.9609081718812436,0.9459997224039729,0.6113051348570252
525,0.10429296737684192,0.9898364895011567,0.9319951302215959,0.9608205313130078,0.9461883419483518,0.6097853292108
526,0.10401983414408114,0.989859237782477,0.9320096535798024,0.9610670619426112,0.9463153522765796,0.6164221073809988
527,0.1056372419455283,0.9895568909453574,0.9298425337660795,0.9601500477408521,0.9447532883701976,0.6171718465646726
528,0.10217843768890385,0.9901726806723021,0.9342583567998668,0.9620227649883092,0.9479373045432239,0.619915935832811
529,0.10335812863739703,0.9899730684518787,0.9329074212680317,0.9613166935864234,0.9468990185509585,0.6133191667312909
530,0.10212285850170276,0.9901392895186466,0.9338943872060108,0.962068246530039,0.9477719861736625,0.6038969468625563
531,0.1028984141328352,0.9900541328072267,0.9334354761098996,0.9616276071776961,0.9473218398504505,0.6144423784131241
532,0.10750259532720494,0.9892480073247131,0.9278524223504511,0.9589501029093715,0.9431449915779072,0.6133404680022125
533,0.10281988140865625,0.990048866302013,0.9333508756126989,0.9616671820256947,0.947297470621732,0.615190757965976
534,0.10290005674465097,0.9900645559557458,0.9335018654544892,0.9616693970358439,0.9473763071985514,0.616589234272248
535,0.10115572940156185,0.9903250728714036,0.9354313251123678,0.9623959941984455,0.9487221002412483,0.6162588924602942
536,0.10064275029430286,0.9904067551999838,0.9360224617156443,0.9626413434893025,0.949145306938476,0.6183274982775087
537,0.10070404459943445,0.9904167869654559,0.9360407528556274,0.9627355552543142,0.9492005036002907,0.6127378553269127
538,0.10203079234728281,0.9901321141627819,0.933950897704016,0.9619181426755964,0.9477282383278629,0.6173481515327769
539,0.10404910995430655,0.9898293484771382,0.9321675522186424,0.9605320631579134,0.9461372685525673,0.6151178012725981
540,0.10318451695036975,0.9900260012924155,0.9333582017176245,0.9613937021059431,0.9471685397222414,0.6134440716652276
541,0.10241968689901794,0.9901735595675659,0.9343380010121882,0.9619385207689688,0.947937396543503,0.6152858353617994
542,0.10313500674347655,0.9899967024948321,0.9329868035247343,0.961496035574835,0.9470269081550885,0.6101772798040974
543,0.1016370176116554,0.9902476545581266,0.9346941714161472,0.9623733272612521,0.9483318230316938,0.6190800424110385
544,0.10091989878699076,0.9904022645944953,0.9359587986194516,0.9626646010958689,0.9491238795964078,0.6113473835541255
545,0.10190098775590924,0.9902478605492041,0.9348276438892837,0.9622176858814367,0.948324932551673,0.6093169483886786
546,0.10163394837445922,0.9903100698545956,0.9354595181581861,0.9621894075851989,0.9486362070307179,0.6090452517351056
547,0.10246999283059896,0.9901620583990747,0.9343585871721595,0.9617811073810341,0.9478715510706879,0.6115541198621143
548,0.10149359424337209,0.9902682673986106,0.934812970914491,0.9624709353751593,0.9484403589090937,0.6219917154896336
549,0.10294533696481221,0.9900712918639787,0.9337169709302672,0.9614919008892232,0.9474009103918732,0.6145716532382353
550,0.1008215789019847,0.9903814594956724,0.9357490079582237,0.9626719844630328,0.9490195884333827,0.6198218574046293
551,0.1009445708084235,0.9904028413695122,0.9361933368876406,0.9623947390260276,0.9491132421637059,0.6179266782029824
552,0.10242988962492497,0.990145517315555,0.9341484054313696,0.9618389191459276,0.9477914550956371,0.6146130248836347
553,0.1017543459780139,0.9902089900328883,0.9344120558584629,0.9622605094109875,0.9481318360740831,0.6143332009751179
554,0.09997997286883618,0.9905425445182423,0.9368892298479738,0.9631867528217014,0.9498560092138958,0.6167883927509017
555,0.09941870149680608,0.9906574600739854,0.93781349633268,0.9634250140800812,0.9504467492746596,0.6183580405780048
556,0.09907143084640554,0.9906901851898238,0.9381357239120299,0.9634239804086783,0.9506117017953702,0.6127852509369112
557,0.0991166555624214,0.9906515137982161,0.9377650089033721,0.9634134221936338,0.9504162067731171,0.615529725879304
558,0.10003543736265717,0.9905432860861212,0.9372572556024158,0.9627626522118058,0.9498387648438997,0.6209577948688592
559,0.10064982699243713,0.9904286726506251,0.9363248643785265,0.9625378286816644,0.9492504173086017,0.6104509957168288
560,0.09988992889043238,0.9905757228144512,0.9373472473678344,0.9630307422735278,0.9500154393716688,0.6104869501574294
561,0.0998683374830716,0.9905570256909875,0.9371271092458371,0.9630739349714367,0.9499233730203119,0.6163688323996714
562,0.10140200578373113,0.9902969070247462,0.9353327471393617,0.9621871187413781,0.9485699066626201,0.6010386289082731
563,0.10463911722407496,0.9897313241897464,0.9314584171442981,0.9602410846579832,0.945630783261615,0.6151313740499018
564,0.10098285159672336,0.9903535271055693,0.9357098498293746,0.9623956988637589,0.9488651834775615,0.6177198678381886
565,0.0996267069131136,0.9906155958206773,0.9377073021692637,0.9630674376083325,0.9502181924328826,0.6135805905649452
566,0.09845607231954019,0.9907688669150425,0.9385020944625243,0.9639003552580945,0.9510316835386152,0.6118033382199505
567,0.10295519794223548,0.9900923647512023,0.9341186214948275,0.9612593248235597,0.9474946536624914,0.6078718865212502
568,0.10321546344609141,0.9899978285793889,0.9333266031225788,0.9611050124498337,0.947012147749494,0.5929632341962502
569,0.09928677385177115,0.9906643127104954,0.9379160835551666,0.9633835933902916,0.9504792725001298,0.618817715910752
570,0.1031023788553991,0.9899274826264379,0.9327586591177042,0.9609655406441072,0.946652030176578,0.608579031094221
571,0.09907006130640884,0.9906019866768268,0.9374198379751681,0.9632481086028336,0.9501584824662044,0.6144873738744212
572,0.09928790146230365,0.9905984436302945,0.9374673105174219,0.9631515341603295,0.9501358790358652,0.6194996743544087
573,0.10255527032686652,0.9900894465442717,0.9339215244007613,0.9614592664063587,0.9474903492602085,0.6157840228073854
574,0.09811061238803023,0.9907663194920513,0.9385922078254523,0.9637655349736812,0.9510123158707472,0.6161330362307912
575,0.09774678644034074,0.9908255075949735,0.9391452604548837,0.9637994984626352,0.951312671340882,0.6194281196681174
576,0.0968968942627418,0.9909608574656,0.9401273021474723,0.9642089800055463,0.9520158761604084,0.6126864017391338
577,0.09618732406885075,0.9910757730213431,0.9410639332703331,0.9644382335559861,0.9526077201771173,0.6187192443145467
578,0.09572517138858921,0.9911609297327632,0.9417292470282362,0.9646425313254119,0.9530481881776683,0.6153254588562759
579,0.09669632637511483,0.9909728255472002,0.9401571819487089,0.9643116088091249,0.9520812197690601,0.613034917616324
580,0.09820851320467835,0.9907504925109335,0.9386752218213992,0.9634862960275418,0.9509189457983278,0.6160624111773939
581,0.09706647692770838,0.9910020488147219,0.9404888185461668,0.9642609589103804,0.9522265451862021,0.6108497221188164
582,0.09745566611238521,0.9909364131910754,0.9400836867443282,0.9639790619520618,0.9518814347107778,0.6189168708518503
583,0.09751011892188367,0.9909140974910177,0.9397396589991602,0.9641237759484748,0.9517755652129768,0.6128629370632755
584,0.09699967329343445,0.9910155000320797,0.9405860390479046,0.9643022319328267,0.9522965001110304,0.6151389542884215
585,0.09689839386629115,0.9910471059297306,0.9408850493399015,0.9643172201681695,0.9524570380776581,0.607181526799825
586,0.09628252584567602,0.9911243937819918,0.9412773272157234,0.9647480396421843,0.9528681747693672,0.6192317731060856
587,0.09968024135815154,0.990545023277541,0.9373286192114413,0.9626988599195094,0.9498443606694713,0.6090425695999865
588,0.09762120120924153,0.9908879503569193,0.9395261512084386,0.9640724615466855,0.9516410478699165,0.6196366825404488
589,0.10029416460302665,0.9904855467871104,0.9370610713091742,0.9623276242185075,0.949526294037549,0.6149132922099485
590,0.11088271188489396,0.9887136321379479,0.9251681256071476,0.9559608728793862,0.9403124715287042,0.6115219672599082
591,0.09868354543293123,0.9906897800740382,0.9383496413155049,0.9631687374058214,0.9505972168187111,0.6155011835155186
592,0.0957885413504333,0.9911248881605776,0.9413894915114523,0.964623482238129,0.9528648775750319,0.6169645669889569
593,0.09481258512132888,0.991233012877134,0.9419883162637755,0.9651683009011547,0.9534374413660673,0.6141024702255508
594,0.09515482136349884,0.9911933458619853,0.9419163694097915,0.9647971390338244,0.9532194683589162,0.6183747801764421
595,0.09444144365491627,0.9913097926180708,0.9427305941809387,0.9651883836598406,0.9538273155120489,0.6085249242871814
596,0.09446240886509848,0.9913506269159916,0.9429832697265799,0.9653637386299837,0.9540422687724194,0.6058046947582157
597,0.09569072984695005,0.991158828623773,0.9415298123155768,0.9648497824417032,0.9530471654998213,0.616357043201387
598,0.09930725572563762,0.9906422647988384,0.9383485925553805,0.9626231065724077,0.9503308625035835,0.6168421485060791
599,0.10251766987305751,0.990067323102553,0.9338977853162381,0.96123141569568,0.9473674827186016,0.6090997602722785
600,0.09681770478864368,0.9909601433631982,0.9401323671075376,0.9641948777742633,0.9520115990895719,0.6182099461303762
601,0.09578817648638924,0.9911245723075922,0.9413921596715168,0.9646167633740098,0.9528629663254911,0.6204821424300252
602,0.09593920365458342,0.9911077291038256,0.94126852114902,0.9645671471466682,0.9527754226108978,0.6161182709870956
603,0.09527545404895175,0.9912019631553922,0.9417682137122646,0.9650676656067104,0.9532755927316608,0.6157769271336457
604,0.09576427943254118,0.9911254100046406,0.9415635323225721,0.9644275276735985,0.9528583933938315,0.611562477583287
605,0.09571298372616871,0.9911461327070326,0.9414565553072619,0.964789238830959,0.9529800996077099,0.6111119437404697
606,0.09491131039296123,0.9912835287556953,0.9425055222558664,0.9651479966414539,0.9536923845107526,0.6135786237947289
607,0.09427436615387313,0.991350166869252,0.9429359703447274,0.9654131333563104,0.9540421801434582,0.6054978583940726
608,0.09390997212621377,0.9914155072390208,0.9433716233834383,0.9656575966431078,0.9543845269849672,0.6228362603299258
609,0.09409837187569348,0.9913921684499452,0.9432724752513528,0.9655050562775012,0.9542592882190034,0.6140562387906282
610,0.09467418970231958,0.9913018550952195,0.9425361717613386,0.9653223917738658,0.9537932098825099,0.6116069313870024
611,0.09428303076369728,0.9913891197819988,0.943231715392057,0.9655172388333216,0.9542443802358969,0.620401951824055
612,0.09484134207097747,0.9912952496480024,0.9428027122589021,0.9649385305150134,0.953742198716503,0.6145681600139031
613,0.09469363557027398,0.9913101634020102,0.9425658761649424,0.9653831568856248,0.9538380798882279,0.5722844765725478
614,0.09918065883701654,0.9906247418245162,0.9380400431502193,0.96278266113682,0.9502503173601465,0.6078057987964385
615,0.09517123271449865,0.9912505633169332,0.9422799850363821,0.9650314871076072,0.9535200396076109,0.6050673393741995
616,0.09559017736062729,0.9911736737140884,0.9417163489682654,0.964803562563257,0.9531201671833403,0.6057660235370782
617,0.0951772224586859,0.9912070168031591,0.9418801816125868,0.9649957516105339,0.953297860596528,0.6074310750357423
618,0.09382886738389087,0.9914508347088045,0.9437600775200511,0.9656135179411393,0.9545617376429901,0.6124393354893536
619,0.0935367865072523,0.9915024560728147,0.9441060727620532,0.9658049686516997,0.9548322578761423,0.6057861498670737
620,0.09462763752332694,0.9913566624545611,0.9432350599656428,0.9651420161140511,0.9540627990719817,0.6073404587111066
621,0.0948445352075769,0.9913093669031774,0.9426098747735542,0.9653231301105821,0.9538313058794309,0.6164187005777338
622,0.09347941101991016,0.9914974916878481,0.9439770883550872,0.9658968177392189,0.9548111660685623,0.6146270562669465
623,0.09376571753578221,0.9914480469628896,0.9436417019026874,0.9657181402538519,0.9545522947609271,0.6080466809755284
624,0.09304303402523342,0.9915913343563674,0.94476386683403,0.9660635341697802,0.9552949886212886,0.6169465437969888
625,0.0924189534145508,0.991685156425779,0.945471528552357,0.9663219520205175,0.9557830407254703,0.6109351137766418
626,0.09298392302162356,0.9915879080381124,0.9447808255432198,0.9660049102344987,0.9552749944500566,0.610458610553293
627,0.09478547406657566,0.9913117838651528,0.9428311079062776,0.965094984065217,0.953833145728157,0.6129896933073681
628,0.09397702739178705,0.9914513153546518,0.9436985022199088,0.9656900096249574,0.9545676116080503,0.6187891673468484
629,0.09347383828043081,0.991512604566564,0.9442477128660623,0.9657578627691938,0.9548816660379963,0.6118430164772267
630,0.09401138767385654,0.9913833932300455,0.9431945406355862,0.9654946457298,0.9542143219235575,0.6201445128863905
631,0.09355254963093954,0.9914876933789304,0.9440808569030021,0.9656652753449583,0.9547510899325874,0.6066828261339338
632,0.09340279251873064,0.9915715248810855,0.9447519725480161,0.965850967029131,0.9551849705518948,0.6112502930448498
633,0.0934031386491206,0.9915019822933365,0.9440356725879231,0.9658806481651299,0.954833232662997,0.6144143850440749
634,0.09280791003659046,0.9916369064490698,0.9451463536031678,0.9661444558738969,0.9555300585293668,0.6187376326504307
635,0.0928814430593801,0.991644040606719,0.9453278174940811,0.9660176096260207,0.9555607328860217,0.614945027866998
636,0.09232280225151306,0.9917363658076345,0.9459045525367189,0.9664097402560965,0.9560472108264568,0.6088157385607239
637,0.09283427400983495,0.9916438895465955,0.9451248567345073,0.9662488566855947,0.9555701282621288,0.6180465167914045
638,0.09504718006514817,0.9912951397860945,0.9429371064966138,0.9647820031311384,0.9537344841190959,0.6129859295138654
639,0.0941677408681499,0.9913954986390306,0.9432355830193446,0.9655857564806029,0.95427982192168,0.6179176223288089
640,0.09399743037794134,0.9914077413754008,0.9435603901061866,0.9653509654047902,0.9543313060368978,0.6081217795651628
641,0.09471322799758088,0.9912882322186305,0.9426953979243022,0.9649822400486239,0.953708633644352,0.6208553067169571
642,0.09202756768883132,0.9917336192599351,0.9458098134313369,0.9664869702766311,0.9560366035534317,0.6110146784125235
643,0.09147440643458486,0.9918387433731297,0.9467998378188927,0.9665525345770468,0.9565742266648359,0.6166578853365609
644,0.09133146664382313,0.991832755899145,0.9465914314306383,0.9667224996891602,0.9565510603285,0.613797323268828
645,0.09128567722471927,0.9918457058715477,0.946770265728165,0.966665647761998,0.9566145233811832,0.6189368401197518
646,0.09265781082748938,0.9916427085310847,0.9451721436595982,0.9661810773750299,0.9555611490497522,0.6156440652274011
647,0.09699738347273079,0.9909591752051341,0.940924825858971,0.963262137000445,0.9519624660728226,0.6113439809595244
648,0.09594430163395491,0.9910559978779074,0.9409328067227496,0.9643637353813022,0.9525041967817824,0.6094148872140286
649,0.09219044607749088,0.9916673931285331,0.9452369168866477,0.9663884761586644,0.9556956787059684,0.6119223744175482
650,0.09100977060713357,0.9918946012869664,0.9469491036838187,0.9670183512114185,0.9568785076082494,0.6122471991114791
651,0.09142010435193991,0.9917902393407583,0.9464396422729473,0.9664115122642158,0.9563213152119124,0.609220367596534
652,0.09043086962037378,0.991914678550649,0.94710859963858,0.9670648664245513,0.9569827057343813,0.6121688681803662
653,0.09596381053703723,0.9911212421185067,0.9418045497057288,0.9641003706745651,0.9528220487442876,0.6164683673533388
654,0.09131926647889957,0.9917874721939511,0.9461733332417951,0.9666846968492809,0.9563190445118078,0.6128856285515671
655,0.09021449602282733,0.9919734890032624,0.9476895161681267,0.9670717329560138,0.9572825260843136,0.6159932793797119
656,0.09260959624440121,0.9915716278766242,0.944627954175755,0.9659947211878125,0.9551918638739947,0.6172870810224006
657,0.0908376686677015,0.9918739541146361,0.9469288408147255,0.9668063009064708,0.9567643399037419,0.612773586076323
658,0.09065214519074066,0.9918358182998298,0.946480826717703,0.9668839000953636,0.9565735798073008,0.6215770558771916
659,0.08980181707377485,0.9920079375777823,0.9478535501617517,0.9672768428958275,0.9574667008070358,0.6083143943942374
660,0.08962223361239588,0.9920236615633613,0.9479215494479616,0.9673782903606598,0.9575510934022989,0.6175377927660579
661,0.08926511392426148,0.9920690757295709,0.9481652810191309,0.9676173637894275,0.9577925681105373,0.6160694331115978
662,0.08936084569733349,0.9920563317482457,0.9481019014953369,0.9675445637891913,0.9577245669636216,0.6157301089472415
663,0.08938477275450882,0.992089441380762,0.9484867302482473,0.9674832080080591,0.9578907958950368,0.6197604980363709
664,0.08958302162212434,0.9920242932693322,0.9479340811975628,0.9673712023281824,0.9575540147499635,0.6112141560258788
665,0.09333200463288122,0.9914433984309083,0.9438346058031205,0.9654425929912944,0.9545163266568691,0.603714739456441
666,0.09250772633194494,0.9916356773689743,0.9449395758832588,0.9663679503979488,0.9555336424305589,0.6174515325899229
667,0.09076950597248488,0.9918838348199847,0.9469890499797838,0.9668500842737529,0.9568165123098388,0.6121778790226416
668,0.0894688162684655,0.9920589958995142,0.9480837778861181,0.9675955090226224,0.9577402772257575,0.6154277225327607
669,0.0890623429696337,0.9921035655023063,0.9484590865400689,0.9676752493879927,0.9579708122681712,0.6073494262130157
670,0.08866131613902051,0.9922106465307368,0.9492773965756177,0.9679625362043409,0.9585289150726727,0.6185355709840431
671,0.08870076247417241,0.9921952658636201,0.9491150649092847,0.9679720607479824,0.9584508215318761,0.6146418525407861
672,0.08962592687591803,0.9920453318247097,0.9480252134977163,0.967506760949312,0.9576669205683573,0.6132504317588642
673,0.09541965935298864,0.9911030325072597,0.9415492918649931,0.9641874944070994,0.9527339337977921,0.6214396034271584
674,0.0908574004717868,0.9918783005263704,0.9470363950470304,0.966732984070533,0.9567833305279094,0.6091318071349494
675,0.08940124558619887,0.9920933826767107,0.9484593968501449,0.9675591090225042,0.9579140557855796,0.611260463653216
676,0.08865656764012017,0.9921791161631476,0.9490712165422306,0.9678383479686438,0.9583629142746787,0.5975950454672884
677,0.09048820817642075,0.9918990438278701,0.9472686780821253,0.966704115104922,0.9568877180194051,0.6133502968902734
678,0.08861826549170257,0.9921700319566318,0.9488778217308397,0.9679547836688188,0.9583213725333248,0.5976516370515013
679,0.0888235585616647,0.9921412275376343,0.9487813248508764,0.9677370481711547,0.9581654437502748,0.6114913385180561
680,0.08826854322507656,0.9922243174719105,0.9493909672586698,0.9679889686587877,0.9585997704841439,0.6091824449866344
681,0.08971723730561973,0.9920347782151746,0.9481671065854055,0.96722515932568,0.9576013196421773,0.6131790502559631
682,0.0905366048431225,0.9918945326232739,0.946906478159214,0.9670662692643124,0.9568802026134683,0.6139499812582268
683,0.08859321118580352,0.9922022489611458,0.9490494418218384,0.9681259301196785,0.9584927774894835,0.6198358389191271
684,0.0892795236017421,0.992080350307877,0.9484391366701925,0.9674339609490757,0.9578423872104567,0.6191145810365332
685,0.08821838098517853,0.9922625013513015,0.9497099125192321,0.968060956488636,0.9587976344387101,0.6189383505263223
686,0.0885816523738259,0.9921835793031591,0.9489472409973282,0.9680298725128759,0.9583935773150785,0.621157178183091
687,0.08858592071228748,0.9921770562523731,0.9489850040845962,0.9679128461433277,0.9583554764189891,0.6120375026467031
688,0.087292563639206,0.9923957157810918,0.9505986973875287,0.968566643305693,0.9594985590213194,0.6151988446713009
689,0.08679248092414664,0.9924361518295963,0.9509235244262895,0.9686581232248539,0.9597089007682923,0.6139965257747562
690,0.08688230513722348,0.9924094347868503,0.950801102929984,0.9684934741370985,0.9595657429483375,0.6198334038524825
691,0.08811319187926732,0.9922291445294922,0.949364909071175,0.9680733605454713,0.9586278655971803,0.6156228733670912
692,0.0878183220064254,0.992292383790271,0.9497586538639098,0.968344994623432,0.9589617738277036,0.6156360695086892
693,0.08794836847366189,0.9922930978926728,0.9498391029077218,0.9682619317428379,0.9589620442427476,0.6098279251444199
694,0.09578125023370167,0.9910233551584999,0.9409723776322311,0.9639432526213169,0.9523193152663644,0.6156979927342638
695,0.09060490008095186,0.991861903636605,0.9465826418248035,0.967064718757208,0.9567140688014214,0.608325152765081
696,0.08783772368010857,0.9922609289527435,0.949574910239679,0.9681961459414073,0.9587951235508715,0.6157435700269919
697,0.08657742193866548,0.9924496579779081,0.9510733102182172,0.9686421013181082,0.9597773130133677,0.6102869215467932
698,0.08659681923044242,0.9924300064291188,0.9508120462341821,0.968714384482643,0.9596797328625132,0.6077674315196541
699,0.08750366244009501,0.9923390613684223,0.9502901867088959,0.9682728591262405,0.9591972472123805,0.610110179516815
700,0.08714331142443547,0.9923742858426672,0.9504945293324406,0.9684413475649212,0.9593840147781333,0.6173679962698843
701,0.08656031296675583,0.9924372023840913,0.9508521111531757,0.9687507106490896,0.959717966591644,0.614747135734034
702,0.08588729426264763,0.9925372659831498,0.9515515344831799,0.9690953662283014,0.960243324739682,0.6105499128019047
703,0.08577863260996428,0.9925675123396895,0.9520072132491875,0.9689245151121283,0.9603913703560996,0.6184009652683284
704,0.0869737421597937,0.9923834661783525,0.9506254257216086,0.9683974903639675,0.9594291645279465,0.6017640890475283
705,0.08705138212753286,0.9923442111453588,0.9501496987445414,0.968490299289218,0.9592323385832694,0.6108306745227726
706,0.08641386399273392,0.9924614475339077,0.9510849580249491,0.9687625978702235,0.9598423915506457,0.6168112071711405
707,0.08620348393166666,0.9925130826306565,0.9514854021454943,0.9688959414812038,0.960111748197223,0.6085399100114188
708,0.0869090062626403,0.9924218972470363,0.9509481099605285,0.9684687398570994,0.9596284598735998,0.6105416782487478
709,0.08601991225221603,0.9925326311839071,0.9516070509767661,0.9689802595342158,0.960215078152037,0.6121331729947649
710,0.0862626292669087,0.9924971595203693,0.9513152349015377,0.9689074595339796,0.9600307611564609,0.6077793408441815
711,0.0853382079399747,0.9926356816535887,0.9523776290741944,0.969279433571698,0.9607542019847868,0.6107481987532719
712,0.08546829758305773,0.992617286650372,0.9521968330880637,0.9692746343830414,0.9606598410402906,0.6171656890938821
713,0.08594980594708765,0.992577997285532,0.9520035455141231,0.9690473743417359,0.9604498523273962,0.6127255588635048
714,0.08801945367251797,0.9922446762567323,0.9498392216313741,0.9677120923901407,0.9586923634094796,0.6107083288914682
715,0.0886153145793745,0.9921768777267725,0.9491606176266858,0.967711427887096,0.9583462586638407,0.6181081697721356
716,0.08664180662670581,0.992430837259798,0.9508636441483012,0.9686655065920179,0.9596820274426267,0.6098409923494078
717,0.08810275065437924,0.9921937415296469,0.9493353880881155,0.9677047090229768,0.9584320399760394,0.6129558179575776
718,0.08581255947192795,0.9925546035655023,0.9518437006393162,0.9689624656193508,0.9603267995043667,0.6143344192723651
719,0.08530864951689895,0.9926151237440587,0.9521730445659706,0.9692769232268622,0.9606488584000075,0.6172148062820468
720,0.08516055640342424,0.9926597826096509,0.9526736126028943,0.9692194067966553,0.9608752873937622,0.6119847446375549
721,0.08625542550689454,0.992505440361683,0.9515564695616252,0.9687292250506425,0.9600660609373365,0.621574993465345
722,0.08605246445525894,0.9925578307590491,0.952062783262634,0.9687523349898656,0.9603350531536008,0.611204554276103
723,0.08503262638348899,0.9927054920297383,0.9531004681509464,0.9692571358028629,0.9611109067244611,0.6147214502490588
724,0.08471063827331975,0.992737784564314,0.9532347668065178,0.9694716226189748,0.9612846362765429,0.6014765525891554
725,0.09125168330753021,0.9916915284164417,0.9463620029554003,0.9653751090154161,0.9557740089371279,0.6117259749271967
726,0.08531027374346908,0.9926159820402147,0.952262701464114,0.9691857386423878,0.9606496957565382,0.6143277818970893
727,0.08530808453240411,0.9926181037483125,0.9525261948095103,0.9689134400613824,0.9606499370702057,0.6125748895279897
728,0.08937742695105162,0.9920628822645088,0.9488586546967306,0.9667587520219351,0.9577250714495559,0.5840051947872968
729,0.09868357736590526,0.9906105215738026,0.9388976721710944,0.9616163106259353,0.9501212027282094,0.6119073079519454
730,0.0886161875703352,0.9921066347693603,0.9484020216460638,0.9677750725120489,0.9579906137771188,0.6140902095463189
731,0.08575619877778369,0.9924780092165352,0.9511980178777522,0.9688226984789378,0.959929465987014,0.6096355024814782
732,0.08389661952906804,0.9928026786200816,0.9536632897574299,0.9697247244453541,0.9616269458318173,0.6115623472140767
733,0.08333758504645859,0.9928597381485368,0.954105782111306,0.9698738684620652,0.9619252111554782,0.6129951467492907
734,0.08283899681602451,0.9929200523360158,0.9545555303606968,0.9700519552780591,0.9622413562841984,0.6112867072679243
735,0.0832500426540915,0.992876128171933,0.9542903048683652,0.9698525305309615,0.9620084850360591,0.620478634826672
736,0.08266505761165842,0.9929491932071064,0.9547707623240052,0.9701404080166829,0.962394224933997,0.6106638254618488
737,0.0846805195290622,0.9927034252525945,0.9529266679353097,0.9694288729230958,0.9611069399392983,0.61645914765299
738,0.08395414796771763,0.9927947822954459,0.9535641681531237,0.9697465792121592,0.9615872956489586,0.6028034224157616
739,0.08471561631978415,0.9926901182289909,0.953009552454573,0.9691852956403579,0.9610293626155373,0.6224700003141853
740,0.08460587911683021,0.9926660722038826,0.9526062733171357,0.9693662619695457,0.960913192400466,0.6141822641223886
741,0.08365604972882236,0.9928381434172503,0.9540194977185932,0.9697264964534734,0.9618088748448421,0.6143509387266239
742,0.08368756504153176,0.9928580421553325,0.954156089273321,0.96979841044965,0.9619136615043236,0.6113866370896552
743,0.08372673870687433,0.992848552833031,0.953995016179406,0.9698715057845728,0.9618677515198449,0.6143701272173996
744,0.08468694163472962,0.9927009464932958,0.953074397120697,0.9692349857013711,0.9610867614967321,0.6101025071013956
745,0.08464607182327363,0.992729105473584,0.9533015637235652,0.9692985564926525,0.9612335086253113,0.5999568942628762
746,0.08568384124488711,0.9925353708652372,0.9516762436026751,0.9689333013190533,0.9602272434175941,0.6130312333161838
747,0.08380425710686677,0.9928300617006448,0.9538157204827332,0.9698633840806925,0.9617726160899275,0.6100234118448834
748,0.0833709150445547,0.9929159805790514,0.9545927453260604,0.969964388543495,0.9622171794573561,0.611983045440932
749,0.0833020502259191,0.9929242202221495,0.9546255741558617,0.9700207236349557,0.9622615763800443,0.6138565967664682
750,0.08319323796698515,0.9929249686563977,0.954608492397923,0.9700482635944772,0.9622664483732011,0.6063835803623989
751,0.08377223590509497,0.992891021326833,0.9545931720947771,0.9696821224168183,0.9620784882512441,0.6053919869598456
752,0.08369367706368296,0.9928836880444756,0.9544009762629894,0.9698141370217092,0.9620458261417068,0.6056698687409063
753,0.08342465033366096,0.9929171547281929,0.9546897172495268,0.9698692907744236,0.9622196410897584,0.6143677494431009
754,0.08694434502302743,0.9923595094160444,0.9507715635399957,0.96796069036255,0.9592891318206804,0.6153642990519751
755,0.08620860489259521,0.9925221256389568,0.9519738882875424,0.9684480664290404,0.9601403161828213,0.6074030543695333
756,0.08647245833342024,0.9924419676443498,0.9515472372396565,0.9680204956365777,0.9597131817111434,0.6137626607160909
757,0.08336761309731779,0.9928987597249761,0.954456780696063,0.9699219341823024,0.9621272150525246,0.6131377907215877
758,0.08298377029383354,0.9929468449088235,0.9549667450076438,0.9698950587258257,0.962373013412084,0.609349087742331
759,0.08471384267959235,0.992648068583713,0.9530372854170783,0.968678575151898,0.9607942762475963,0.6097360730140504
760,0.08409493873498851,0.9927696376512579,0.9535190817605085,0.9695128956414212,0.9614494786050686,0.6099508045269918
761,0.08256151977417281,0.9929826461580852,0.9550090039113727,0.9702518968608581,0.9625701090096879,0.6072682122690862
762,0.08555350681807068,0.9925312441773189,0.9518276197183629,0.9687160088234191,0.9601975598560668,0.6170483234708207
763,0.08408925766728335,0.9927682506446697,0.9534485268518857,0.9695763187653592,0.9614447935024809,0.6048149700414444
764,0.08232528977632093,0.9930583272799423,0.9557704119538287,0.9702565483821713,0.9629590032180554,0.6113627553939851
765,0.08327843993902206,0.9928710264595814,0.9543020301369121,0.9697817978735311,0.9619796445745213,0.6152445235448711
766,0.08284834188094242,0.992952056483083,0.9548833878890044,0.9700469345883876,0.9624054361811655,0.6121944355339262
767,0.0820364434566858,0.9931012901523302,0.9560107872310466,0.9704732502084324,0.9631877325613007,0.6136189871504157
768,0.08226851525334575,0.9930682903817218,0.9557472385246554,0.9703946911818083,0.9630152711719837,0.6106186760412718
769,0.0819816192035838,0.9931274853510131,0.9562225610361567,0.9705328339814453,0.9633245553423645,0.6140484765918934
770,0.08233548318900222,0.9930678166022436,0.9556935982797731,0.9704491065978065,0.9630148340341118,0.6091844888481576
771,0.08570633176044165,0.9925592246320065,0.9523966750591605,0.9683926173416393,0.9603280407245893,0.6131052100814423
772,0.08289325951511482,0.9929539104027801,0.9547216094824366,0.9702485743456343,0.9624224710381672,0.6089826066091572
773,0.08255653000242419,0.9930229448792046,0.955473998013165,0.9701878092338753,0.9627746901597063,0.6128832453257845
774,0.08227515444427515,0.9930743327866605,0.956000544785786,0.9701807950350695,0.9630384735016642,0.6140066439210227
775,0.08203687439773151,0.9931138212762086,0.956116335957221,0.9704970246507003,0.9632530099071059,0.6118047909927125
776,0.08215585328209743,0.9930841585610551,0.9558210231580003,0.9704914132916557,0.9631003549228524,0.594538097209042
777,0.08308543441750163,0.9929620470503396,0.9551867317681035,0.9698211512205149,0.9624483141291951,0.6157981784484161
778,0.08191040485239715,0.9931454683720751,0.9563238953668376,0.9706227633935018,0.9634202771522021,0.6099207988274594
779,0.09040174258055447,0.9918498394258353,0.9475896205181048,0.9657781670288946,0.9565974432681843,0.6038319884552228
780,0.08540147132903551,0.9925870402938323,0.9521900851271683,0.9689397986821575,0.9604919242220641,0.6113590120768471
781,0.0822524355067838,0.9930323724041829,0.9553838161130563,0.9703946911818083,0.9628307509770898,0.6032665719611173
782,0.08206629660650552,0.9930652348474062,0.9558520199155113,0.9702435536559628,0.9629940209585776,0.6123631712919612
783,0.08119623509081576,0.9931857602268253,0.9568262534603506,0.9705184364154756,0.9636237091450885,0.611383717104707
784,0.08063084390952432,0.9932708070763373,0.9572584815270097,0.9709962879383247,0.9640784473909882,0.6048732908366966
785,0.08222717622951638,0.9930498129820741,0.9558828804255497,0.9700353427019403,0.9629071124222239,0.6127506415065432
786,0.08225432481857942,0.9930032589985691,0.955206150201029,0.9702644485850368,0.9626764170734677,0.6126006066407634
787,0.08074942662668742,0.9932758057931502,0.9573258548019596,0.9709778295204149,0.9641035156410368,0.6162235857113548
788,0.08032794875635517,0.9933360032523519,0.9578227562152425,0.9711045281009477,0.9644179158453776,0.613637474169171
789,0.08039524934167484,0.9933129391180462,0.957550272737756,0.9711469086284686,0.9643006649357916,0.6052115232077562
790,0.08136328418317029,0.9931896809236662,0.9567136229701779,0.9706876631908727,0.9636499858039396,0.6151277647666131
791,0.08068528729859445,0.993301053432877,0.9575894337847575,0.9709697816502062,0.9642331912767608,0.61210183492568
792,0.08064198662131596,0.9933015272123552,0.9574975029193276,0.9710769881414263,0.964239437571765,0.6133235713809043
793,0.08077986030537876,0.9932960890479103,0.957419055681771,0.9711027560928284,0.9642123599865491,0.6090936293291821
794,0.08357775708486279,0.9929365041567352,0.9551999686912984,0.9695182116657792,0.9623058324902267,0.5868406882195527
795,0.08473404391045622,0.9927000881971397,0.9533188397016834,0.9689510952339183,0.9610714052675646,0.6073953769854847
796,0.08211412307598608,0.9930751704837087,0.9557861235308097,0.9704289500054489,0.9630518803748968,0.6093482529342719
797,0.08227699460367933,0.9930931741038784,0.9559679344677996,0.9704294668411504,0.9631444190409192,0.6186741035808176
798,0.08137428902572008,0.9932513065876716,0.9572844677635975,0.970747985300602,0.9639692184269766,0.6169649859831552
799,0.08131490927859605,0.9932161507771192,0.9569824190244839,0.9706872940225145,0.9637861387381234,0.6156379518074441
800,0.0802669696670642,0.9933526541977795,0.957989200128017,0.971107555281485,0.9645037736066284,0.6086290870819882
801,0.08448173558647684,0.9926670197628389,0.9533610127262317,0.9685299479708883,0.96088561831654,0.600173949100659
802,0.08204368771248155,0.9931106970782005,0.9563080654419872,0.9702485743456343,0.9632278833313762,0.607696836978458
803,0.0802432775845845,0.9933525786677179,0.9579283957966485,0.9711740055859602,0.9645057271647137,0.6134537966703851
804,0.08181654084339846,0.9931054511720947,0.9561379284255126,0.9703786692750627,0.9632056653302374,0.5943995706049324
805,0.08013634638284607,0.9933407341807642,0.9576848918230014,0.9713104502111495,0.9644495485988033,0.6048778108348724
806,0.07963609813357429,0.9934434344656141,0.958578737124884,0.9714762068039796,0.9649843787031113,0.6115658228999559
807,0.07991618545149727,0.9933974641234953,0.9583133906371682,0.9712527861135993,0.9647397035054288,0.6097157262697532
808,0.0801183951536207,0.9933387703991591,0.9578548684816712,0.9711000980806495,0.9644320088895413,0.6134260115577371
809,0.08007755633041584,0.9933906732843085,0.9582874155585873,0.971205163395392,0.9647030480022633,0.6173553748062075
810,0.08030449623148218,0.9933546523112309,0.957947396812452,0.971176294429781,0.9645164872718919,0.605820771636522
811,0.08156601398540057,0.9931695075308141,0.9567142061363249,0.9704598124801941,0.9635379889053443,0.6057442794406211
812,0.08070495759518884,0.9932720567555405,0.9573772329879373,0.9708786708994034,0.9640806841444872,0.6217107824850832
813,0.08025415838032747,0.9933330095153595,0.957763410349136,0.9711365719144391,0.9644036327275427,0.6136033103803041
814,0.08233223520487333,0.9930778758331927,0.9562128221353747,0.9699846189695241,0.9630494882193579,0.6002658017060887
815,0.08132261336653782,0.9931851285208544,0.9565403623615188,0.9708289070047186,0.9636316706478231,0.6091862240889878
816,0.0803041621881852,0.99334808119586,0.957908780254118,0.9711451366203493,0.9644815472830089,0.6070361231486897
817,0.08033797794805585,0.9933583876161021,0.9578476340629006,0.971328760961716,0.9645410943073006,0.6092131821902058
818,0.0810654414080673,0.9932647715377679,0.9573164006273612,0.9708641256660905,0.9640426688340508,0.6062128945638249
819,0.07928459106428588,0.9935068728511011,0.9591078413723185,0.9716047512263034,0.9653158519689385,0.6122419314422237
820,0.07862525189416014,0.9935746576483223,0.9595834940223679,0.9718414619775788,0.9656735798336418,0.6124173521955513
821,0.07882913038563386,0.9935656146400221,0.9595711023704083,0.9717535999083281,0.96562392848416,0.6016344538541718
822,0.07900969587641654,0.9935393713767543,0.95934892025524,0.9717038360136433,0.9654868546302542,0.611666901696591
823,0.07907180857958554,0.9935289001636503,0.9592143718195958,0.9717346246547168,0.9654339076437896,0.6128784701997749
824,0.0788115338831068,0.9935815034184631,0.9596972844895378,0.9717929532553118,0.965707245214036,0.6082936012279326
825,0.07923317094929784,0.9934992511812353,0.9589709830979577,0.9716701678593758,0.965278809743609,0.6102017910297147
826,0.07920861175860004,0.9934967998874135,0.9590011558792979,0.9716093289139451,0.9652640725105871,0.6085247524861029
827,0.07939116144887835,0.9934647820076077,0.9585613968030522,0.9717352891577616,0.9651033883780819,0.6118051569655649
828,0.08280650738010303,0.9929540202646882,0.9553709612549379,0.9695252258645849,0.9623960535567783,0.6053442080159697
829,0.08050634057374953,0.9933181644250443,0.9576820290816039,0.9710597110622627,0.9643244765161112,0.6105794803316426
830,0.07918836760649578,0.993501263027425,0.9590342071024369,0.9716229881431984,0.9652875552750403,0.615189842250035
831,0.07903378825339911,0.993531626112242,0.9591933973089097,0.9717883755676702,0.9654498105774074,0.6074634417888881
832,0.07900383500315303,0.9935162729106023,0.9591128579539769,0.9717047958513746,0.9653677673806387,0.6035947101800013
833,0.07928331786592444,0.993488828032716,0.9588918672832399,0.9716404128897052,0.9652240466657229,0.597413616621575
834,0.08222854639932835,0.9930726505261946,0.9560938688324816,0.9700580096391335,0.9630253208939604,0.6058143296972194
835,0.07964718986383017,0.9934118628998094,0.9584040334529009,0.971314437229418,0.9648160480762281,0.6082488613021345
836,0.07912107830424961,0.9934814810176201,0.9588584347054596,0.9715947836806321,0.9651845945553245,0.6145674396857782
837,0.0782722611007073,0.9936028784259338,0.9597119934775791,0.9720166692803787,0.9658251423744538,0.6052346667609864
838,0.07800676358743108,0.9936793354475159,0.9604262840851719,0.9720885094428836,0.9662222075119844,0.6048905937657291
839,0.07845765842701034,0.9935779878374079,0.9596528784703531,0.9718024039652816,0.9656894288473074,0.611063039644382
840,0.07843221961219105,0.9936053022542785,0.9598643521011678,0.9718760899695775,0.9658328759957708,0.6070758068756944
841,0.07863187598292347,0.9935811875654778,0.9597440803989554,0.9717378733362689,0.9657037383449469,0.6058309335751183
842,0.07919045539050222,0.99346923828125,0.9588300839998476,0.9714885370271433,0.9651178053362416,0.6106415409559709
843,0.07868152651801813,0.9935587070725581,0.9594101642924872,0.9718534230323843,0.9655917072938313,0.6111761121208668
844,0.07828296359172827,0.9936318270386855,0.9600901150718325,0.9719252631948893,0.9659714392326949,0.6068130771150486
845,0.07843586612197993,0.9935873672978014,0.9597553714838023,0.9717947990971028,0.9657375641793099,0.6108409515275807
846,0.07796958677149077,0.9936564773042876,0.9602076737805981,0.9720724875361378,0.9661036537963964,0.6141447769412813
847,0.07760828596090885,0.9937221403934111,0.9606933184273387,0.9722750871311159,0.9664495055317395,0.6081061232185098
848,0.07859147991315066,0.9935587757362505,0.959452992484737,0.9718069816529232,0.9655904737328703,0.6147427222289166
849,0.07973581472103544,0.9934102287039283,0.958507666048655,0.9711815366204675,0.964802981421093,0.6079697233237663
850,0.07963662461893593,0.9934254789100293,0.9586687707470248,0.9711749654236915,0.9648813453988943,0.5924303184553639
851,0.07832513253787439,0.9936257503019005,0.9598760834984102,0.9720926441284954,0.9659457388731278,0.6108063819801552
852,0.07848553812439493,0.9936011481008831,0.9598237508857738,0.9718741702941149,0.9658113738103747,0.6074144390868823
853,0.07808209278975888,0.9936485260486978,0.9600777341222346,0.9721262384490913,0.9660644212928943,0.6105028672627094
854,0.07780652432936988,0.9937127060020636,0.9606482398484814,0.9722188258733269,0.9663989007686788,0.6078262264439763
855,0.07817873212662961,0.9936806743895193,0.9605424814139482,0.9719758392599621,0.9662253387503145,0.6119288772326013
856,0.0779465450804761,0.993710893280582,0.9605853842433012,0.9722675560966088,0.9663911666203776,0.6119782447395538
857,0.07784208528054275,0.9936923952818265,0.9604345950306468,0.9722258400721325,0.9662942481029798,0.6128117426733474
858,0.0777204255137941,0.9937206641240227,0.9607368696312515,0.9722107041694465,0.9664397329816617,0.607259403123271
859,0.07799364970795972,0.9936783398239749,0.9606290920364461,0.971854530537459,0.9662092080431092,0.6001824244641745
860,0.07785518669771205,0.9936887423733863,0.9604829044531605,0.9721317759744642,0.9662722333171573,0.6074742937224926
861,0.07722953890564202,0.9937960499920021,0.9612973694169494,0.9724405483892594,0.9668368525777162,0.6128414940661655
862,0.07747964227317478,0.9937789870644195,0.961239034119285,0.972313332973025,0.9667444698731278,0.6108018797979309
863,0.08264615601129668,0.993009885044894,0.9555971897296228,0.9699032542633778,0.9626970764667024,0.6126863984471368
864,0.08029226710845669,0.9933868418502679,0.9582286330808532,0.9712270919958689,0.9646840781871656,0.6106940919344893
865,0.07875636557666518,0.9935748224411843,0.959482603800231,0.9719545013288584,0.9656782850798952,0.6148038738079877
866,0.07746915165468943,0.9937790213962657,0.9610974879608121,0.9724689743528405,0.9667497927658311,0.6058671762736252
867,0.07675607656564215,0.99384111397338,0.9615026216664287,0.9727203780047721,0.967078970479552,0.614634494147794
868,0.07645389294292,0.9938991759917454,0.9621113509079628,0.9727039869296681,0.9673786728860432,0.609244254408361
869,0.07688203687183291,0.9938316933147711,0.961575714854293,0.972534760154271,0.9670241894655482,0.6092129764893943
870,0.07627110991948585,0.9939211758388177,0.9621875702848196,0.9728668640093042,0.9674977483857619,0.6141059903813136
871,0.07673604125760013,0.9938637798582693,0.9618594696048378,0.9725833427102096,0.9671916814601462,0.617233977968528
872,0.07794398939062794,0.9936986368114734,0.9605616366002696,0.9721562149197768,0.9663241472106603,0.6148626383597313
873,0.0770094124667293,0.9937933446425181,0.9611561649221221,0.9725651057933148,0.9668269790252951,0.6142211356183042
874,0.07675004126035052,0.9938454741178528,0.961555941916099,0.9727107796274589,0.9671011960235101,0.6137025897331478
875,0.07730570671369703,0.9937636407291491,0.9611897480369967,0.9721954205994172,0.9666612597713665,0.6020872823222565
876,0.07677875585157237,0.9938317207802481,0.9614787025953931,0.9726413759761181,0.9670278268915032,0.616391385596154
877,0.07677396440463101,0.9938818590085007,0.9619244000606314,0.9727146928120558,0.9672894554446723,0.5984866827722758
878,0.0790639189641467,0.9934672058359525,0.958828393474625,0.9714675682643978,0.9651066015311786,0.6107095010826317
879,0.07674014461126259,0.9938523061552551,0.9616307640606152,0.9727053159357576,0.9671363377256331,0.6148583994005127
880,0.07594524909534471,0.9939553291594597,0.962367153145022,0.9730527033608202,0.9676804305232604,0.6076325164633488
881,0.07602611747603837,0.9939731199221826,0.9628048783606947,0.9727735382483522,0.9677635378953313,0.6158396350772153
882,0.0758843163711776,0.9939939044218978,0.9628369102130492,0.9729710433199872,0.9678774502059568,0.6018922975899483
883,0.07688756605355646,0.9938275803595912,0.9615601517550316,0.9725057435213168,0.9670019750690889,0.612321646306829
884,0.07696094556892519,0.9938268181926047,0.9615204200424142,0.9725407406816738,0.9669991833541679,0.6095194115400335
885,0.0765807992182404,0.9938894806783665,0.9620566200687263,0.9726553305400578,0.9673269444547041,0.6101477073633087
886,0.07618549547875099,0.9939521019659129,0.9623573530307383,0.9730273045777762,0.9676629165978599,0.6119180756778446
887,0.0762595500823834,0.9939627448382481,0.962540203401161,0.9729465305410029,0.9677153916709565,0.6051412099990571
888,0.07641678301470099,0.9939156209460956,0.9621548263429328,0.9728405053885291,0.9674681609530335,0.6024305760077995
889,0.07602507587549069,0.993978434491981,0.9625924683450601,0.9730649597503123,0.967800384376681,0.6084003782459441
890,0.07635006112910861,0.9939541687430568,0.9626013308029933,0.9727838011287101,0.9676657799013565,0.6099114329077195
891,0.07613627347264358,0.9939734769733836,0.9626855296329067,0.972907841697064,0.9677696924789462,0.6046101688038309
892,0.07605152173141996,0.9939877315559434,0.9627659617215155,0.972979460358554,0.9678457664962898,0.613365721002405
893,0.07642051910566126,0.9939411295078538,0.9624491478103645,0.9728041792220825,0.9675989599918219,0.6103040857139218
894,0.07605724019273151,0.9939933413796195,0.962692468329217,0.9731224761805192,0.9678793742530196,0.6001333127180509
895,0.07618724085765777,0.9939842846385807,0.9626707580494862,0.9730448769916263,0.9678300184105327,0.6193785895629075
896,0.0793624167739273,0.9935796563651352,0.9599125266597159,0.9715352737412909,0.9656889294781018,0.6065226557701221
897,0.077548976438187,0.9937900556516481,0.9612349766768925,0.9724418035616772,0.9668059149481216,0.6118555977672495
898,0.07592120207846165,0.9939986834148948,0.9627882852279618,0.9730775853081626,0.9679055909934015,0.6110646455038603
899,0.07574309947357762,0.9940249816091166,0.9629996845086131,0.973140934598429,0.968043750285984,0.6027547250967
900,0.07548378180819663,0.9940797889684582,0.9635794590438803,0.9731215163427879,0.9683269810036972,0.6091047440021232
901,0.0750729497120106,0.9941003812098345,0.963607097022864,0.9733215317592585,0.9684399535961292,0.6138466396120463
902,0.07510797533360745,0.9941220583375521,0.9638225307376045,0.9733291366274374,0.9685525067646892,0.6128582522462729
903,0.07626812844101688,0.993956578838663,0.9627501662257124,0.9726482425075805,0.9676738938379099,0.6147280701241984
904,0.07654993703736247,0.9938982902301123,0.9622375840562698,0.9725560242517031,0.9673692895375412,0.6120098619757974
905,0.07659398913115477,0.9939185048211799,0.9622555616135006,0.9727626108649496,0.967480559870444,0.6094547915173274
906,0.07769177142503879,0.9937484797858483,0.9612465320258445,0.9719632875357835,0.966575205594673,0.5942506162902257
907,0.07690750735161973,0.9938575589277302,0.9618877746001118,0.9724827074157654,0.9671562257281843,0.604614986632355
908,0.07538248223366498,0.9940815948235706,0.9635810405009682,0.9731399747606977,0.9683369179595633,0.6068683524400874
909,0.07458971450172311,0.9941642041119994,0.9641107737072219,0.9734862546806856,0.9687758315509181,0.6121698968074117
910,0.07599775055624383,0.9939713895971319,0.9626683405473412,0.9729032640094224,0.9677587421432703,0.5986418486295374
911,0.07522630150825214,0.9940862090237056,0.9635669018148892,0.9732069419008744,0.9683629308345725,0.6082725537826272
912,0.07544364698445626,0.9940367642987471,0.9631861012224721,0.9730693159369389,0.9681024851685206,0.6119573093239365
913,0.07594291492626606,0.9939593459854701,0.9626454373522977,0.9727935471733665,0.9676928874114873,0.6150206924266081
914,0.07875120583519661,0.993513031984317,0.9598425050284737,0.9708646425017919,0.9653221118433608,0.612584006921205
915,0.07562272120669163,0.9939955866823638,0.9628804586932127,0.9729423220217195,0.9678852409871183,0.6090484550519373
916,0.07475612722605253,0.9941047413543073,0.963606752978834,0.9733706311508986,0.9684640832806491,0.6116706148241421
917,0.074595991656077,0.9941511717431657,0.9640704278992436,0.9733845857148384,0.9687051182779645,0.6087575097973039
918,0.07668207785476455,0.9938287133105173,0.9621049544962132,0.9719222360143521,0.9669886785899743,0.6082215394468177
919,0.08617731226648358,0.9924829736015018,0.9525834257826491,0.9673199617600647,0.9598951374117967,0.6028550530389416
920,0.07845658831727162,0.9935897224624536,0.9598159245682492,0.9717545597460594,0.9657483470474324,0.6055381981532911
921,0.0755649027046111,0.9939908832194285,0.9628161018218483,0.9729599682692412,0.9678614570678302,0.6136086806307356
922,0.07438110802724636,0.9941676578957314,0.9641742724600502,0.9734557613742986,0.9687927871738898,0.5996725935709397
923,0.0741309183951226,0.9941980553123946,0.9644484672257273,0.9734971082304166,0.9689516628045786,0.6163002622055419
924,0.07463856896372151,0.9941225183842917,0.9638536369260394,0.9733004153291697,0.9685539919187108,0.6115210078642559
925,0.07380534095435048,0.9942409907193055,0.9646750211815575,0.9737302749654533,0.9691814972797953,0.6099216512934238
926,0.0744943720549881,0.9941515493934744,0.9639463319327194,0.97352383601955,0.9687114117188658,0.609861919670131
927,0.0735904992350357,0.9942768468995212,0.9649889976019711,0.9737895634037795,0.9693693065976574,0.6010890379906156
928,0.07356596517664708,0.9942947681232598,0.965158469615854,0.9738056591441968,0.9694627824640709,0.6065398127902121
929,0.07392348109228576,0.9942370700224645,0.9647315414490241,0.973625135817039,0.9691579357779454,0.6045224423915867
930,0.07348009123862219,0.9943103891133002,0.96531754127951,0.9738074311523162,0.9695439009697127,0.6074671751393927
931,0.0740629474920549,0.9942374270736655,0.9647318116167973,0.973628827500621,0.969159901043692,0.6118022284473689
932,0.07382449728818677,0.9942435381422967,0.9646693180885596,0.973764902957452,0.969195771221623,0.602243801638999
933,0.07464104902883656,0.9941669369269603,0.9641189448379524,0.9735078879464759,0.968790668912874,0.5980481537125414
934,0.07416894436954595,0.9942469301287055,0.9648154228903769,0.9736441110706503,0.9692096619090331,0.6142567422454148
935,0.07461194130558547,0.994182901235463,0.9642687555447613,0.9735232453501769,0.968873901692412,0.6100908712490848
936,0.07798550541934779,0.9936767948908939,0.9606418257253295,0.9718232250606839,0.9662001771518196,0.5972056908463554
937,0.07825298548387967,0.9936037504548283,0.9602209745571142,0.9714663869256516,0.9658109478825725,0.6100705332935692
938,0.07459838715174215,0.994184610961406,0.96438167943175,0.9734195828751954,0.9688795547664764,0.6084097980350183
939,0.07385948896676088,0.9942783780998636,0.964993787485621,0.9738014506249134,0.9693776130926853,0.6071931533580197
940,0.07416457737119292,0.9942037681316093,0.9643599450950051,0.9736571057968587,0.9689862250236843,0.6083757495852316
941,0.07346901996396214,0.9943452977345596,0.9655796472867485,0.9739127179680738,0.9697282810186644,0.6101939459532818
942,0.07339908730024271,0.9943486553891221,0.9655523900417847,0.9739796851082505,0.9697477292152211,0.6111773859550739
943,0.07379804722455552,0.9942934085821485,0.9652226494768467,0.9737208980891551,0.9694531501800684,0.6154087933345477
944,0.07417052192278474,0.9942500749258213,0.9648199345461292,0.9736743090423507,0.96922689992668,0.6030441554321533
945,0.07621960798881465,0.99391256541178,0.9625735427509473,0.9723486993017402,0.9674364291592713,0.6096634525080153
946,0.07387193357370955,0.9942568451659003,0.9648407675931142,0.973727247784916,0.9692636396829475,0.6114470054105363
947,0.0733033640296768,0.9943423795276289,0.9655120572427812,0.973953400321147,0.9697143587015152,0.6078302430608936
948,0.07311067235716384,0.9943517177898069,0.9653800011955187,0.9742006692874666,0.9697702782810445,0.6093042323126755
949,0.07501455403113966,0.9941269265933492,0.9639785424746801,0.9732137345986652,0.9685741250343022,0.6100548733247078
950,0.07385220198402945,0.9942987231519469,0.9651388355040798,0.9738710757772692,0.9694852930232364,0.6064503973034967
951,0.07339600169454975,0.9943503033177418,0.9655302338602401,0.9740220656357714,0.9697575600954033,0.6063133578899176
952,0.07320956114625973,0.9943738549642641,0.9657147909982203,0.9740847504229931,0.9698817131177275,0.611360992408105
953,0.07359005074626465,0.9943324164258494,0.9654119110785838,0.9739508161426396,0.9696625654511263,0.6105889956716379
954,0.07317919041559422,0.9943816482933612,0.9657108218462003,0.9741759350074676,0.9699249087557101,0.6115058595609923
955,0.07339594026076064,0.9943615984951555,0.9655837196244063,0.9740900664473511,0.9698182409468543,0.6033675836362286
956,0.07824364120958091,0.9936154782135047,0.9605056441108861,0.971285199095449,0.965865346192552,0.6169602556232762
957,0.07648682667331087,0.9938855119169409,0.9621391934927547,0.9725205840893163,0.9673020355033497,0.6063982779382734
958,0.07447073098084481,0.9941974991364854,0.9643735951019315,0.9735722709081454,0.968951101735633,0.6160257358546435
959,0.07394516988650715,0.9942565224465456,0.9650318490777268,0.9735163049850428,0.969255510045599,0.6058158747237473
960,0.07309852546523157,0.9943742326145728,0.9658097862916711,0.9739861086376831,0.9698807156911486,0.603235350052836
961,0.07260501393445319,0.9944438850642296,0.966221951144506,0.974316440484597,0.9702523137064831,0.6074781968064494
962,0.07247453726988902,0.9944686245926321,0.9664414598324186,0.9743547601601777,0.9703819773592309,0.6106389968067751
963,0.07313836587043546,0.9943643656419627,0.9656450546245198,0.9740544786176211,0.9698315374029147,0.6091543991540651
964,0.0729713657964691,0.9943959303413981,0.9659442266569805,0.9740824615791723,0.9699962745416498,0.6033235022035206
965,0.0731256543960181,0.9943782700396909,0.9657706798208017,0.9740734538712323,0.9699042983934555,0.6000332588080389
966,0.07252542424625416,0.9944510741528328,0.9662784791292481,0.9743354157382083,0.9702902222552441,0.6158352467608724
967,0.07259500582816361,0.9944446334984778,0.9663623596277124,0.974172981660602,0.9702519518331563,0.6057620466257083
968,0.07281937063571146,0.994433420717495,0.9662413981587695,0.9741788145206615,0.9701938720781648,0.6151897828103878
969,0.07313220807277471,0.9943832756228731,0.9657813712061969,0.9741176802405442,0.9699316139541307,0.6152534402018542
970,0.07270749687156874,0.9944367234411035,0.9662412898317081,0.9742157313564811,0.9702121248362712,0.6061602154656711
971,0.07320518490838275,0.9943878280256848,0.9658862929144918,0.9740548477859792,0.9699533725891054,0.6034242005065253
972,0.07337736680755298,0.9943744454720195,0.9658477220307,0.9739474197937441,0.9698806605946225,0.6129717154372373
973,0.07443765454369483,0.9942091170332539,0.9647270198902022,0.9733180615766914,0.9690034993814255,0.6069370494426735
974,0.07501188356750946,0.9941425613161281,0.9642118939608422,0.973134584902668,0.9686526921485221,0.6018434181966864
975,0.07394133642208663,0.9942822369993812,0.965063958186803,0.9737683731400191,0.9693966263668835,0.6052574874786039
976,0.07319518519069651,0.9943932524573912,0.9659953890364984,0.9739972575221006,0.9699798206653916,0.6026679664683233
977,0.07324769742545678,0.9943712526103189,0.965836189909394,0.973924309854521,0.9698633875723439,0.6128275862738511
978,0.07256391694729063,0.9944561758651845,0.9663671153199452,0.9742964315595828,0.9703155743268036,0.6151171948166435
979,0.0729604354932261,0.9944205394087847,0.9661776907771252,0.9741041686786343,0.9701247390255813,0.6131913031278535
980,0.07243583056566527,0.9944838953978408,0.9666428472798834,0.9743072851093137,0.9704599335010118,0.6045318239734165
981,0.07227190191314804,0.9945079551556875,0.9668009354985816,0.9744045240548626,0.9705878383702898,0.6050232073809588
982,0.07233414409695554,0.9945245237046841,0.9669451127143075,0.9744333930204735,0.9706748109793769,0.6137580915374571
983,0.07300096366340093,0.9944071705878579,0.9661975208609827,0.9739337605644909,0.9700502166521788,0.6072255830521741
984,0.07252824532953527,0.994472188238272,0.966605931842693,0.974216765027884,0.9703964256961155,0.6132247200090386
985,0.072141267741166,0.99453808478395,0.9670626677090047,0.9744575366310995,0.9707460193687882,0.6032045848434083
986,0.07178337960470495,0.9945787886208551,0.9673120370132215,0.9746416778081677,0.97096302504338,0.6148024480240536
987,0.0719157286899553,0.9945486177943772,0.967043785596434,0.974595162595035,0.9708047897759159,0.6119449007814938
988,0.07201535857061474,0.9945430285698089,0.9670882247190649,0.9744850027569493,0.9707725240491487,0.6208731261306892
989,0.07235375833329108,0.994503437084722,0.9668234802984604,0.9743298782128353,0.9705621657167248,0.6038497701772415
990,0.07210933533664658,0.9945383182405044,0.9670378366219639,0.974486922432412,0.970748089500972,0.6107132999435054
991,0.07210231580429798,0.9945238919987133,0.9669378424345654,0.9744342051908615,0.970671550684123,0.614166746964361
992,0.0726505346100429,0.9944612020474745,0.9664394861662221,0.9742742076244193,0.9703410323883885,0.603607668287782
993,0.0727963363952774,0.9944487739191346,0.9663270964468671,0.9742572258799423,0.9702759580661979,0.611911604875739
994,0.07273494751065326,0.9944693730268801,0.9665488753594024,0.9742470368332561,0.9703826887285176,0.6032366662161748
995,0.07225025523614755,0.9945241941189602,0.9669234442532602,0.9744531066108012,0.9706736734695228,0.6143006606527555
996,0.0761741520367938,0.9939320315685995,0.9628906042907341,0.9722204502141029,0.9675330360303382,0.6080778117006856
997,0.07287196632099452,0.9944024190603379,0.9659748298876945,0.9741216672588127,0.9700311435067661,0.6108925081527483
998,0.07239890487181197,0.9944890932393619,0.9667733902838572,0.9742242222287196,0.9704845056470778,0.5981470733894741
999,0.07337979324456813,0.9943516216606374,0.9657261673832309,0.9738245605641365,0.9697584569727047,0.6048967788469936
1000,0.07202157694444382,0.9945309437599316,0.9670247708795673,0.9744189216208322,0.9707077656293206,0.6029734587893373
