Epoch,Loss,Accuracy,Precision,Recall,F1-score,Validation-F1-score
1,0.789260120486184,0.6536148866071303,0.19767143516646737,0.8907317034993321,0.32354227569542,0.2665334066991748
2,0.7404952857562964,0.6458987835650101,0.19102928713909056,0.8679455987600668,0.3131387367432537,0.29600750019836924
3,0.7050389235825847,0.7104946123171019,0.22287274538663818,0.8496779670577784,0.35312094619958295,0.37607153027080276
4,0.6755181596004706,0.7661363041860902,0.2611146125319754,0.8278368594818235,0.3970063062654909,0.40138922091222323
5,0.6502763815492177,0.8793312164591595,0.4206219589845057,0.7883397583394394,0.5485583352169214,0.6208456489911587
6,0.6249332554477582,0.9055159851273343,0.4949018282549625,0.7756800893328359,0.6042672086512931,0.61828684096296
7,0.6050530892910717,0.9112988207093212,0.5155794480920343,0.764483582197107,0.6158322114741092,0.6089149098359301
8,0.588209032797985,0.9174997632475883,0.5405665483947318,0.7520852105544348,0.6290203120113861,0.6229724287789652
9,0.5784419767504974,0.9209978625267184,0.5560295608978267,0.746743639746024,0.6374272020732736,0.6438703661077371
10,0.5685563124984289,0.9241885269891158,0.5707259462406719,0.7456401955233759,0.6465620660447482,0.6373322147330944
11,0.563312499321622,0.9242137677624733,0.5706690533437668,0.7472619521209313,0.647134438826418,0.6235618252878165
12,0.5580960873434012,0.926324984048051,0.5813998087446394,0.7420250774589049,0.6519648264374284,0.6326783605056311
13,0.5501340091657295,0.9274250313326161,0.5865762771066803,0.7439417257409874,0.6559528949409169,0.6428513455305515
14,0.5448168179542898,0.9297508079244713,0.5985951539859601,0.7425570490630655,0.6628495261264803,0.6607011859233763
15,0.5379280249635092,0.9309332722391263,0.604446169268137,0.7446027586031733,0.6672438275079511,0.6530166116419689
16,0.534229657740044,0.9316971832834999,0.6081783955004688,0.7464428413677658,0.6702543814319617,0.6561144563101732
17,0.5329963265777492,0.9323518435267606,0.6124585955286521,0.742255290847076,0.6711389578682276,0.6495627257430656
18,0.522640732766913,0.9340864394590576,0.6202256041701769,0.75121928925345,0.6794665097747996,0.6565436979074816
19,0.5180644611660525,0.9348976323220765,0.6238284115115716,0.7555710458598655,0.6834085410198549,0.6575084216263425
20,0.514875085877,0.9352604993377525,0.626262520896924,0.7535730328716366,0.6840446254007587,0.6562639220929248
21,0.5118930051438242,0.9363366516573328,0.6334669504585688,0.7485581760602293,0.6862203239736135,0.6623483437723273
22,0.5046301388697658,0.9375299030380773,0.6383244859299935,0.757415041809055,0.6927891022497454,0.6465592836642495
23,0.5015033600356081,0.9376312781136622,0.6389354647029388,0.7573125606728197,0.69310587243071,0.6490254990385044
24,0.4973202493550966,0.93862394224955,0.6444656389891733,0.7584349801490791,0.6968209685640585,0.640590359957489
25,0.49705892168789456,0.9386254047861999,0.6447485842801272,0.7573197963726404,0.6965150534687086,0.6578733279154081
26,0.4887488220664237,0.9403904736652218,0.6544222721573453,0.7607456049030283,0.7035898360390987,0.6595565568760849
27,0.4815382005499421,0.941484773798726,0.660615623629541,0.7625320105883392,0.7079245295434783,0.665223739967343
28,0.4842991140677775,0.940648326429611,0.6555697857449906,0.7623003205267354,0.7049179689881653,0.6701299267190418
29,0.4758386142391095,0.942450837620145,0.6656087894462488,0.7660066970093523,0.7122873357097159,0.6639944086451082
30,0.4741226176349379,0.9427238719269427,0.6672754600821031,0.7661292609042735,0.713293667263036,0.659294404338106
31,0.4734369875501386,0.9423401860797053,0.6641750536368831,0.7686250605066939,0.7125928951978433,0.6629012954380394
32,0.4713421862760036,0.9426647868195593,0.6662350709313198,0.7684489671998344,0.7137009105313246,0.657355536570589
33,0.46488687696216774,0.9438520369935806,0.6733501944519813,0.76957256801484,0.7182530510944358,0.6676327442605987
34,0.45765863669861995,0.9451378332990564,0.6804174373587335,0.7732594524081443,0.7238736733378799,0.652082760201853
35,0.45328420615024706,0.9461203970057797,0.6867170812801924,0.7735172057558368,0.7275373309235985,0.6658461700336701
36,0.4496263281690131,0.9460962617178711,0.686197785427866,0.7746097225950823,0.7277282917788632,0.6684203272244138
37,0.44542592913984397,0.9469818585580668,0.6911476535277105,0.7772098491755289,0.7316566470595492,0.6612299343961172
38,0.4393909536034083,0.9478173789673332,0.6953592171822573,0.7810779213990359,0.7357302492461969,0.6592654515031079
39,0.4358789635647973,0.9483352268033173,0.697643434818354,0.7844146126877554,0.7384888947339812,0.6625762756933653
40,0.4391131881329653,0.9475664200376694,0.6930528493337569,0.7829438459487021,0.7352610815964429,0.6700853152369379
41,0.4393558325312978,0.9478585291182395,0.6962767379727653,0.7792373217987418,0.7354248059319498,0.6569337720728283
42,0.4320094884513951,0.9487602069952153,0.7005576014109905,0.7842270751617917,0.7400348985349604,0.6566820538988005
43,0.42481146120338986,0.9498553104939216,0.7078940038263597,0.7845235173534232,0.7442414551073236,0.6637273293049493
44,0.42007209028271464,0.9505157384873509,0.7094119346731842,0.7925356520650244,0.7486735957942862,0.6631142053111473
45,0.4148980988015374,0.9515635739001505,0.7173397975978967,0.7907543409030566,0.7522601465938902,0.6664859874858489
46,0.41100198673687394,0.9519349758128023,0.7181662398174627,0.7952396626214675,0.7547403870147293,0.6671860784534749
47,0.4189594594909133,0.950734404882439,0.7121169814573272,0.7893591060100904,0.7487512169519756,0.6614925134375977
48,0.4120257650133517,0.9519005959019751,0.7191947810678617,0.7920352074386539,0.7538595606811903,0.6659223148720924
49,0.4047213886067164,0.9526488584908314,0.7224825641347609,0.7969622021808104,0.7578969740983561,0.6655182080027601
50,0.4013005473630891,0.9530981044316535,0.7243384104339868,0.800198184341414,0.7603809352486061,0.6644484675108069
51,0.3970119046221534,0.9539445217689173,0.7303887760066876,0.80011918231276,0.7636655099403449,0.6630068014100817
52,0.39350682754310773,0.9544279828277049,0.73371266678627,0.8004894581760307,0.7656478185455049,0.6657581156359371
53,0.3904899766119264,0.9548917648722262,0.7356979442927123,0.803677817618427,0.7681868623960586,0.6607532165000921
54,0.3892271037367608,0.9549561508166695,0.7363167881407675,0.8033260740067377,0.7683632213477632,0.6647005876364628
55,0.38410832748996265,0.9556836220394413,0.7405872052543025,0.8056831401401481,0.771764946348617,0.6610483053517585
56,0.3810203638222578,0.9561435245853372,0.7425720915741748,0.8088015790955021,0.7742731382029785,0.6642603401022703
57,0.3836228134606382,0.9555310581811087,0.7390931665571271,0.8065465510962971,0.7713479895955381,0.6662284622512027
58,0.37281546060987514,0.9571727452711041,0.7472482002471972,0.8152257730311587,0.7797582578793307,0.6658217378576843
59,0.3654346860570016,0.9584027179945895,0.755484835521998,0.8171945478854185,0.7851289908322676,0.6627530196900336
60,0.36200317140105814,0.9589061464551517,0.7593040352423971,0.8171544562017183,0.7871677933516547,0.6595299283566721
61,0.3611787836328685,0.95893731977154,0.7584505354454054,0.8194232910975198,0.7877588479314862,0.6625915358081319
62,0.35549072706870893,0.9597844306120978,0.7630590392907658,0.8231708667689115,0.7919759530056434,0.6605734004407725
63,0.3574373130318072,0.9595825524898224,0.7624033497537351,0.8213651166616313,0.7907866959001089,0.6517367301223234
64,0.354421295172019,0.9600529468479301,0.7651420321136614,0.8230994696084364,0.7930632717064875,0.6585849949685233
65,0.35709363039877773,0.9595490102760434,0.7627986230920539,0.820031459050812,0.7903803129762202,0.6586354372284334
66,0.35087605935635324,0.9603304305620007,0.7676380030895633,0.8223623142307904,0.7940584134928146,0.6636653026563946
67,0.35025746584367407,0.9606167650260329,0.7699452267661113,0.8221750720395135,0.7952034438073464,0.6467627616828913
68,0.348036095071182,0.9607714643252018,0.7698911290469892,0.8246547020678449,0.796332507050026,0.6583865934530674
69,0.34840270362311987,0.9608232298829663,0.7704714299418157,0.8242984546021856,0.7964765514715886,0.6615076884856418
70,0.3418622052283596,0.9616740416965491,0.7748320583969421,0.8287074323041215,0.8008646987550253,0.6583652680589651
71,0.33554770057793143,0.9626245119934048,0.7806890809855743,0.8317617836324926,0.8054165949630724,0.6602708021256954
72,0.3313499902971357,0.9631459509405058,0.7833109166724588,0.834583189726842,0.8081346248788582,0.6623458815731392
73,0.3303319638152774,0.9632710493218444,0.7841794257908623,0.8348110404375206,0.8087035173952904,0.6616504170664754
74,0.33466835920330434,0.9626762844175385,0.781535577137954,0.8309327791673274,0.8054775482445904,0.6612043181653655
75,0.32516348999824457,0.9639918464337067,0.7887376420262913,0.8369942282742207,0.8121497352162922,0.6632153883410603
76,0.32226187151541813,0.9643919909680329,0.7908790757129289,0.8389374566780932,0.8141997177377271,0.6577036238598191
77,0.32016163673117864,0.9645334038427059,0.7912135990560706,0.8403938996848483,0.8150625472211057,0.6637060653253464
78,0.3139849119156385,0.9655593218048641,0.7976802590735501,0.8436374867136308,0.8200154670759835,0.6436009659630965
79,0.313256744804571,0.965726037250218,0.7992273202086043,0.8432975564894039,0.8206712187719375,0.6584323427928678
80,0.3138646358530298,0.9656215723084711,0.7974853257003187,0.8448812149123934,0.820499388158658,0.6427150000890046
81,0.31647728265618247,0.9650655955240501,0.7949417849120494,0.8413927954284554,0.8175079823477818,0.6614771920610367
82,0.3023452676243062,0.9672434087249691,0.8077547686110602,0.8500916571199729,0.8283826283756638,0.652604341350216
83,0.3034997786656558,0.9672294699953946,0.8081111677671028,0.8492864270970756,0.8281873323539015,0.6620796641458114
84,0.31124102061600994,0.9659624532098134,0.8011224141477739,0.8433589861042077,0.8216983017716045,0.6546348861114739
85,0.3078934663384081,0.9663285062208207,0.8034186203282127,0.8445868400635679,0.8234885260998142,0.6550249586552529
86,0.2990572216699449,0.9676575057216081,0.8096227680871602,0.8527386680819105,0.8306215795025428,0.6548377205904998
87,0.3082109800667214,0.9663643349355594,0.8036362400092046,0.8447199621735334,0.8236661145969933,0.6370790869144524
88,0.298922222402456,0.9677979435718479,0.811383494700054,0.8517283281191994,0.8310665559852695,0.6574341777354554
89,0.2965506689904405,0.9680309400795576,0.8127605644230603,0.8526727346131366,0.8322384012057213,0.6586164776299601
90,0.29070827477484296,0.9689178209308028,0.818046031523321,0.8562199256996995,0.8366977890317716,0.6426726999407808
91,0.283674455643129,0.9699125037792496,0.8234564658517143,0.8610808393057391,0.8418484797890016,0.6518579835677274
92,0.2888075946260699,0.9691319967204023,0.8184396409344825,0.8585326177964547,0.8380068588273647,0.655610641629357
93,0.2881644355843393,0.9692272538609868,0.8201286944839186,0.8570773561284458,0.8381960378651271,0.6560579626759243
94,0.2816124158047086,0.9701572280456358,0.8248134140321631,0.8622377391066539,0.843110479462046,0.654317129455266
95,0.27812825427424137,0.9707776319727156,0.8293017995068603,0.8635137326199228,0.8460620531534143,0.6598291025649446
96,0.2797048047399349,0.9705288359493651,0.8280282698772441,0.8621584417433134,0.8447487581916847,0.6520414724427698
97,0.2798382920755757,0.9705565074174366,0.8278094592640953,0.8628816425570195,0.844981777173413,0.6536053906988382
98,0.29011307946212,0.9691983945110354,0.8198194552927046,0.8571848579543525,0.838085886580262,0.6542950634557474
99,0.2874368525666299,0.9696409594745788,0.822955762943249,0.8581712019737808,0.8401946444195111,0.643263070845991
100,0.27378248487659496,0.9713542284639899,0.8322166526235267,0.866711542772289,0.8491139070749022,0.6574730699001806
101,0.26898678617297317,0.97211798844824,0.8378269736689768,0.8682477261444145,0.8527661360550182,0.6561151777007886
102,0.26938408146873655,0.971840992246386,0.8348705612137135,0.8691093650924442,0.8516459756233703,0.6446989918052047
103,0.2740267316321675,0.9712931040449396,0.8329584665636504,0.8647292563561193,0.8485465797306215,0.6595246019742247
104,0.2659146445367834,0.9724495860183584,0.8388404526809302,0.8711115127662848,0.8546714650119769,0.6543642463713512
105,0.26127857714891434,0.9731193728730735,0.8426725659584935,0.8741604004029546,0.8581277294878988,0.6463059573886185
106,0.26767893280271143,0.9721412860391003,0.8373222377063007,0.8693339671215707,0.8530278806067382,0.6536938263941781
107,0.2689960120822028,0.9721416156248243,0.8371539499401728,0.869597479495651,0.8530673562212194,0.6565536009515708
108,0.26671751888750267,0.972273848163812,0.8374698811605168,0.8708755403517259,0.8538460970479255,0.654328022758343
109,0.2566929519605294,0.9738224822177516,0.84735393280926,0.8763917277935634,0.8616282485290476,0.6540682876694522
110,0.25268411925799555,0.9744226303555483,0.8504244199936032,0.8796911330781051,0.8648102380135717,0.6577879928516125
111,0.2590205582568971,0.9736395140763865,0.846075037810175,0.8758977805302971,0.8607281600347451,0.6457140994477604
112,0.2744505043617255,0.9712782658209936,0.8322303939662036,0.8656669439859374,0.8486194373870244,0.6510424388970745
113,0.2625696692856953,0.9726962328681341,0.8426015627131747,0.8686727127583699,0.8554385416152025,0.650750555364282
114,0.2510409216336209,0.974527424883019,0.8516383896757547,0.8792701334824183,0.865233708830174,0.6456982796327027
115,0.2659021580069185,0.9722691103690305,0.8389207423458404,0.8685866965309101,0.8534960137272102,0.653219025139309
116,0.2519570179015612,0.9743700888980587,0.8508526822416305,0.8783747525464495,0.8643946992537349,0.6555894981232309
117,0.250524654234056,0.9745080685881075,0.8518655925831546,0.8786848539673342,0.8650674070909122,0.652376679137342
118,0.24787940728149827,0.9749771995342734,0.8550457796943974,0.8801395987996417,0.8674112389636403,0.6572651471233604
119,0.24017490409046627,0.9761427107832539,0.8615461574206624,0.8858184418201004,0.8735137189503188,0.652177201375466
120,0.2383498461555234,0.9764824450009316,0.8640810366737061,0.8865742032829994,0.8751831190701882,0.6531118526617724
121,0.23763904602621957,0.9764715824047805,0.8637658561111731,0.8868800223509291,0.8751703484965307,0.6546432898573745
122,0.24317099529204608,0.9758498601348049,0.8604481469160467,0.8836258771071023,0.8718830027294541,0.6563478787990278
123,0.24794245023521588,0.9749786552045541,0.854652824433344,0.880728717665651,0.8674948624866347,0.6475317002430699
124,0.24395961459163282,0.9755801697498313,0.8584921237028618,0.8829551720339316,0.8705518250589688,0.6469058610277513
125,0.24152682802016787,0.9761571026931988,0.8624391819583394,0.8847358925265262,0.8734452666396118,0.6436990224120966
126,0.24048131152237062,0.9760855345265216,0.8611714672015145,0.885618795571988,0.8732240542181893,0.6525408014735196
127,0.24278405528488778,0.9758052699329052,0.8610701786335999,0.8821695817676903,0.8714921912783501,0.6505692935391886
128,0.2500213749653144,0.9747517148345216,0.8538732864144901,0.8789196450431469,0.8662154515784354,0.6512931651874652
129,0.23503664784508643,0.9768748511371147,0.865965908150957,0.8889241813839325,0.8772948694621697,0.6537247483056996
130,0.22833244154135957,0.9778291734671187,0.8719142727569759,0.892744040219859,0.8822062207310056,0.6514060306593742
131,0.22611614713351502,0.978271456909523,0.8755665991142831,0.8933091631425856,0.8843488984579112,0.6495937001352399
132,0.22738234430765933,0.9780287170238497,0.8737073389893627,0.8927959452910214,0.8831485076332307,0.6530663603835553
133,0.23935340318105203,0.9763575526106705,0.8650102137634004,0.8836769700078766,0.874243960633141,0.6419077471106539
134,0.24788047287532752,0.975010261102205,0.8559467027769871,0.8792643744560305,0.8674488678173001,0.6486340666706271
135,0.22764213340316744,0.9779576363693891,0.873476478251058,0.8922179753094296,0.8827477634469132,0.6534029846855063
136,0.22894622910794593,0.9778381615444651,0.8722337828557969,0.8924178430585569,0.8822103804603922,0.6496321725762889
137,0.2277525688032452,0.9780103151542637,0.8741121135730588,0.8920119793655561,0.8829713378954677,0.6434598926945384
138,0.2253491770234897,0.9783108973344864,0.875679011934809,0.8936507915412601,0.8845736285165051,0.6351442897553048
139,0.2208542823791504,0.9790296482683126,0.87991419136129,0.8969126893206091,0.8883321299623149,0.6464117937332683
140,0.22371049150288533,0.9785873854250162,0.8769237321464765,0.8954242025003625,0.886077409701571,0.6447276548131821
141,0.23903098772112413,0.9761451002797523,0.864904007236483,0.8811182641172195,0.8729358496594539,0.6546603627910856
142,0.223721193484694,0.9784563888324931,0.8768955147250511,0.8938237838339108,0.8852787312324322,0.6479027904288825
143,0.21811700649827503,0.9793315281923234,0.8817469102497458,0.8982147461199668,0.8899046496848088,0.6559346211416207
144,0.21675036359819577,0.9795876368989235,0.8830325798716991,0.8996795323316171,0.8912783315424582,0.6528454861543125
145,0.21758147136127348,0.9795076162317014,0.8826962286469111,0.8991349351696063,0.890839752312945,0.6519204076030696
146,0.22399235468545406,0.9785042268270475,0.8773982224167999,0.8937428621297943,0.885495125568869,0.6329097036475854
147,0.21939339553066295,0.9790981403015665,0.8810306686485356,0.8962707793793778,0.8885853831075657,0.6485821148701572
148,0.21413579031074648,0.9798875049767445,0.8853584255479967,0.9003089643823414,0.8927711081103332,0.6523735197304955
149,0.2147559411555743,0.9798296214839795,0.8851084199952348,0.8999237741173997,0.8924546150509817,0.657783680496168
150,0.21284872598999696,0.9801260769762838,0.8865462955246513,0.9016883250359053,0.8940532020656504,0.6538730806641141
151,0.20773220941317166,0.9808743532978788,0.8911360597841321,0.9048867996913161,0.8979587904166271,0.652885881418048
152,0.217563530524,0.9796077347617139,0.8843592067327999,0.8981698552476101,0.8912110300357275,0.6358849091380235
153,0.22406403103963934,0.9784768506128537,0.8771672554714788,0.8937124426570789,0.8853625588849132,0.6447434921502868
154,0.2309465792646511,0.9776198659333165,0.8736563796498086,0.8877260085605713,0.8806350011799592,0.6483146068682966
155,0.21067725813431706,0.980300153169472,0.8875103221887818,0.902566724227397,0.8949752032401578,0.652597036568733
156,0.20850842982101783,0.9806777279480784,0.8903376976578452,0.9035139364008566,0.8968774258290653,0.6537102366659354
157,0.20362388294377773,0.9813356977813168,0.8943442673709134,0.9063816362073238,0.9003227185009164,0.6562222034088993
158,0.2025975490645539,0.9815749152195656,0.8959957902698558,0.9071783753579825,0.9015524077914957,0.6561633200417157
159,0.20368909849215755,0.9814115848942513,0.8946031708115679,0.9069741514222285,0.9007461869029467,0.6115825105868548
160,0.20926288059718318,0.9806746449482858,0.8907938911590632,0.9028838398470875,0.896798120486077,0.6439195190005489
161,0.22298138454663669,0.9788445652852191,0.8804432120474323,0.8939010876881172,0.8871211128687021,0.6525704239467189
162,0.20855839253007938,0.9806618117041603,0.890163101492445,0.9035457587133331,0.8968045068633196,0.6449020402958937
163,0.202848967995575,0.9814322457993201,0.8951798601489156,0.9064860370190216,0.9007974731843346,0.649295951361936
164,0.19997232444852375,0.9819483083792996,0.8985429880134279,0.908468987938236,0.9034787259886901,0.6530932407853364
165,0.20989459077660128,0.9805763666052318,0.890326058883592,0.9022860086078248,0.8962661365476474,0.6536706459681264
166,0.20225071381750725,0.9815421969700965,0.8959895651859258,0.9067883120707125,0.901356596059733,0.6529452902157542
167,0.19848164958919554,0.9821809478358083,0.9000348122091767,0.9093978893611291,0.9046921257300631,0.6497667666397
168,0.19509690565814217,0.9825524596103682,0.9018010334188624,0.9116601530601547,0.9067037930408536,0.6465630423335577
169,0.20034615108542306,0.9817851977778013,0.897262872233327,0.9081172443265468,0.9026574287543159,0.6495694261965868
170,0.1997793459688588,0.9820039877675357,0.8989804161411123,0.9085892629893364,0.90375929976479,0.646240841117951
171,0.19456359816433713,0.9827172250068554,0.903165866155931,0.911933485312563,0.9075285002692198,0.644586938259052
172,0.20170996027241508,0.9817000753982275,0.8971177975876674,0.9072682309363674,0.902164464025112,0.6521905733075686
173,0.1958484443829214,0.9825271227078411,0.9018063813238214,0.9113476889617775,0.9065519306707267,0.6478470906148739
174,0.1979533473579146,0.9822070949699067,0.900194297668881,0.9095127745541997,0.9048295449328587,0.6485211958268584
175,0.20377370800903374,0.9813342146455591,0.8956387608977253,0.9047056118611135,0.9001493552512098,0.6381153336997232
176,0.19733159147578178,0.9822311203959072,0.9003062032109868,0.9096620662382542,0.904959954142435,0.6405861324358535
177,0.19470680614919972,0.9826186170780775,0.9022102508569164,0.9119437481929209,0.9070508879129938,0.6428963595590678
178,0.18909921357743173,0.9834132139266228,0.9071903307344303,0.9152805871489836,0.9112175019339406,0.6486685480912266
179,0.18965510297700655,0.9833448592207539,0.9067262711776983,0.9150368621989026,0.9108626108971066,0.6381863268420916
180,0.1899113150166093,0.9833102664524799,0.906722479760873,0.9146269376539616,0.9106575564646938,0.6505318994543132
181,0.1859682086560366,0.983931453145654,0.9106406217643167,0.9172209360396623,0.9139189343134928,0.6456466174460557
182,0.18604012238357565,0.983909734819721,0.9104074522403431,0.9172480329971539,0.9138149410963969,0.6498357346358826
183,0.19202122143168243,0.9831111692097501,0.9056308278976888,0.9135943737560872,0.9095951708620378,0.6368787458668433
184,0.19596208053098307,0.9824722260856993,0.9016631924398603,0.9108652597512868,0.9062408670021751,0.6483447689012816
185,0.19172011042455975,0.9831051474039192,0.9055895613392956,0.9135734049933417,0.9095639636365481,0.6481629839550557
186,0.18593451142203893,0.9839292353083867,0.910440228568213,0.917440369711774,0.9139268950981552,0.6381838826381738
187,0.1874342057183921,0.983764703368454,0.909871339989928,0.9161759680849524,0.9130127703283378,0.6411240465944378
188,0.18552760723576273,0.983977567681527,0.9108519611659651,0.9175115453712342,0.9141696249194972,0.6501485682706143
189,0.18761422458312493,0.9836936639122089,0.9089047760955791,0.9165170796479256,0.912695055604969,0.6357218806442908
190,0.1883663464900401,0.9836075253099864,0.9088386417816668,0.9155691291377497,0.9121914706200073,0.6327354715169448
191,0.19250314583559688,0.9829040726468459,0.9048579807947414,0.9120686747653345,0.9084490195229109,0.6519768272195181
192,0.18701736202878919,0.9837479494274877,0.910015063776738,0.9157995640269357,0.9128981507473098,0.6490568363809975
193,0.18278313594327555,0.9843198012576112,0.9128950649058447,0.9190875250923733,0.915980829134594,0.6390760250379925
194,0.18164489450428983,0.984517985273231,0.9141958436871324,0.9198584224579583,0.9170183915650209,0.6428671594182523
195,0.18575164142379658,0.9838706926441739,0.9106256913192384,0.9165147908041048,0.9135607504141046,0.6484447488940157
196,0.18162260619963674,0.9845511223712242,0.914258428972534,0.9201756119113205,0.9172074771568729,0.643573850837142
197,0.18117286575783928,0.9846067124966602,0.9150238230440912,0.9199064881781955,0.9174586593375067,0.6430550013439221
198,0.17784518418873815,0.9851126197165211,0.9181867194379494,0.9220767551223586,0.920127625809749,0.6543921058720945
199,0.17835921477928435,0.9850324685882833,0.9175037223702549,0.9219511640469004,0.9197220666870839,0.6473912670458629
200,0.18696631383981635,0.9838901038700395,0.9111881558160613,0.9160576865429864,0.9136164326356863,0.6440670152220935
201,0.18602333654709857,0.9839894602330654,0.9118383087078856,0.9164468638261967,0.9141367778787772,0.6364177001083754
202,0.18620340244697153,0.9838108316370655,0.9100745818900706,0.9164768402968823,0.9132644907926928,0.6486527303049031
203,0.1775229240117742,0.9850780269482471,0.9179263591605364,0.9219810666839142,0.9199492451286643,0.6351008486708161
204,0.17577035068500813,0.9853133717542398,0.9193119701169878,0.9230956597909799,0.9211999297368048,0.6501470998521011
205,0.17518197010746964,0.9854107574692914,0.9196845784302765,0.9237973011725673,0.9217363521543878,0.6337010888624639
206,0.17650326807721914,0.9852991858353723,0.9195145022998127,0.9226861044143971,0.9210975731821347,0.6428426708898142
207,0.17494940449543994,0.9855728655808794,0.9210217056675395,0.9241088792668848,0.9225627098205121,0.6344190406696989
208,0.18215836670330102,0.9844049717017698,0.9139345601671023,0.9188344232659941,0.9163779418844076,0.6425354077719082
209,0.1815398807416288,0.9845589019675828,0.9150036436783154,0.9193641798600054,0.9171787289820587,0.6449265631265884
210,0.1816002233690924,0.9844848481752376,0.9144190325065154,0.9191943624152352,0.9168004791992177,0.6416526399633302
211,0.1736912015530703,0.9856278171339753,0.9214491176230489,0.9242460622287905,0.9228454706975625,0.644589177259274
212,0.1726430535262866,0.9857683099151691,0.9223084709602252,0.9248751989448283,0.9235900516722134,0.6502219729144963
213,0.17167080172317492,0.9858435515893942,0.922770466000666,0.925210256146727,0.9239887505114527,0.6246210090874735
214,0.17676091917770373,0.9851952152722114,0.9189378240858054,0.9221505887939978,0.9205414032456068,0.6385357383174077
215,0.17215576009463063,0.9858142390590723,0.9223561644279198,0.9253578496563338,0.9238545688633443,0.6412095961783465
216,0.16860185442961378,0.9863323203516109,0.9258260322477564,0.9273264030095786,0.9265756102548811,0.6466691919259592
217,0.16742147824211087,0.9865010133113082,0.9266720308389048,0.9283032224853655,0.9274869094595248,0.6477933376650766
218,0.1783354574774238,0.9849768235318933,0.9179583997418349,0.9207475275318379,0.9193508482268316,0.6369160905962961
219,0.18679959876395816,0.9836888711864734,0.9103966578113503,0.914627085321305,0.9125069684747968,0.640369453148691
220,0.17311643503552718,0.9856061262735193,0.921176688566916,0.9243153920464597,0.9227433712463229,0.6479320279085519
221,0.16832361346204505,0.9863098467250605,0.9254955352682714,0.9274525847544101,0.9264730265116302,0.6430471090720976
222,0.16679737741033807,0.9865251966638015,0.9265938684190422,0.928677411533233,0.927634470025426,0.6447820608903748
223,0.1646779506808991,0.9868337163668754,0.9288776893357037,0.9296014399337977,0.9292394237090551,0.6460634087954106
224,0.16602441968677714,0.9867132665175181,0.9283017581499524,0.9288707080855845,0.9285861459680731,0.6432138453610148
225,0.16395018346232476,0.9869312462756813,0.9288592185491332,0.9307587089030709,0.9298079936172556,0.6431948082440904
226,0.16469512148190746,0.9868903364476987,0.9290591130051089,0.9300490196512747,0.9295538027837666,0.6405510773053191
227,0.17781923727380286,0.9849980955438252,0.918493777000655,0.9203569474088663,0.919424418298895,0.6301803088293075
228,0.18184410531422218,0.9844288735331238,0.9141342506496523,0.9188756962884403,0.9164988411218697,0.6415175725706356
229,0.17064252243839578,0.9859875118870585,0.9235332539031492,0.9259951080762518,0.9247625425379487,0.6445082122270936
230,0.16521307643797759,0.9867393861861394,0.9283644736705233,0.9291018074778152,0.9287329942293475,0.6388776163017039
231,0.16180861864587387,0.9871656778545639,0.9308205111438487,0.9312010464298615,0.9310107399024761,0.6463991048569453
232,0.16019514377275818,0.9874254188704965,0.9321884887415243,0.9326298756434235,0.9324091299561809,0.6324849724149497
233,0.16620462181435214,0.9865475054974899,0.9283699462251003,0.9268596265374754,0.927614171614902,0.6387404448598222
234,0.1734561562913356,0.985518806655786,0.9210846862046346,0.9233980825100141,0.9222399335976434,0.6434157006674597
235,0.16599805961302716,0.9866386771483716,0.9276453468263891,0.9287687437850507,0.9282067053975246,0.6381689531582013
236,0.1617947518825531,0.9872074391123333,0.9312914454403194,0.9311396906487293,0.9312155618618752,0.6492983491688722
237,0.1601734858997863,0.9874493481673275,0.9326286629627468,0.9323982594154913,0.9325134469572081,0.6407854776391245
238,0.159386039423428,0.9876085998693083,0.9337697793547799,0.9329263916687266,0.9333478949872319,0.6381381759077408
239,0.1590750541993611,0.9876744208849245,0.9341717914244344,0.9332252703715221,0.9336982910180616,0.6339222664866582
240,0.1600615267755745,0.9876138251763064,0.9336383411557705,0.9331382943063312,0.933388250758161,0.6403137380277064
241,0.16382698639691304,0.9869780199830022,0.9300563817509248,0.9299078496711005,0.9299821097803129,0.6355756093002997
242,0.1598382509655232,0.9875909670330781,0.9333725618693165,0.933180084164479,0.9332763130928093,0.6351761983852614
243,0.16062510667516172,0.9875118664593353,0.9334705132750429,0.9321512857838581,0.9328104331001951,0.6376923903399243
244,0.18361785399506417,0.9842443398595702,0.9142983559902091,0.9164871031772401,0.9153914212342878,0.6432111346738937
245,0.16364929214012708,0.986973481312929,0.9297658038491001,0.9301930691446428,0.9299793874216915,0.6479739645628773
246,0.16077680264016708,0.9873049072238159,0.9321654975794456,0.9312589320284266,0.9317119942795388,0.6415877689123725
247,0.16081155147805487,0.9873067680098823,0.9320917489587064,0.9313657693512885,0.9317286177387363,0.6382642599689698
248,0.1582785585908581,0.9876564927948166,0.9342495462411138,0.9329284590115325,0.9335885352709175,0.6430752331619803
249,0.15495595700449225,0.9881124677775024,0.936626137806601,0.9354696663220111,0.936047544864025,0.6389246291036116
250,0.1545085328624403,0.9881975489588607,0.9372151372680094,0.935777478899075,0.9364957563297425,0.6401459461291543
251,0.15780272546539204,0.9877917122044275,0.9349462881134296,0.9336913823405806,0.9343184138535833,0.6428933709137922
252,0.15583939585003923,0.9880775110916582,0.9368972661313406,0.9347567283886629,0.9358257732351977,0.6388161975171059
253,0.15501775356719819,0.9881575523579881,0.937072389900904,0.935479486200339,0.9362752605414343,0.6430706003670235
254,0.15504959825989154,0.9881676047225679,0.9372066556422313,0.9354420525288181,0.9363235226898298,0.6407125924109051
255,0.15560359749004996,0.9881529038260068,0.9372850958391343,0.9351831178423793,0.9362329270312768,0.6466542890018694
256,0.15546253277993888,0.9881345774864826,0.9371472984150918,0.935129145428411,0.9361371342240743,0.640603355466726
257,0.15531044783030482,0.9881849491712896,0.9372088154099646,0.9356394837667813,0.936423492086693,0.6378081819232788
258,0.15358122513234188,0.9884398150650558,0.9387916814436799,0.9367705417826224,0.937780022604885,0.6395258380299755
259,0.15243153263339035,0.9886082196372448,0.9399370793304601,0.9374060281944212,0.9386698475693033,0.6402699514132221
260,0.15571368633092736,0.9881743337644314,0.937063466036873,0.9356831194667201,0.9363727840453147,0.6471289027621147
261,0.16318209557760532,0.9870025809858041,0.9300850761104723,0.9301600654934201,0.9301225692904767,0.640654864248696
262,0.15507530319176133,0.9881844479263345,0.9373913751197694,0.9354253661190276,0.9364073387001226,0.6383938823434789
263,0.15205436867239663,0.9885985861211891,0.939875994298391,0.9373646075046316,0.9386186210253085,0.633287185693312
264,0.15140503553821028,0.9887111808441261,0.9404162693011568,0.9380455016244884,0.9392293894144431,0.6373457828438399
265,0.15031825089090162,0.9888403303833214,0.9415251315774559,0.9382736476698537,0.939896577581292,0.6460627590837066
266,0.15044383096287575,0.9888307449318504,0.9409117416215339,0.9388568598421317,0.9398831775778649,0.6456498085179979
267,0.15089137991555304,0.9887747222251518,0.9410167154128564,0.9380954131865166,0.9395537935446401,0.6229695951001891
268,0.15011066294831338,0.9888772233852936,0.9418434957533006,0.9383374399621499,0.9400871989097807,0.6375917149712804
269,0.17587886865940883,0.985404529672383,0.9210738456001227,0.9220670090777022,0.9215701597593374,0.621131169511123
270,0.158798911749459,0.9876499697440305,0.9342880228170624,0.9328087746298054,0.9335478127401033,0.6410320114982687
271,0.15056649954627743,0.9886938295290352,0.9406837450444467,0.9375436541583567,0.9391110747406481,0.6427800379838755
272,0.14834039382261338,0.9890163360262684,0.9425382749656102,0.9391483551777634,0.9408402615461996,0.6398763243236103
273,0.14627579639819885,0.9892337115439377,0.9435625773068955,0.9404840062977169,0.9420207765780169,0.640972851862801
274,0.1449475687720793,0.9894229418140574,0.9450663854281384,0.9409604549808047,0.9430089508447368,0.6324939858153403
275,0.14516063675069982,0.9894355484679976,0.9452441444908914,0.9409055965627768,0.9430698807326213,0.6336085883164583
276,0.1454428857018193,0.9893998433479054,0.944689584196914,0.9411184590381126,0.9429006403256195,0.6436688435725707
277,0.14529663313635818,0.9894565046269441,0.9454396701193437,0.9409262699908357,0.9431775705776376,0.6424102870735854
278,0.14527499391663845,0.9894891404799823,0.9453837909598211,0.9413611503167908,0.9433681823963213,0.6464734777775738
279,0.1602419691441728,0.9874087061277457,0.9332165677930581,0.9312491859837702,0.9322318388990664,0.6446618859683229
280,0.1563572925682977,0.9879354115800604,0.9358975582209372,0.9342604922815756,0.9350783087383154,0.6465362836150452
281,0.15163496380551256,0.9885884238947014,0.9402917589653554,0.9367770391457267,0.9385311084847792,0.6255844943570182
282,0.14722365966374926,0.989137094862242,0.9430663307308456,0.9399365296225121,0.9414988291038966,0.6383483620340434
283,0.14403916134251107,0.9895451425875731,0.9455612216003015,0.9418018635028053,0.9436777984989604,0.6346493955413084
284,0.14293560868115734,0.9897019429957321,0.9467300971709234,0.9422854002183705,0.9445025196928131,0.6313299186095981
285,0.14333796061629014,0.9896552585512115,0.946344777454169,0.9421828452484636,0.9442592253236944,0.6368444841945318
286,0.14388341703217664,0.9895977183769089,0.9460013693348922,0.941909955998085,0.9439512292847753,0.6369165298895322
287,0.14470294377893853,0.989510048574344,0.9455394652040474,0.9414257547794751,0.9434781259097872,0.6341644524701209
288,0.1544847569877295,0.9881171163094836,0.9374456773863291,0.934587649280609,0.9360144816616642,0.6363836269584062
289,0.1557230394092395,0.9880219621644378,0.9365024391889653,0.934567197353565,0.9355338174637888,0.6380387658508423
290,0.1457818157220487,0.9893081086547453,0.9439206386510828,0.9409325458529251,0.9424242237124689,0.6403341360513038
291,0.1419500662214893,0.9898312710605277,0.9474047096923076,0.9430074196933304,0.9452009504219585,0.6382601256490954
292,0.1405909623173501,0.9899690653586068,0.94829339801559,0.9435879738534295,0.9459348343475987,0.6396941797747674
293,0.14001669691835375,0.9901107734871576,0.9492479633229246,0.9441406927193207,0.9466874397858586,0.6320090462378949
294,0.13998438021261916,0.9900954202855179,0.9489709322769683,0.9442730764925699,0.9466161758045996,0.6316770091689773
295,0.13983143694538006,0.9901618043434125,0.9494598864796343,0.9444857913005624,0.9469663071233374,0.6394802142373058
296,0.14200839587895991,0.9899020083965259,0.9476773474867863,0.9435094148268054,0.9455887883627355,0.6391170599130467
297,0.14085542970745685,0.9900767918257467,0.9488752413599769,0.9441674205084541,0.9465154769781435,0.6397207540472573
298,0.1417523669815964,0.9899767488257959,0.9480766757847777,0.9439160168565226,0.9459917714925379,0.6358619253711232
299,0.14241336832801216,0.9898983280226087,0.9479274703866303,0.9431895673612644,0.9455525838301002,0.6421522885323916
300,0.18161577270399754,0.9846499568901873,0.9190122908220713,0.9156316662576282,0.9173188638694523,0.6220252788017641
301,0.15000526598996397,0.9888015491298058,0.9407531883548048,0.938701292295988,0.9397261202457458,0.6380916001051294
302,0.14121868983983135,0.9898334408332103,0.9471757440439894,0.9432869539741564,0.9452273492770964,0.6390081011634341
303,0.13803048903564755,0.9902446196229188,0.9497687791103702,0.9450844347102132,0.9474208167302663,0.6401433759329216
304,0.13659976546069702,0.9904398648325001,0.951149994776278,0.94577433653801,0.9484545486686807,0.6398242733500419
305,0.13655019836942497,0.9904417530840435,0.9509314141752835,0.9460367414070158,0.9484777630247584,0.6371980488318917
306,0.13617263112565597,0.9905187594151655,0.9516081015743623,0.9461638091559069,0.9488781461232099,0.6365639722011768
307,0.13708435591283463,0.9904335203073145,0.9510760999424513,0.9457838610816515,0.948422597839441,0.6421807337364015
308,0.13683256108930214,0.9904896940741366,0.9513228742662556,0.9461485994195492,0.9487286818962114,0.6423125934529609
309,0.13663601852524623,0.9905478178898252,0.9517181369322387,0.9463718724425862,0.9490374753964272,0.6322221650102164
310,0.13730726393757106,0.9904732903180019,0.9511393833693025,0.9461649166609815,0.948645628836902,0.6425473342931903
311,0.13882853983224724,0.9902863122169957,0.950043604504473,0.9452538091529535,0.9476426544436511,0.6388506437047503
312,0.13701238102621313,0.9905446662263402,0.9514591739275953,0.9466213564190551,0.9490340998716239,0.6371209309923582
313,0.13662124966545927,0.9906001327571295,0.9519406263196313,0.9467195552023353,0.9493229121242064,0.6366024430975249
314,0.14465495539333323,0.9895194486338452,0.9454967652392596,0.9415807316562458,0.9435346852020596,0.64414648922748
315,0.14108198492539872,0.9899869041859145,0.9480252291770357,0.9440887138144867,0.9460528765644657,0.6364593171537494
316,0.13828771606945306,0.9903388468081161,0.9500604694553789,0.9458314099661871,0.9479412229480928,0.618332267988707
317,0.13641919187611815,0.9906059897700986,0.951789255598221,0.946952500436357,0.9493647175690813,0.6325513593685707
318,0.1346036089892439,0.9907995458528448,0.9530659027575038,0.9477398627107176,0.9503954209768141,0.6186273322146979
319,0.13789975369791332,0.9903817616159193,0.9507737728485961,0.9455303900869141,0.9481448323504134,0.6249610723925968
320,0.13551349383142355,0.9906638663964943,0.95194629404711,0.947435077314191,0.9496853283899246,0.6413596535885601
321,0.13859191164374352,0.9903006560623558,0.9501301000051724,0.9453209977941452,0.9477194481186619,0.6278245069451671
322,0.1398231332197035,0.990162257523783,0.9493555417649913,0.9446064355200209,0.9469750344548306,0.641819504689325
323,0.1390153555829319,0.9902231622190172,0.9493894537322984,0.945260675684416,0.9473205660392088,0.6391478301119808
324,0.1336735138039795,0.9909310505566923,0.9538389770233022,0.948378893138755,0.9511010988293316,0.6392281811584771
325,0.1327273080246054,0.9910165643193132,0.9544137544588556,0.9487157223487731,0.9515562083562471,0.6218980655931815
326,0.13248254482051453,0.9910238564034551,0.954392781342523,0.9488210091645306,0.951598739405414,0.6385672735642152
327,0.13249742941890688,0.9910357077567781,0.9544356116765225,0.9489079852297216,0.9516637718797317,0.6305705439226743
328,0.13265394556114998,0.9909925800915281,0.9540463001697458,0.9488469986169477,0.9514395463317472,0.6421947492566284
329,0.13178121928366826,0.9911318369262572,0.9549901258792572,0.9493869442576452,0.9521802920464213,0.632360606429718
330,0.13499562321699782,0.990751666660075,0.9529168318789086,0.9473619081455965,0.9501312508934535,0.6325147400497367
331,0.14642383316330773,0.989255519132671,0.9437406902364112,0.9405333271903719,0.9421342789677138,0.6372119566259105
332,0.1355305625755581,0.9906349795810658,0.9520375624322829,0.9470075065217283,0.9495158728493073,0.6362244083395943
333,0.13414492139177356,0.9907574275438744,0.9525280582493872,0.9478541572344151,0.9501853601216278,0.6393107080883893
334,0.13085317249885567,0.9912005074851115,0.955397598367072,0.9497167592688577,0.9525487090028247,0.6307356643960491
335,0.13200779799237955,0.9910293220333769,0.9545811490513278,0.9486767381701476,0.9516197850862709,0.6357361085875409
336,0.12929756151472063,0.9913899506126779,0.9566159505134268,0.9505244258029191,0.9535604598042039,0.6385605584368115
337,0.12977432478353274,0.9913351707188133,0.9562892968906208,0.9502628331043013,0.9532665404045594,0.6399726969637755
338,0.1303075333025387,0.9912930112116274,0.9558759754014963,0.9502380249906305,0.9530486621625489,0.6353972387866481
339,0.12913066609729107,0.991452118719854,0.9568981523342918,0.9509175901043978,0.953898497377891,0.6381466797564935
340,0.1284427823324641,0.9915605798885033,0.9576209595217708,0.951353061099726,0.9544767203460331,0.6331914302794969
341,0.12854733042043748,0.9915598451869938,0.9575835538621715,0.951385400247904,0.9544744147886652,0.6400802719074827
342,0.13550305093149487,0.9906508065621836,0.9522951641579676,0.9469034010447169,0.9495916290810621,0.6386415762225891
343,0.1393408746920901,0.9900898173282111,0.9486711274739797,0.9445418310573366,0.946601976050946,0.6257122408112662
344,0.13270236476719807,0.9910239456662553,0.9543051689560428,0.9489178789417213,0.9516038992793168,0.6276286621164535
345,0.12936911075342472,0.9914071096694299,0.9566205449026739,0.9507127016655991,0.9536574737000832,0.6337131959826892
346,0.1281237603037906,0.9915175277533151,0.9574293053317389,0.9510767016667804,0.9542424309432457,0.6371049459373697
347,0.12802292009909377,0.9915773269631004,0.9574609215995626,0.9517152890927879,0.9545794596557675,0.6369041610904026
348,0.12645852512164082,0.9917603775008965,0.9589157506847883,0.9521961677961742,0.9555441460144319,0.6336610354954259
349,0.1263863324395401,0.9917905414610052,0.9588496297351055,0.9526066091768166,0.9557179242694593,0.6361332694751336
350,0.1263364641893682,0.9917977374159777,0.9590164958100723,0.952506859886432,0.9557505936625078,0.6416390950394281
351,0.12834159124026195,0.9915430088495965,0.9574272443998488,0.9513656866575763,0.9543868409954106,0.6314087714787415
352,0.1285298119480018,0.9915322698480917,0.9575708909883935,0.9510888842226008,0.9543188808215073,0.631043495915875
353,0.13090214095741726,0.9911666768838241,0.9551124327829332,0.9496464696134571,0.9523716085380736,0.6379824567478882
354,0.1282100895915529,0.9915779037381174,0.9577796628034048,0.9513757280369192,0.9545669549689944,0.6413950415848191
355,0.12707584546945935,0.9916778025443139,0.9580957496640972,0.9521563714471606,0.955116827163551,0.6385641552931474
356,0.13070088658455037,0.9912192526731599,0.9556852734809892,0.9496143519662941,0.9526401407309678,0.6249287685535587
357,0.13300496696246614,0.9909119689165506,0.9540655936156449,0.9479152176808607,0.9509804615089864,0.6337034137503862
358,0.13217721903602853,0.9910030925028476,0.9542570761898114,0.948734992937071,0.9514880226006104,0.6378389556366172
359,0.12742712552384508,0.9915769699118996,0.9574887585646025,0.9516810302691474,0.9545760608107308,0.6273093642846224
360,0.12513626555798293,0.9918802849070832,0.9593902615413729,0.9530296761153093,0.9561993913797991,0.6397567227903699
361,0.12414221130579496,0.9920196584700894,0.9602622818314139,0.9536520201335562,0.9569457357483575,0.6385914650264632
362,0.12304478957445072,0.9921718034798979,0.9613315966901624,0.9542056250035071,0.9577553562172969,0.6203963134371637
363,0.1230719655135767,0.9921648135160029,0.9614044561690208,0.9540489499522887,0.9577125801716481,0.6409809047537581
364,0.12417462985399816,0.9920337619925259,0.9604474244516322,0.953610525610095,0.9570167645369838,0.6373617393070485
365,0.12435770917871444,0.9920556588440593,0.9608170075204876,0.9534578375771451,0.9571232768835808,0.6290990067072721
366,0.13420513398248515,0.9907718263201886,0.9530764625154278,0.9474147730544902,0.9502371845107213,0.6264694362362229
367,0.13223923541766278,0.991025538663921,0.9543032574934794,0.9489379617004072,0.9516130471296489,0.6328262661354151
368,0.12558638774823372,0.9918763916757193,0.9593634881382788,0.9530149093809814,0.9561786609779103,0.6310765477578935
369,0.12262511304278167,0.9921832085192197,0.9610629296609468,0.9546226375809254,0.957831957898076,0.6406659004635359
370,0.12147479370343599,0.992333609471239,0.9621842823374839,0.9551010797731475,0.9586295969939759,0.6438418973016413
371,0.12367103607963315,0.9920579041468036,0.9607763417885753,0.9535267982264561,0.9571378428498988,0.6284320506877704
372,0.128323934262069,0.9914161252122532,0.9570575361708585,0.9503391032871046,0.9536864875438241,0.6284860344504409
373,0.12682632134436703,0.9916906289220702,0.9582674165420784,0.9521144339216696,0.9551810164287942,0.6343474847013976
374,0.12341994797583107,0.9921441663436726,0.9610864455859858,0.9541597742934191,0.9576105844548073,0.6273780654511184
375,0.12197307896592634,0.9923032532527913,0.9620396236862596,0.9549166432613928,0.958464899773348,0.6373068636878754
376,0.12212827529677812,0.9922662915871266,0.9616384335838081,0.954933994174228,0.9582744873438905,0.6366060595014451
377,0.12405067057811099,0.9920250760354266,0.9603470209128445,0.9536213791598259,0.9569723831596856,0.6360647730182438
378,0.12539263050869215,0.9918827568000127,0.959441203794348,0.9530023576568027,0.9562109415195411,0.6384238008242842
379,0.12227654345869589,0.9923077301255414,0.9619341270004161,0.955080111010402,0.9584948662181684,0.6398037922012864
380,0.12125891132159627,0.9924212106101115,0.9628459745663549,0.9553713110113471,0.9590940796328205,0.6362403370308526
381,0.12031392298853226,0.9925105146085577,0.963261410277767,0.9559247682139547,0.9595790660319132,0.6367602607506399
382,0.1209300594042531,0.9924475568689181,0.9628669782987317,0.9556434619250092,0.9592416212312734,0.6294573393067894
383,0.12114680443200276,0.9924572315831892,0.9629878934037401,0.9556220501602338,0.9592908324706408,0.6317773145183087
384,0.1218958253295516,0.9923677559255119,0.9622999426011652,0.955359054621855,0.9588169374820259,0.6337410198267214
385,0.12138007759458298,0.9924241562825191,0.962578478190901,0.9556911584768881,0.959122454281434,0.6375036847939924
386,0.12984445390941426,0.9913345390128424,0.9565626267383719,0.9499582692087896,0.9532490089333711,0.6228637443931033
387,0.13127173724577582,0.9911726094268548,0.9554761135801934,0.9493164331012298,0.9523863138142348,0.6417318679402134
388,0.1232354307024599,0.9921681986360424,0.9609364588764441,0.9545906676011057,0.957753052015427,0.6312949927139943
389,0.12028962727502096,0.9924983199367723,0.9631865896221077,0.9558685807898372,0.9595136321800004,0.642621987976912
390,0.11847955986803813,0.9926943822442942,0.9642704059923096,0.9568995941806072,0.960570860560347,0.6289377533597047
391,0.11843370618097646,0.9927360885711096,0.964634853284219,0.9569759381970822,0.9607901327694569,0.6326413374007595
392,0.11940932521770756,0.9926005052439286,0.9638101032165498,0.956343183631134,0.9600621250808333,0.6273018396472213
393,0.11844653569215494,0.9927412795462616,0.9645779979118794,0.9570945889074064,0.9608217224024088,0.6359017403710363
394,0.11910496846431022,0.9926879072580929,0.964398723460441,0.9566902018878384,0.9605289971472577,0.6398661274643966
395,0.11866920218943693,0.9927396522167496,0.9645696987483466,0.9570852858647798,0.9608129172562393,0.6334627821551477
396,0.13006441070021485,0.9911927278887529,0.9564714901327634,0.9484598148428716,0.9524488049141588,0.6364323779069685
397,0.14534954322006205,0.9893866461862098,0.9452329801454358,0.9403598918956914,0.9427901390649901,0.6342320581088938
398,0.12361067241365961,0.992073113154689,0.9603842649160614,0.9541199779444056,0.9572418730091581,0.632705417729139
399,0.11879312939834681,0.9926094795885364,0.9635275117242426,0.956745946309926,0.9601247542565947,0.6365668343330011
400,0.11705554533991025,0.992823854502844,0.9650338051396135,0.9575296169007046,0.9612670657708842,0.632991733288565
401,0.1163070859427718,0.9928986155312218,0.9655595339242458,0.9578030229867847,0.9616656382784444,0.6330644701514317
402,0.1152535612768621,0.9930339997336948,0.9664357639297354,0.958379442461272,0.962390743313218,0.6349772934178142
403,0.11542840425273497,0.9930176989730988,0.9663000312080865,0.9583421564570942,0.9623046420030091,0.6397087712506228
404,0.11558082099441144,0.9930154880022007,0.9663358855808464,0.9582793978362009,0.9622907793788573,0.6318615043909815
405,0.11808000334786425,0.9927322434043305,0.9647206104156234,0.9568414870810271,0.9607648950719485,0.6250979303171184
406,0.12508710393373915,0.9918203140380667,0.959254169938373,0.9525033897038649,0.9558668606754237,0.6309415909795874
407,0.13123775723812392,0.9910696207544964,0.9550658761298166,0.948602166161792,0.9518230477130359,0.6372983039773494
408,0.11963200144362536,0.9925554893271353,0.9635021057021171,0.9561697483364535,0.9598219237237677,0.6316627200904279
409,0.11653640127921705,0.9929121697441184,0.9654998114070847,0.9580178051375832,0.9617442566983491,0.6329359883635212
410,0.11617588275949732,0.9929341764575599,0.9656835406468253,0.9580674213649247,0.9618604049190889,0.633632476026479
411,0.11592933037083783,0.9929787872585675,0.9660569920766546,0.9581670968216376,0.9620958689819814,0.6317766017377833
412,0.11514882251566691,0.9931005005198665,0.9666804298551174,0.9588600996636433,0.9627543841369354,0.6355125622014446
413,0.11509781538528933,0.9931167120176623,0.9669887189841322,0.9587131706570813,0.9628331630703572,0.6267480875983773
414,0.11489932446760669,0.9931473291581414,0.9670422352119653,0.9589972087918773,0.9630029200484874,0.6341267494340245
415,0.11523947921052254,0.9931040847646143,0.9667085425732966,0.9588701410429863,0.9627733880226449,0.6379657486458965
416,0.11610540253170532,0.9930465857885272,0.966587688718808,0.95835817836384,0.9624553421789276,0.6326762687506868
417,0.11802305176639728,0.992763670776381,0.9646805495057749,0.9572350205508642,0.960943362984427,0.6380772959265254
418,0.11673608528141924,0.9929476688731332,0.9657386007488358,0.9581591966187722,0.9619339687413078,0.633001779963831
419,0.1163612448429461,0.9930072552254718,0.9661701524735482,0.9583639373902277,0.9622512133095104,0.6395898007143508
420,0.11542289579461376,0.9931118506282344,0.9667657507960203,0.9588958351607167,0.9628147113437349,0.6383468591438475
421,0.11750245953260137,0.9929053033748699,0.9655825442630243,0.9578530822161561,0.9617022825447461,0.6297123644880739
422,0.11775033994705128,0.9928936854781014,0.965501629756651,0.9578097418509038,0.9616403047426482,0.6289957465673542
423,0.11648193360875836,0.9930268861751533,0.9663262983196574,0.9584165807981065,0.9623551870942153,0.6412806835748983
424,0.11567071384395199,0.9931254323066079,0.9670041511771349,0.958793870860183,0.9628815095200304,0.6195400606210903
425,0.12123994112497183,0.9923630318634689,0.9622076041655513,0.9554053483339727,0.9587944115929349,0.6175362939028219
426,0.1162141092362807,0.9930252107810567,0.9662567522223569,0.9584718822181644,0.9623485736499988,0.6355694774398595
427,0.1143333240673482,0.9932461842762121,0.9676024512411374,0.9595029694426059,0.9635356895798779,0.6380702225453984
428,0.1138684530641964,0.9933145664475581,0.9681222143777564,0.9597128047374046,0.9638991682135863,0.6434007948264765
429,0.11648816063249712,0.9929863608638486,0.966167069405969,0.9581343885051015,0.9621339634008998,0.6338113324771785
430,0.11620214389864918,0.9930278680659558,0.9662360004194748,0.9585235657883118,0.9623643313952788,0.6360223292430142
431,0.11355360897539331,0.9933642789609173,0.9684874417526367,0.9598789304985929,0.964163971295104,0.6383659645745238
432,0.11353274937317097,0.9933524619394406,0.968219880527815,0.960030732527483,0.9641079171529181,0.6332943031521658
433,0.11394463866788278,0.9932972357315748,0.9679967093692489,0.9596529994633769,0.9638067968058781,0.6416317620806864
434,0.1178240402460956,0.9927821825078749,0.964690537161266,0.9574309751153947,0.9610470470047606,0.6320801500605585
435,0.11486024402832384,0.9931732703011622,0.9671853814500243,0.9591340225854248,0.9631428760491363,0.6229684294708748
436,0.11864772522085004,0.9927255692934209,0.9645264697843199,0.9569742400226344,0.9607355133335308,0.6294422391726836
437,0.11620188611660072,0.9930016591345343,0.9659875147686741,0.9584959519951187,0.962227151933482,0.6307071424333099
438,0.11414127858529846,0.9932485943718184,0.9676318482753126,0.9594986132559793,0.9635480680687761,0.6385430992593072
439,0.1134608351498199,0.9933213847522219,0.967991918462721,0.9599266270504718,0.9639424025092211,0.6403588118681005
440,0.11442945886858934,0.993198627802797,0.9672132502032103,0.9593866814097742,0.9632840685830798,0.6372001208992871
441,0.11257473331132381,0.9934412097619776,0.9688849272023967,0.9603135154898613,0.9645801799927047,0.6383805237685469
442,0.11152738713317638,0.9935420355280227,0.9694871103918575,0.9607972737064414,0.9651226319101769,0.6345179746093541
443,0.1110099620125491,0.9936305910922207,0.9700552576100301,0.9611809134642788,0.9655976960101778,0.6362293272301162
444,0.11521595373428126,0.9930615682062275,0.9673367038406856,0.9577303706538917,0.9625095688260012,0.6347214624559994
445,0.11998250568620593,0.9924276649972051,0.9626898648898427,0.9556109012758163,0.9591373215945758,0.635409640240997
446,0.11436069861268826,0.9931899349793284,0.9669628624795092,0.9595558343514997,0.9632451092425913,0.6349313364294847
447,0.11258915104239965,0.9934186537389962,0.968774341095666,0.9601798027105227,0.964457925234862,0.6311105944622022
448,0.11096657192160328,0.9936021368580549,0.9696821909237839,0.9612585864868433,0.9654520149901432,0.6361821457502423
449,0.11101807741006073,0.9935813248928627,0.9697063479711464,0.9610020883115686,0.9653345973289144,0.6362955770631199
450,0.11045913258902461,0.9936858447655634,0.9703412263391823,0.9614925653922679,0.9658966304575703,0.6249266629944209
451,0.11029008518663241,0.9936654173170492,0.9700325396153878,0.9615912810112496,0.9657934660266877,0.6293526646611296
452,0.11031443412623389,0.9936842517678979,0.9703171630906363,0.9615002440941185,0.9658885831450975,0.630256959093709
453,0.11107311082883276,0.9936403070047074,0.9700424447376133,0.9613022221867821,0.9656525566995239,0.6264109175244184
454,0.11161326984171387,0.9935840096432388,0.9695988461680553,0.9611453256345487,0.9653535795630583,0.6304258321076761
455,0.11193952819319081,0.9935607738497019,0.9694849899340987,0.9610075520032699,0.9652276573371085,0.6326557175811968
456,0.11293705019483463,0.9933973267961104,0.9683086702290158,0.9604354887154093,0.964356010211067,0.6305805552330098
457,0.11116157498934286,0.99364128889551,0.9701819051200565,0.9611661467299509,0.9656529826181615,0.6365180762535096
458,0.11064398568793596,0.9936983552903342,0.9703379637007387,0.961634769043845,0.9659667631977874,0.6334962970627908
459,0.11300863191592607,0.9933833880665359,0.9685680296002079,0.9600060720811556,0.9642680453182872,0.6327910213930642
460,0.11359863054248498,0.9933394021051299,0.9681744452207269,0.9599336412492775,0.9640364324873029,0.6327826193738544
461,0.11275986091588898,0.9934794211068455,0.969099296823122,0.960511463563526,0.964786269893566,0.6269391479875117
462,0.11072561844325751,0.9936646208182164,0.970077376821755,0.9615351674208038,0.9657873839281821,0.6364700160542375
463,0.10974371720025007,0.9937826537055983,0.9709558170867547,0.9619191025133277,0.9664163352540467,0.630759941301826
464,0.10974482308885605,0.9937948964419683,0.9710239782772997,0.9619831163066389,0.9664824047970965,0.6304713812964873
465,0.11013322742990882,0.9937440647104215,0.970680237273495,0.9617812550483773,0.9662102562611483,0.6431521689191864
466,0.11297501953278515,0.9933951020924738,0.9684214413847186,0.9602913653883696,0.9643392680889834,0.6234814236917764
467,0.11086588552583465,0.9936395379713515,0.9699407264619293,0.9614009378057637,0.9656519519968824,0.6347610245475936
468,0.11222229767992771,0.9934868848502186,0.9689592074764785,0.9607424152884135,0.9648333175706916,0.6327752815152512
469,0.11046652766547614,0.9936704160338621,0.9701192470959955,0.9615553240131613,0.9658183018241754,0.6381961278708421
470,0.10932062247352635,0.9938015980183549,0.971023347877737,0.9620580574833527,0.9665199129632488,0.6397316726945581
471,0.1119071316215203,0.9935836731911457,0.9698016910999333,0.9609275901368847,0.9653442468561484,0.6457500392642946
472,0.11501155882108983,0.9931586929992476,0.9669983893483508,0.9591702749181997,0.9630684250695096,0.6315528298246686
473,0.10919785663056716,0.9937956174107394,0.9709495857104918,0.9620693540351135,0.9664890721123393,0.6251620940061611
474,0.10775443945053241,0.9939349772410071,0.9717723478352892,0.962748697647866,0.9672394771543779,0.6373820706248501
475,0.10691874987519473,0.9940319441075346,0.9723796848005417,0.9631849808135821,0.9677604935518539,0.6408150469850684
476,0.10727391822142995,0.9940112076724041,0.9723971335338574,0.9629371950115608,0.9676440441235117,0.6303772405575285
477,0.1072002052054774,0.9940243087049303,0.97238753687618,0.9630922457220032,0.9677175706222192,0.6362555417634711
478,0.10715718531190492,0.9940282705999867,0.9723416138202786,0.9631842424768657,0.9677412654439257,0.6334978101504833
479,0.10818164522270504,0.9939260303618763,0.971788243261565,0.9626329264507356,0.9671889195054968,0.63509476937471
480,0.110979120535173,0.9935547108456555,0.9693223776335733,0.9611119528149678,0.9651997051442671,0.6160987846609693
481,0.11343945226491355,0.9933030309472206,0.9680111286362424,0.9597021726886886,0.963838743759792,0.6372800210762558
482,0.11588323444610449,0.9929645395423768,0.9658604963391527,0.9582174513856956,0.9620237935688634,0.6265358157175133
483,0.10906699720582516,0.9938065692696908,0.970888904069555,0.9622546027172563,0.9665524710277715,0.634249361024798
484,0.10691426398245979,0.9940308180229779,0.9721827410562368,0.9633790895363216,0.9677608941636915,0.628985234830043
485,0.10740622019113825,0.9939948725799619,0.9719853591751962,0.9631883033288059,0.9675668360978028,0.6191174851953444
486,0.11188092108199493,0.9934821676545449,0.9688717949405229,0.960782433138442,0.9648101582104502,0.6353924963763714
487,0.11010289079636978,0.9936286410433541,0.9699730250814739,0.961245960928993,0.9655897744623666,0.6309098524888013
488,0.10817535824591307,0.9938902428453531,0.971646734661428,0.9623851406487145,0.9669937619286131,0.6273740498767095
489,0.10683653933806814,0.9940245558942232,0.9723340203714299,0.9631510911582997,0.9677207715133531,0.6349527618346252
490,0.10812394597011504,0.9938902497117224,0.9714970089688458,0.9625424802029776,0.966999015023287,0.6354511580354459
491,0.10661816362479179,0.99406588457073,0.972418017874626,0.963520407183839,0.967948765733255,0.6277281205026897
492,0.10552329524493903,0.9942011108467101,0.9733371559846745,0.9640534124594026,0.9686730409285986,0.627082113547897
493,0.1049670495307274,0.9942481523424317,0.9736663405573919,0.9642291365979039,0.9689247598309552,0.6272723109356049
494,0.10490661765710055,0.9942704749088586,0.9738647270119817,0.9642684899448876,0.9690428516579431,0.6284758589486256
495,0.10494945869653774,0.9942714087350764,0.9738256321119091,0.9643196566793336,0.9690493325290014,0.6385703909849165
496,0.10572464485391439,0.9941874811037519,0.9732975701587276,0.9639441386253765,0.9685982741737312,0.6316748807787351
497,0.1053742769060375,0.9942171438189054,0.973400578229178,0.9641643106342047,0.9687604300363086,0.6398232249087805
498,0.10606512346928068,0.994145184269181,0.9728664540310477,0.9639277475502727,0.9683764737995517,0.6225881777675769
499,0.10735690065746685,0.9940027277063822,0.9719886611227885,0.9632718092114299,0.9676106038284833,0.6345582036671649
500,0.10552055475791153,0.9942248341524638,0.9735792186504124,0.9640624940010142,0.9687974856355952,0.6285033290992486
501,0.10522038163952262,0.9942669112632185,0.9737400695032266,0.9643593791946755,0.9690270223790588,0.6267328576683253
502,0.10594603002553793,0.9941837869970961,0.9732502793604267,0.9639527771649583,0.9685792168310686,0.6263699848406795
503,0.11151548701492574,0.9935351210941894,0.9697022869945263,0.9604935219813178,0.9650759374541438,0.6122168296244335
504,0.12621757578399542,0.9917757101034284,0.9589294627538403,0.952353581184109,0.9556302096155908,0.6308186598182899
505,0.1103436951425007,0.9936300623817886,0.9699030498162402,0.9613355211726914,0.9656002814863228,0.631619431046979
506,0.1059687047017564,0.9941084697928092,0.9726678984566856,0.9637296518092646,0.968178146039244,0.6284377709506133
507,0.10414580923083017,0.9942802594850377,0.9738610028879879,0.9643804956247642,0.9690975632865068,0.6299489128713761
508,0.1030077477582067,0.994413830966029,0.9747815756538185,0.9648948948150747,0.9698130386463828,0.6359223610575445
509,0.10222721062332606,0.9945083465387347,0.9754219314682094,0.9652708558710617,0.9703198453317298,0.6344292199556415
510,0.10316031262707367,0.9943884253998094,0.9746811147372274,0.9647191706765734,0.969674557393179,0.6288483910772774
511,0.10313932381891946,0.9944568419030017,0.9750711804924831,0.9650678132740538,0.9700437081753387,0.640546427840313
512,0.10300015680920735,0.994473458516583,0.9751620124176137,0.965156561347364,0.9701334898168749,0.6277493561569784
513,0.10266586377037515,0.9945051948752496,0.9752564836670834,0.9654083341676538,0.9703074210761732,0.6301974946893381
514,0.10343416379563672,0.9944269731967705,0.9748561462401402,0.9649622311236097,0.9698839570525958,0.6360693086392043
515,0.10304910062457161,0.9944774890753318,0.975098315065569,0.9652673856884946,0.9701579460065877,0.6389167347820052
516,0.10347845578204384,0.9944207659989699,0.9748518294539168,0.9648982173302985,0.9698494854640453,0.6261284619135115
517,0.10414951220958782,0.9943735391112787,0.9744325708701506,0.9648140469446298,0.969599455313511,0.6225037097588104
518,0.10427594464942277,0.9943664598845835,0.9744233874678416,0.964745455463677,0.969560271333547,0.6229012701228193
519,0.10640599983308813,0.9941187212820972,0.9729139326016252,0.9635853069812099,0.9682271505711393,0.6267030388415756
520,0.10500094673777227,0.9943090845031429,0.9740447892804698,0.9645069727042823,0.9692524176145016,0.6218754282543917
521,0.10626906129739268,0.9941228685691234,0.9729802390990729,0.963561754039957,0.9682480928934979,0.6364990082353519
522,0.10433525760932792,0.9943604655442295,0.9744327616729785,0.9646694806155601,0.9695265423327639,0.6353828951529028
523,0.10419369235688405,0.9943441716500028,0.9743392832877673,0.9645870822380108,0.9694386574825572,0.6316326721937362
524,0.10337118366264182,0.9944357003520854,0.9746998452906858,0.9652215349784066,0.9699375349780307,0.631433868451257
525,0.10275841410533129,0.9945302845884837,0.9752664858217113,0.9656747260549281,0.9704469056183768,0.6322699975826823
526,0.10336408500137517,0.9944542601481642,0.9748952558309631,0.9652226424834812,0.9700348373625083,0.6310130709024059
527,0.1041109870797653,0.9944040669889576,0.9747703296140132,0.9647988372082721,0.9697589512598127,0.6286879718617712
528,0.10389500643334372,0.9944006887352873,0.9745436885979135,0.9649978927870114,0.9697473000340157,0.639196876452938
529,0.10390126524265293,0.9943634455484833,0.9742939400050773,0.9648472720968674,0.9695475959849671,0.626967107974841
530,0.10338859258742213,0.9944347939913446,0.9748166355080524,0.9650897418745306,0.9699288028598769,0.630787094769365
531,0.10346826451341454,0.9944495772843367,0.9749882759758092,0.9650740153024715,0.9700058133173017,0.6205288521836245
532,0.10735676491217648,0.9939891872262241,0.9719476207367975,0.9631649718885679,0.9675363659682972,0.6270525282410916
533,0.10402959625390794,0.9943914878004942,0.9745013729324458,0.9649404501904761,0.9696973451820553,0.6361141632237757
534,0.10382618067665494,0.9943913436067401,0.9746511849939061,0.9647825938005115,0.9696917817876561,0.6372183227662396
535,0.10529896594155178,0.994215310498316,0.9736368111825444,0.9638970327428706,0.9687424415428296,0.6304062583818245
536,0.11174608115776838,0.9934210707009717,0.9685661504645521,0.9604268501758275,0.9644793286121618,0.6325447368408441
537,0.10442661070566384,0.9942910396847578,0.9740214607529057,0.9643319869024973,0.9691525058751884,0.6357810052390104
538,0.10203690802772268,0.9945442233180581,0.9754254104683459,0.9656629865011375,0.9705196491334951,0.63286638602308
539,0.10063737660324831,0.994728070354687,0.9768601896636746,0.9661985021215367,0.9715000952112632,0.6282552431245101
540,0.10911158509820486,0.9936181698302502,0.9707421303605338,0.9603203081876521,0.9655030963156543,0.6380584082700257
541,0.10678851605801702,0.9939554046895215,0.9719756780950122,0.9627614708730595,0.9673466331017726,0.616625859244487
542,0.10195937219390766,0.9945185156315917,0.9754032964644994,0.9654024274739227,0.9703770949953885,0.6318828312420783
543,0.10000064918141571,0.9947558036200816,0.9769153535098877,0.9664467309255877,0.9716528457072443,0.6299534493171535
544,0.09997519894951967,0.9947626837220687,0.9768318181984369,0.966609165003194,0.9716936056188759,0.6383213359509441
545,0.09927801392543659,0.9948412349862716,0.9774023089548785,0.9668825710892741,0.9721139810020281,0.6311947861678288
546,0.09891909111639578,0.9948742690887262,0.9775054013603249,0.9671393645992352,0.9722947546128893,0.6305901699859149
547,0.09918774715323242,0.9948636742809758,0.977572029469928,0.9669537467487342,0.9722338969976354,0.6301124444818026
548,0.09994308942620703,0.9947918039940516,0.9772792430336471,0.966465927680214,0.9718425073943728,0.62668835976702
549,0.09958999941004909,0.9948210341279425,0.977315888223252,0.9667497443139951,0.9720041023725383,0.6304551738567434
550,0.10065689226009435,0.994750921631546,0.9769492283491932,0.9663578351849341,0.9716246692133106,0.6347061606681117
551,0.10063967773382612,0.9947621824771136,0.9768680562717063,0.9665660461389567,0.9716897460827539,0.637971718036369
552,0.10304876947574479,0.994461662094214,0.9748875711742266,0.9653123503945228,0.9700763331025155,0.6275812489947019
553,0.10105097133049862,0.9947104100529798,0.9764704021681249,0.9664084850836786,0.9714133889458909,0.631944595903763
554,0.10255342971185129,0.9945444430418741,0.9755439965989046,0.9655419731133208,0.9705172156538808,0.6201112126305155
555,0.10290279409600248,0.9944967286419661,0.9751826786060295,0.9653917954252066,0.9702625377848636,0.6315192357790826
556,0.10098648439797996,0.9946977965326703,0.9764387384444061,0.966302386097533,0.9713441187995255,0.6302903473537516
557,0.1005375828165159,0.9947747067346229,0.9770463913186004,0.9665190140901225,0.971754191785459,0.6361577648954777
558,0.100104300787659,0.9947905680475869,0.9769679842371448,0.9667749954296957,0.9718447638151361,0.636572335098622
559,0.09997186706595712,0.9948184729722128,0.9773611500742094,0.966674655469938,0.9719885305849459,0.6329445646313749
560,0.1005128257700222,0.9947733540598809,0.9769890906529063,0.966563535794121,0.9717483509773067,0.6363351829019627
561,0.10038358392528922,0.994764791697428,0.9768432359479603,0.9666205353886265,0.9717049997524695,0.6336273641231077
562,0.10194568106864425,0.9945336353766769,0.9757211414128817,0.9652385167228836,0.9704515220858362,0.6208372608211098
563,0.10482419701628119,0.9942057044477374,0.9734425230684166,0.963993976353733,0.968695210237253,0.6266267402221763
564,0.10175742578806637,0.994572155708161,0.9758473176467445,0.9655320794013211,0.970662294261831,0.6333794646681782
565,0.10244954369372601,0.9945095069551376,0.9752458747288683,0.9654669581029354,0.9703317792803197,0.6314400850311374
566,0.10023615751817501,0.994775290376009,0.9769679329227808,0.9666068023257016,0.9717597502074002,0.6311687102292927
567,0.09870291304298871,0.9949413878481305,0.9781017908612433,0.9672605256543952,0.9726509497382321,0.631248841880019
568,0.09838148116690221,0.9949665530914262,0.9782662097733886,0.9673672891435855,0.9727862230332994,0.6343127468950956
569,0.09778277112318458,0.9950214428471987,0.9785197008881377,0.9677088437085886,0.9730842463712228,0.6286221390577479
570,0.0984947714927814,0.9949632984324024,0.9781949570280835,0.9674051658171364,0.972770142737622,0.6325787227825833
571,0.09816489201173079,0.9949880036289586,0.9782976276717285,0.9675707009089516,0.972904597295471,0.6345745700613779
572,0.09841412407674378,0.9949603870918411,0.9781520710218196,0.9674174960403001,0.9727551698122845,0.6247457704412527
573,0.09844479051907715,0.9949728495520271,0.9781434673545185,0.967563465209131,0.9728247013009524,0.6311474282255513
574,0.09909011249383576,0.9948966328533686,0.9777832023048766,0.9670977962421023,0.9724111458316049,0.6152193585342292
575,0.09956462253823126,0.9948429241131068,0.9773329680702505,0.9669730173370321,0.9721253919607541,0.6321327885575164
576,0.10014686515058974,0.9947949419247982,0.9769948444927802,0.9667952996893965,0.971868312331423,0.6403503072403829
577,0.09975514913366425,0.9948284704058387,0.9772496175895238,0.9669002911704675,0.9720474080069393,0.6342420355534838
578,0.09965683078969555,0.9948685700022499,0.9773761091473846,0.9672106140923671,0.9722667911181649,0.6269190437237419
579,0.09961640487739937,0.9948625069982036,0.9774031868155894,0.9671158116579823,0.9722322868290603,0.6383270577701936
580,0.09828972937070209,0.9950047850354019,0.9783422877425811,0.9677090652096034,0.972996626517759,0.6344134084698363
581,0.09782563152609111,0.9950366930532997,0.9785014739327786,0.9678953475631492,0.9731695137842703,0.6271429876008311
582,0.09749573952913713,0.9951002962316486,0.9789282951503417,0.9681535439128716,0.9735111069007505,0.6340151619337855
583,0.10407214156157679,0.9943099290665605,0.9742131230922323,0.9643405516084075,0.9692516980753606,0.6287878381782998
584,0.10188450167129795,0.9946186684934505,0.975854764617667,0.966037175549005,0.9709211527767889,0.6323010586464464
585,0.09985553506734988,0.9948513079499592,0.9774273010156416,0.9669675536453308,0.9721692935605402,0.6350217892682766
586,0.10067625638606736,0.9947417069640145,0.9766491686006451,0.9665676704797328,0.9715822679027808,0.6292589978482607
587,0.09783216770872366,0.9950510300322906,0.978663434964571,0.9678856015184928,0.9732446803870484,0.6398665869455392
588,0.09750347983815687,0.9950579444661238,0.9787354421840017,0.9678872258592689,0.973281106335664,0.6280117997409903
589,0.09664456540276464,0.9951709511712158,0.9793941399570121,0.9684491001004433,0.9738908696338812,0.6387433186000737
590,0.09691097742790798,0.9951434719614833,0.9791859784504384,0.9683619763679091,0.9737438988119324,0.6332129676930746
591,0.09664920332888477,0.995187670780336,0.9795547654852628,0.9684671155163233,0.9739793864451038,0.5937120094552183
592,0.10526991438576215,0.9941726428798058,0.9734667450054723,0.9636031747297467,0.968509847191605,0.6401278870292275
593,0.09923811896081022,0.9948912770853547,0.9774406648275659,0.9673936477643608,0.9723912048431288,0.6287360582103567
594,0.09839460129092495,0.9949999991760357,0.9782439131207403,0.9677581646012435,0.9729727883973175,0.6333786991459235
595,0.09742526782395171,0.9950895366310363,0.97882393953792,0.9681430595314988,0.9734542023771905,0.6345134657218823
596,0.09672518630625962,0.9951670442071134,0.9793841722132066,0.9684164656175788,0.9738694403476298,0.6371486843154756
597,0.0968636996079263,0.9951211013304716,0.9789153308363202,0.9683955706885049,0.9736270358458523,0.6329494111949097
598,0.09636787031676701,0.9952032231066839,0.9794859042252982,0.9687089207909417,0.974067604562207,0.629360074685865
599,0.09897905086977876,0.9949137919101206,0.9778187288375708,0.9672498197720075,0.9725055601911102,0.626079415013644
600,0.10192965540579325,0.9945866918118602,0.9757283928737128,0.9658160437024456,0.9707469150644593,0.6274525931478285
601,0.10015728726661463,0.9947486625960632,0.976544356313197,0.9667531406628905,0.9716240821916944,0.6299999412621012
602,0.09720717854261827,0.9951041963293819,0.9788021557423223,0.9683266838728655,0.9735362410069273,0.6306133703761221
603,0.0963842054601196,0.9951931638757348,0.9793733507417915,0.9687145321499863,0.9740147819775788,0.632901056752028
604,0.09617710366791529,0.9952057636633058,0.9794713657966182,0.9687518181541641,0.974082101334225,0.6299753690857133
605,0.09710783278234571,0.9950879504997399,0.9788405891011714,0.9681084315395,0.9734449309105239,0.6262973767910737
606,0.09711398785974053,0.9950681616235656,0.9787892742687633,0.9679439301190879,0.9733363922274392,0.6331320917828259
607,0.09602264227787796,0.99522884153035,0.9798333348893224,0.968632133772437,0.9742005379926642,0.6344549661580413
608,0.09556164110092807,0.9952681171624514,0.979944135275459,0.9689491755584557,0.9744156405998541,0.6333552386239266
609,0.09533188630083053,0.9953171911034706,0.9802583470045416,0.9691642530439408,0.9746797319792202,0.6344623548666972
610,0.09603702723845947,0.9952097530238392,0.9795158539796408,0.9687497508113582,0.9741030556871593,0.6283545675669471
611,0.09584532101243305,0.9952466116939651,0.9796317940825899,0.9690349702849005,0.9743045694907151,0.6331977999604513
612,0.09595423812220852,0.9952479575023379,0.979707999499833,0.9689711779926042,0.9743100099070209,0.6308558991195592
613,0.09609719407376197,0.9952465773621189,0.9797622780689573,0.9689000761668156,0.9743009031635745,0.6247335210724102
614,0.0963034666605669,0.9952384201154517,0.9797468706021776,0.9688263901625197,0.974256029302206,0.6284589446521214
615,0.09689257349550938,0.9951839560745726,0.9794427268252823,0.9685418351920222,0.9739617803977344,0.6341427456034061
616,0.09631457878611714,0.9952249620317246,0.9794920401198203,0.968941349189262,0.9741881288642701,0.6293413242388153
617,0.09618744610560884,0.9952544050230622,0.9797392881111228,0.9690097191691999,0.9743449658060818,0.6293364797526536
618,0.0970131317354578,0.9951397984539353,0.978957571039373,0.968557414096738,0.9737297230090901,0.6333605813887304
619,0.09727973844722021,0.9951535517915401,0.9791533486943486,0.9685063950296353,0.9738007708799791,0.6292552479322913
620,0.09593076185195995,0.9952899453502925,0.9800908954455946,0.9690376282970795,0.9745329210148547,0.6294952104355808
621,0.09566646376155692,0.9953025726033405,0.9800048180261963,0.969264888338385,0.9746052661812403,0.6322408503789998
622,0.09859146831704559,0.9949628109201858,0.9778685441869248,0.9677375650068561,0.9727766780506147,0.6248501008347681
623,0.09664526053121407,0.9952053448147816,0.9795166621510977,0.9687005037523748,0.9740785582490097,0.6256971428238962
624,0.09976278723840662,0.9948342656214845,0.97713576618899,0.9670821435037149,0.9720829610190674,0.6273633382419794
625,0.09976807946888663,0.9948205878139413,0.9770415341431108,0.9670292785948212,0.972009624061936,0.6333857050756728
626,0.09602445625304747,0.9952259851207427,0.9795395842901783,0.9689035463493827,0.9741925356546856,0.6345346443355955
627,0.09782540290314945,0.9950231113749262,0.9784402943479699,0.9678092575020179,0.9730957408651495,0.6304721919121917
628,0.09837057846162817,0.9949699656769427,0.9779512026531947,0.9677306984753937,0.9728141068377868,0.630643570281771
629,0.09510156137051343,0.995327950704083,0.980194538140461,0.9693480250526508,0.9747411086605079,0.6314634624782499
630,0.09412092829404546,0.9954251510271649,0.9808209102066221,0.9697699106523973,0.9752641059165792,0.6328098970556405
631,0.09382218734877144,0.9954724946431334,0.9811733916112904,0.9699268072046306,0.9755176854753258,0.6330811397773218
632,0.09344005500964767,0.995513679125886,0.9813848022191252,0.9701611552784135,0.9757407042716641,0.631477952598199
633,0.09362123779979327,0.9955070668122996,0.9814466823229264,0.9700251536552541,0.9757024941613154,0.6244101115208569
634,0.09397601219657943,0.9954828422615909,0.981301027697215,0.9699091609571089,0.9755718394198795,0.6337940275882977
635,0.09478568095419047,0.9953714628860107,0.9805379750616529,0.969471991787333,0.9749735846142537,0.6324858132794908
636,0.09420525328182489,0.9954411153356677,0.9808783099741685,0.9698859771842141,0.9753511733125731,0.6314833052736305
637,0.0944412052497375,0.9954113908231909,0.9807030817798519,0.9697401556827266,0.9751908088757901,0.632444991592616
638,0.0944435034590445,0.9954279937040338,0.9808437647882194,0.9697775893542477,0.9752792870122466,0.6347416731809036
639,0.09540232505461724,0.9953433451039382,0.980242161884852,0.9694679309353929,0.9748252768425903,0.632143732523497
640,0.0962309318614735,0.9952475523865522,0.979662863846415,0.9690132631854386,0.9743089632481436,0.63526134064208
641,0.09624182767898058,0.9952531484774897,0.9797675206319298,0.9689668218059775,0.9743372402292368,0.6312211346120798
642,0.09604804366559004,0.9952530111501048,0.9797304575771341,0.9690035171407823,0.974337463767586,0.622560507089373
643,0.09644000008434271,0.9952188303639857,0.9795635535493217,0.9688002530427594,0.9741521735716937,0.624852869770049
644,0.09506420104382493,0.9953779790704277,0.9804872585630124,0.9695956631873287,0.9750110450275918,0.6333884790302166
645,0.09394006555725773,0.9955030774517662,0.9813579896688144,0.9700724810387747,0.9756826021888034,0.6214033553492282
646,0.09534335546463514,0.9952936188578404,0.9801113373210775,0.9690568988853774,0.9745527712428439,0.628219857335177
647,0.09515061285748756,0.99533391757896,0.980138829856242,0.9694708842822585,0.9747756704423207,0.6296746579407237
648,0.09534291295240895,0.9953421366229505,0.9803061586615995,0.9693887812393956,0.9748169038533765,0.6348996322976961
649,0.09668022697027638,0.9951902868670196,0.9794472918945353,0.9686066611557214,0.9739968132756374,0.6343245956561687
650,0.09514823233668539,0.9953726576342601,0.9805673678571007,0.9694548623755127,0.97497945194443,0.6287807348186277
651,0.09383380896807146,0.9955141048407793,0.9814429242544617,0.9701061491930423,0.9757416084027218,0.6341212473659956
652,0.09405178748231997,0.995479615068044,0.9812805968265019,0.9698947633911392,0.9755544598238424,0.6348729482720312
653,0.09454129695249118,0.9954171723060982,0.9808777116890421,0.9696240153172382,0.9752183986044233,0.635305804952556
654,0.09480579561895604,0.9953897205618426,0.9806834551958402,0.9695226416860775,0.9750711123911232,0.6355519814379621
655,0.093630517343823,0.9955172565042644,0.9814324128489424,0.9701514830674287,0.9757593438316088,0.6280667270236333
656,0.09326263610943616,0.9955553236553781,0.9816196024312507,0.9703765280985851,0.9759656864301259,0.6285628181252353
657,0.09329737407296039,0.9955575346262762,0.9817680023196047,0.9702485005119627,0.9759742612006129,0.6380753283931815
658,0.09279305270785908,0.9956036491621492,0.981923899120064,0.9705938205942193,0.9762259867420591,0.6296329604540883
659,0.09342401800342172,0.9955383156587496,0.981604976415334,0.9702051601467104,0.9758717771815131,0.6370254486331542
660,0.09386421600691706,0.9954860969206146,0.9811546894402772,0.9700951479759681,0.9755935763717761,0.6268599962320439
661,0.09394365625469375,0.9954962248152562,0.9812761427996776,0.9700814149130431,0.9756466673830015,0.6337804208760283
662,0.09375245369327583,0.995518794570976,0.9814487616012931,0.9701515569011004,0.9757674612564209,0.6285475097255548
663,0.09386639699688275,0.995536228282498,0.9816021841826937,0.9701851512216962,0.9758602755801978,0.6385257700770469
664,0.09496345990102925,0.9954135331303964,0.9807927048528343,0.9696714903681022,0.9752003919754921,0.6224656473061034
665,0.09435735837214713,0.9954687662046314,0.9811339595524556,0.9699264380362724,0.9754980089814062,0.6262123928062235
666,0.0939325980118496,0.9955036473604139,0.9814097402607589,0.9700255966572838,0.9756844624585117,0.6378258499095927
667,0.09302823320567179,0.9955944688264639,0.981866730485593,0.9705518830687282,0.9761765203216387,0.6305703184641914
668,0.09274043496564138,0.9956305653296033,0.9821081863427115,0.97069969807935,0.9763706174775806,0.6307234738933644
669,0.09291348367822257,0.9956020904963298,0.9819118575034419,0.9705890952392344,0.9762176454154526,0.6307367412828944
670,0.09355147566190726,0.9955536276621737,0.9817621160777765,0.9702117313434864,0.975952750253931,0.6339896372557247
671,0.09452188180478142,0.9954301360112393,0.9808431338974876,0.9698017329648738,0.9752911841411059,0.6273878547228184
672,0.09367570867962974,0.9955201129138718,0.9812640456380246,0.9703557070031829,0.9757793909118525,0.6302325986130419
673,0.09286573298757883,0.9956334904029032,0.9822747610432565,0.9705610384440115,0.9763827684496542,0.628380578310788
674,0.09503277945968745,0.995356768855819,0.9804630226079284,0.969387895235336,0.9748940056332815,0.6249053995020492
675,0.09602348136601688,0.9952653568820136,0.9798932202991191,0.9689713256599475,0.974401668548159,0.635640300475253
676,0.09578761470457203,0.9952833399030754,0.9800744070422776,0.9689821053760068,0.9744966924357288,0.6260500233651147
677,0.09485300990799778,0.9953532807402408,0.9804467095993307,0.9693664096368889,0.9748750763323409,0.6309176435244127
678,0.09371526914534808,0.9955163226780466,0.9814734374667354,0.9700991349942365,0.9757531399466732,0.6263417156920053
679,0.09230771030989482,0.9956541444416027,0.9823552843026252,0.9707047187690214,0.9764952520460383,0.6254130788401836
680,0.0921499525806565,0.9956682960286238,0.9823580732001304,0.9708568161325982,0.9765735828227812,0.6238944996210711
681,0.09143568608883045,0.9957360876922144,0.9827533792252036,0.9711941621783178,0.9769395795333936,0.6369461342378059
682,0.09133952573987006,0.9957708315206119,0.9830903824513654,0.9712296023407045,0.977124000822002,0.6295177891288827
683,0.09142864821143716,0.9957478360499986,0.9828499435061006,0.9712239171479884,0.9770023450200095,0.624974228933409
684,0.09201295042021883,0.9956775999589556,0.9824962450376251,0.9708171674509279,0.976621790994014,0.6290177719261322
685,0.09193912466063345,0.9956948414121386,0.982631494937007,0.9708674481813142,0.9767140497851797,0.6294318971936917
686,0.09191606540179295,0.9957227463367645,0.9828924661613492,0.9709058416905666,0.9768623847349861,0.6287041342011341
687,0.09472328708540621,0.9954357801667616,0.9809448633419303,0.9697590571026663,0.9753198891683801,0.6301422092078316
688,0.09590662725055389,0.9952762194781647,0.9798944485800221,0.969089311867227,0.9744619284657516,0.6287984809626904
689,0.0933714142913441,0.995561455323117,0.9816627003445778,0.9703994903704649,0.9759986015416162,0.6334587477218747
690,0.09523459557417056,0.9953275318555589,0.9804280258240703,0.9691031187638235,0.974732678867166,0.6288963101198366
691,0.09310578168939343,0.9956096503688724,0.9820954691631738,0.9704836607561336,0.9762550377816214,0.6230137722405764
692,0.09227905317926578,0.9956664283761882,0.9823768149985087,0.9708171674509279,0.9765627843173079,0.6316350412042542
693,0.09237562997012044,0.9956353580553388,0.9822003918029638,0.9706576867201873,0.9763949266852205,0.6219111108898371
694,0.09114748766819994,0.9957756860436705,0.9830052238396694,0.9713698124831475,0.9771528823328394,0.6374742848922244
695,0.09126463609499683,0.9957840698805229,0.9832053289831512,0.9712569207992111,0.9771946021959625,0.6227207555578564
696,0.09109386354148817,0.9958096127741274,0.9832505838644402,0.9714900875342477,0.9773349577906637,0.6249289747417354
697,0.09116022507894597,0.9957938750558099,0.9832392631305718,0.9713294992984325,0.9772480963630137,0.6390132907040614
698,0.09141435806485389,0.9957697397679013,0.9830714801908091,0.9712369857078685,0.9771184005149738,0.6286631289854809
699,0.09260287377715325,0.9956157683038728,0.9821392386222826,0.9705058108576253,0.9762878700438555,0.6328779487061595
700,0.09303248914213275,0.9955827548005259,0.9818992672804987,0.9703901873278383,0.9761108033076412,0.6244829657988463
701,0.09299921460128088,0.9955924844457511,0.9819849308461895,0.9704089410804347,0.9761626182108893,0.6284794940226973
702,0.09227484887425634,0.9956647529820917,0.9823769262080247,0.9707987090330181,0.9765535004012881,0.6324078736027637
703,0.0914436915299768,0.9957617953786808,0.982916476358687,0.9713086043693585,0.9770780656524224,0.6358677880181447
704,0.09231644007879838,0.9956696143715196,0.9824773454082101,0.9707490928056766,0.9765780076469667,0.6349965834281849
705,0.09286304399799958,0.9956348911422299,0.982295573400153,0.9705550579166087,0.9763900237365081,0.634977811111841
706,0.09131494107515477,0.9957934012763316,0.9833188639000672,0.9712429662352713,0.977243610720945,0.6339395146795785
707,0.09116947991947691,0.9957980566746822,0.9832034801422439,0.9714118238423102,0.9772720840833355,0.633679181899212
708,0.09120642706055007,0.9957919799378973,0.983318461261186,0.9712278303325852,0.9772357500706037,0.6308289091954015
709,0.09094683868850735,0.9958251445013676,0.9834808462448399,0.9714246709011755,0.977415582514461,0.63250522703185
710,0.09216109239127782,0.9956875561943659,0.9824946806018872,0.9709277702910435,0.9766769795479199,0.6348816140009932
711,0.09200815676892404,0.9957187432434926,0.9826914020305066,0.9710677589324714,0.9768450037840204,0.6246332238127402
712,0.0915042362879399,0.9957629283296068,0.9829825080023327,0.971253450616644,0.9770827812090364,0.6193713771427839
713,0.09151969894284395,0.9957708658524581,0.9831384839658862,0.971180798283751,0.9771230590145741,0.6366970968557596
714,0.09091084245458353,0.9958328691667722,0.983429480640125,0.9715616323620662,0.9774595343877943,0.6320074957722238
715,0.09077177106288911,0.9958602247818582,0.9835878951702383,0.9716989629913151,0.9776072843310268,0.6281481655906035
716,0.0910457286099307,0.9958207706241563,0.9834130619138357,0.9714460826659508,0.9773929434123815,0.6245681172381341
717,0.09059820897716413,0.9958788326425216,0.9838154308586373,0.9716700940257041,0.9777050456693007,0.6242780692521127
718,0.0920278993066695,0.9957085398187894,0.9828501141628884,0.9707936883433467,0.9767846996395594,0.6066651342747699
719,0.09764521899331602,0.9950446717743665,0.9785347685635002,0.9679486554740727,0.9732129252875567,0.6221555688077713
720,0.10163631377299484,0.9946172334222775,0.9763370674206815,0.9655201921801873,0.9708985027688541,0.6402121872737502
721,0.09560397133338365,0.995304659979592,0.9801704444769533,0.9691172209951066,0.974612494685853,0.6305188610619374
722,0.09257706238640298,0.9956321995254844,0.9822492864991327,0.970572999498817,0.9763762356551036,0.63370141138173
723,0.09103156587363576,0.9957781510702307,0.98324275169343,0.9711539228272744,0.9771609498186776,0.6304843755030142
724,0.0916843935579276,0.995708004241988,0.9826361463769453,0.9710067723196975,0.9767868464874784,0.6377959515697061
725,0.09066611975967455,0.9958081777029545,0.9832779861331573,0.9714463780006374,0.9773263747291545,0.6296078933066297
726,0.08947611468837416,0.9959422435625317,0.9841434276112041,0.9720285565015125,0.97804847743515,0.6342180334781458
727,0.08912660348356413,0.9959865865751385,0.9844567309917285,0.9721936485912979,0.9782867610585293,0.6304154135312967
728,0.08881012641107865,0.9960251069066226,0.9847190673160662,0.9723471487946358,0.9784940024883955,0.634507051298051
729,0.08890546217775173,0.9960034709771206,0.9847050982108494,0.972125057110345,0.9783746404684219,0.625489209340815
730,0.0903947542307617,0.9958290445991007,0.9833944689682004,0.9715555780009917,0.9774391761903005,0.6307461140693191
731,0.08939264492272474,0.9959723182598401,0.9843839029648281,0.9721119885504649,0.9782094586123256,0.6312418911913811
732,0.08907613885863651,0.9959877813233877,0.9843536559176677,0.9723117824659205,0.9782956646413883,0.6237421615688465
733,0.08922117358917812,0.9959981632736915,0.9845020806713293,0.9722739057923697,0.9783497854191247,0.6350126096956588
734,0.08983162910469787,0.9959253660269188,0.9840699376177465,0.9719190611664716,0.9779567579225441,0.6214006775958576
735,0.09186597008981721,0.9957168137937338,0.9827400936414222,0.9709968047740262,0.9768331566272506,0.6314698250230195
736,0.09087209204520039,0.9958319559396621,0.9832866456415776,0.9716976339852256,0.9774577903834418,0.6324805366166636
737,0.0939454605280281,0.9955156772393372,0.9815276221665844,0.9700364502070149,0.975748205108724,0.6314748205783525
738,0.09319108892098177,0.9955832629118503,0.9819511440662769,0.9703425646096311,0.9761123413145286,0.6346310575536019
739,0.09122077855382034,0.9957825180810728,0.9831006194949958,0.9713469978786109,0.9771884668286044,0.6262687081854882
740,0.09017599884608238,0.9958956209153342,0.9838175206437624,0.9718515033569217,0.9777979041776604,0.6258542356289596
741,0.08947208604152254,0.9959791983618271,0.984463015027936,0.9721065248587636,0.978245751946241,0.6311304518989348
742,0.08891161547290335,0.9960218728467066,0.9845804018380023,0.9724531001134381,0.9784791758787758,0.6311052365488328
743,0.08914986914760775,0.9960145738961954,0.9846672973103726,0.9722848331757723,0.9784368906982136,0.6321898409200992
744,0.08959939648403967,0.9959690773335548,0.9843262088714931,0.9721353938243745,0.9781928205433762,0.6304893502191518
745,0.0894411521957075,0.9959973736412279,0.984536361506149,0.9722303439261025,0.9783446567212839,0.6264521862423006
746,0.08907372097772874,0.9960295906457419,0.9846808923587109,0.9724350108638864,0.9785196397225295,0.6321118801184469
747,0.0901420787914837,0.9959136863328271,0.9839911245615842,0.9718718076166225,0.9778939179969554,0.6171099650246613
748,0.09024780121692222,0.9958963212849976,0.9837326792049575,0.971945788955605,0.9778037142379319,0.6269464824255696
749,0.09022405409260834,0.9958990884318047,0.9838844589439862,0.9718210838842064,0.9778155661665153,0.6275244230944205
750,0.09181512923066994,0.9957153306579761,0.9827293537842023,0.9709915625833397,0.9768251983518471,0.6203453386884525
751,0.09110479186818325,0.9957960585612309,0.9831589918529884,0.9714354506172347,0.9772620626835163,0.6308974560913253
752,0.08952724535634621,0.9959912763053352,0.9844447760430817,0.9722570717152359,0.9783129671161105,0.6295302335113171
753,0.08915537304961853,0.996018597588575,0.9846925403847671,0.9723030700926671,0.9784585872217484,0.6230002173330993
754,0.08985599778967795,0.9959412616717291,0.9842466444797195,0.9719125638033673,0.9780407193857714,0.6266887306985283
755,0.0910943468242026,0.9957865898380371,0.9832000835881436,0.9712898506167622,0.9772086779287534,0.6263743637450436
756,0.08955941505381744,0.9959413509345293,0.9840532446928295,0.9721108072117186,0.9780455714910924,0.6351638180507521
757,0.08887578951020678,0.9960336212044908,0.9847958763925778,0.9723619155289637,0.9785393990475949,0.6288551909693388
758,0.08923236031433661,0.995992622113708,0.9844251583050397,0.9722917735409063,0.9783208470360921,0.6290693715349159
759,0.08955385212337585,0.9959484644930708,0.984147686130868,0.9720922011264655,0.9780827971826613,0.6232542593226821
760,0.0891235211542506,0.9960442572104568,0.9848097443982675,0.9724639536631691,0.9785979125884042,0.6344912627239777
761,0.0887794826353947,0.9960383040683183,0.9847734527327205,0.9724358968679461,0.9785657890049156,0.6249621533911119
762,0.08986497953828933,0.9959050759057895,0.9838829775624726,0.9718880510243831,0.9778487312905735,0.6344296315521484
763,0.08923013188722108,0.9959986713850159,0.9844937629882453,0.9722879341899812,0.978352780403769,0.6304868491458545
764,0.08870409949675953,0.9960493314573314,0.9847508547231861,0.9725793556919411,0.9786272614681988,0.635345954098592
765,0.08844399666614669,0.9960757257807227,0.9849770570775527,0.9726372412905062,0.9787682571883526,0.633233629891833
766,0.08955717663005959,0.9959577752897718,0.9843160236375924,0.9720222806394232,0.9781305248426626,0.6272450405736795
767,0.08896748016072477,0.9960377547587784,0.9847729266898481,0.9724304331762448,0.9785627628871081,0.6252188364656471
768,0.08994033790642408,0.9959443446715217,0.9842121282058356,0.9719814506190068,0.978058554578238,0.6328482373969766
769,0.08919394973719078,0.9960219003121836,0.9845939548001228,0.9724395885515281,0.9784790286796957,0.630944897875522
770,0.09173015137236538,0.9957820305688562,0.9831219747105003,0.9713198270874477,0.9771852665075104,0.6253414302702968
771,0.09061086073303394,0.9958779743463656,0.9837361554463299,0.9717416388535226,0.9777021111458318,0.6349370069406883
772,0.08953078475063868,0.9959814917291561,0.9843783652413188,0.9722178660355955,0.9782603260990089,0.625412987186629
773,0.0900431350744564,0.9958991708282358,0.9839285329821552,0.9717770051822378,0.9778150180954066,0.6226093661116188
774,0.08942299972040404,0.995987067220986,0.9844857177998604,0.9721693573133285,0.9782887742769639,0.6259962869099347
775,0.08861780413191953,0.9960492353281619,0.9848255748617311,0.9725021995050781,0.9786250930728397,0.6361385722964858
776,0.08790273258207942,0.9961523063969513,0.985561564682787,0.9728786035630949,0.9791790163626458,0.6284641942515272
777,0.0875263226774635,0.9961955919886939,0.9858836715246461,0.9730236128941943,0.9794114296174067,0.6360836787311119
778,0.08768522719309914,0.996165421162216,0.9855939867483735,0.9729887634011806,0.979250812158653,0.6193618694211804
779,0.08769289753232286,0.9961681539771768,0.9856705471253803,0.9729407715146151,0.9792642914422677,0.6377128667092615
780,0.08763120716719104,0.996174539700578,0.9856167711029059,0.9730651074176555,0.9793007223514005,0.6350644531634898
781,0.08828774295586476,0.9961257129488518,0.985431499361782,0.9727205995057869,0.9790347944732422,0.6326616868375491
782,0.08999020889026227,0.9959312230398878,0.9840498221055545,0.9720036007204985,0.9779896184972696,0.6273280075747644
783,0.08862558088312261,0.9960746134289044,0.9849585995683316,0.9726438863209538,0.9787625087880766,0.6365221130753526
784,0.08958647538164108,0.9959762870212657,0.9843261357429275,0.9722142481856851,0.9782327028786212,0.6408579406568868
785,0.09012383816214345,0.9959110977116205,0.9838883015517286,0.971948446967784,0.9778819294676249,0.6267393502539776
786,0.08888713085501314,0.9960497571722248,0.9847019356528537,0.9726338449416109,0.9786306869683863,0.6279701515268012
787,0.0892807396142174,0.9960072062819918,0.9845907651210403,0.9722823228309365,0.9783978348352318,0.6324087111651493
788,0.08888305789328736,0.996038764115058,0.9847477953353445,0.9724670546773778,0.9785688966375653,0.6299845463939078
789,0.08827718735250423,0.9960931457595061,0.9849786736008364,0.9728258124878728,0.978864524254179,0.633668395670372
790,0.08803317549122537,0.9961498688358681,0.9854912407853487,0.9729234944354515,0.9791670420742726,0.6349584327394519
791,0.08783204293401121,0.9961570029935173,0.9855148061713233,0.9729773930157481,0.979205970067184,0.6321658086384943
792,0.08814653029946758,0.9961266330423311,0.9853856096974143,0.9727773037656059,0.9790408652727052,0.6332740427739842
793,0.09049734288973989,0.9958751866004507,0.9837697250503814,0.971676886723495,0.9776859137285637,0.6138856243343617
794,0.09060982432511212,0.9958896128422419,0.9839565303343473,0.9716439569059439,0.9777614832840189,0.6084724825134118
795,0.08907067473548994,0.9960509381877355,0.984896988004648,0.9724480794237665,0.978632945568143,0.6291771203616483
796,0.08792057293031713,0.9961673986765595,0.9856492144215885,0.9729542092428534,0.9792605694665585,0.6348354089048258
797,0.0873947155413975,0.9962063927875218,0.9858903480744343,0.9731346587363396,0.9794709757041263,0.6395591348767109
798,0.0875725942067534,0.9961934840133346,0.9857031205422041,0.9731840534626663,0.9794035829014789,0.6344387573702595
799,0.08730030273549634,0.9962127373127074,0.9859286865649604,0.9731649305417117,0.9795052297675142,0.6305108748336711
800,0.0874130997954191,0.9962090294733132,0.9858527401822164,0.9732016258765165,0.9794863340626535,0.6310965477715702
801,0.08834889888924231,0.9961191898980657,0.985386820920173,0.9726948315543849,0.978999692458752,0.6304748066885978
802,0.08885989951894438,0.9960532109559568,0.9849695283201746,0.9723990538657982,0.9786439264857667,0.642020805448615
803,0.10518726664963815,0.9942198423020201,0.9741590457562218,0.9634019041408581,0.9687506136696628,0.6315302339002655
804,0.09200588061655168,0.9957145204264048,0.9827245842162228,0.9709875755650712,0.9768208246020449,0.6262074007046347
805,0.0884871398025065,0.9960571865837516,0.9848737967724914,0.9725399285112858,0.9786680041460275,0.6316556548421548
806,0.08705979094525679,0.9962022455004957,0.9858220420540675,0.9731588023469657,0.9794494933572515,0.6311743597583741
807,0.08589531038385287,0.9963009152265968,0.9864154670564005,0.9736324453505313,0.9799822721091899,0.6321162793763577
808,0.0854894027797331,0.9963526533188843,0.9868173491909027,0.9737888989007347,0.9802598362828809,0.6308791740393745
809,0.08522658399138734,0.9963719272173649,0.9868875708443534,0.9739277800370881,0.9803648472933145,0.6311386897159695
810,0.08535872194782007,0.9963768023395313,0.98700412694847,0.9738628064060456,0.9803894314847974,0.6310633406271077
811,0.08646623193949675,0.9962493556599097,0.9861216372813228,0.9733684161407494,0.9797035249312296,0.6224179651094204
812,0.08657598900173208,0.996267434810141,0.9863439107252588,0.9733399901771683,0.9797988052405132,0.6350232002413103
813,0.08661122589284996,0.9962564005547587,0.9861736839506837,0.9733924120840322,0.9797413650879432,0.6327308047430498
814,0.08659273504594461,0.9962800963950353,0.9863888763571415,0.9734324299340607,0.9798678253879439,0.6344710338281756
815,0.08708219489471304,0.9962255156258789,0.9859573954381469,0.973275164213469,0.9795752333997357,0.6290270117129242
816,0.08731055109620951,0.9962219039156541,0.9860502776837211,0.9731414514341304,0.9795533373798179,0.6349451578718555
817,0.08819499237985491,0.9961162442256581,0.9853457645647079,0.9727044299316979,0.9789842904952012,0.6358282689968285
818,0.08976351696890679,0.9959409458187437,0.9841410320622557,0.9720168169477219,0.9780413517211212,0.6168776771420879
819,0.0880806260078931,0.9961131955577118,0.9852207948714076,0.9727982725283514,0.9789701267645914,0.6341725372069242
820,0.08722656187366881,0.9962135956088635,0.9858835325805827,0.9732201581280979,0.9795109182065623,0.6362431238606028
821,0.08715869243116044,0.9962324506588199,0.986030429720845,0.9732766408869019,0.9796120259529246,0.6376215587242944
822,0.08685436953368375,0.9962538187999213,0.9861548206567173,0.9733834043760922,0.979727493253323,0.6241418262594935
823,0.08689071162329089,0.9962693436607921,0.9862536066105129,0.9734524388590748,0.9798112129194444,0.6382934997183686
824,0.08694238441480363,0.9962639947591475,0.9862425476882124,0.9734053329765691,0.9797818934720393,0.6330264656961025
825,0.08699194461160856,0.9962609872894167,0.9861783023087775,0.9734377459584187,0.9797666074039637,0.6247395216552789
826,0.08683123460320903,0.9962630060019757,0.9861918436132788,0.9734460153296423,0.9797774789203052,0.630081741781192
827,0.09410650112914096,0.9954934851339261,0.9817046528037394,0.9696116850940745,0.9756206968422099,0.5888401687312106
828,0.09508870483087979,0.995395811031366,0.9809726566142766,0.9692922067968915,0.975097453659654,0.6331443459466168
829,0.0888595237872369,0.9960392996918593,0.9847943516023737,0.972425486320245,0.9785708357614042,0.6302935494078437
830,0.0871817964336855,0.9962073815446936,0.9858601902705514,0.9731760794261293,0.9794770721405175,0.634967173766046
831,0.08631338588491404,0.996304458273129,0.9865285895162309,0.9735563228350712,0.9799995295397215,0.638212795239233
832,0.0858202959484548,0.9963327751799098,0.9866560651151524,0.9737357386571546,0.9801533249799809,0.6305799569903465
833,0.08526716611797003,0.9964218457218015,0.987344531926934,0.974008849408548,0.9806313545162031,0.6316373745266133
834,0.08512963878540256,0.996429652783637,0.9873281757688863,0.9741104445407236,0.9806747743694353,0.6283324426166582
835,0.08530037008601127,0.9964144437757516,0.9871528057058737,0.9741223317618575,0.9805942822902753,0.6276921467485136
836,0.08579060636299977,0.9963773241835941,0.9870111249938546,0.9738614035662845,0.980392172894448,0.627716210974958
837,0.08569015018481145,0.9963827692144083,0.9869455816891147,0.973987142309086,0.9804235453463129,0.6315441308628843
838,0.08557728682678166,0.9963816362634823,0.9869790858042518,0.9739408485969683,0.9804166213131795,0.6370209352151648
839,0.08604581710353172,0.9963537382052255,0.9868912383460463,0.9737258449451549,0.9802643393419286,0.626519634265094
840,0.08649721434138877,0.996305865878825,0.9865678203821117,0.9735318838897586,0.9800065034124334,0.6344288015527566
841,0.08646614646552492,0.9963167834059301,0.9865353483667876,0.9736838335859922,0.9800674626690858,0.6316906887631052
842,0.08671270463642457,0.9963004071152723,0.9865068823526463,0.9735341727335795,0.9799775970150957,0.6197413835473675
843,0.08761057245591991,0.9961825733525987,0.985597331262727,0.9731725354098906,0.979345527085832,0.6285629822662959
844,0.08696813055937239,0.9962587007884569,0.986207853558825,0.9733828137067191,0.9797533652640826,0.6323969276454035
845,0.08700424919856324,0.9962544093076766,0.9860314444309669,0.9735151236462966,0.9797333109426776,0.6195263997308816
846,0.08730316653231279,0.9962074570747553,0.9858877494660763,0.9731489086349661,0.9794769112278763,0.6275548678312765
847,0.08677533176466287,0.9962660272044451,0.9861709884026371,0.9735001354109538,0.9797945982691764,0.6078179831224758
848,0.09015999647969608,0.9958941515123151,0.9840807399074181,0.9715668745527525,0.9777837701536313,0.6056405212840055
849,0.08976519324233849,0.9959420032396079,0.9842317099813574,0.9719358952436054,0.9780451589247776,0.6388458360391311
850,0.08833730484781077,0.9960815621945839,0.9849827981244105,0.9726951268890714,0.9788003997629774,0.629928561586264
851,0.08618716540471684,0.9963396003509429,0.9867219410362665,0.9737433435253333,0.9801896820726602,0.6308000961906852
852,0.08541975525482524,0.9964074332127489,0.9871848520659049,0.9740135009298613,0.9805549472921824,0.6371293523178291
853,0.08538073604162648,0.9964215230024468,0.9872212323586711,0.9741301581310512,0.9806320069426875,0.6232014051088774
854,0.08563035295726798,0.9963861749335555,0.9870217065360843,0.9739471244590576,0.9804408287016497,0.629725964976973
855,0.08542552785344905,0.9963969276677986,0.9870574075578814,0.9740281199968458,0.9804994810311594,0.6324518044372991
856,0.0861023346752786,0.9963306054072273,0.9865895666990497,0.9737795220244366,0.9801426907012489,0.6364290064637812
857,0.08621373861733315,0.9963384056026936,0.9867234433140208,0.9737287982920204,0.9801830540055583,0.6293713397755568
858,0.0861335157503863,0.9963360916362569,0.9867354906639116,0.9736913646204993,0.9801700316787759,0.6322642995859441
859,0.09165074380128074,0.9956456919410578,0.982777125339501,0.970180499700383,0.9764381882443669,0.6247417186941773
860,0.08765700696666034,0.9961645903315369,0.9855295820453868,0.9730451723263129,0.9792475879243765,0.6366697622677914
861,0.08658400682477857,0.9963035587787574,0.9865023228310169,0.9735731569122049,0.9799950978067814,0.6240172371289966
862,0.08578839496769708,0.9963711719167475,0.986854170611423,0.973953400321147,0.9803613463517717,0.63091506543053
863,0.08536226160341887,0.9964041785537251,0.9870934144989214,0.97407064819171,0.9805387936464617,0.6258815746207685
864,0.08525992962096235,0.9964173207844668,0.9871791610281333,0.9741269832831707,0.9806096420811631,0.6278346326769392
865,0.08502860038990168,0.996454048993577,0.987396962242292,0.9743065467725973,0.9808080784431511,0.630368014543289
866,0.08477948047890724,0.996480820967277,0.9876394184893446,0.9743527666510434,0.9809511038290539,0.6332570277580674
867,0.08484531957120132,0.9964705832107275,0.9875596514909327,0.9743219780099699,0.9808961545638851,0.6324373008850636
868,0.08578362743363535,0.9963731356983526,0.9870249647016087,0.9738017459596,0.9803687686486329,0.6292004090450052
869,0.08750861685508661,0.9961938959954895,0.9858142840184574,0.9730755917990282,0.9794035179490339,0.6375853896970533
870,0.09025627823559929,0.9958961908239818,0.9839378521890954,0.9717349199894034,0.9777983143943347,0.6321947157654945
871,0.08729501806949969,0.9962389393777598,0.9860383243176816,0.9733393995077952,0.9796477104059701,0.6330158304671137
872,0.08937131957881314,0.9959957600444546,0.9845947871393681,0.9721531877392395,0.9783344337007487,0.6330465466430536
873,0.08668696932601842,0.9962781669452765,0.9862687490659408,0.9735332867295198,0.9798596382078534,0.6314667401036205
874,0.08544014402993506,0.9963793703616303,0.9870123621414143,0.9738824461627017,0.980403445982329,0.6289649492150889
875,0.08509260895762512,0.9964166272811726,0.9871407920689705,0.9741582887599458,0.9806065726198427,0.6316037068882226
876,0.08443449471789084,0.9964990649103702,0.9877407787349167,0.9744488980915177,0.9810498187871523,0.6360576829449982
877,0.08418322769965199,0.9965173088534636,0.987792490371177,0.9745952364287066,0.9811494869728873,0.6321071058221924
878,0.08485774490848291,0.9964819127199875,0.9876748950541732,0.9743287707077607,0.9809564407550045,0.6262710790001171
879,0.08470670663141946,0.9964748540924,0.9875853340369026,0.9743425037706857,0.9809192249680437,0.6328245815539606
880,0.08508511104038079,0.9964588966502664,0.9874793298412174,0.9742759796325386,0.9808332229833634,0.6329331915352975
881,0.08633315171242403,0.9963074039455366,0.9865085661156419,0.973608744741935,0.9800162076144276,0.6333474979104667
882,0.08700923257835692,0.9962565516148821,0.9861671606841752,0.9734006814552557,0.9797423346065175,0.6310992114412777
883,0.08619812854545579,0.996337918090477,0.9866437068559109,0.9738043301381074,0.980181974639842,0.629590329599603
884,0.08536744578037973,0.9964262470644898,0.9871567174630459,0.9742469629995845,0.9806593549025766,0.6247087123392441
885,0.08676302118106283,0.9962846968624318,0.9864973640279858,0.9733725508263612,0.9798910104487869,0.6252734433771766
886,0.08811106931471782,0.9961154065286097,0.9852759431390711,0.9727663025485316,0.9789811617275259,0.6255940096524059
887,0.08637615195442018,0.9962938634653785,0.986341367089971,0.9736307471760836,0.9799448422970051,0.6319367716047202
888,0.08516818756679836,0.9964346171686037,0.9872641036152492,0.9742293905857343,0.9807034373102059,0.6288018458840073
889,0.08462627296396297,0.9964825993569123,0.9876113400013545,0.974400537036594,0.9809614624082493,0.632167425984386
890,0.08494609162184617,0.9964704664824502,0.9875553301820287,0.9743250790241788,0.9808955944564102,0.625291528550278
891,0.08469196248853164,0.9964972178570424,0.9877042500229375,0.9744657321686515,0.981040331775611,0.6347371371402171
892,0.08520822394505251,0.9964367045448553,0.9873608047776226,0.9741542279080057,0.9807130574246546,0.6283387820803064
893,0.08490876071557081,0.9964736181459353,0.987630856553248,0.9742829938313444,0.9809115191620549,0.6321481893813077
894,0.08487645538671197,0.9964635451822477,0.9874686561133207,0.9743374092473425,0.9808590860213575,0.6277648061183053
895,0.08481512991912502,0.9964952060108526,0.9877521638098412,0.9743953686795793,0.9810283048374516,0.6310218633675735
896,0.08459666780725443,0.9965042284200452,0.987771620259006,0.9744739277062034,0.9810777162610029,0.6340938114195437
897,0.08479385055842803,0.9964917110289051,0.9877463671497194,0.9743631771987445,0.9810091300300969,0.6273829098184043
898,0.08901615032135583,0.996063798897338,0.9852622160527027,0.9722169061978642,0.9786960919236776,0.6169167803547067
899,0.09065272048008528,0.9958744999635258,0.983972130542768,0.9714628429094129,0.9776774745857691,0.627823970504637
900,0.08751986774770047,0.9962007829638457,0.9857458103428858,0.9732203057954412,0.9794430144301042,0.6298803811685397
901,0.08540412227509261,0.996424125356392,0.9873483479363734,0.9740298181712935,0.9806438640241306,0.6319492279502875
902,0.08429303970321905,0.9965036585113975,0.9877623450507237,0.9744771025540839,0.9810747502726926,0.6312542060838998
903,0.08391575466359047,0.9965617617279784,0.9881381766641927,0.9747296875447616,0.9813881349360217,0.6358574327584566
904,0.08352187870860957,0.9965877166037378,0.9883569884719753,0.9747911171595655,0.9815271809409646,0.6341478470089628
905,0.08347898552180838,0.9966038457051025,0.9884380752768159,0.974884738255204,0.9816146256296744,0.6356290239585739
906,0.08388769515394735,0.9965461613370458,0.9880217336505144,0.9746775609725844,0.9813042845438177,0.6306051877430454
907,0.0842803806307719,0.9965189911139294,0.9879538896917284,0.9744503747649506,0.9811556726586472,0.629541965748197
908,0.08423748340377275,0.9965271483605966,0.9879527694550999,0.9745403041770071,0.981200703730767,0.6270335078524985
909,0.0852519057677697,0.9964482125797158,0.9874601410155059,0.9741790360216764,0.9807746292437353,0.6226964747144467
910,0.08581435503505117,0.9963796106845539,0.9870960098419896,0.9738003431198389,0.9804031014943348,0.6284786970129584
911,0.08508297608053084,0.9964642043536955,0.9875314206582915,0.9742810741558818,0.9808615000923208,0.6347964181753725
912,0.08484401409815756,0.9964668753713333,0.9874896109055429,0.9743524713163569,0.9808770558080171,0.6243099758359509
913,0.08530254763879365,0.9964488648847944,0.9874899278306519,0.974155999916125,0.9807776464103553,0.6283411972167499
914,0.08494565408784065,0.9964737692060588,0.9875837276477125,0.9743323147239994,0.9809132690301362,0.634021839550487
915,0.08512223010092117,0.996458855452051,0.9875919280352934,0.9741616112751695,0.980830797160557,0.627778230737872
916,0.08548798673390913,0.9964087584220138,0.9871436989204669,0.974069614520307,0.9805630786756809,0.6303558543499456
917,0.0847983649804545,0.996471400308668,0.9875508595897408,0.974339771924835,0.9809008349808148,0.6337416435352513
918,0.08448902464625861,0.9965274161489973,0.987992837202353,0.9745027228381428,0.9812014147725334,0.6301304786433702
919,0.08390235505569324,0.9965633890574903,0.9881540981464118,0.9747313118855377,0.9813968105409115,0.6285521017387989
920,0.08388173703452666,0.9965610270264688,0.9881559855010358,0.9747036980923447,0.9813837447582624,0.6273609323435085
921,0.08464681432187128,0.996491127387519,0.9876551118289881,0.9744491195925327,0.98100767407811,0.6217825133445188
922,0.08444837987985757,0.9965097833127672,0.9877848450354697,0.9745210335887092,0.9811081122807862,0.6274389937270854
923,0.08460464883970914,0.9964760351079107,0.987523689209543,0.9744177402820859,0.9809269402745925,0.6266730389097768
924,0.0847727849932133,0.9964690108121695,0.9875511191622227,0.9743134871377314,0.980887642855619,0.6267069906126239
925,0.08474243162266856,0.996478307876132,0.9875004339633483,0.974466027503338,0.9809399334203918,0.6324613520575741
926,0.08563721478789402,0.9963952179418558,0.9871645509995188,0.9739009784142831,0.9804879109386089,0.6302131904132947
927,0.08453411147293212,0.9964995524225869,0.9877000372524318,0.9744954133046504,0.9810532949203031,0.6303986198344774
928,0.08587884088214352,0.99635543419843,0.9869180063003287,0.9737172064055731,0.9802731663886137,0.6266219686693699
929,0.09107469889275033,0.9957523678537026,0.9832815553379942,0.9708322295199423,0.9770172361626533,0.6368062361292867
930,0.08643639464896145,0.9962964314874775,0.9863419674268582,0.9736581394682617,0.9799590127631443,0.6339088383282125
931,0.0854594766249438,0.9963963920909973,0.9871502051854182,0.9739282968727896,0.980494678907375,0.6328464884833644
932,0.08474040681348859,0.9964601463294697,0.9874622096170926,0.9743069159409555,0.9808404541860579,0.6330071526648606
933,0.0839149187580287,0.9965288580865396,0.9878822966280874,0.974630159755392,0.9812114847479155,0.6284433034395254
934,0.08319212288575635,0.9966123050720167,0.9884379715508963,0.9749768826774098,0.9816612827872754,0.6325480544262335
935,0.082900300193176,0.996628949151075,0.9885033166791428,0.9750919893714953,0.9817518534403438,0.6315393799379103
936,0.08250235070025536,0.9966898057817246,0.9889463761677446,0.9753068453559655,0.9820792551564965,0.6268294093827732
937,0.08243304950004215,0.9966987114626399,0.9889755614126907,0.975374255498172,0.9821278202227277,0.6266564967284843
938,0.0830584518316624,0.996654450846464,0.9888564392019409,0.975013061176513,0.981885958985148,0.6268040380376498
939,0.08283625329382342,0.996664894594091,0.9888711783353408,0.9751117767954947,0.9819432793032484,0.631179121610236
940,0.08314609199279932,0.9966259210822365,0.9885352629966773,0.9750267942394378,0.9817345623687499,0.6308889815322657
941,0.08361249837836773,0.9966041409589802,0.9884242915309495,0.9749018676670244,0.9816165117003474,0.6283557168927114
942,0.08366012357496957,0.9965998975427847,0.9884160045419096,0.974864064827145,0.9815932621753733,0.6307754749789587
943,0.0836162152197614,0.996600542981494,0.988397001124496,0.974890275780577,0.9815971776946886,0.624760266504667
944,0.08422910093108742,0.9965380040903785,0.9879484980339505,0.9746627942382565,0.9812606780046039,0.6307149842781624
945,0.08427379415002015,0.9965350446852325,0.9879803944536527,0.9745983374429155,0.9812437424410769,0.6314098220132208
946,0.08481670641038808,0.9964983508079684,0.987755504058135,0.9744262311543245,0.9810455941453275,0.6287936421657012
947,0.08456033367744024,0.9965075174109151,0.9876740282000732,0.9746084526559301,0.9810977428006301,0.6311233981359687
948,0.08491583770851223,0.9964704870815579,0.9875192137150287,0.974361848192655,0.9808964109837656,0.6335332249781603
949,0.08497162935786325,0.9964712835803908,0.987492327539589,0.9743977313570718,0.9809013296374247,0.6356573966599692
950,0.08379028924479545,0.9965998151463537,0.9883582316116991,0.9749215074236803,0.9815938889186658,0.6363375852666452
951,0.08344838180639547,0.9966194735615121,0.9885198284786497,0.9749722311560964,0.981699292324264,0.6289606535604271
952,0.08366365906306737,0.9966066815156022,0.9884920406163272,0.9748611114802794,0.981629258470996,0.6331656861216305
953,0.08381011217778964,0.9965841735572055,0.9882163334075772,0.9748946319672037,0.9815102820511562,0.6340876953572726
954,0.08337019469669397,0.9966381775513451,0.988621933590067,0.9750726449495258,0.9818005449276082,0.632889001537107
955,0.08337036187914636,0.9966362206361092,0.9885480321872758,0.9751259528604493,0.9817911213113224,0.627124588182905
956,0.08456282310268219,0.9964962565653476,0.9878669591494781,0.9742907463668665,0.9810318856991534,0.6193778268077564
957,0.09404858018157722,0.9953935039312986,0.9811088645630506,0.9691270408734346,0.9750811458636132,0.6335608533727585
958,0.0894066177831172,0.9960269539599504,0.9847114737707711,0.9723750579225154,0.9785043847973087,0.632490800326197
959,0.08591866710980375,0.9963583455389913,0.9868406767857161,0.9738272924099871,0.9802907982512669,0.6231881760738457
960,0.0847476786672533,0.9964620208482745,0.98740053675548,0.9743897573205347,0.9808520026759376,0.6335532428602283
961,0.0832061751363732,0.9966129711098338,0.9884194101936555,0.9750028721298267,0.9816653019413047,0.6299396495565291
962,0.08226895064999945,0.9967118330942738,0.9890968535663395,0.9753946335915444,0.9821979574639434,0.6297624978303494
963,0.0819324554419882,0.99675115679096,0.9893548094108193,0.9755621621924938,0.9824100773650564,0.6272722988116891
964,0.08171092446813051,0.9967696822551925,0.9894947438149413,0.9756225581358947,0.9825096876042944,0.6287663720041042
965,0.0817560258073558,0.9967788763236163,0.9895626584966801,0.9756540851136847,0.9825591537191419,0.6309597959313932
966,0.08202762296088308,0.99676184772788,0.9895121025838128,0.9755199293323162,0.9824661997440995,0.6307135409039849
967,0.08288947973239551,0.996677769036432,0.9889370908229712,0.9751853151324472,0.9820130615446526,0.6260147433710453
968,0.08339248228442969,0.9966261064742061,0.9886137048665773,0.9749496380525748,0.9817341286281795,0.6260746755630883
969,0.08311309066446994,0.9966456481610875,0.9886436357971751,0.9751320072215237,0.9818413385754625,0.6301213302273706
970,0.08316231998715469,0.9966414253439996,0.9886128998259159,0.9751170928198526,0.981818621106478,0.6282571015127915
971,0.08349232162556632,0.9966024175002989,0.9883364116145344,0.9749718619877383,0.9816086495006628,0.6304602011190917
972,0.08343000981367106,0.996619885543667,0.9884564023427013,0.9750407488033777,0.981702744144208,0.6355351562771525
973,0.08310927802415417,0.9966636586476263,0.9887961460670994,0.9751740185806864,0.981937840680258,0.6330807599179399
974,0.08315625240718075,0.9966512648511328,0.9887153722013675,0.9751207106697629,0.9818709868917133,0.6295010063681898
975,0.08395109484441203,0.9965718758898815,0.9881861047400712,0.9747913386605804,0.9814430207782577,0.6297858288459874
976,0.08320592804778394,0.9966611867546968,0.988793209294247,0.9751500964710753,0.9819242649242208,0.6300072095257917
977,0.08378845412391338,0.9965919531535641,0.9883563563983185,0.9748378538737131,0.9815505611136386,0.6288875901397036
978,0.08304437909864908,0.9966736286157751,0.9888423735119883,0.9752358173638485,0.9819919643279981,0.6338052903402779
979,0.08271034249513269,0.9966904924186495,0.9889610282656253,0.9752995358224731,0.9820827739946625,0.6341732881208885
980,0.08287613286147658,0.996685699692914,0.9890153715608826,0.9751926246659396,0.982055360613694,0.6265196958333121
981,0.08345931202923651,0.9966329041797622,0.9885789964473395,0.9750586165519144,0.9817722600617032,0.6289111534076779
982,0.08369102635213153,0.9965963476298831,0.9883830893125335,0.9748586749691154,0.9815742985293049,0.6221453994865594
983,0.08334178301981456,0.9966371407295885,0.9886558984820978,0.9750270895741244,0.981794199115088,0.6313069941317401
984,0.08364695575249066,0.9966150104215006,0.9885232928097664,0.9749201784175908,0.9816746131159142,0.6348200365904247
985,0.08378965308447536,0.9966043606827961,0.9884465501350194,0.9748817849083384,0.9816173075919435,0.6356523040524968
986,0.08363989129555312,0.9966002889258317,0.98840932652688,0.9748750660442193,0.981595545834014,0.6281836646117669
987,0.08294214905246342,0.9966754825354722,0.9889050395795077,0.9751927723332828,0.9820010401444456,0.6328857074860178
988,0.08268622825552019,0.9966937814095195,0.9889948844844335,0.9753011601632492,0.9821002906984849,0.6336250985299232
989,0.0828067709376915,0.9966909730644968,0.9890165158464551,0.975248812090057,0.9820844144614231,0.6243055426788148
990,0.0832912272726782,0.996644336684561,0.9886733235283592,0.9750877808522118,0.9818335589563851,0.6266361443823212
991,0.08292651978462078,0.9967098555799303,0.989191482351003,0.9752777548893395,0.9821853453080197,0.6283624443938043
992,0.08338601753222856,0.9966408348362442,0.988703111815886,0.9750196323732888,0.9818136979485783,0.6384914098033193
993,0.0829377063221747,0.9966894212650467,0.9889989012902839,0.9752496980941167,0.9820761793604386,0.6349536994617159
994,0.08288103516260498,0.9966949486922917,0.9890604933489492,0.9752477045849824,0.9821055339979761,0.6367751473518436
995,0.08257929624306212,0.9967239179041512,0.98922295727851,0.9753989159444996,0.9822623002501242,0.6296762923429137
996,0.08237358179988621,0.9967360851104595,0.9893266746864381,0.9754266774050359,0.9823275070433741,0.6326257747421216
997,0.08216935942257694,0.996748060058429,0.9893323918836656,0.975551087141748,0.9823934098375843,0.634819982836842
998,0.08201130576726558,0.9967751478851143,0.9895527018808596,0.9756235918072976,0.9825387822888312,0.634192548165346
999,0.08232887646705984,0.9967300564382594,0.9892196493359234,0.9754689840988852,0.982296196931082,0.6289063945037345
1000,0.0843875541907849,0.9965373861171462,0.9881084927936294,0.9744943796332475,0.9812542172676834,0.6340597907019683
