Epoch,Loss,Accuracy,Precision,Recall,F1-score,Validation-F1-score
1,0.730650785801222,0.7368814925641066,0.2470727955985974,0.8934780207496245,0.3871008800805817,0.3787591830507808
2,0.6795907219965681,0.8347162818973064,0.344170618748655,0.8583718080596245,0.491336271736186,0.5088448786862122
3,0.6425611837733564,0.8611901453099512,0.3874071223728584,0.8474883556916458,0.5317422096930801,0.4958994013619328
4,0.6098055637997689,0.8758703191686178,0.4166975853173786,0.8372709568755244,0.556455404178283,0.4586795510403856
5,0.5798792746856058,0.8874410920449431,0.4436086692307235,0.8273292529893038,0.5775426517971128,0.5856955970328486
6,0.5546551861351342,0.8953849594214057,0.46469216204162,0.822042762099936,0.5937459553539874,0.6214365180443495
7,0.5363931308547369,0.9040641256815832,0.4904570064716337,0.8118503190648286,0.6114957189963657,0.6376107789622253
8,0.5219091575780361,0.9068445039822745,0.4994778166907848,0.8109667515163221,0.6182022685787862,0.6233163810839737
9,0.5111934548016075,0.9107607582822695,0.5128145677705639,0.8086774646934766,0.6276263107683401,0.6180190402599031
10,0.5042438561753403,0.9137909419625908,0.5238162387823792,0.8027726906378019,0.6339648433383147,0.6245888992303286
11,0.4981670282084307,0.9145849277042728,0.5267936875215541,0.8015507433721728,0.6357566035076813,0.5711139014781592
12,0.4885586489447587,0.9180521420545232,0.5399047721870791,0.803803261026542,0.6459397514947702,0.6339126705251384
13,0.4797126184478938,0.9211506804407132,0.5523278267948395,0.8029184383056176,0.6544555149022688,0.6328367097553861
14,0.4739808359806486,0.9226877515288384,0.5587018610809074,0.8026485762357763,0.6588182455368033,0.6202774375369193
15,0.4741768847695357,0.9221248191123684,0.5563915322689463,0.8022154679179406,0.657064027115,0.614353837455669
16,0.4653197786362051,0.9241439848518008,0.564788855575132,0.8034137145749736,0.663292296488499,0.6425776697821071
17,0.4604268997050018,0.9248321804424712,0.5674464622965447,0.8065178297980294,0.6661827995548472,0.6341337909666985
18,0.4571549666228054,0.926082697342748,0.5728069290136412,0.8070912220919796,0.6700602417503889,0.6597028848134697
19,0.4523296866485541,0.927512508876842,0.579229748414274,0.806180262251295,0.6741160911000429,0.6626317284385893
20,0.4479088626748366,0.9278605514013106,0.5805211659383483,0.8085099360925272,0.6758050702924296,0.6561745547731762
21,0.4409992551203254,0.929705517352908,0.5885523799015183,0.8112815044585201,0.6821976029497763,0.6499084270877095
22,0.4474045741472313,0.9278117521150616,0.5800909987745795,0.8103497973561048,0.6761548202745621,0.6482912272449823
23,0.4363872434595506,0.9307237793133544,0.5934018012419908,0.8102789908650028,0.6850859759448577,0.6537777405211436
24,0.432836025631685,0.9313013508290618,0.5958514640535714,0.8121340618649381,0.6873810289410669,0.6535989253246106
25,0.4325696461492305,0.9316815348279828,0.5976147061076104,0.8123381381333489,0.6886261759228016,0.6468686707174075
26,0.4239737394687941,0.9328228009271466,0.60241910352164,0.8165475434208439,0.6933268518330733,0.6669382861726005
27,0.4167674947128021,0.9345516016437978,0.610272008775537,0.819724089475778,0.6996587855558801,0.6383612238754973
28,0.415924576117838,0.934837496660198,0.6116444747020416,0.8198889600645484,0.7006201044468789,0.6574830962038373
29,0.4178319261442843,0.933642295230587,0.6057964364123113,0.8201415450552261,0.6968589543239597,0.6569327116797821
30,0.4098630060823701,0.935688754787782,0.615796111414117,0.8201980278140301,0.7034496065407166,0.6528599800617814
31,0.4028114057916531,0.93750776586362,0.6241265324534896,0.8246781073417545,0.7105215891609206,0.665786939862577
32,0.4040735296422629,0.9371072024807696,0.621932494266321,0.8255812408132454,0.7094313343980014,0.6605031877156287
33,0.3956545766094606,0.9387671266474892,0.6298222036510032,0.8285413803766049,0.7156428804450434,0.6396772241336123
34,0.3980406352298722,0.9376514034419297,0.6249215124814885,0.8243369957787813,0.7109096400129717,0.6353849900020596
35,0.3903595861985529,0.9397226231266348,0.6344421254289518,0.8301812262237119,0.7192319323084136,0.6592243666021732
36,0.3869673495026801,0.9403805929598732,0.6378455949850056,0.8303963775428685,0.7214950688207067,0.6616472105132057
37,0.3851435644377907,0.9404224091485964,0.6378616962156828,0.8313605714608051,0.7218690812758566,0.6623191696402719
38,0.3789687634800835,0.9416406266479286,0.6436330469698129,0.8345252302946052,0.726753048045366,0.6645119932083065
39,0.3806521279348744,0.9410913102416786,0.6404461121513062,0.835768293990323,0.725185382717473,0.6585635726328816
40,0.377220512615691,0.9417375660489792,0.6436648805473545,0.8367166875025288,0.7276031508859555,0.6450515285997813
41,0.3702739176990317,0.9433867100159784,0.6523612384155808,0.8375823873024986,0.7334590034470542,0.6620553777957795
42,0.3679288614996903,0.9436383143843514,0.6534623444621299,0.8387364075902196,0.7345973966749726,0.6536839461789086
43,0.3600449238320906,0.9451738954703496,0.6608678652258153,0.8431097974624253,0.7409474034395432,0.6551332363686649
44,0.3554178859046895,0.9461183576941128,0.6658056964553783,0.8445037771829738,0.7445830610755289,0.6626393294367924
45,0.3593536924115187,0.944970355686716,0.6596550025416799,0.8434341487819363,0.7403094554551805,0.6207382469442595
46,0.3583483082785023,0.9454877778078068,0.663109815453131,0.8412028213913276,0.7416142548952505,0.6613495562167147
47,0.3552667865221449,0.9459311186710752,0.6642919818527028,0.846276597472703,0.74432205968664,0.6598334724666124
48,0.3627364453223112,0.944217595626002,0.6556536628869686,0.8428205909706145,0.7375480842648666,0.6658177863717418
49,0.3439993929091117,0.9476755335113975,0.6732910281324632,0.8496378753740783,0.7512544509907749,0.6558305769888069
50,0.3528849469672004,0.9463482918011376,0.6659552253001277,0.8488931889619251,0.7463781188776919,0.6590055775971554
51,0.3378343719372646,0.9493054379117624,0.6821963567548148,0.8516098250762185,0.7575469794365473,0.6619278044038558
52,0.3348050421948055,0.949346375205222,0.6812080870194444,0.8558413066315337,0.7586041433552961,0.6621450726624459
53,0.3382985755908403,0.9491408716399834,0.6813905237542212,0.85105902588579,0.7568321652485085,0.6507095799807306
54,0.3325105988078837,0.94961657370152,0.6828698790065804,0.8555575638314241,0.7595216697629448,0.6467999309985585
55,0.3419300355285192,0.9484663881887024,0.6781264490552013,0.8486972343973946,0.753884090379639,0.6572154512490409
56,0.3330891664079625,0.9495482601938668,0.6821667585590606,0.8566000952749698,0.759496617592382,0.6626966489379463
57,0.3224684326983184,0.951578645580651,0.6926205925038273,0.8617781245006998,0.7679950693072701,0.6614899964525702
58,0.3139075884501711,0.9535294085496294,0.7039111292951226,0.8635375808958623,0.7755963047532459,0.6631626592238391
59,0.3236176279380167,0.9512548688051068,0.6915129667094513,0.8590905788530323,0.7662465064715167,0.6596602647386305
60,0.3188953688033193,0.9525317182314518,0.6982615131191426,0.8621246997553743,0.7715891006747634,0.6617743702081051
61,0.3135322990606157,0.9535390283329466,0.7036942599199901,0.8643693172068782,0.7757998283257479,0.6632566480246157
62,0.3166102090006252,0.952851402650924,0.7004600035736827,0.8613600782518785,0.7726220075046084,0.6618079093642484
63,0.3112352454512239,0.9538511460135068,0.7053868334158337,0.8650713277568238,0.7771107052092039,0.6555157511163595
64,0.3063614901771648,0.9543516288016616,0.7071263186799225,0.8691081099200263,0.7797941818191213,0.6631811479818905
65,0.3054629360064328,0.954402755787086,0.7070276346019873,0.8703398032303117,0.7802294856847539,0.6529823507905093
66,0.3054241223944177,0.9545504170577752,0.7089114794067308,0.8674836214766203,0.7802220358557247,0.661073699632523
67,0.2968413897877117,0.9561027932829552,0.7168453696881864,0.8726888214935135,0.7871273789979832,0.6598110054407859
68,0.2919707702432605,0.9570647578819328,0.721865405382772,0.875743689657586,0.7913939342340915,0.6655127694663104
69,0.2892920707734369,0.9576215654970328,0.7249565287654707,0.8770561570046447,0.7937859578294382,0.6631007305381461
70,0.2945160981562498,0.956675290551788,0.7201220029837422,0.87369761094912,0.789510767841879,0.6642070777738877
71,0.2896773189627867,0.9574724279569552,0.7240927088419639,0.876797000817191,0.7931618419377586,0.6581310020472617
72,0.2888514402208568,0.9576613629731971,0.72530862764863,0.87679965882937,0.7938918519251417,0.6517981944779785
73,0.29609031632221,0.9563794049681312,0.7181620761873084,0.8739106949254708,0.7884181307005231,0.6654869868369587
74,0.2815978643919924,0.9589567103982978,0.7319294279129347,0.8815236109745188,0.799791573378828,0.6656605820652193
75,0.2747288806189736,0.9601004209249142,0.7375664106397111,0.8863258268116051,0.8051324387937512,0.6514974688354767
76,0.2757782585543694,0.9601221667163242,0.7392781027673265,0.8823888677724588,0.8045187821180066,0.6562799302185676
77,0.2793225522199981,0.9596037695708004,0.7356682162837087,0.8828298762931598,0.8025587220069095,0.6495786762135574
78,0.2727791248358411,0.9607246768851424,0.7418608606548383,0.8859520807657674,0.8075291164133966,0.6499338882016849
79,0.2732338153844257,0.9604922434197112,0.7409459274550835,0.8843765440466581,0.8063325403268694,0.6588103374475791
80,0.2668166317635302,0.9617606403455112,0.7476395469768501,0.888834030470861,0.8121456784108394,0.6570665874593491
81,0.2644178688847761,0.9622127426959408,0.7502744212843719,0.8898627550178102,0.8141285658175909,0.6521098737525242
82,0.2613015028534176,0.9628641482801776,0.754038308268991,0.8914718122238436,0.8170158162958387,0.6608951313665116
83,0.266642812934282,0.9618651670845814,0.7483352883926416,0.8888621610997555,0.8125677472489626,0.6547017988498625
84,0.2736089609080939,0.9601765414944032,0.7387326193627337,0.8846571119988872,0.8051363797116838,0.6592938139386604
85,0.2630006053464875,0.9623418853687667,0.7508045666536692,0.8906877724647068,0.8147859494589582,0.6586792697628956
86,0.2612725631367388,0.9625254028196718,0.7518648188106648,0.8911362381862433,0.8155977543729336,0.6565110212911058
87,0.2576098523015598,0.9633917120286484,0.7571970937591939,0.8925623355539548,0.8193262538426594,0.6520934880239986
88,0.2611253883341233,0.9625819611031716,0.7522089691585275,0.8912345108031952,0.8158413730971632,0.6492590695575355
89,0.256461971472922,0.9636729516466982,0.7582263504275291,0.8946530098000909,0.8208094345449519,0.6534850066481189
90,0.2546966329431362,0.9637854159086195,0.7588191194723216,0.8950746000651508,0.8213341786840125,0.6564668116952014
91,0.2642184159845757,0.9618837680788755,0.7484709019999513,0.8888392726615474,0.8126381212765731,0.6552958903300145
92,0.2548423603498678,0.9635226330911096,0.7571653047179772,0.8947076467171039,0.8202102799389337,0.654197832407849
93,0.2451389461434144,0.9653918029943084,0.7681755547850886,0.8992369733038117,0.828555440497554,0.6584856833958076
94,0.2544905344466511,0.9637810214323004,0.759854385593219,0.89265580898225,0.8209189068932531,0.6513447877624245
95,0.2552510243204,0.9636837936437416,0.7586142468179011,0.8939391120290113,0.8207359145681589,0.6546365709146279
96,0.2479341015648498,0.9649136084407344,0.7653432578611651,0.8980689246184793,0.8264109206255511,0.6622785773413121
97,0.2375800306205269,0.9670850771164676,0.7781811065260733,0.903651783865807,0.8362361672200399,0.6583833890631015
98,0.235990022208622,0.9673155193348169,0.77935708530207,0.9046641173376524,0.8373485898639027,0.6588432773691817
99,0.2368932929184797,0.9671116499654594,0.7784993810087754,0.903387606988682,0.8363067172415165,0.6569790338087914
100,0.2367103761799044,0.9672638705053296,0.7797373837953894,0.90310105850905,0.8368975166747483,0.6570216716038052
101,0.2318880599822929,0.9681190767952316,0.7841514106655927,0.9067939234297572,0.8410250998691785,0.6571062467008261
102,0.2379780560731887,0.9670657620197716,0.7785223791577445,0.9026500824426776,0.8360038077964091,0.6575205487540263
103,0.2543531884606793,0.9642373191343409,0.762544959505342,0.8937616158823907,0.8229556355301231,0.6545542664695627
104,0.2340637340391282,0.9676157375974694,0.7814079186345878,0.9049164069936436,0.8386392052593593,0.6574978274284783
105,0.2286728771684838,0.9686623988611276,0.7878321389087365,0.9073955940199452,0.8433974949643792,0.6587849308856732
106,0.2303191250283941,0.9681990081996532,0.7851516820460664,0.905948970891518,0.8412359809663338,0.6564124778517438
107,0.2280793928628345,0.96883780712995,0.7888510806669534,0.9079396743462546,0.8442162843854834,0.6538966633581417
108,0.2309781477498493,0.968504534165735,0.786806252573224,0.9071270609561932,0.8426934375020898,0.652270969510886
109,0.2298545456297106,0.9682594047835632,0.7847568410702263,0.907643822823996,0.8417388558301605,0.6508225766792215
110,0.2284501141352619,0.968765607257302,0.7883752755415888,0.9078279640010644,0.843895477356446,0.6545677575869793
111,0.2383552337829157,0.96689034688458,0.7779975336430782,0.9011051866972988,0.8350383860510572,0.6555365451665955
112,0.2295151054323148,0.9686759599403932,0.7884783939053047,0.9063047753551472,0.8432957638735148,0.651081213288638
113,0.2215808941413172,0.969991618085731,0.7957177469060188,0.91126898226781,0.8495823535153467,0.6369081459230669
114,0.2336830278630736,0.9673877535393112,0.7805172079421664,0.903344414290773,0.8374510716829534,0.6556855502770929
115,0.2189534206291754,0.9703921677358428,0.7979865782643542,0.9126762520492536,0.8514867880801533,0.6610635083879273
116,0.2175059709295952,0.9708134950193006,0.8013950822058232,0.9122322163480152,0.8532291853986822,0.6591866108915192
117,0.2149787216092185,0.9712052557167744,0.802979072059609,0.914838914125238,0.8552669820157036,0.6515752959760209
118,0.2143296486825394,0.9714416167454156,0.8046517295974169,0.9150677246736478,0.8563150524682792,0.6540757481457894
119,0.2121849708098301,0.9718474672325872,0.8072005166647074,0.9160836021617318,0.8582022533540116,0.6596563681304521
120,0.211957882151758,0.9719133775110038,0.8075858224694262,0.9163031835011868,0.858516363311356,0.6486808285774917
121,0.2142788395821619,0.9713032319395812,0.803983787763306,0.9143493230485982,0.855622262596203,0.6576419358606086
122,0.2121858586081497,0.9718726874068372,0.8076797618486224,0.9155556914095112,0.8582411665203994,0.659105951054671
123,0.2105607204943252,0.9721202200182458,0.8093516961597744,0.9159743283277058,0.859368450656809,0.6475761594184688
124,0.2158656634872766,0.970982744154907,0.8017085495538884,0.9140588613843696,0.854205295304693,0.6561359519988283
125,0.2095851931426165,0.972366990462668,0.8105744831744642,0.9172091226522,0.860601186455866,0.6567780724652086
126,0.2062779803820651,0.9730565455944497,0.8147000255424366,0.9193898001440642,0.8638847683271493,0.6383344898632559
127,0.2150971632209613,0.9713875578203222,0.8053598847196555,0.912982514119213,0.8558009076875008,0.6475499445900003
128,0.2300780867393926,0.968751936316128,0.7904526724409229,0.903509949382588,0.8432085157789724,0.6355155168789826
129,0.2151712038212543,0.9710643990180104,0.8025301784346949,0.913675221626532,0.854503707559877,0.6538612014874852
130,0.2029032377030352,0.9734548018772324,0.8172467821751183,0.9203760703298208,0.8657510239160353,0.6543342733277366
131,0.2083313670411384,0.9722962050620853,0.8101875337938694,0.9169208759981204,0.8602562051081699,0.6572905650674099
132,0.2017692745589523,0.9736710719094528,0.8183687420305183,0.9213805774324724,0.8668249565029421,0.6303923036372707
133,0.203300853159359,0.973524008012888,0.8176359616163921,0.920643938890528,0.8660878976527786,0.6546043115452483
134,0.198174019056044,0.9745002752590104,0.8240967173012135,0.9227674691205436,0.8706454091228227,0.6551910703789094
135,0.198661858336531,0.974479957672404,0.8238475256417743,0.9229203786545084,0.8705743544391551,0.6578944946057215
136,0.2097042451659552,0.9725691157742364,0.8121666820096681,0.9171507202179334,0.8614719962716715,0.6504311943525378
137,0.2158638497265123,0.9712013556190412,0.8037905303544016,0.913261826899024,0.8550364874951244,0.647096645756844
138,0.2004685608281506,0.9739257592776184,0.820373928654356,0.9213635956879954,0.8679409637213443,0.649623158655597
139,0.2006937862514592,0.9738183280643562,0.8194690817500381,0.9214725003536632,0.8674825525280015,0.6423585780433746
140,0.1957390912466769,0.9746423816369776,0.8245479708328701,0.9239301279478462,0.8714146465111591,0.6440899964267349
141,0.2039090832360356,0.973192135788,0.816178412029969,0.9186333003444488,0.8643804546221119,0.6450271219393396
142,0.1994714444811395,0.9740041663480672,0.8208864590327452,0.9215450788528846,0.8683082923723465,0.656235396361842
143,0.1894009560614609,0.9759652082718108,0.8330603038731672,0.9274000151802028,0.8777024169149457,0.6584562630138748
144,0.187304835525348,0.9764089542508648,0.8357909413610308,0.928811862649288,0.8798496061172545,0.6418838295773461
145,0.1869633293462743,0.9764713901464416,0.8360878044171948,0.9291561490601415,0.8801685717128315,0.6581256812013815
146,0.1867456856927425,0.9768550828600482,0.8385983111873404,0.9301454464264356,0.8820027176623161,0.6542797309138921
147,0.1886616674580162,0.9763248961585246,0.8356282166663476,0.927956056561318,0.8793753453810355,0.6534737459956452
148,0.2044812528778323,0.9735735145351698,0.8187912485231452,0.919287319007829,0.8661339317372386,0.6418364804086378
149,0.1976452477329926,0.9744242714177986,0.8231625118908795,0.9233450699337772,0.8703804724565525,0.6544085418421686
150,0.1873465280899469,0.9764314690756308,0.8362506769742558,0.9283532078810652,0.8798983219119618,0.6511906263081637
151,0.1843863786499706,0.9770709340437445,0.8402236616418857,0.930362074419025,0.8829984483668084,0.6573329903508256
152,0.1834982754193621,0.9772910492427438,0.8416581636092818,0.930952891459482,0.8840564305316748,0.6390244071366076
153,0.1850944960342465,0.9770157627668326,0.8400487165873843,0.92991412553319,0.8827000760702077,0.6530605740031061
154,0.1814192561633724,0.9776481622409896,0.8437252550688543,0.9323399308148964,0.885821930624977,0.6531331708971593
155,0.185743600290885,0.9768413020569664,0.8390278041102053,0.9292595162004366,0.8818414998182486,0.6460445933449198
156,0.1928059132300692,0.9755290221652992,0.8310318591811866,0.9249234861660804,0.8754674614540745,0.6560927132758985
157,0.1850165110483444,0.9770487556710716,0.8399277505869115,0.9305493904439736,0.8829193421503699,0.6412814937616839
158,0.1899677736403273,0.976099857772774,0.8353708461240267,0.9253684078713782,0.8780695814054635,0.6493578793043878
159,0.1897264802091413,0.975993065131852,0.8334051953697267,0.9271985969239712,0.8778035480762546,0.6532870909052617
160,0.1849688532755529,0.9769487058047516,0.8396615423478185,0.92965378800699,0.8823690385714401,0.654598919019275
161,0.1857028586401356,0.976699298674538,0.8382005927912801,0.9287217855698882,0.8811424437613139,0.6455824471627516
162,0.1782163137958633,0.9781935373512908,0.847792169211813,0.9330267316284844,0.888369677979803,0.6518662494982197
163,0.1806718014019856,0.9778349892818724,0.8460132030983972,0.9311424963282516,0.8865389184682588,0.651770059373976
164,0.1836654622938564,0.9771386639100116,0.8410972129750162,0.9298421377033416,0.8832460922271939,0.6513951348776635
165,0.1762021676295524,0.9786876344160444,0.8509488017306889,0.9345185409639548,0.8907779085202695,0.6517664145828295
166,0.1764237655849336,0.9786442595615016,0.8505495360572309,0.9345781247369676,0.8905861556709211,0.6554710619501583
167,0.1753010184055181,0.9787962809766636,0.8517907447213399,0.9346187332563692,0.891284553340118,0.6497260440929833
168,0.1791310020648747,0.9780886604273892,0.8476502349536701,0.9318765506916886,0.8877701459887387,0.6448110347845509
169,0.195389721140587,0.975169911053602,0.8298857009601003,0.9219998204365104,0.8735210810556339,0.6498881972661953
170,0.1782458169157985,0.9781896372535578,0.8475063598288887,0.9334281653011868,0.8883945988731818,0.647332307160532
171,0.1785331092935672,0.9782417323970464,0.8482321555983132,0.9329626440015016,0.8885821076862498,0.6487168163521527
172,0.184685363802764,0.9770744770902766,0.8418070255247393,0.9278443462161275,0.8827341946677141,0.6550864919359976
173,0.1744025418226667,0.9788761368510236,0.8526882053742544,0.9342607137825906,0.8916126060982548,0.648060598973133
174,0.169969692290258,0.9796650552122004,0.8573815038810562,0.9372421912770538,0.8955349487761002,0.64908102849343
175,0.1674313165729852,0.9802404638215948,0.8613531881568951,0.9386090740401106,0.8983231874768639,0.6478363400419794
176,0.1713827092388122,0.979524569297376,0.8565857763910736,0.936647461052,0.8948293795557366,0.6453473295319322
177,0.1898064998735626,0.9762143544799928,0.8361349029868819,0.9256407064523836,0.8786141641915536,0.6470021257199055
178,0.1726449334846554,0.9792333047802234,0.8546845623264474,0.9358045758565666,0.8934069548734714,0.6481805902068594
179,0.1670007279558147,0.980245112353576,0.8611429022589117,0.9389859211001572,0.898381327806956,0.6457547330437672
180,0.1664988528803098,0.9804894452369152,0.8631645569792065,0.9390731925000348,0.8995202729601665,0.6413577261204104
181,0.1889662587170978,0.9761924301629824,0.8368978243146955,0.9240944078672436,0.8783373205993461,0.6524647238905328
182,0.1774427921866341,0.9782788176573574,0.8485945319042104,0.9328763324393552,0.888741736388253,0.651923525605383
183,0.1693381258159232,0.9797326134192366,0.8583189433159268,0.9366823105450136,0.8957900940519354,0.6504378541087344
184,0.1676501459140571,0.9800157824870452,0.8599087778151069,0.937909500001329,0.897217056694836,0.6402484935730937
185,0.1646662556010184,0.980683131780677,0.8646605906994965,0.939310715421698,0.900441104901175,0.6503809155234104
186,0.1692653935161426,0.9800669094724694,0.8604462778888113,0.9377524557817524,0.8974376358406726,0.6387859766240165
187,0.191520561470831,0.976130083530206,0.8359863998248583,0.9247580249079368,0.8781344084837908,0.6329722397842548
188,0.1735439499665936,0.9790518884383086,0.8540572925397364,0.934421671186764,0.8924339159364736,0.6525126853003489
189,0.1688168686446097,0.9798355814924872,0.858676409672898,0.9374638399593148,0.8963421252424628,0.6495260387638708
190,0.1623939315406538,0.9810303709399432,0.8666722896737443,0.9407433839861854,0.90219005453655,0.6493085744031682
191,0.1605149398979952,0.981369164465034,0.8688032121052717,0.941898511778981,0.9038754883993962,0.6494281461070248
192,0.1611653131117923,0.9813223426931283,0.8689877846457891,0.9410345101534588,0.9035772615653744,0.6521234166456717
193,0.1594797227290465,0.9816419378498004,0.8707181670023149,0.9425430058987196,0.905208064543692,0.6535056432403109
194,0.1590897590457964,0.9817958337837672,0.8718495072991442,0.9428362732424708,0.9059544623145392,0.6526652832910143
195,0.1756637166890738,0.9789840075119178,0.8540550679872709,0.9335447486687052,0.8920325638485461,0.6480162228055011
196,0.1699905612593074,0.9798273075175428,0.8589431520546084,0.9369517296128252,0.8962532052092446,0.649421811289779
197,0.1663534588736596,0.9803796863244776,0.8626138492942733,0.9384955178531296,0.898956216615419,0.6507851007848828
198,0.161563278530999,0.9812521272011931,0.8681247954449005,0.9414135722236546,0.9032850360268324,0.6380890362822536
199,0.157379706182497,0.98209376554546,0.87409333291099,0.9433358318647816,0.9073955423520236,0.647958914821456
200,0.1576049723695936,0.9820961001110045,0.8744327520361971,0.9428759957578126,0.9073655236626066,0.6430919406952349
201,0.1593241373197637,0.9817637747057458,0.8720475944060417,0.9421443779055396,0.905741785737101,0.6474838479731861
202,0.1578948097638517,0.9819972587256722,0.8731373510690532,0.943504172636119,0.9069579476944708,0.6523405815740614
203,0.1583422817986646,0.9819484663057922,0.8731988971206698,0.9428012760821136,0.906666251057602,0.6483919489364369
204,0.1592038276223398,0.9817791622392318,0.8723478689234636,0.9419025726309213,0.9057919272315428,0.6530388989490346
205,0.1573724130557166,0.9821721588831702,0.874476009918749,0.9437686448479308,0.9078019689698444,0.6457131732858484
206,0.1562136428283272,0.9823693884734644,0.8758226731979256,0.9443062278111358,0.9087760809693124,0.6486040473447748
207,0.1776387577059028,0.978557983631894,0.8519956163002134,0.9311983145840108,0.8898380239981145,0.6356477649403262
208,0.1757056337091133,0.9787676482168972,0.8526331494186667,0.932935916212368,0.8909787963478427,0.6521216358132372
209,0.1602650244566176,0.981486373388106,0.8699020180850868,0.9417702626913436,0.9044106495205811,0.6468187715352262
210,0.1541720831619321,0.9826181432985994,0.8774444501568043,0.945098979943526,0.9100160150967188,0.6529308413994874
211,0.1547423341184211,0.9824816742097852,0.876837723726801,0.9442588265939434,0.9093002344919572,0.6006845227820821
212,0.1646402607665216,0.9807269323501132,0.8656938197744901,0.938333526777553,0.9005512433844859,0.6466169601914807
213,0.154867239778848,0.9825487998355588,0.8773879223203864,0.9443128728415834,0.9096210658998,0.641582188152987
214,0.1546454574081966,0.9825671879724062,0.8772899570904205,0.9446824842018092,0.9097398371642554,0.6431497415082357
215,0.1565617658197879,0.982174939762716,0.8750054034812874,0.9430417523506426,0.907750523817059,0.6447871133912582
216,0.1510547660291195,0.98320427717676,0.8817764998386943,0.946266511793157,0.9128839610165356,0.6450554069398828
217,0.1500724647596157,0.9833520826412032,0.8826042503443797,0.9469388412071036,0.9136404055471822,0.637792362871754
218,0.1502422382452076,0.9834384958981958,0.8834633868345769,0.9468073434379144,0.9140392276163148,0.6398772991752741
219,0.1516663183679255,0.983107324042971,0.881290444648174,0.945745689073414,0.9123811220414666,0.6471954999723503
220,0.1516766261657793,0.9832189643405824,0.8818594100876019,0.9463323714282592,0.9129590399127236,0.6452761367242172
221,0.1528274086203506,0.9831075780986333,0.8818757029382941,0.9449265044865768,0.9123130265359016,0.6394654587275717
222,0.151095486024944,0.9832867766032808,0.8822973782458103,0.9465591146338632,0.913299242939648,0.6471761249142128
223,0.1547086111557998,0.9827902488438132,0.8798681044715557,0.9438061523531234,0.9107162939344696,0.6383272806942125
224,0.1737327964829026,0.9792920397027752,0.8567075094124392,0.9334582894392156,0.8934376098558621,0.638769987242917
225,0.1585255295520635,0.9818942837860524,0.8736014889409429,0.9415383511287247,0.9062985531841828,0.6484197391850335
226,0.1532088840286508,0.9829173247394954,0.8804755248913712,0.9445309775076056,0.91137911794175,0.6485467277586576
227,0.1486731819647679,0.9836827463851038,0.8852353617134717,0.9473602099711488,0.9152447720648372,0.655213461385458
228,0.145509847955738,0.9842866572932488,0.8894077683755185,0.9490428055141348,0.91825807637495,0.6471633913237492
229,0.1446905146828658,0.9844349365371704,0.8904545401350918,0.949430579957584,0.9189973452513596,0.6486694437377861
230,0.1463869948127715,0.9841796243294028,0.8886898855929314,0.948712473667221,0.9177207979893924,0.6420646010087887
231,0.1466219328183064,0.9841059069891508,0.8886174482633937,0.9479056931372192,0.9173045732356468,0.6453281514532879
232,0.1454794511681409,0.9844083087572244,0.890574666607999,0.9489401767105564,0.9188314892641396,0.6493947391865373
233,0.145237720189549,0.9844777964140194,0.891038330988376,0.9491597580500114,0.9191811813000644,0.6505342012329093
234,0.1447002564241989,0.9844831521820332,0.8908419768020289,0.9494929694101192,0.9192328772215056,0.6450749923561384
235,0.147017278152404,0.9842175953513472,0.8891938481234717,0.9484877239707512,0.9178842101728196,0.6478453466407749
236,0.1461951874946947,0.9843075653876104,0.8900445532552437,0.9484282878650816,0.9183093847098766,0.65413295075664
237,0.1488102873613079,0.9838882842821888,0.8874617486002226,0.9468166464805408,0.9161788733301008,0.6401800111535206
238,0.1587351823507024,0.9819738169410578,0.8750828237036149,0.9404077361149136,0.9065700206498688,0.6426585577315121
239,0.1533919435074861,0.9828106762923275,0.8798534361473984,0.9440812566136512,0.9108364909452348,0.6471361215714425
240,0.1451818772839556,0.98431451415329,0.8896403078956163,0.9490663584553878,0.9183930235323818,0.648360167392033
241,0.1445957062591751,0.9844760042916456,0.8909255350301797,0.9492914773202158,0.9191829133792012,0.6427462121745134
242,0.1445465966951933,0.9844693988444284,0.8913461052839556,0.9486380493262088,0.91910012210973,0.6449981454168701
243,0.1586039819412951,0.98193414305954,0.8750293483215509,0.9399866626855552,0.9063456320964328,0.6384214860763325
244,0.1521197142843291,0.9829495142785324,0.8804428790578329,0.9449775235536796,0.9115694448163888,0.6439526124271396
245,0.1443416235311854,0.9844097163629204,0.8904200723086072,0.9491683965895932,0.918856153551069,0.6490643301003082
246,0.1437553264093485,0.9845494195116506,0.8916775287046347,0.9491672152508468,0.919524668879738,0.6395982620720595
247,0.1537997938102955,0.9827903381066136,0.8799507498164203,0.943690602657008,0.9107067596119816,0.6420485125898392
248,0.1482631941761473,0.9837011619874284,0.8862071702876944,0.94624096534277,0.9152406684822204,0.64664701222041
249,0.1400040282244734,0.9850881960411042,0.8950856440885707,0.9511386481172855,0.9222612366890754,0.6460065008081964
250,0.1386015070267289,0.9853695043228464,0.8972747098917399,0.9516269840215076,0.9236519484232936,0.638708693544187
251,0.1375294002376014,0.9856480866559968,0.8992779602927313,0.952339848121184,0.9250486058540456,0.6475944422118015
252,0.1390270594534256,0.9854199103394996,0.8976169062744408,0.951782403900308,0.9239064512841404,0.6410475881340145
253,0.1379185801090525,0.9856277484702828,0.899218459377982,0.952172467187578,0.9249381605157462,0.6398601298446476
254,0.139545812586443,0.9853154316650145,0.897008802929418,0.9513252996391895,0.9233689591507652,0.6455419724425944
255,0.1389099573381513,0.9854732894940376,0.8980781604378095,0.951815555218874,0.92416635147454,0.6436351967542936
256,0.138632006166007,0.9855355743294908,0.8986523805072306,0.9518071381803072,0.9244663197130312,0.6481000804400278
257,0.1371460821506359,0.9859120710881252,0.901035182150895,0.9532085751016912,0.9263878697018052,0.6451257779575434
258,0.1378872071881946,0.9858083477142572,0.9006469558029314,0.9524675065394484,0.9258326754210712,0.6390657097326873
259,0.1695250158848093,0.9801059173161702,0.8640312953900777,0.9328837896401908,0.8971384301085561,0.6458848354160964
260,0.1454809947515563,0.9842407624811916,0.8897270765551254,0.9480423592634236,0.9179595005966266,0.641987644749574
261,0.1385666632877408,0.9853743107813204,0.8972759544496898,0.9516836882813264,0.9236793167378564,0.6457483211574113
262,0.1354863820798534,0.9859442949590084,0.901237342630946,0.953331212830284,0.92655263281397,0.6444151258977348
263,0.1341490153250076,0.9862402286072498,0.9035410493938328,0.953874333318862,0.9280257115756648,0.644629068286665
264,0.1344241490252584,0.9862189771944256,0.90325235283936,0.95399630654441,0.9279311137284192,0.6385923478820406
265,0.1349856748962573,0.9862015160174268,0.9033638115788796,0.9536401329124224,0.9278213844379806,0.6452578342990499
266,0.1359134051385972,0.9859402849993671,0.9016066591536464,0.952796435546601,0.9264950145540316,0.6494083057064648
267,0.1337879992110266,0.9863740678766416,0.9044168031514498,0.954340519121592,0.928708219280986,0.6382276444570001
268,0.1335596657163805,0.9864407334556756,0.9052375777026264,0.9540725767272132,0.9290137487297154,0.6386308848264743
269,0.134226151078725,0.9863546017198224,0.9043905935488008,0.9541406513724646,0.9285997557284426,0.6409731558716665
270,0.1334042404677799,0.9864881114034902,0.9051531474221384,0.954751477337936,0.9292909896708812,0.6454094062574274
271,0.1337689390178207,0.986483050889354,0.905209182887975,0.9546177645585971,0.9292571739675336,0.6446940842075793
272,0.1339909987483951,0.986464559756968,0.9052759354129812,0.9543088444764588,0.9291459482774114,0.6427824816830728
273,0.1335985221826344,0.9865229650937956,0.9054785630427442,0.9547466781492792,0.92946018692497,0.6423070564499451
274,0.1325972335640904,0.986765478389284,0.9074918131662708,0.955045704519418,0.9306616911834406,0.6517783981967581
275,0.1368356347352051,0.9859222882455668,0.9017508508318098,0.9523896120158688,0.9263787293004464,0.6222614496623069
276,0.1366072231166654,0.9859972140668066,0.902132268439979,0.9527924485283324,0.9267705638730032,0.6367333522132007
277,0.1363428201017191,0.9859833028027092,0.9022072126790124,0.9525262781420732,0.9266841653089792,0.5747806700686381
278,0.1606082335757694,0.9817631224006672,0.874086162386739,0.939192433879732,0.9054704687552108,0.6320175825746427
279,0.1428840879699309,0.9848179014156366,0.8942235130395048,0.9490041905038676,0.9207998116458552,0.6405216871992395
280,0.134794515430284,0.9860800980100052,0.90226592343495,0.9536165061374978,0.9272308027736216,0.6447430805691337
281,0.1343745940880809,0.986128354853084,0.9029558866806836,0.9532930408220464,0.927441950471624,0.6465585649972897
282,0.1348950704492682,0.9860878158090408,0.9031538049584694,0.9525456225640426,0.9271924005104676,0.6427833020313635
283,0.1311290555184693,0.986702905166322,0.9068734733571776,0.9550955422477746,0.9303600699335856,0.649662713791785
284,0.1282184455516956,0.9872656590571914,0.9108425636798664,0.9567161175065836,0.9332159358226302,0.6438380852996038
285,0.1283963351048154,0.9872317391931038,0.9105417311701846,0.9566964777499276,0.9330486735901052,0.6449734538459803
286,0.1285153391549913,0.9872013967073948,0.9103163714602224,0.9566230870803184,0.932895443933456,0.6436111237502357
287,0.1291626198418277,0.9871777145998566,0.9104667302140556,0.9561481889043348,0.9327484809378688,0.6481110725971478
288,0.1283220364946684,0.987364452377939,0.9118679359116314,0.9565846197373944,0.9336911874883072,0.6484825631814356
289,0.1291826076323179,0.9871839355303956,0.910503889316434,0.9561748428597968,0.9327806636286065,0.6486210382875967
290,0.1280482703511663,0.9874320174513443,0.9121915879273516,0.9569766765337986,0.9340476090615212,0.6410804560212296
291,0.1286051678839776,0.9873063354286196,0.9113689703285484,0.95652857998062,0.9334028698549092,0.6430084488690351
292,0.1393480963951392,0.9854421505094956,0.8991853240215394,0.9499686797564908,0.9238796696996912,0.6402596540130244
293,0.1413669852312091,0.9851002602518738,0.8964456169812892,0.9494626976047472,0.922192794766065,0.6426974618324031
294,0.1386575383676899,0.985509495859085,0.8990484275632471,0.950965655824635,0.924278561134104,0.6134708810949848
295,0.1344094513077958,0.9862083686539368,0.903732988209844,0.9532399544121378,0.9278265425510452,0.6453805726046529
296,0.1297256693163578,0.9870408266625182,0.9096372399893335,0.9555771592878772,0.9320414533667628,0.6489582247027951
297,0.1271931109614938,0.987445571664241,0.9125103765238032,0.9567325085816876,0.9340983438748456,0.6484338455024359
298,0.1249565616678848,0.9879096695617476,0.9158335868369176,0.9580384785656422,0.936460746015833,0.642986106578079
299,0.1255143617125723,0.9877570095742456,0.9146897513275912,0.9576707868808788,0.9356869427978066,0.6385412159376551
300,0.1245248964418181,0.9880058673949192,0.9164561645044568,0.9583947260313014,0.93695638318091,0.6488159346778092
301,0.1252854761781452,0.9878596343290338,0.9154316640592528,0.957951724001466,0.9362091565238854,0.6414017627049121
302,0.1394093986198627,0.9851434977790317,0.8977459918515206,0.9482560339091474,0.9223099886254684,0.6385499622743523
303,0.1477662719410958,0.9837731696017374,0.8883181652451598,0.944224346269288,0.9154184785209348,0.6456702100440669
304,0.1300821694002734,0.9869176233990924,0.9085288147796462,0.9555291674013116,0.9314364577123122,0.6410557933537673
305,0.1252504310322751,0.9877702273350488,0.9147278830016784,0.95777939621186,0.9357587329086052,0.6471626791400106
306,0.1230797048041717,0.9881539063159172,0.9176274668303624,0.9586770659916496,0.9377032269395807,0.6466298074092552
307,0.1230331324844909,0.9881832119798698,0.9179199917426886,0.9586575000686652,0.9378465726962436,0.6477171848993666
308,0.1226525655378111,0.9882511066389992,0.918138559253456,0.9591860753239304,0.9382135673643268,0.635446708583638
309,0.1224825328899373,0.9883757037753824,0.9193238889230924,0.9591781751210652,0.9388282578982828,0.6449498342621552
310,0.1228364830394443,0.9883897043022802,0.91935932510007,0.95929911467521,0.938904665120916,0.6442739717414456
311,0.1226641247919995,0.9883767268644004,0.9193816611829242,0.9591183698470374,0.9388297317807848,0.6459201468999314
312,0.1237324566694258,0.9881790921583208,0.9176373063642688,0.958962285465192,0.937844783053935,0.6408917795964663
313,0.1235901707207127,0.9882936712619704,0.9187859157259226,0.9588806992580308,0.9384052251972664,0.6506201487354822
314,0.1255479949064177,0.987917552153645,0.9162332191711632,0.9576295876921042,0.936474150285767,0.6468144632491808
315,0.125166436349102,0.987988337554228,0.9165469370901096,0.9580734018923276,0.9368502237509772,0.6384118884457081
316,0.1254815985616162,0.9879339559097796,0.9163169834331352,0.9577185572664294,0.9365604443603204,0.6461598583969862
317,0.1517482666606954,0.9832227065118228,0.8851845778140474,0.9417467097500908,0.9125900567277206,0.632639706875615
318,0.1334646939159297,0.986414716782593,0.9053725688979752,0.9535846838250212,0.9288534350015748,0.6452850844518936
319,0.1248751178169422,0.9878817852362296,0.9155681074492276,0.9580423179165674,0.936323773603994,0.6478326842449078
320,0.1221590397222865,0.9883829340622012,0.9192521738749012,0.9593526440871484,0.9388744190983556,0.6451984782153957
321,0.1210071914862814,0.9885581294735768,0.9202782777948724,0.9601411877002554,0.9397872069188103,0.6418594674986021
322,0.1213704376823181,0.9885503430108492,0.9204538148800074,0.9598317507824154,0.9397304460393296,0.6476866880799836
323,0.1226676368831301,0.9882809478797532,0.9189850990381754,0.958482588100552,0.9383183765941078,0.6405901665732774
324,0.120918989409324,0.9885811043450824,0.9207413500566468,0.95983736214146,0.9398829657280944,0.6466927484924218
325,0.1210604349700667,0.9886239092909777,0.921105157792235,0.9598904485513686,0.9400979354703044,0.63958042557809
326,0.1210305674416984,0.9886484222291948,0.921173138750498,0.960094598653451,0.9402312465735932,0.6482260461157696
327,0.1215412893580447,0.9885832123204416,0.92090750903209,0.9596563958122722,0.93988274338099,0.6464617399756374
328,0.12009143676582,0.9887913388387332,0.9222274305496476,0.9604716672145124,0.9409611114414356,0.6345815189133076
329,0.1206732665007706,0.9887215765271684,0.921684274467114,0.9603225970314728,0.9406068059619116,0.6327667211714626
330,0.1203003117292047,0.9888119310801096,0.9224148609928436,0.9604823730969002,0.9410638017050976,0.6378542913525463
331,0.1201371459973801,0.9888714487687555,0.9230060990782876,0.9604529134619162,0.941357248658403,0.6431379551106687
332,0.1212263143212675,0.9886493766545204,0.9215544870033638,0.9596343933781238,0.9402090245409298,0.6274922242007992
333,0.1227289309872568,0.9883958016381728,0.9196755279440126,0.9589778643699078,0.9389155842257084,0.6397094132857231
334,0.1233345016086701,0.9883465285724456,0.9193809059861628,0.958763377553796,0.938659239768688,0.626230136716313
335,0.1220144993431276,0.9885260635291864,0.9205475506282644,0.9594298002740116,0.9395865883364212,0.6396456153378749
336,0.1239023674949467,0.9881784879178268,0.9185244779941472,0.9578475446907831,0.9377739652354742,0.6382196707483935
337,0.1225163147737868,0.9883889078034472,0.9194843995910248,0.959134170252768,0.9388908646159428,0.6426609954087866
338,0.1221235279771063,0.9885228088701624,0.9208964358734306,0.9589595536193414,0.9395426458311932,0.6435564031503108
339,0.1201899589823304,0.988768178575258,0.9222421236991558,0.960181574718642,0.940829522439195,0.6394419449089889
340,0.1181862379337171,0.9891220025826336,0.9246823417034928,0.9613324201584824,0.9426512786676547,0.6474193869595722
341,0.1174335504124919,0.989284838529362,0.9259954065378913,0.9616332185367408,0.943477897411164,0.6425215820210928
342,0.117102293445052,0.9893358625192478,0.9264433325862514,0.9616837946018136,0.9437346953347964,0.6347263591331403
343,0.1189755581506936,0.9890152648726656,0.9240266056622234,0.9608857264450652,0.9420957793232532,0.6458044557598995
344,0.1207383833825588,0.988712808173638,0.9222309466642492,0.959545128469112,0.9405180817089764,0.6381316161888863
345,0.1176386169231624,0.9892374674479166,0.9255241308353584,0.9616543349668296,0.9432433748717032,0.6318247259279622
346,0.1197316932806865,0.98893710499151,0.9235676761742102,0.9605328014946298,0.9416876200393636,0.6433810040184772
347,0.1184600554942656,0.989164999786868,0.9253650251675424,0.9610010546401656,0.942846433290173,0.6269265967140796
348,0.1203965002255474,0.9888078387240374,0.9228843552482172,0.9598563373950711,0.9410073309926592,0.6424105134490677
349,0.1337574671069495,0.9865215025571458,0.9076183599660108,0.9519615982213764,0.9292612783055628,0.6241853931072872
350,0.1277455813753948,0.9875260661109412,0.9134295301866728,0.9565231901225903,0.9344798065502268,0.6433565984816156
351,0.1222024399706785,0.98830957377315,0.9195838189810854,0.95807576456982,0.9384352501108756,0.6426749570542983
352,0.1165703091261198,0.9892609435643772,0.9257598175380256,0.9616411925732776,0.9433594346981804,0.6428817484062787
353,0.1153085177643693,0.9895084006457244,0.9278500107781572,0.9619890968340415,0.9446112002557796,0.6419659405615508
354,0.1147084070248998,0.989627532152186,0.9286831321313822,0.9623691925756404,0.9452261308172528,0.6476660182135942
355,0.1138990621933405,0.9897937257534768,0.929868084869415,0.9628737718876228,0.9460831513180458,0.6450092595201148
356,0.1130744667201162,0.98989822502707,0.9305485953630068,0.963269741868624,0.9466264927625953,0.6430730357299363
357,0.1137013780556136,0.9898589425285992,0.9304179102923088,0.9629703463301268,0.9464142963516896,0.64074630460904
358,0.1164675833885189,0.9894221521815938,0.9274494802771988,0.9614687171163284,0.9441527570889816,0.636795526020971
359,0.1251120648527745,0.987779702924612,0.915731042262122,0.9566283292710048,0.9357330332408472,0.6464509227197005
360,0.1194739406191402,0.9888444570712396,0.923022868157518,0.9601156412498684,0.9412039406790456,0.6419429610559599
361,0.1154830839967341,0.9895808477076654,0.9284154325249162,0.9621490205668124,0.9449812701409346,0.634355877240821
362,0.1151580433595738,0.989586581125988,0.928218042277877,0.9624546919673986,0.9450263853471744,0.6431206989512253
363,0.1150343742141191,0.9895739744720476,0.9281352968171298,0.962407955253251,0.9449609705886692,0.6421295125752866
364,0.1144136127432902,0.9896741067347986,0.9289023131283408,0.9626467333473322,0.9454735302770572,0.6436455605493595
365,0.1128703845169046,0.9899920402301124,0.9315613253746392,0.9631439292921506,0.9470894041044116,0.6427119037053822
366,0.113004674170193,0.9899973479335414,0.93140799120109,0.9633892785830078,0.9471287372204312,0.642431542915314
367,0.1126599483620777,0.9901057198393908,0.9323335241562444,0.963538644100734,0.9476792736939426,0.6423022769676267
368,0.1128918432610498,0.9900374200644756,0.9316495630188848,0.963564855054166,0.9473384832775864,0.6402200171748341
369,0.1164535971479021,0.9894027340893592,0.9272036415302128,0.96154040961149,0.9440599097917032,0.6344461832166
370,0.1152504409978286,0.9896054911068984,0.9285217580249024,0.9623075414598216,0.9451128035729002,0.6445827929627737
371,0.115866587624597,0.9895054961715324,0.9280111549111788,0.9617600647846168,0.944584253549904,0.6346701754622279
372,0.1182240920958759,0.9891250718496878,0.9250181376551366,0.960957640441242,0.9426454541464494,0.6444941278955467
373,0.1156856834540049,0.989530022842488,0.9280423964803696,0.9620081459213248,0.9447200750938636,0.6317239385563264
374,0.1148820172110907,0.9895462000084374,0.9281059935804892,0.9621197085991716,0.9448068207549244,0.641847320245179
375,0.1177169173393103,0.9891015202031654,0.925145712676505,0.960526230297854,0.94250405239812,0.6413517821203923
376,0.1133208579162685,0.9898947849760764,0.9306747042332146,0.9630782173243918,0.9465992367416288,0.6408150010309159
377,0.1107976242444283,0.9903284511250738,0.9338406299828736,0.964321207186438,0.9488361908779688,0.6373483472960041
378,0.1105205123882285,0.9903547493192956,0.9337453908120452,0.9647389581005726,0.9489891828491308,0.6479260354907386
379,0.1112868201469989,0.9902961997887136,0.9337002178883536,0.9641150635752213,0.9486639229034004,0.6388725167326214
380,0.1156510076880883,0.9894469947055348,0.9275764314552658,0.9616045710721448,0.9442840419344412,0.6311432743394685
381,0.1203562576564953,0.9886824107569748,0.9218353832028292,0.9596758140679134,0.9403750805151144,0.6454687489208315
382,0.1150733291727604,0.9895691130826196,0.928179298758743,0.9622980169161802,0.9449307760874256,0.6403134983776008
383,0.1124545113860274,0.9899544331257384,0.9308461240865208,0.963565224222524,0.9469231221325802,0.6442009136638475
384,0.110745888310585,0.9902684665233188,0.933299307824826,0.9642715909590964,0.9485326835208244,0.6376041144007032
385,0.1091358355990202,0.9905803713464324,0.9356520471817223,0.965083318345098,0.9501398236574023,0.6398735369289468
386,0.108820146927945,0.9906226750473724,0.93599961048023,0.965160474531961,0.950356401162332,0.642759975798487
387,0.1091962577708119,0.9905759631373748,0.9356240800919332,0.965065524430233,0.950116780115157,0.6375665378646741
388,0.1087591230145675,0.9906421892687768,0.9359956521804492,0.9653903925854456,0.9504658063565502,0.6402957273272912
389,0.1091308304034977,0.9906653083340364,0.9363630972146338,0.965222863984496,0.9505739828379582,0.6185067942723281
390,0.122543668119813,0.9882480579710528,0.9196902266272472,0.9572189248104468,0.9380793835615052,0.5938547711538369
391,0.1216604462791261,0.9883782511983736,0.9201656555397444,0.9581630359696974,0.9387800144803106,0.6401412805837334
392,0.1125256709968872,0.989990454098816,0.9314469342266276,0.9632625800024748,0.9470876356089768,0.6467589913642187
393,0.1094197388872397,0.9905049236811296,0.9350513706936556,0.9649235422796708,0.9497526253241118,0.64680152937984
394,0.1079041050787237,0.9907648981536168,0.9370481278947008,0.965563015709738,0.9510918920837342,0.6398939762044357
395,0.1080959543264169,0.9907486179921288,0.936930779734904,0.9655136948170828,0.9510075179910096,0.6330361237890005
396,0.1093880287472078,0.9904808639232828,0.9349936799043284,0.964713928485887,0.9496213228459126,0.6455452090011768
397,0.1082223284748389,0.9907329764029804,0.936811992323723,0.9654734554660396,0.9509268048091276,0.6356083422568769
398,0.1093726776969089,0.9905888993770392,0.9358076821679884,0.9649975974523248,0.9501785108150822,0.6442386179495089
399,0.1078172301833363,0.990820110628744,0.9374700890599696,0.965702192180778,0.9513767398071944,0.6360803896641448
400,0.1073926857290722,0.9908967118440803,0.9380656937002132,0.9658838230130103,0.9517715364981354,0.6389388973188814
401,0.1072320007725799,0.9909736151796638,0.9387259166484484,0.9659937613500812,0.9521646566416556,0.6453940777003726
402,0.1076870319306207,0.9908923928978232,0.937779857311022,0.9661702238252988,0.9517633719643456,0.6385465786208913
403,0.107455315229168,0.9909172422881336,0.9381386506861952,0.9660344437031544,0.9518822130219208,0.6452409474641817
404,0.1074432948028012,0.990952068512962,0.9383731032200396,0.9661598871112694,0.9520637931481684,0.6376346441326948
405,0.1095645617318453,0.9905938294301596,0.935794757317976,0.965069806783188,0.9502068508080368,0.6461225891480648
406,0.1086154573014099,0.9907709130930784,0.9369933414323722,0.9656969499900916,0.9511286372369024,0.6409374131864402
407,0.1282170252914694,0.9873066924798206,0.91398270575429,0.9532195763187652,0.9331888846820676,0.643489410797927
408,0.1166228166104649,0.9892642325552472,0.9261733917490222,0.9611755974399208,0.9433499244142224,0.6376388547990399
409,0.1104013677150439,0.99036567371277,0.9340749328946452,0.9644731568826715,0.9490306873391178,0.6320682104495946
410,0.1071243044256949,0.9908542982812324,0.9376191967616466,0.9659205183478152,0.951559469298272,0.6431737469177742
411,0.1056049467741156,0.9911314386768408,0.9397337127114892,0.9666279187557903,0.9529911092511932,0.6345463718681277
412,0.1047162959526339,0.9912794226668846,0.94080627674611,0.9670746124692076,0.953759609036224,0.6363515583322081
413,0.1049123823696332,0.9912667542156212,0.940793428019578,0.9669442222050928,0.9536895908144608,0.638740706644853
414,0.1047615139416867,0.991272858417883,0.9409489290793036,0.9668330286956042,0.953715385809268,0.6449743293575637
415,0.1050593772996887,0.9912748359322268,0.9408682297029384,0.9669497597304656,0.953730716125048,0.6313157464402493
416,0.1049746400107154,0.9913491781120802,0.9416176584466496,0.9669299723064664,0.9541059617630004,0.6428834909565738
417,0.1056947094529009,0.9911721493801152,0.9400734558430264,0.966698429912206,0.9532000556067056,0.6339239875721125
418,0.1062111868623563,0.9911116017360818,0.9396340350385814,0.9665165775789584,0.9528857433517162,0.6400466005524672
419,0.107215550761643,0.9909071487253382,0.9381343918425528,0.9659232501936658,0.9518260381213604,0.6387893551664517
420,0.1058135286991973,0.9911880175594484,0.9401240299080108,0.9668215844765,0.95328592209848,0.6452075548594325
421,0.1059565831699388,0.991196847710302,0.9403063140832516,0.9667100956323248,0.9533254167924788,0.6427463545516635
422,0.1058766762692508,0.9912091247785184,0.940558331191075,0.9665569645973452,0.953380435499006,0.6370699817171364
423,0.1062045879930043,0.9911965661891629,0.9404676573373192,0.9665185710880928,0.953315176350037,0.6420186661268534
424,0.110366322863981,0.9904273337086216,0.934662612330665,0.9644879974506708,0.9493411071411648,0.6435999664523785
425,0.1066306299067658,0.991063118302818,0.9394279602887076,0.966200495630671,0.9526261617481436,0.6336543115739806
426,0.1060492016455466,0.991122052350078,0.9397391628893448,0.9665136980657646,0.9529383977803724,0.629536350753912
427,0.1112014349925217,0.9902491445602536,0.9337829068052784,0.9634720461289152,0.9483951816475696,0.6421500281098239
428,0.1069606742386123,0.9909490953750774,0.9386595905941508,0.9657894635806554,0.952031287471292,0.63869094584972
429,0.1050936938162973,0.991278131789466,0.9409891974277332,0.9668466140911858,0.9537426794657524,0.6456690321540947
430,0.104973573009852,0.9913028232532836,0.9413129234544712,0.9667529191618756,0.953863327217881,0.6407143305899353
431,0.1071037597713067,0.9908836657425084,0.9382621834734276,0.965502841267352,0.951687621344606,0.6329224895740528
432,0.1072680448188627,0.99094477642882,0.9386622362601674,0.9657366725054334,0.9520069986177228,0.6301136474968159
433,0.1051053054925563,0.9912502199984708,0.9410269245210628,0.9664824664226612,0.9535848445089832,0.6398373888875728
434,0.1044070561610751,0.9913814225820712,0.9419699679196206,0.9668901759574527,0.954267405026914,0.6342244093491234
435,0.1029027013657547,0.9915928174921252,0.9433687566066844,0.967689277785604,0.9553742631960644,0.6286877637352957
436,0.1026818080530535,0.9916239908085134,0.9434759027924514,0.9679219276849392,0.9555425877270924,0.6406684027624188
437,0.1023832832148178,0.9917099920833508,0.9443053659057312,0.9679470311332966,0.9559800545440644,0.6352531353742887
438,0.1026597187164232,0.9916288796634184,0.943645074955408,0.967782234378198,0.95556125481823,0.6388208039731927
439,0.1028596030668817,0.9916886514077266,0.9441643808740032,0.9678658140944936,0.9558681965780328,0.6334178300890814
440,0.1064206235807576,0.9910538830361788,0.9398955914013658,0.9655477321397088,0.952548990057784,0.6275493661762969
441,0.1070049939368911,0.9909883710071788,0.9390804024992656,0.965748042890866,0.952227548917231,0.6440963253388284
442,0.1042795345964406,0.9914382143221256,0.9423724121100214,0.967073726465148,0.9545632965350194,0.6410980407917686
443,0.1020970770673786,0.991763735155459,0.9446515375365354,0.9681618871177669,0.9562622297209786,0.6345756137756703
444,0.1022537407203972,0.9917397371949356,0.9445593701375572,0.9679939893484591,0.9561331069180106,0.64209540396071
445,0.1016824828099003,0.9918396291347628,0.9452511413715052,0.968338054258298,0.9566553292749612,0.6416854998473619
446,0.1018897149470641,0.991815404584054,0.9450919247276997,0.968244728497346,0.9565282434960748,0.6403120110312932
447,0.1018998716830564,0.9918251136301716,0.94519953850331,0.9682317337711376,0.9565770155276044,0.6423340665760475
448,0.1016493374816805,0.9918550029355102,0.9453269809539612,0.9684262854959068,0.9567372270957124,0.6444915525224516
449,0.1046540947001186,0.9913932327371788,0.9424862098484944,0.966426648166902,0.9543063057099084,0.6274532760445721
450,0.1126248128176164,0.989975760068624,0.9322153725226948,0.9621728688427515,0.9469572496005,0.6356577498671809
451,0.1064567489804123,0.9910863060317704,0.9396921297774076,0.9661579674358068,0.9527412879414886,0.6434128440959872
452,0.1048108197266249,0.9913405127540886,0.9417478696117744,0.9666793069912512,0.954050737819863,0.6414679007770754
453,0.104519959458773,0.9913527966886742,0.9419385057711098,0.9665986806218212,0.9541092763573692,0.6092778174039382
454,0.1095900112535241,0.9904751648368068,0.9357818805005133,0.96371503274228,0.9495430703981492,0.6430118284168663
455,0.1077370437384723,0.990777312549218,0.9375309300044496,0.9651375122600812,0.9511339436254472,0.6408783495395852
456,0.1059317588404142,0.9910246666350264,0.9394185581190514,0.9657695284893127,0.9524118109974784,0.6326949183830047
457,0.1021016679248578,0.991609365442014,0.9434723440496876,0.9677587552706166,0.9554612434200008,0.6417218541501912
458,0.1053075537139134,0.9911049001596952,0.9401837297186064,0.9657973637835208,0.9528184416204704,0.6399623281291545
459,0.1117438195179477,0.9900187023419044,0.9322044586356126,0.9626838716841668,0.9471990334006932,0.6332718487914052
460,0.1047312669563207,0.9911778553329608,0.9403629051377436,0.9664259836638572,0.9532163218864916,0.6397826010368843
461,0.1015467224441629,0.99168706527643,0.9442134284885678,0.9677910944187946,0.9558568888031312,0.6358066323123913
462,0.0991176303154487,0.9920976260929064,0.9472997916944732,0.9689297573028146,0.9579926974196052,0.635715647576084
463,0.0983688138934562,0.9922272494115796,0.948306833454392,0.9692551422937288,0.9586665635037458,0.6368595687564103
464,0.0977655807309013,0.9923423434929232,0.9491920321358388,0.9695556453373004,0.959265779519746,0.640035585399339
465,0.0978618557531413,0.9923444308691748,0.9492018502360646,0.9695681970614788,0.9592769366782676,0.6424164982904238
466,0.0982892352337245,0.9922863482517016,0.948820508076598,0.9693419706915763,0.9589714649430482,0.6344080232918741
467,0.0988657612005154,0.9922380502104076,0.9484186192080482,0.969250564606087,0.9587214415387116,0.6362748651542761
468,0.0998217398903781,0.9920918583427376,0.9472923337092702,0.968872610040966,0.957960950936101,0.6367891397917288
469,0.0992634990018048,0.9921887771446802,0.9478551211145712,0.9693328153162932,0.9584736640607228,0.6353043655179265
470,0.098695155367148,0.9922947183558156,0.9488112000294828,0.9694477005093636,0.9590184472260028,0.6410422488425296
471,0.0989342261936596,0.9922375970300372,0.9483285869255716,0.9693480250526508,0.9587231101379394,0.6442849316705499
472,0.1004529960667915,0.99202696428697,0.9467707540776163,0.9687302587220454,0.9576246333668734,0.6445681336774389
473,0.1053403895884323,0.9911983995097522,0.9407876876799154,0.966166532141717,0.9533082317753262,0.618645402686622
474,0.1086591125311825,0.9906516579919704,0.9371756212905976,0.9641076063743858,0.9504508658655398,0.6406464643839243
475,0.1028419971975276,0.9916003773646676,0.9434907063055183,0.9676347147022628,0.9554102000681404,0.6386831267990772
476,0.0998241711381099,0.9920698172974498,0.947038929654783,0.968911446552248,0.95785033962065,0.6365825944430981
477,0.0986851639509629,0.992282187231937,0.9488212508181442,0.9692938311376676,0.9589482861816524,0.639714093522511
478,0.0982452724798977,0.992328082043994,0.9490256001551745,0.9695828899621352,0.9591941125938022,0.6314620393588031
479,0.0973608156250749,0.9924666247763212,0.9501259409406604,0.9699064291112582,0.9599142941103764,0.6362688200514424
480,0.0978785895159561,0.9924162668242524,0.949840412094153,0.9696587171429086,0.9596472553210108,0.6440060383954643
481,0.098568470773401,0.9922779300830028,0.9488275864661034,0.9692382343829232,0.9589243128613182,0.641666514206054
482,0.1016498826202943,0.9917553581849758,0.9448322354304368,0.9678580615589714,0.9562065508686964,0.641764334890349
483,0.10054333108685,0.9919000943823651,0.9459344261845732,0.9682428088218834,0.9569586232877524,0.639097270303316
484,0.0990952151365203,0.9922193393542054,0.9483918728166694,0.9690682692708098,0.9586185919676052,0.6381716412382253
485,0.0979390216843901,0.992382683412258,0.9494223927654016,0.9697520429038606,0.95947954271478,0.6344967332584305
486,0.1096720817974574,0.9904144180680652,0.9364940292926812,0.9621741978488412,0.949160446826976,0.6254381288165052
487,0.1102500269926494,0.9902488630391144,0.9339185280859982,0.9633075447085032,0.948385410836327,0.6267613094862001
488,0.1028484458358382,0.9915278753717728,0.9430160639009056,0.9673543682510488,0.955030179898524,0.6361185010881383
489,0.0986495303834299,0.9921283942935089,0.9474125291254408,0.9691511844840608,0.9581585712772608,0.6418927099677559
490,0.0966550091402136,0.992466068600412,0.9500612605513724,0.9699734700851066,0.9599141129962402,0.6386564330533758
491,0.0959802735864901,0.9925753400006329,0.9508496021934852,0.9703198976724378,0.9604860880486082,0.6401975064491141
492,0.0953658837289046,0.992665474829758,0.9516684337662056,0.9704159552792404,0.9609507652481072,0.6332274195883328
493,0.0973865717193848,0.9923896390443068,0.9495991115325564,0.9696302911793276,0.9595101676932452,0.6349310145846866
494,0.0957462129136212,0.992660970491531,0.95151567752439,0.9705374116690868,0.9609324196290396,0.6385000196241251
495,0.0957740945272522,0.9926923841308428,0.951949165481478,0.9704039942244348,0.9610879955306086,0.6396736929396564
496,0.0964676813095164,0.9925657408164232,0.9509502878265188,0.9700971414851024,0.9604282974372064,0.6375616288451859
497,0.0963756391014769,0.9925987680525088,0.9511420505071108,0.9702547025403804,0.9606033171698756,0.643558000874448
498,0.0987820013982357,0.9921968451285472,0.9483587843056566,0.9688501646047876,0.9584949671772588,0.6378427996342521
499,0.0973446062839717,0.9924767458045934,0.9502208627822468,0.9699136648110788,0.9599662796087912,0.6431253395339104
500,0.0964914126415475,0.9925952730705612,0.9510819372485008,0.97028305467029,0.9605865529939004,0.6428318963482247
501,0.0972261140592021,0.9924848481203068,0.9503825158753042,0.9698224063929328,0.9600040577452524,0.6350010693423723
502,0.0961070963509863,0.9926704392147246,0.9518468411893456,0.9702708721144694,0.9609705569309328,0.6383673251573804
503,0.0965341374465673,0.9926030801323968,0.951141201936536,0.9703045402687368,0.960627309326426,0.6440836586897437
504,0.096496296711534,0.992646022405677,0.9516924730946044,0.9701684648119058,0.960841658607198,0.6421704666948981
505,0.0963451220861656,0.9926386959896888,0.9514062393567208,0.970408645745748,0.9608134971220016,0.6385877007730796
506,0.0975031018685951,0.9924121264035958,0.9496406887786456,0.9698384282996784,0.9596332930741904,0.6376456501549725
507,0.09643660383902,0.9926141487196254,0.9512231152696048,0.9703373962526164,0.9606851883054393,0.6401932667891844
508,0.0966628171208736,0.9925789173790112,0.9510204837893572,0.9701671358058164,0.960498401551224,0.6281145910601804
509,0.0982048034051553,0.9922950410751702,0.9494081997631872,0.968772713083238,0.9589927116344884,0.6018210915882091
510,0.1045130077990696,0.9912610757282526,0.9415112562821736,0.9660435990784376,0.953619677081055,0.641351581910041
511,0.0979924531479319,0.9923503290803593,0.9493490773106348,0.9694678571017212,0.9593029945857776,0.6396706214990501
512,0.1005936314974971,0.9918183365237232,0.9456482586800464,0.9676387017205312,0.9565171061656758,0.6374530955693813
513,0.0998412908302794,0.9919693348498672,0.9464425812671916,0.9684494692688016,0.9573195682388967,0.6210381850329251
514,0.1072429206034691,0.9907430013020834,0.9380457752030952,0.9641375090113996,0.9509126954781888,0.6378163653472452
515,0.1052996172643394,0.9911012129194088,0.9406567159281805,0.9652037410635416,0.9527721486005608,0.6449945553800778
516,0.0975264965844669,0.9922777584237716,0.9486096625205652,0.9694843958441683,0.9589334386914752,0.6446458253570837
517,0.0964632057752326,0.9924418234505956,0.9500380227641816,0.9697246506116824,0.9597803962640502,0.6400974440764106
518,0.0936120488419592,0.9929021860432312,0.9536238164950872,0.970893659134746,0.962181251518072,0.6322344863084258
519,0.0928786082474662,0.993022017919356,0.954535628599536,0.9712254676550928,0.9628082258833346,0.6362741428839358
520,0.0928320643498743,0.9930306008809168,0.9545124457958504,0.9713483268847004,0.9628567966768744,0.6348905531588164
521,0.0921449750501046,0.993144198093764,0.9553274769654037,0.9717189719163292,0.9634535112518352,0.6385125935624878
522,0.092310681483514,0.9931465326593084,0.9554285466193116,0.9716324388531682,0.963462366681718,0.6373489230846031
523,0.0926202264808708,0.993131872960963,0.9554327484309996,0.971462399907383,0.963380899621104,0.6457097888672068
524,0.0952490004945358,0.992734859491014,0.952502377418008,0.9702615690718428,0.9612999587863192,0.6348218543472866
525,0.0938371087846567,0.9929577075049746,0.9539259043627863,0.9711822011235122,0.9624767116896662,0.6421682279237783
526,0.0940237562272617,0.9929264105939398,0.9537239712294572,0.9710550595409496,0.9623114891241992,0.633848217570914
527,0.0944423056040093,0.9928986155312218,0.953596145357254,0.9708843560921196,0.9621625980204408,0.6392350282428306
528,0.0941866335840962,0.9929161316391748,0.953623738840388,0.9710513678573676,0.9622586511351752,0.6407511615318688
529,0.0942047546155375,0.99289881465593,0.9534506997122508,0.9710498911839348,0.9621698248205642,0.6395700746653329
530,0.0932526763448183,0.9931107314100468,0.9553090215196562,0.9713620599476254,0.9632686637131548,0.6341834363175533
531,0.093147645737949,0.9930918900928288,0.9549375211315072,0.9715645857089316,0.9631793018048228,0.6330849090896546
532,0.093310501372857,0.9931047714015392,0.9551613005092898,0.9714598157288756,0.9632416183581396,0.6380293809652036
533,0.0934896597759329,0.9930814051469864,0.9550311405964864,0.9713416080205812,0.9631173244977476,0.6448340095886731
534,0.1016008163795625,0.9917462671120908,0.9456066138905276,0.9668642603387076,0.9561172947840324,0.5870214180026404
535,0.1254410050380573,0.9877768945795892,0.918829949304544,0.9527305020778272,0.9354731964746072,0.6201494034287928
536,0.1041021455052516,0.9912149268605334,0.9412211478126628,0.9658516315321756,0.9533773341988088,0.6409671563822034
537,0.0964054606801314,0.992443162392599,0.9499829385871588,0.9698023236342468,0.9597903259124668,0.6337555208879855
538,0.0937849019633994,0.9928540321956912,0.9530932169424312,0.9709451950375504,0.9619363871855624,0.6387525165454538
539,0.0923392588152087,0.9930947465024365,0.9550257908455944,0.9714981354044564,0.9631915414366236,0.6399921591596685
540,0.0930610886044639,0.9929767685460084,0.9541979803912706,0.9710925670461422,0.9625711480085328,0.6398341491478746
541,0.0920517233421476,0.9931137045479316,0.9552674518680442,0.9714420218140106,0.9632868447388422,0.6353080300539582
542,0.0931446883264634,0.9929021929096004,0.953527057659357,0.9710023422993992,0.962185359655126,0.6417829245126453
543,0.0914844169328324,0.993225756827698,0.9560861337589672,0.9717922149185956,0.9638751970174004,0.6325447789703696
544,0.0910187595316188,0.9933037519159916,0.956709193477026,0.971977315933395,0.9642828209431124,0.6312929639098595
545,0.0932460065207464,0.9929651575156092,0.9542003360077248,0.970958780433132,0.962506617376952,0.6358633111044687
546,0.0939474257794644,0.9928776113076908,0.9533774192004802,0.970892477796,0.9620552358555168,0.6392957575434449
547,0.0917580162958918,0.9932270751705936,0.9560049301657892,0.9718975755680246,0.9638857474336368,0.6335301573275242
548,0.0911105795488726,0.9933323228784348,0.9568666666908916,0.9721239496052704,0.9644349696788416,0.6438526986032532
549,0.0915735769186088,0.99326767601196,0.9563619366416614,0.9719573808420524,0.9640965940104084,0.6401822468092111
550,0.09254146017563,0.993155527603024,0.9556211202114854,0.9715189564998586,0.963504464191732,0.6355743918599399
551,0.09189436891578513,0.9932224335049816,0.955987336970467,0.9718648672514885,0.9638607195138905,0.6336641260267759
552,0.09140110904310676,0.9933260126850953,0.9569055610740661,0.9720096550815729,0.9643984728566659,0.6278337824617833
553,0.09235721512985744,0.9932026514951766,0.9559925018811404,0.9716361305367501,0.9637508384432079,0.6392853330556865
554,0.0924795612076418,0.9931775892474196,0.9557355754545134,0.971640043721347,0.9636221887228704,0.6375958352333903
555,0.0995179594313498,0.9920582886634816,0.9474964452716332,0.968257206387853,0.9577643350609663,0.6374340258561098
556,0.09448026470411167,0.992831283914371,0.9531113170867155,0.9706675804321869,0.9618093401817314,0.6354334913786348
557,0.09352543893799507,0.9929164886903757,0.9540903996252402,0.9705321694784006,0.9622410547311158,0.6241319539375116
558,0.09508112503095068,0.9927398719405656,0.9524209461462039,0.9704099747518377,0.9613313123456547,0.5927769864583554
559,0.098681941293448,0.992149480913471,0.9481230555966114,0.9685800810339313,0.9582423991169366,0.6382106494646977
560,0.09248512320006065,0.9930943139211736,0.95506548496504,0.971448888345473,0.9631875230415186,0.6425711566463033
561,0.09074656834169258,0.993361978727219,0.9571386575550149,0.972155550416732,0.9645886610925375,0.6418872852156225
562,0.09016254552298313,0.9934712501274399,0.9579547689368021,0.9724794587342133,0.9651624715662485,0.6411943669261284
563,0.0901279330334003,0.993463628457574,0.9579662976221425,0.9723809646162466,0.9651198111074755,0.6312991917534748
564,0.09023970843915888,0.9934596047651943,0.9579191375368857,0.9723879788150522,0.965099331735482,0.6435842455969164
565,0.090332372596474,0.993469293212204,0.9580247879903678,0.9723798571111719,0.9651489482465829,0.6435378484736883
566,0.0907725320740355,0.993389828720891,0.9572614818489122,0.9723326035613229,0.9647381861011852,0.640313482895542
567,0.0906226484761607,0.9934240026406408,0.9575520243538285,0.9723946238454998,0.96491624926812,0.6372081850312428
568,0.1053528598637032,0.9910344031466208,0.9409682266708483,0.9640748242241779,0.952381393482978,0.6438968423574207
569,0.09653152911354312,0.992453441347364,0.9501673392284953,0.9697098838773546,0.9598391491897185,0.6315780046548267
570,0.09198392898165922,0.9931865635920274,0.9557164789835828,0.9717625337825965,0.9636727155457037,0.6326936872178935
571,0.0903066780766566,0.9934481447949186,0.957809058071436,0.9723811122835898,0.9650400790006026,0.6372424047751335
572,0.08927024938434149,0.9935877792799562,0.9589440742550515,0.972694388552355,0.9657702907900959,0.6403231169986121
573,0.08892189960578363,0.9936210399725961,0.9590855511654423,0.9729116810479892,0.9659491435028368,0.6420193065347691
574,0.08866467932574183,0.993691523252932,0.9596755519075004,0.9730518173567605,0.9663173965523385,0.6363561143627446
575,0.09032316843597152,0.9934267217228633,0.9578321873319273,0.9721144988953005,0.9649204959481847,0.6405166144948614
576,0.08970030307394566,0.9935667338582096,0.9586851171592404,0.9727442262807114,0.9656635027372843,0.6389252137079184
577,0.09411929730031131,0.9929918745583551,0.9545093957312818,0.9709144802301484,0.9626420503053894,0.6384139099311582
578,0.09168997188534239,0.9932813469531337,0.9565038710737319,0.9719533938237839,0.9641667467752848,0.6365977579443565
579,0.0899181447038762,0.9935510167389997,0.9586278999755272,0.9726308915947453,0.9655786299905302,0.6388283611003487
580,0.08954914458256831,0.9935948791057593,0.9589865844539281,0.9727271707025629,0.9658080080938428,0.6396990443488634
581,0.09405273737774479,0.992849466060141,0.9542219531843603,0.9696278546681634,0.9618632198489602,0.6318222741319318
582,0.09464924580169667,0.9927324562617772,0.9525487361794547,0.9701821978748306,0.9612846083469563,0.6339552672901477
583,0.09072279549545521,0.9933952600189666,0.9574654395607073,0.9721672899705226,0.9647603581478361,0.6428530005547648
584,0.08971351771045932,0.9935603961993932,0.9586110557123577,0.9727549321630992,0.9656312043643618,0.6392628263549014
585,0.08891956840487693,0.9937109001469513,0.9599447572168698,0.9729725199934199,0.9664147353804795,0.6385974768812261
586,0.09201155530570222,0.9931774656527731,0.9558394686573999,0.9715227958507839,0.9636173230895191,0.6428535809130875
587,0.08931628798248528,0.9936111455345089,0.9590273968774128,0.9728647966664983,0.9658965407890796,0.635241577115797
588,0.08877928583152431,0.993690252974621,0.9596460894832057,0.9730700542736553,0.9663114528155957,0.6375353488597337
589,0.08885329155077179,0.9936870875783974,0.9596703744516168,0.9730077386547918,0.9662930361417655,0.6369875130477901
590,0.08866527474237432,0.9937531420505681,0.9602238096896386,0.973139088756638,0.966638310805226,0.6362150641909496
591,0.08895366672399661,0.993704397695273,0.9597937404801968,0.9730659934217152,0.966384299056128,0.6352539971721903
592,0.08896555290590945,0.9937024888446219,0.9597500685794539,0.9730927212108486,0.9663753419051765,0.6457827098393079
593,0.08868715484633291,0.993749132090927,0.9601188669918947,0.9732096737467251,0.9666199506331965,0.6400804750557043
594,0.08900525214539158,0.993702797831238,0.9597557581397083,0.9730899155313263,0.9663768425391888,0.6402170386937422
595,0.08973406007339199,0.9935980101701365,0.9590411389601468,0.9727020672542055,0.9658232993364536,0.6291311270022911
596,0.08950376207772777,0.9936491577546687,0.9594963447951109,0.9727739074167104,0.9660895078315082,0.6343094710000777
597,0.08869264465120198,0.9937551882286042,0.9601849790582598,0.973204800724397,0.9666510508894907,0.6377556103244697
598,0.08827275950327623,0.9938161478547924,0.960603565669953,0.9734277784127473,0.9669731545214103,0.63541474186094
599,0.0884942756496745,0.993785077533943,0.9604735767554756,0.973222373138247,0.9668059487407201,0.6406431672886829
600,0.0881581590276399,0.9938439497838797,0.9609114960918712,0.9734009029562707,0.9671158789212817,0.6398308236769851
601,0.08869463134315803,0.9937734939690207,0.960398594184522,0.9731749719210546,0.9667445721354154,0.6341775901257857
602,0.09035229402855574,0.9935189301955014,0.9584342186206796,0.9724845532575563,0.965408267293869,0.633663042157505
603,0.08978382305061217,0.9936701825773077,0.9596445287868086,0.9728464859159318,0.9662004122718295,0.6402016242133696
604,0.09190497773853566,0.9933282167896241,0.957648754013888,0.971209667249362,0.9643815403708758,0.6176096737521403
605,0.10606223138437855,0.9909904927152766,0.9407537784012024,0.9638201718906942,0.9521472960044453,0.644521952302591
606,0.09216852744759844,0.9931821897148161,0.955692259297648,0.9717402360137614,0.9636494392052642,0.6398463869744101
607,0.08948350152362594,0.9935761682495571,0.9587363762448572,0.9727935471733665,0.9657138094975625,0.6369783198173861
608,0.08758888893472634,0.9938581288363778,0.9610391390154299,0.9734195828751954,0.9671897438192323,0.6307216131430683
609,0.08684071316216276,0.9939392137908335,0.9617484098823433,0.9735496778046236,0.9676130623258404,0.6379289212904748
610,0.08631414407529205,0.9940343198712945,0.9624314003278833,0.9738663504222843,0.9681151104017963,0.6304922960750386
611,0.08612162174938394,0.9940892027606979,0.9628883426918621,0.9739807187796534,0.9684027679259426,0.6411471373783888
612,0.0859162034399861,0.9941395675791357,0.9633586704824525,0.974030335006995,0.968665111532272,0.6380386587021456
613,0.08913981541991234,0.9936174145296328,0.9591823749049286,0.9727640137047108,0.9659254546486948,0.6324531626418501
614,0.09035120412653727,0.9934497240598458,0.9581214141239334,0.9720527739458102,0.96503681805779,0.6353969649988368
615,0.08880792374608756,0.9936741376059948,0.9595071399271963,0.9730424404804623,0.966227390550303,0.6383327350762689
616,0.08730187217483847,0.9939181203045021,0.9614339666275473,0.973658287135605,0.9675075152826735,0.6368586212471729
617,0.08738646484080621,0.9938997596331315,0.9614038365161384,0.9734856640113125,0.9674070296198376,0.6347486613865296
618,0.08772952231518227,0.9938497999304794,0.9613822714473284,0.9729496315552117,0.9671313649291162,0.629314887719902
619,0.08685346631159027,0.9939856441796919,0.9620533866164124,0.9737353694887964,0.9678591291848236,0.6338345785533681
620,0.08641443732563112,0.9940652528647591,0.9626809351649311,0.9739395195908788,0.9682775013672494,0.6404021569319155
621,0.08615610346519689,0.9941006489982351,0.9628792771884499,0.9741186400782755,0.9684663506276847,0.6334486403196333
622,0.08643407399411039,0.9940734993742266,0.9628025445162609,0.9738988372378056,0.9683189028808759,0.632510341474293
623,0.08977558404850446,0.9935974608605966,0.9593279971212572,0.9723791926081272,0.9658095059612233,0.6441535843000985
624,0.09220408496828816,0.9931856778303944,0.9559756524994144,0.9714635812461293,0.9636573902840775,0.6374607653089194
625,0.08802551581866021,0.9938362182521059,0.9607417757075742,0.9735007999139985,0.9670792060417385,0.6404575473947671
626,0.09571451167140504,0.9925178135590688,0.9518746185780517,0.968510972717277,0.9601207350468401,0.6149746468477549
627,0.09381553519972795,0.9929193382336139,0.95410859181537,0.9705439828658629,0.9622561130965642,0.6415155627904878
628,0.09007252794321921,0.9934343777245753,0.957797177517315,0.9722394254677141,0.9649642666297721,0.633301212822819
629,0.08687686234069385,0.9939319491721685,0.9615865349172451,0.9736458092450979,0.9675785987898422,0.6334773480538511
630,0.08547660767388858,0.994106114628157,0.9628309042491788,0.9742326392672864,0.9684982159252662,0.6410897018018137
631,0.08505705388919484,0.994184610961406,0.9634666040973646,0.9744160421076383,0.9689103898070887,0.6396713080721002
632,0.0855439392809602,0.9941031140247953,0.9628499164471759,0.97417829768496,0.9684809810071566,0.6334568799956458
633,0.08477975428774417,0.9942377909912357,0.9639173981580985,0.9745187447448884,0.9691890819617276,0.6404194050408192
634,0.08514308180365203,0.9942205632707911,0.9638258830554085,0.9744260096533096,0.969096960781247,0.6289235691608721
635,0.0848834854651162,0.9942540162217699,0.9640938051121908,0.9745078173614858,0.969272839618051,0.6345955573582861
636,0.08501247967854678,0.9942574356736557,0.964121146654204,0.9745162344000526,0.9692908209909531,0.6398678822639786
637,0.08541288256993611,0.9942136763024348,0.963852164789346,0.9743204275028655,0.9690580260826772,0.6374944972758557
638,0.0856198812399408,0.9942036926015475,0.9637650553506963,0.9743038149267467,0.9690057814992391,0.6274594396046878
639,0.08566550358379488,0.9942009323211096,0.9638162957456962,0.9742171341962422,0.9689888058960268,0.6293200783157027
640,0.0859102099973092,0.9941734119131617,0.963462794983525,0.9742950287198215,0.9688486352902056,0.6393408699948434
641,0.08652766615741973,0.9940755112204164,0.9626679877069698,0.9740684331815609,0.9683346565348079,0.6339699712158319
642,0.08658262022616837,0.994082075469418,0.9626862562380321,0.9741218887598276,0.9683703123943187,0.6399818246241028
643,0.08660713453247822,0.9940835998033911,0.9628172796213588,0.9739957070149962,0.9683742348503086,0.6329640563595348
644,0.0875500921133182,0.9939356982097782,0.9617534480790433,0.973504786932267,0.967593439072063,0.5908448682499652
645,0.0932251719905318,0.9929435009869994,0.9545821238398342,0.9702869678548867,0.9623704786007613,0.637130447130266
646,0.08989897623604579,0.9935266617272753,0.9588522180194701,0.9721092567046142,0.9654352291846393,0.6351494039879698
647,0.08652873208625711,0.9940512523378614,0.9625331806441171,0.9739444664468786,0.96820520130259,0.6404335682261019
648,0.08569289824302248,0.9941525999479695,0.9633819508081211,0.9741506100580953,0.968736354736791,0.6399427016608121
649,0.08559395918260804,0.994131286737822,0.9631907716738606,0.974121002755768,0.9686250532641099,0.6331192545508685
650,0.08512086291268146,0.9942191350659875,0.9637641653480117,0.9744773240550988,0.9690911375111947,0.6373241710430033
651,0.08440369025891205,0.9943560779342797,0.9649408996134724,0.9747258481938365,0.9698086930612291,0.6432143504971601
652,0.08470503085379978,0.9942850796762501,0.9643801961088603,0.9745429621891861,0.9694349453409835,0.6391806150895883
653,0.08424612936704494,0.9943884803307634,0.9651719443038252,0.974836451033952,0.9699801249147291,0.6346415958082368
654,0.08540277045032532,0.994193537241429,0.963795830923954,0.974156812086513,0.9689486247678962,0.6371375923517328
655,0.08627232655936437,0.9940768776278969,0.9628506365135726,0.9738840705034777,0.9683359251809467,0.632392631390111
656,0.08663776269008358,0.994001093510501,0.9622309445383032,0.9737138838903493,0.9679383590351118,0.6335512582771232
657,0.086412652616771,0.9940476955585906,0.9625810469702423,0.9738523220246729,0.9681838814990723,0.6411180748341481
658,0.0856434054833522,0.9941410850467397,0.9632323433783548,0.9741851642164224,0.9686777939542365,0.6342584574762372
659,0.0848743379142859,0.9943011195148147,0.9645556849196742,0.9745311488017238,0.9695177579067183,0.6369604379496537
660,0.08565771883259789,0.9941581617070607,0.9635570005869527,0.9740218441347565,0.9687611621043034,0.6347886254857117
661,0.08689094545225874,0.9939565307740782,0.9619759778930952,0.9734942287172227,0.9677008299534963,0.6412679735304102
662,0.08655761821503691,0.9940179023824214,0.9622427474760326,0.9738890911931491,0.9680308914198414,0.6401793057427849
663,0.08512055518762242,0.9942811383803015,0.9645054338515474,0.9743627341967147,0.9694090265262321,0.6360225410356363
664,0.08434452397896232,0.9943846145648765,0.9652329545221908,0.9747271033662543,0.9699567968003682,0.6375102557461271
665,0.0845248946290222,0.9943241561836434,0.9646368823302933,0.9747000064087628,0.9696423358406782,0.6389390220589236
666,0.0872180798901714,0.99388579343808,0.9615210972075445,0.9732005922051135,0.9673255914179246,0.6351647384965032
667,0.08511311915307808,0.9942411486457982,0.9640888893954012,0.9743694530608339,0.9692019098764124,0.6420876469795421
668,0.08427971559275182,0.9943625391877425,0.96491001130655,0.9748315041779522,0.9698453842530487,0.6301946774538915
669,0.08522335555163219,0.9942447672223922,0.964211878667387,0.9742759796325386,0.9692178041144608,0.6296015051256297
670,0.08432601536322626,0.9943898673373517,0.9652755827501354,0.9747394335894181,0.9699844247214647,0.6335736808683066
671,0.09134267553311887,0.9932953680791392,0.9573633302761194,0.9711564331721101,0.9642105564096676,0.618811199852536
672,0.09302315492477777,0.9929387425931102,0.9551164124664842,0.9696366408750885,0.9623217567789626,0.6387257405515833
673,0.08759496197533265,0.993869932125116,0.9612409533264379,0.9733302441325119,0.9672478252548192,0.6403163277750111
674,0.08447494579599701,0.994314694326819,0.9646131528873292,0.9746201922097207,0.9695908528512067,0.6387099025663402
675,0.0829771364228331,0.9945019333498566,0.9661214891738004,0.975071980446481,0.9705761002635909,0.6330392662341957
676,0.08237645931863527,0.9946101610619515,0.9670563844467039,0.9752666798385937,0.9711441794808642,0.6338732724372514
677,0.08219132995192739,0.9946172883532315,0.9670564943676642,0.9753459033682625,0.9711835109003055,0.6335815833391196
678,0.08215971857228939,0.9946555958272689,0.9673557817874769,0.9754492705085575,0.9713856679049317,0.6203604250506128
679,0.09046469656951564,0.9933243098255217,0.9574710078889632,0.9713627244506701,0.9643668411765279,0.6303650619281693
680,0.08582547008187222,0.99410517393557,0.9630231858181876,0.9740120242564285,0.9684864350901656,0.6325568481885534
681,0.08407479500491842,0.9943586596891172,0.9648992525576398,0.9747999033664906,0.9698243104131931,0.6370529192718632
682,0.08367254216518762,0.9944106037724821,0.9653816336526632,0.9748556477885781,0.9700955103167505,0.641197980296908
683,0.08311111236111723,0.9944862986270777,0.9658841837300719,0.9751547479923887,0.9704973273661344,0.6361421144840282
684,0.08236547592330537,0.9945772574205127,0.9665746311506834,0.9754208445449764,0.9709775896311125,0.6329346808138021
685,0.08236770027672215,0.9946049563540612,0.9668695610043563,0.9754105078309468,0.9711212555160232,0.6395747570918391
686,0.08252440754779809,0.9945804777476903,0.9666043170152357,0.97542461006223,0.9709944335668951,0.6340971858286892
687,0.08251818962287989,0.9946059588439715,0.9669230189303472,0.9753639187841425,0.9711251273884952,0.6293436014338193
688,0.08232208920254123,0.9946202752238547,0.9669800124499048,0.9754617483990645,0.9712023625347437,0.6407436031924462
689,0.08257822918859746,0.9946091929038875,0.9669383081714157,0.9753834108734553,0.9711425001129338,0.6397849168444805
690,0.08284659357406467,0.994565660122852,0.9665502898810001,0.9753179942403829,0.9709143485864477,0.6379666630459162
691,0.08388139838151795,0.9944105831733744,0.9654634411318146,0.9747666782142529,0.9700927555609212,0.640510471693179
692,0.08464337065949928,0.9943152985673128,0.9646514094308657,0.974585342716707,0.9695929322927683,0.6301537429480429
693,0.08456253598062255,0.9943567508384661,0.9650170821867596,0.974650611682436,0.9698099240505809,0.634087422799802
694,0.0844897890945883,0.9943446042312655,0.9649772696883144,0.9745583195928871,0.9697441300794085,0.638149999104376
695,0.0866130887524044,0.9940331525885223,0.9625982225953028,0.9736708388597837,0.9681028711732538,0.6346545196431715
696,0.08379425665886282,0.9944357415503009,0.9655980263334945,0.9749012769976512,0.9702273505823487,0.6373169543587344
697,0.08307094606671402,0.9945526346203876,0.9664646758794172,0.9752654984998474,0.9708451424826339,0.6337275687767859
698,0.08462341769645326,0.9942958873414472,0.9647636879323107,0.9742466676648979,0.9694819889320908,0.6196255249583906
699,0.08338670354175697,0.9944799472355228,0.9660306180663477,0.9749253467746056,0.9704576016905099,0.6405277424143487
700,0.08239197016780754,0.9946193688631139,0.9669697132712894,0.9754627820704674,0.9711976801742471,0.6381070748181142
701,0.08184446172668136,0.9947020742807121,0.9676532152142558,0.9756456680751178,0.9716330058551944,0.634125760586132
702,0.0827439558296967,0.9945750121177684,0.9666760607763526,0.9752861719279065,0.9709620289536226,0.6374215554189941
703,0.08229860384687246,0.9946247726957124,0.9670373113898775,0.9754499350116023,0.9712254062893207,0.6387720383617901
704,0.08213037987433963,0.9946825119947231,0.967570779890569,0.975516902151779,0.9715275934633377,0.6400258700340229
705,0.08646752656497758,0.993950227447108,0.9622082244842314,0.9731694343956817,0.9676577894715629,0.6438323796938473
706,0.08397089204878258,0.9943968847667236,0.965220151390335,0.9748778717237415,0.9700249737092267,0.6375708540314573
707,0.0823204965605367,0.9946502675247321,0.9672804293544491,0.975471272942706,0.9713585844235998,0.6238594161622115
708,0.08283314598630444,0.9945538774332215,0.9665104484857212,0.9752298368364457,0.9708505654463073,0.6320018855414825
709,0.0818864851251995,0.9947000349690454,0.9676510048536234,0.975625363815417,0.9716218226883137,0.6275718926871936
710,0.08169952967612863,0.994730226394631,0.9679053729896316,0.9756870887649074,0.9717806527399803,0.6385766702025959
711,0.08159405197412205,0.9947363717951084,0.9678679330745494,0.9757957719295604,0.9718156844199044,0.6274325339799433
712,0.08241471173174733,0.9946073458505597,0.9669239864392568,0.9753783163501122,0.9711327516599627,0.6314649865774798
713,0.08167285969306667,0.9947382806457595,0.968048263394152,0.9756227796369096,0.9718207625118102,0.6286995807259104
714,0.08704628109958747,0.993870927748657,0.9620992889315769,0.9724009735412608,0.9672227017478175,0.6336373279644598
715,0.09250279505261415,0.9930206721109833,0.9554002063777306,0.9702444396600225,0.962765108085116,0.6300130242822446
716,0.08887069223435234,0.9935612201637031,0.9589450092220568,0.972394993013858,0.9656231678147094,0.628601413434387
717,0.08647769248019234,0.9939622023950775,0.9622035888492408,0.97330853703305,0.967724205772049,0.6330843935092741
718,0.08269224644189688,0.9945264600208122,0.9663966766374957,0.9750474676674968,0.9707027988229843,0.6322535702689999
719,0.08127614178379877,0.9947228038494733,0.9678991300314617,0.9756112615841339,0.9717398943786564,0.633964985558311
720,0.08044475321691456,0.994851191221682,0.9688751223577416,0.9759885516462103,0.9724188281528421,0.63420515429423
721,0.0799968081640361,0.9949014187127349,0.9692842606076238,0.9761072023565345,0.9726837666577763,0.64010111443805
722,0.08002509129829972,0.994913496656243,0.9693708022339156,0.9761484753789809,0.9727478329986647,0.6354330592033777
723,0.08214708211289036,0.9946264686889168,0.9673219531405464,0.9751616145238511,0.9712259638037496,0.6347454087414642
724,0.08140290438753667,0.9947380815210513,0.9680518302251551,0.9756167252758352,0.971819556198056,0.6420171246477853
725,0.08059875610143803,0.9948481288209972,0.9688705306649472,0.9759594611795844,0.972402076300486,0.6329454498182664
726,0.08075350138405674,0.9948510744934048,0.9689064966563224,0.9759535544858533,0.9724172583223536,0.6320993895666476
727,0.08045662095998045,0.9949084361421068,0.9692937182022312,0.9761749816670994,0.9727221801714416,0.6329834164084504
728,0.08082219784101136,0.994860309760044,0.9689695071823804,0.9759884778125387,0.9724663274555699,0.6341058191735468
729,0.08066120150787152,0.9949047283027126,0.9693293205747436,0.9760956104700872,0.9727006987669325,0.6278640521929324
730,0.08042592163324999,0.9949075229149967,0.9693596247733639,0.9760941337966544,0.9727152229782002,0.6323952554410918
731,0.080966178870512,0.9948585107713009,0.9689695300138508,0.9759684688875244,0.9724564064669048,0.6395258308061106
732,0.08137086360789031,0.9947850680858189,0.9682836587646686,0.9758896145262138,0.9720717587115035,0.6293889487177672
733,0.08189664793153889,0.9947351770468592,0.9680346553385771,0.9756029183792386,0.9718040519602243,0.6268865731699825
734,0.08252818599048493,0.9946367545100511,0.9672891273139071,0.9753114968772787,0.9712837470815057,0.6402577732513438
735,0.08389925699439837,0.9944364487863335,0.9657202110954665,0.9747767195935958,0.9702273314934852,0.6307653415574598
736,0.08368788473308086,0.9944441871844766,0.9658116875706317,0.9747638725347306,0.97026713112324,0.6309664560963171
737,0.08256361477425415,0.9946226647203531,0.9671615895863885,0.9752923001226524,0.9712099281175532,0.6353815557300032
738,0.08138786638222581,0.9947839282685236,0.9683712502147811,0.9757827033696802,0.972062849917719,0.6371705661788174
739,0.08292146925579943,0.9945074745098401,0.9664325507435997,0.9747971715206399,0.970596839854179,0.6266767372300373
740,0.08237546811000906,0.9946193345312676,0.9671485201000463,0.9752693378507727,0.9711919533075143,0.6190241274886191
741,0.08577013124959718,0.9941320145729624,0.9639161033462875,0.9733385135037356,0.9686043940872671,0.6190911247155997
742,0.08272874202552459,0.9945592194684969,0.966680903250882,0.9751050579313755,0.9708747071090098,0.6391208308440142
743,0.08092484734416437,0.9948267057489418,0.9686973722156446,0.9759074822747504,0.972289060599798,0.6349735137434256
744,0.07999294847517992,0.994941264253484,0.9696254566093091,0.9761836940403528,0.9728935232444695,0.6362130005674768
745,0.08051967619509577,0.99489059044843,0.9694856784115158,0.9757709638158896,0.9726181669747174,0.6273317323704866
746,0.08195097256693051,0.9946612811810067,0.967618239136125,0.9752295415017591,0.9714089812961462,0.6364911982564428
747,0.0800460592957495,0.9949676448441367,0.9700305923944098,0.9760425240601786,0.97302727200828,0.6351284802541399
748,0.07934446652292562,0.9950466012241254,0.9704431292599269,0.9764770352177754,0.9734507320811578,0.6374332747166043
749,0.07992243440486758,0.9949565556578004,0.969806588229633,0.9761593289287118,0.9729725890978691,0.6400335142810943
750,0.0798851217163338,0.9949731722713817,0.969915544865094,0.976227034405605,0.9730610553131975,0.6420248505272617
751,0.07964839607396786,0.9950246357088993,0.9702649265062311,0.9764240226415384,0.9733347312440064,0.6320547626152715
752,0.07943497135860028,0.9950647353053106,0.9706619706638789,0.9764441792338959,0.9735444894036287,0.6455765304087348
753,0.08007238140637926,0.9949624195371386,0.9697687852199267,0.9762649110791559,0.9730060056725433,0.6328069517518015
754,0.08015804622563527,0.9949617466329522,0.9698285948007026,0.9761933662513375,0.9730005720320695,0.6270696796952748
755,0.0801833410405641,0.9949483915447639,0.9696293528680814,0.9762586352170666,0.9729327016699576,0.6418977092490773
756,0.08120209363242276,0.9947804744847916,0.9683553272816453,0.9757614392722481,0.9720442764867165,0.6302448824222426
757,0.0805825754571304,0.9949069049417644,0.9693401505925753,0.9761081621942659,0.9727123837904839,0.6272941855951686
758,0.08139830347981385,0.9947848346292644,0.9685119612725532,0.9756414595558344,0.9720636379515921,0.6228295116731568
759,0.08111914099870826,0.9947978738644673,0.9685372884583053,0.9757591504284273,0.9721348070620873,0.6304769126398618
760,0.07994042931245171,0.9949748545318476,0.9698883038032101,0.9762748786248272,0.9730711120470299,0.6346567895650458
761,0.07965611076156656,0.9950290095861106,0.9702690762062224,0.976468101343507,0.9733587189493187,0.6355997230131212
762,0.07975826259675643,0.9950124067052677,0.970065400589798,0.9765019171651178,0.9732730173894275,0.6233642694672994
763,0.07997442566849988,0.994997712675076,0.9701688646756594,0.9762281419106795,0.9731890718050181,0.6366253208007971
764,0.079666176495953,0.995021971557631,0.9702610437509277,0.9763986238584945,0.9733201582845872,0.6385908480185406
765,0.07939519433693278,0.9950636366862309,0.9705004929510241,0.9766046198023679,0.9735429882325899,0.6361988924573997
766,0.08022202885703003,0.9949224710008507,0.9694164803466132,0.9761991252777253,0.9727959802630161,0.6369953678973345
767,0.08025233434821419,0.9949242219250092,0.9694637955390294,0.9761678198009504,0.9728042577082833,0.6361358253440318
768,0.07974090451950865,0.995007826836979,0.9700933143871582,0.9764212169620161,0.9732469800203185,0.639246946317546
769,0.07966084731407731,0.9950195545956555,0.9701651337947513,0.976474451039268,0.9733095677497414,0.6387580945045225
770,0.07977454393780489,0.995027444053922,0.9702739612258278,0.9764455082399854,0.9733499521234589,0.6332881900940766
771,0.07958539350882923,0.9950657583943286,0.9707388547095005,0.9763733727427939,0.9735479611931243,0.6390581661631459
772,0.08620862058437556,0.9940101708506476,0.9630128676345656,0.9729609281069725,0.9679613386644977,0.6308451635882563
773,0.08682991674156498,0.9939474122357161,0.9623937003457489,0.9729350863218988,0.9676356848221065,0.629445854387798
774,0.08222996464950576,0.9946182496449263,0.9670794675951515,0.9753318011369795,0.9711881043480971,0.6360808448156641
775,0.07957336978598249,0.9950002463653287,0.9700617875105001,0.9763708623979582,0.9732060999855056,0.6433522852623732
776,0.07862605021851098,0.9951267523523631,0.97103712861712,0.9767309492145426,0.973875716674245,0.6300729605806624
777,0.07831028215721142,0.9951676072493918,0.9713608931709202,0.9768381557057628,0.9740918249158279,0.6386095945999991
778,0.07776714766920685,0.9952522352503796,0.9720926740496146,0.9769956429273692,0.9745379917325767,0.6370665684062946
779,0.07781983597753503,0.9952189882904784,0.97172761566406,0.9770163163554282,0.9743647895011882,0.6370330206322845
780,0.07784995900319634,0.9952286149401648,0.9718316200007726,0.9770121078361448,0.9744149784371271,0.6308728864716232
781,0.07812115050209083,0.9952183497181383,0.9718085659189871,0.9769229905944763,0.9743590668808949,0.6374855560097081
782,0.08293509944978593,0.9944310586864734,0.9660980715637095,0.9743075066103286,0.9701854229176619,0.6250117846646913
783,0.08059948636553914,0.9948725730955219,0.9691567086616771,0.9759237256825111,0.9725284458030156,0.6406075166581927
784,0.07980578616529489,0.9949514470790795,0.9697065330242025,0.9762098311601131,0.9729473150046963,0.635320236375192
785,0.08005174376713715,0.9949045497771122,0.9693897664789333,0.9760287909972537,0.9726979504184408,0.6355014046754742
786,0.0807260094853721,0.9948057633227338,0.9688011672259049,0.9755632696975685,0.9721704598559504,0.6405896552229832
787,0.07870053982348751,0.995080411226305,0.9706333849187219,0.9766485508369933,0.9736316774355338,0.6322050520513129
788,0.07811880693938449,0.9951895384327716,0.971582153114823,0.9768451699045685,0.9742065533806417,0.6370149316530054
789,0.07741645601638358,0.9952582570562106,0.9720178430896587,0.9771419812645582,0.9745731767643149,0.6344934835606733
790,0.07779345207130738,0.9952239595418143,0.9718715977823876,0.9769179699048047,0.9743882500771958,0.6422305213644468
791,0.07734568937004899,0.9952739810417897,0.9722233997090624,0.9770972380595447,0.9746542259153466,0.6352930854500327
792,0.0776740542659871,0.9952534849295829,0.9720881918870693,0.9770142490126223,0.9745449955233629,0.6344860838289152
793,0.07752274244809322,0.9952695728327322,0.9721850396983488,0.9770892640230078,0.9746309825349501,0.6348777479335905
794,0.07849432166880198,0.9951274046574418,0.9711219864591638,0.9766475909992619,0.9738769509680406,0.6287890592965681
795,0.08139591297576967,0.9947240466623073,0.9681009630533967,0.9754077759850962,0.9717406341770413,0.6410083530728701
796,0.08712970258386658,0.9939337275618039,0.9623406756286755,0.9728399147191559,0.9675618135887787,0.6314849403406688
797,0.08154733133964616,0.9947026579220982,0.9677909184036355,0.9755037597582272,0.9716320331362309,0.6190569048307724
798,0.07960624905075316,0.9949810342641713,0.9699124876947396,0.9763175544870346,0.9731044815144433,0.6323565143912446
799,0.07773918417289102,0.9952245981141544,0.9718282612094878,0.9769712039820566,0.9743929464023146,0.6366199485146896
800,0.07694173857516093,0.9953321460556939,0.9726796805978744,0.9772556851188825,0.9749623134964641,0.6320094886435047
801,0.07669120905049842,0.9953366984585056,0.9727755088210994,0.97720422304975,0.9749848367780959,0.6324013173897391
802,0.07698347775948991,0.9953243252611198,0.9726782273574761,0.9771707025628258,0.9749192896019063,0.6360751704367714
803,0.07762732298495315,0.9952319039310349,0.9720148079066504,0.976853439275792,0.9744281169374723,0.6314887509038072
804,0.07858697503215546,0.9950868656133985,0.970771645355418,0.9765723544878616,0.9736633604038037,0.6406311737579593
805,0.0772847188033646,0.9952658169287533,0.9720889612302205,0.9771499553010952,0.9746128880959449,0.6326219947372711
806,0.07680190946880004,0.9953571945707124,0.9728329032399357,0.9773699796425801,0.9750961637692618,0.6280671852985248
807,0.07690461160172876,0.9953343707593304,0.972706245169855,0.9772520672689722,0.9749738575167631,0.6366170467217066
808,0.07760446789346152,0.9952563825374058,0.9721374743454414,0.9769938709192499,0.9745596226071025,0.6424305755418782
809,0.07833307348995758,0.9951239371409712,0.9710798967030623,0.9766540883623662,0.9738590161835585,0.6340962201968251
810,0.07843378117214218,0.9951373540264828,0.9711824752846913,0.9766932940420067,0.9739300892166746,0.6341213572562272
811,0.07843163022570473,0.9951393933381497,0.9712385267481106,0.9766560818715004,0.9739397705594206,0.627735718658836
812,0.07742526053229896,0.9952590604214127,0.9720311883267203,0.9771366652402002,0.9745772403673914,0.6354484712645991
813,0.07685559666414055,0.995355498577508,0.9729091494852465,0.9772702303521955,0.9750848136938658,0.6356340893902631
814,0.0770302470505452,0.9953248677042904,0.9726230880803917,0.9772353070255101,0.9749237426533409,0.6335847593120184
815,0.07709951759751538,0.9953284656817767,0.9727019492056204,0.9771913021572132,0.9749414576318556,0.6224115131798786
816,0.0772028982692914,0.9952970863743109,0.9724744969569773,0.9770858676741123,0.9747747285885722,0.6368172059803986
817,0.0769088159067382,0.9953646651804547,0.9730026118489582,0.977272371528673,0.9751328177715789,0.6311988030439152
818,0.07751226226176075,0.9952703487324572,0.9722105247381951,0.9770707317714263,0.9746345691978309,0.6327440407315087
819,0.07689613153447779,0.9953550247980298,0.9729152691427153,0.9772584907984049,0.9750820435875828,0.6302065912812143
820,0.07792442184772423,0.9951705323226917,0.9714416041711658,0.9767844786264811,0.9741057151681315,0.6216498579529607
821,0.08098125333140652,0.994790183530909,0.9686475755358659,0.9755551479936881,0.9720890907817455,0.6325398875123462
822,0.07809974489693376,0.9951988286303648,0.9716819542128615,0.9768416997220014,0.9742549953917241,0.6375350502806326
823,0.07699989708368297,0.9953208852101263,0.9725955956485572,0.9772204664575106,0.9749025460664202,0.6358479235130925
824,0.07823203015643701,0.995133378398688,0.9712340469401494,0.9765942092546668,0.9739067528732458,0.6382040219426584
825,0.07908852739433805,0.9949959068199635,0.9704445848723069,0.9759132413011383,0.9731712304800779,0.6279517296877967
826,0.07965539216244821,0.994896976171831,0.9693273320709671,0.9760116615854334,0.972658012901439,0.6372140949285664
827,0.07764327879861105,0.9952150195290528,0.9718020863600401,0.9768930141237907,0.9743409002674044,0.6367424952698953
828,0.07672714914376144,0.9953772924335028,0.973164084089551,0.9772406230498681,0.9751980933846736,0.6314907521172094
829,0.07648126938440603,0.9954052248236057,0.9733128000991125,0.977391686742042,0.9753479789826888,0.6275497727730597
830,0.07634775719116274,0.9954212097312163,0.9735079115980216,0.9773614887703416,0.9754308941741483,0.6291318271284335
831,0.07604719717189562,0.9954653536191149,0.9738077669577283,0.9775316015497983,0.9756661310676049,0.6202587090106398
832,0.07602862560143359,0.9954282271605882,0.9736122273788541,0.9773284851191189,0.9754668167842802,0.6379411489156925
833,0.07578768964401252,0.995508955063843,0.9741985976553423,0.9775995285277064,0.9758961000979024,0.6358767918633983
834,0.07577342763811136,0.9954922560538306,0.9740067325900051,0.9776181346129594,0.9758090922255881,0.6337504256083891
835,0.07635615794189113,0.9953938953143456,0.9731597410671222,0.9774288250788765,0.9752896113860492,0.634717504756505
836,0.07656570133357811,0.9954038034851713,0.9732875472512691,0.9774027617927878,0.9753408137533671,0.6330097406628458
837,0.07746262138830029,0.9953178228094415,0.9726510352710349,0.9771276575322602,0.9748842073192112,0.6387291343133806
838,0.07779966937981063,0.9952446891105756,0.9721917892877753,0.9768066287279729,0.9744937454982935,0.6239307892007173
839,0.10069748032972109,0.991894951471798,0.9485701912637579,0.9651770871080798,0.9568015844813346,0.6339242897105558
840,0.0832559076479549,0.9944328027442626,0.9658352835262454,0.9746114060027956,0.9702034987347019,0.630238178680698
841,0.07914383980117255,0.9949949111964226,0.9701111228011944,0.9762588567180814,0.9731752807544872,0.63280201688808
842,0.08370474533667024,0.9941911477449306,0.9650846523460203,0.9727296810473985,0.9688920861849086,0.6333792109949721
843,0.07745132348064682,0.9951616884390996,0.971330149017999,0.976805373555555,0.974060067242038,0.6275910622707571
844,0.07584390440191939,0.9954134987985501,0.9734347593452329,0.9773538100684911,0.9753903481042971,0.6265549943816261
845,0.07497917211500646,0.9955384255206575,0.9743535617800829,0.977761076601253,0.9760543451959475,0.6308898855936028
846,0.07455050803908556,0.9955991448239221,0.9748670960077462,0.9778886611858456,0.976375540911683,0.6379321531337593
847,0.07457710157329445,0.9956110923064145,0.9750102899282528,0.9778693167638761,0.9764377105303018,0.6360333535306635
848,0.07415376748996887,0.9956762198187367,0.9754891138902704,0.9780826960749134,0.9767841833492958,0.6288987318766377
849,0.07411274419789263,0.9956911679045907,0.9755550860871179,0.9781780153449996,0.9768647900462194,0.6412645555214209
850,0.07442549113586223,0.99564000658732,0.9751253127205127,0.9780669695028542,0.9765939259317691,0.6328931876996247
851,0.07485585271132936,0.9955990280956449,0.9747899011239666,0.9779689183869174,0.9763768220957021,0.6322793386190855
852,0.07563027058788341,0.9955138439187479,0.9741905993561905,0.9776619918139131,0.9759232086291899,0.6355801077402837
853,0.07659989527071552,0.9953696913627447,0.9729702017538134,0.9773623747744012,0.9751613426501964,0.6338497709566339
854,0.07646817774947384,0.9954448918387544,0.973627386235106,0.9774966043894413,0.9755581588443716,0.6335788008395421
855,0.07676586242754468,0.9953333820021586,0.9728137432459233,0.9771269191955437,0.974965560950763,0.6398349849930215
856,0.07600867326150267,0.9954649004387445,0.9736993511922752,0.9776414660531975,0.9756664266762103,0.6359831911742486
857,0.07640703776918298,0.9953930988155129,0.9733317498026408,0.9772375220356593,0.9752807255077239,0.6355835979595448
858,0.07574621575261406,0.9954968153230116,0.9740243203620322,0.9776498830917644,0.9758337341809513,0.6255809938573091
859,0.07539575093378909,0.9955605901605917,0.9745434711644851,0.9778050076358783,0.9761715150862926,0.6290633978193043
860,0.07596664306231969,0.995489255450469,0.9739816290977343,0.9776115634161836,0.9757932204450308,0.6377049796316836
861,0.07581611316677907,0.9955065861664523,0.9741625660034313,0.977611489582512,0.9758839805463345,0.6240866052910872
862,0.07926083196678178,0.9949605106864875,0.9698896872233762,0.9761142165553403,0.9729919969336335,0.6336037299717634
863,0.08163134562749443,0.9945717711914831,0.9672236464772201,0.9746588810536596,0.9709270294560975,0.6291812149702363
864,0.07756256877625589,0.9952560460853126,0.9721221124849554,0.9770064964771001,0.9745581845136554,0.6374588699468344
865,0.07653074150757609,0.9953825040077624,0.9731161879809187,0.9773490847135061,0.9752280432342256,0.6337258923262622
866,0.07539632001208316,0.9955184443861443,0.9741563609458532,0.9777490417127758,0.9759493949818154,0.6261449772202642
867,0.07528544936275525,0.9955655888774047,0.9745102678963626,0.9778953062162931,0.9761998526034202,0.6306618946598462
868,0.07496248995684249,0.9955853022235172,0.9746824935729715,0.9779308940460232,0.9763039917626661,0.6326169134522579
869,0.07437125963272809,0.9956810537426876,0.9755109726141565,0.9781129678802855,0.9768102374727539,0.6219202051592755
870,0.07440808773871592,0.9956953701225707,0.9756135513163559,0.9781627317749704,0.9768864785300285,0.6340164820538481
871,0.07440644116710415,0.9956773115714471,0.9754505389237429,0.9781354133164638,0.9767911311665971,0.6143652404115372
872,0.07794770602431657,0.9951612901896831,0.971430541605816,0.9766938847113797,0.9740551030427673,0.6363075367983403
873,0.07684949937564649,0.9953529992191016,0.9729120398782758,0.9772395155447936,0.9750709762781301,0.634428247542284
874,0.07584285781645089,0.9954834190366078,0.9739500176653063,0.9775805532740951,0.9757619084309285,0.6305299162726495
875,0.07513499623767549,0.9955657330711589,0.9745746965287602,0.9778287820781462,0.976199027499034,0.6356325521055723
876,0.07467454172027625,0.9956451975624718,0.975159573724128,0.978088085932943,0.9766216344633665,0.6354645123909369
877,0.07508444207847761,0.9955770007830956,0.974613246813567,0.9779124356281134,0.9762600538959584,0.6354582407367103
878,0.07472107696795849,0.9956347606812141,0.9751039079335443,0.9780316770078107,0.9765655980936413,0.6313661569316472
879,0.07448744123948993,0.9956945118264147,0.9756183704988469,0.9781481865416574,0.976881640666132,0.636497541033712
880,0.07474697682765319,0.9956376720217756,0.9750997188997311,0.9780682246752721,0.9765817159583067,0.6372517602008372
881,0.07474263744736961,0.9956617111805145,0.9753474339282647,0.9780720640261974,0.9767078488197947,0.6406912886546561
882,0.07479739430353796,0.9956368205919887,0.9751034784817022,0.9780548607807055,0.9765769397409538,0.6304378505209135
883,0.07507864491705843,0.9955938851850777,0.9747759321511743,0.9779269070277546,0.9763488773074352,0.6375558925206914
884,0.07487213166041982,0.9956199361900067,0.9749628028353384,0.9780170579408262,0.9764875421211993,0.629353029969928
885,0.07505212574125193,0.9956182745286485,0.9749966894025032,0.9779629378595146,0.9764775609910193,0.6234260845641109
886,0.07725450095030473,0.9953189488939982,0.9729240709160716,0.9768501167605683,0.9748831411149558,0.6438188425621196
887,0.0780913231813972,0.9951709443048465,0.9714657559183696,0.9767632883627206,0.9741073197404779,0.6334913587224641
888,0.07576885144728765,0.9955231409827103,0.9741935887287804,0.9777615196032828,0.9759742932993573,0.6374444028515731
889,0.07457997008702523,0.9956811292727493,0.9755165949640546,0.9781078733569424,0.9768105156307048,0.6357494389185151
890,0.07421280542160753,0.9957130098251702,0.9756919243629955,0.9782746636211754,0.9769815870688153,0.6366437826625253
891,0.07427416907342003,0.9957169991857036,0.9758118087527013,0.9781923390772976,0.9770006238350105,0.630214764184782
892,0.07409436294554378,0.9957476025934442,0.9760426003617212,0.9782866985096526,0.9771633610201419,0.6319651486308391
893,0.07410508750019956,0.995743839823096,0.9760210137121278,0.9782679447570563,0.9771431875373998,0.632555743226982
894,0.08288617399956683,0.9943572040188365,0.9662671082260221,0.9733018181689308,0.9697717059442261,0.6307963996205787
895,0.0814657818003417,0.9946705233140152,0.96788759485529,0.9750422254768105,0.9714517370862007,0.6221167579287687
896,0.07732151080217721,0.9953056624695024,0.9726042600324201,0.9770428226435467,0.9748184889266449,0.625625154624776
897,0.07491857531688197,0.995591818407934,0.9747336560050571,0.9779487617945599,0.9763385620522865,0.6331310338504818
898,0.07423829059485051,0.9956778746137255,0.9753596845445979,0.9782374514506692,0.9767964484351574,0.6312295455411555
899,0.0741273628065376,0.9957134698719098,0.9757414405825695,0.9782275577386695,0.9769829175647705,0.636015595352126
900,0.07362594844089995,0.9957722185272001,0.976229756087678,0.9783610490169933,0.9772942405675512,0.6314719259521854
901,0.07322845363440059,0.995829854830672,0.9767075388439224,0.978493728124929,0.9775998175908904,0.634768170323922
902,0.07311716872073121,0.9958416031884563,0.9767236843462741,0.9786061768068355,0.9776640243924029,0.6305550881202513
903,0.07348677246637053,0.9958118306113947,0.9765526128888634,0.9784579926278556,0.9775043742539464,0.6333731208977025
904,0.07330729457275044,0.9958528022367006,0.9768913523174875,0.9785533857316134,0.9777216627005577,0.6369605968876961
905,0.0734333495723365,0.9958238124257334,0.976592077467033,0.9785485127092852,0.9775693162227833,0.6374684061648376
906,0.07443950274329392,0.9956885655506454,0.9756276743826365,0.9780728023629137,0.9768487082889903,0.6309565699122961
907,0.07405559311908998,0.995757407768731,0.9761824698687238,0.9782475666636837,0.977213927251255,0.6385156270557782
908,0.07433091181752494,0.9957214829248228,0.9759275228883348,0.9781199082454196,0.9770224856700289,0.6368557275825446
909,0.07397063472475722,0.9957526974394265,0.9760152980255665,0.9783716072320376,0.9771920321851167,0.6377797019812201
910,0.08046689795718777,0.9947676412406661,0.9693195079013326,0.9745838660432742,0.9719445586687524,0.6381233499513567
911,0.07754118303038018,0.9952330712138071,0.9721438462262592,0.97672902953908,0.9744310440198185,0.6324035320109528
912,0.0747443469469067,0.9956268712229476,0.9750674576197573,0.9779830944518721,0.976523099712696,0.6313247697120289
913,0.07406372057689393,0.9957380652065579,0.9759801853600519,0.9782472713289972,0.977112413329025,0.6334917761500459
914,0.07364899386390508,0.9957971640466798,0.9764462459758444,0.9784082287331707,0.9774262527859912,0.6346989921747196
915,0.07376233472910931,0.995788491822319,0.9763003553631682,0.9784661143317359,0.9773820350847227,0.6299197828049683
916,0.07327055644324358,0.9958443909343712,0.9768441323093039,0.9785103407010478,0.9776765265954273,0.6348039590825227
917,0.07302946861994138,0.995878152871966,0.9770638472182182,0.9786514368475503,0.9778569976546223,0.6309236850087087
918,0.07369968666286349,0.9957985922514836,0.9765323530157413,0.9783334352238002,0.9774320644216044,0.6344927950094904
919,0.07382007414917294,0.99579241251916,0.9764116235356186,0.9783922806600966,0.9774009486717246,0.6394176520805953
920,0.07394927705256202,0.9957380446074502,0.975834857683165,0.9784001070292904,0.9771157987039734,0.6420287358721064
921,0.07350365110009695,0.9958254191561375,0.9766689092542074,0.9784854587537053,0.9775763401186504,0.6310694504247074
922,0.07499815463322959,0.9956347950130604,0.975250781842017,0.9778770692993982,0.976562159842518,0.6448136331446058
923,0.08320704952766783,0.9943784966298761,0.9659911974287323,0.9738373337893301,0.9698983977488573,0.6390530655598465
924,0.08074839080167974,0.9947694196303015,0.968615195373954,0.9753591934291577,0.9719754963282605,0.6447970300828575
925,0.07605564331622433,0.995453639593177,0.973637519216721,0.9775825467832293,0.9756060449202164,0.6349006332612622
926,0.07429739397367556,0.9956911129736367,0.9755049314173863,0.9782302895845202,0.9768657096350991,0.6328948503548922
927,0.07365749643030141,0.9957687304116218,0.9762701316645251,0.9782801273128767,0.977274095981763,0.6403044273483254
928,0.07268998970230706,0.9959046433245268,0.9772535346198229,0.9787440242717859,0.9779982115618128,0.6365284615695651
929,0.07245185224191962,0.9959355007879296,0.9775445870677723,0.9787784307627697,0.9781611198255732,0.6368295262511596
930,0.07247487090447609,0.9959308385232098,0.9774756460888855,0.9787993995255153,0.9781370749348103,0.6352146435024053
931,0.07223213778929316,0.9959835310408229,0.977923763849233,0.9789096331972726,0.9784164501785616,0.6377237938015169
932,0.07243339815880541,0.995963666634587,0.9777325369031835,0.9788913962803778,0.9783116234100804,0.6277914792581775
933,0.07268897660425026,0.9959389339725538,0.9775266118742066,0.978835061188917,0.9781803989745311,0.6362635777120613
934,0.07275478465469193,0.9959293347883444,0.9774980269415482,0.9787593816754868,0.9781282976606608,0.629749918327584
935,0.07581245144092136,0.9954502201412913,0.9740223715319372,0.9771371820759016,0.97557729057856,0.638664610317086
936,0.07589469299309974,0.9954542369673016,0.9738087603430657,0.9774077086487877,0.9756049154308427,0.6342302903012709
937,0.07427971218478122,0.9957048457121337,0.9757210466818195,0.9781539455680452,0.9769359814433345,0.6372787264909155
938,0.07354753938161855,0.9958321001334163,0.976760241776566,0.9784630871511987,0.9776109229418457,0.6374073703220354
939,0.0734874108042434,0.9958314409619684,0.9766254591305301,0.9785974644335821,0.9776104673161902,0.6377003144092022
940,0.07327071729404248,0.9958840030185658,0.9771862829126231,0.9785873492205674,0.9778863142225253,0.6350918293781844
941,0.07345502637996734,0.9958330682914803,0.9766461672616747,0.9785936250826568,0.9776189263187546,0.6353942631389123
942,0.0733633861414713,0.9958363160841349,0.9767586932322032,0.9785111528714358,0.9776341377088671,0.6366204775679226
943,0.07378332259924077,0.9957968138618483,0.9764271300322046,0.9784244721409313,0.9774247807084752,0.6314492745539909
944,0.07574752745680886,0.9955254343500394,0.9746221332066132,0.9773337273098052,0.9759760468286888,0.632228076882721
945,0.07446322782407347,0.9956972789732218,0.9757279762021824,0.9780632039856006,0.9768941945279642,0.6301794845866189
946,0.07343820545473974,0.9958560912275706,0.9769460235209546,0.978532195467853,0.9777384661884798,0.6368560233163879
947,0.07300231612468366,0.9959036683000935,0.9773356414268525,0.9786471544945953,0.9779909582670491,0.6393253763486436
948,0.07269881040581481,0.9959329464985691,0.9774632711372752,0.9788355780246185,0.9781489432571977,0.6325012238098602
949,0.07237268339762155,0.9959788001124107,0.9779191165964853,0.9788624534810951,0.9783905576540654,0.6334071772201368
950,0.07264232674358989,0.9959482035710393,0.9776502031085719,0.9788075212293956,0.9782285198704469,0.6336555158987944
951,0.07529671628215759,0.9956203687712692,0.9752680935332019,0.9776996469864492,0.9764823565501842,0.63601798904273
952,0.07507479224997245,0.9956089911974245,0.9749520335457855,0.9779076364394569,0.9764275983781323,0.6239134311322355
953,0.07487711188443702,0.9956429728588354,0.9753272875517619,0.9778865938430397,0.9766052639612391,0.6401003280846103
954,0.07372441832914198,0.9957680369083277,0.9761775386474544,0.9783699090575899,0.9772724942870744,0.6298297929173349
955,0.07363385080004768,0.9957841248114769,0.9764215323627378,0.9782905378605778,0.977355141583244,0.6276737174157245
956,0.07302208232740276,0.9958659582001806,0.9769947325190124,0.9785897118980599,0.9777915717740262,0.6334556768157905
957,0.07538385876193107,0.9955265055036422,0.9744138219630806,0.9775657127060956,0.9759872226318698,0.6296527172032222
958,0.07375653113553421,0.9957707353914423,0.9762871359243153,0.9782843358321601,0.977284715499211,0.6319134043740509
959,0.07252886389522888,0.9959411243443441,0.9775250983191694,0.9788607553066475,0.9781924708753477,0.6368383514400678
960,0.0723684522182607,0.995968170972814,0.9778626588782197,0.9788046417162016,0.978333423551543,0.6316220731891905
961,0.07209354907059841,0.995994695757221,0.9779781598268977,0.9789754928323748,0.978476572191496,0.6296832196453601
962,0.072115350005438,0.9959854192923663,0.9779687020875332,0.9788833484101691,0.9784258114928098,0.6317624862529587
963,0.07200589064481876,0.996008483426672,0.9781590761842833,0.9789377638261672,0.9785482650935133,0.6328901725864751
964,0.07244247994754169,0.9959531542232675,0.9776514618558264,0.9788606814729759,0.9782556979861473,0.6316465556752894
965,0.07243748199489476,0.9959650811066522,0.9778083507884934,0.9788275301544098,0.9783176750345888,0.6362558241498179
966,0.07221135816690948,0.9960018779794549,0.978102638873028,0.9789241784305855,0.9785132362149146,0.6358935714820362
967,0.07218916024744725,0.9959839430229779,0.9779577050774119,0.9788786230551841,0.9784179473670499,0.6316539052695405
968,0.07232953382910584,0.9959618745122131,0.9777537415000103,0.9788494587548867,0.9783012933211674,0.635372895691219
969,0.07240716506653339,0.9959620049732288,0.9777533498559831,0.9788513045966777,0.9783020191659846,0.6326736856501596
970,0.07233212825929304,0.9959803931100764,0.9779850015436659,0.9788109914119626,0.978397822147106,0.6351166968136043
971,0.07206998944362934,0.9960132280878228,0.9782013230818968,0.9789457378627042,0.9785733889005769,0.6327040429855875
972,0.07233068988182777,0.9959918942785676,0.9781465738665283,0.9787683893834268,0.9784573828331179,0.6306160689809731
973,0.07358979376153552,0.9957995810086554,0.9766221723609501,0.9782499293411763,0.977435373161514,0.6383372009453254
974,0.0756167107121014,0.9954853553527359,0.9741174005096858,0.9774247642269364,0.9757682798014602,0.6387765847732335
975,0.07398780673179481,0.995746744297288,0.9760444136916384,0.9782753281242201,0.9771585975801572,0.6326870106212185
976,0.07240969224049033,0.9959867856998467,0.9779831285865843,0.9788832745764975,0.9784329945508509,0.6361348481643418
977,0.07202122927971667,0.9960319183449172,0.9783464835632272,0.978999414941986,0.9786728403501929,0.6292035375351278
978,0.07172271972455138,0.996053382615188,0.9784283436930493,0.979149814131115,0.9787889459621943,0.6306365832153271
979,0.07237823743024747,0.9959645661289586,0.977795259399252,0.9788355780246185,0.9783151421490749,0.6213095277958897
980,0.075436949629417,0.9955326783695966,0.9744954780064586,0.9775475496228724,0.9760191278167598,0.6406730247132626
981,0.07334862796174323,0.9958332948816655,0.9767509821260503,0.9784859755894069,0.9776177090783148,0.6322048741309154
982,0.07247946923598647,0.995978449927579,0.9780255202357985,0.9787471991196663,0.9783862265962543,0.634438352975369
983,0.07215262383972998,0.9960066089078672,0.9782260951128544,0.9788470222437226,0.9785364601764751,0.635398757084246
984,0.07182282246247255,0.9960281418418305,0.9783179344199083,0.9789877492218669,0.9786527272113321,0.6345155718718546
985,0.07153296400290385,0.9960845284660993,0.9787781583533333,0.9791265565245486,0.97895232644119,0.6319819157830162
986,0.07798972250156694,0.9950852314175175,0.9715794688358328,0.9756926262902803,0.9736317035208738,0.6365763337518764
987,0.0746110046630819,0.9956489260009738,0.9754476164086967,0.9778253857292507,0.9766350538091858,0.6322313291185093
988,0.07255610457132403,0.9959391811618468,0.9777203363994116,0.9786347504377598,0.97817732971683,0.6337440804332516
989,0.07160819021033511,0.9960573445102444,0.9785683006087856,0.9790470376601932,0.978807610596645,0.6350737621934832
990,0.07133017870322834,0.9961079084533905,0.9789983863992756,0.979153505814697,0.9790759399629192,0.626868021472554
991,0.0707758822806662,0.9961537689336012,0.9792853562716579,0.9793578774177943,0.9793216155021344,0.633662670140285
992,0.07085004290766853,0.9961575729021649,0.9794203440729071,0.9792588664641262,0.9793395986122408,0.6323761498080084
993,0.07101207260685645,0.996155670917883,0.9793913184614614,0.9792682433404243,0.9793297770341439,0.6357135173548203
994,0.08179557615582891,0.9947489441172025,0.9690166275623919,0.9747008185791507,0.9718504116704751,0.6168891815430816
995,0.0780271800409118,0.9951564288002552,0.9716408967625398,0.9764158271039864,0.9740225099579366,0.6334969471525068
996,0.07421925123244953,0.9956865262389787,0.9757100373275251,0.9779635285288877,0.9768354832682521,0.6362063669790504
997,0.0725380165046818,0.9958952707305025,0.9772215493672558,0.9786743991194301,0.9779474346511412,0.6358154730830273
998,0.07117011148830969,0.9960944778351404,0.978840573334778,0.9791707090601889,0.9790056133657753,0.635924186569597
999,0.07065262161061275,0.9961590354388148,0.9793836394377545,0.9793132080464526,0.9793484224758073,0.6339663327120083
1000,0.07080628506490867,0.9961662107946795,0.9794374782121921,0.9793358749836458,0.9793866739627963,0.6288863036692943
