eval_id,run_id,condition,region,tileset,scope,metric_kind,setting,recall,precision,f1,tp,fp,fn,n_tiles,n_gt_instances,n_pred_instances,evaluated_at,machine,weights_sha256,note
AttentionUNet_DEM_APM__lab-pc__20260925-000000__hiroshima__withbg__full__area,AttentionUNet_DEM_APM__lab-pc__20260925-000000,AttentionUNet_DEM_APM,hiroshima,背景込み,通常,面積,,0.69,0.5581,0.6171,,,,7631,,,2026-09-26T00:00:00,SomanoMacBook-Air,3660789e60d9332ebe7a07a6d753bfd084332593da21377611455eb1ac3bcf9c,テスト集合の作り方を地域間で揃えた集計
AttentionUNet_DEM_APM__lab-pc__20260925-000000__hiroshima__gtonly__full__inst__IoU--1-1--0.1-773618,AttentionUNet_DEM_APM__lab-pc__20260925-000000,AttentionUNet_DEM_APM,hiroshima,警戒のみ,通常,箇所,IoU厳密1対1 (0.1),0.593,0.6692,0.6288,,,,,8977,7954,2026-09-26T00:00:00,SomanoMacBook-Air,3660789e60d9332ebe7a07a6d753bfd084332593da21377611455eb1ac3bcf9c,連結性8近傍 / 最小サイズ10px / 二値化0.5
AttentionUNet_DEM_APM__lab-pc__20260925-000000__hiroshima__gtonly__full__inst__IoU--1-1--0.3-49ffab,AttentionUNet_DEM_APM__lab-pc__20260925-000000,AttentionUNet_DEM_APM,hiroshima,警戒のみ,通常,箇所,IoU厳密1対1 (0.3),0.5124,0.5783,0.5434,,,,,8977,7954,2026-09-26T00:00:00,SomanoMacBook-Air,3660789e60d9332ebe7a07a6d753bfd084332593da21377611455eb1ac3bcf9c,連結性8近傍 / 最小サイズ10px / 二値化0.5
AttentionUNet_DEM_APM__lab-pc__20260925-000000__hiroshima__gtonly__full__inst__IoU--1--0.1-b5e5ab,AttentionUNet_DEM_APM__lab-pc__20260925-000000,AttentionUNet_DEM_APM,hiroshima,警戒のみ,通常,箇所,IoU多対1 (0.1),0.6488,0.6929,0.6701,,,,,8977,7954,2026-09-26T00:00:00,SomanoMacBook-Air,3660789e60d9332ebe7a07a6d753bfd084332593da21377611455eb1ac3bcf9c,連結性8近傍 / 最小サイズ10px / 二値化0.5
AttentionUNet_DEM_APM__lab-pc__20260925-000000__hiroshima__gtonly__full__inst__IoU--1--0.3-635d05,AttentionUNet_DEM_APM__lab-pc__20260925-000000,AttentionUNet_DEM_APM,hiroshima,警戒のみ,通常,箇所,IoU多対1 (0.3),0.518,0.5811,0.5477,,,,,8977,7954,2026-09-26T00:00:00,SomanoMacBook-Air,3660789e60d9332ebe7a07a6d753bfd084332593da21377611455eb1ac3bcf9c,連結性8近傍 / 最小サイズ10px / 二値化0.5
AttentionUNet_DEM_APM__lab-pc__20260925-000000__hiroshima__gtonly__full__inst__cov_gt-0.3--cov_pred-0.3-a20df8,AttentionUNet_DEM_APM__lab-pc__20260925-000000,AttentionUNet_DEM_APM,hiroshima,警戒のみ,通常,箇所,"被覆 (cov_gt=0.3, cov_pred=0.3)",0.6602,0.6989,0.679,,,,,8977,7954,2026-09-26T00:00:00,SomanoMacBook-Air,3660789e60d9332ebe7a07a6d753bfd084332593da21377611455eb1ac3bcf9c,連結性8近傍 / 最小サイズ10px / 二値化0.5
AttentionUNet_DEM_APM__lab-pc__20260925-000000__hiroshima__gtonly__full__inst__cov_gt-0.5--cov_pred-0.1-549b9e,AttentionUNet_DEM_APM__lab-pc__20260925-000000,AttentionUNet_DEM_APM,hiroshima,警戒のみ,通常,箇所,"被覆 (cov_gt=0.5, cov_pred=0.1)",0.602,0.7321,0.6607,,,,,8977,7954,2026-09-26T00:00:00,SomanoMacBook-Air,3660789e60d9332ebe7a07a6d753bfd084332593da21377611455eb1ac3bcf9c,連結性8近傍 / 最小サイズ10px / 二値化0.5
AttentionUNet_DEM_APM__lab-pc__20260925-000000__hiroshima__gtonly__full__inst__cov_gt-0.5--cov_pred-0.3-ca4173,AttentionUNet_DEM_APM__lab-pc__20260925-000000,AttentionUNet_DEM_APM,hiroshima,警戒のみ,通常,箇所,"被覆 (cov_gt=0.5, cov_pred=0.3)",0.602,0.6989,0.6468,,,,,8977,7954,2026-09-26T00:00:00,SomanoMacBook-Air,3660789e60d9332ebe7a07a6d753bfd084332593da21377611455eb1ac3bcf9c,連結性8近傍 / 最小サイズ10px / 二値化0.5
AttentionUNet_DEM_APM__lab-pc__20260925-000000__hiroshima__gtonly__center__area,AttentionUNet_DEM_APM__lab-pc__20260925-000000,AttentionUNet_DEM_APM,hiroshima,警戒のみ,境界,面積,,0.7158,0.6789,0.6969,,,,2964.0,,,2026-09-26T00:00:00,SomanoMacBook-Air,3660789e60d9332ebe7a07a6d753bfd084332593da21377611455eb1ac3bcf9c,tileanalysis による再推論。ノートブック出力と F値 0.0001 以内で一致
AttentionUNet_DEM_APM__lab-pc__20260925-000000__hiroshima__gtonly__full__area,AttentionUNet_DEM_APM__lab-pc__20260925-000000,AttentionUNet_DEM_APM,hiroshima,警戒のみ,通常,面積,,0.69,0.6722,0.681,,,,2964.0,,,2026-09-26T00:00:00,SomanoMacBook-Air,3660789e60d9332ebe7a07a6d753bfd084332593da21377611455eb1ac3bcf9c,tileanalysis による再推論。ノートブック出力と F値 0.0001 以内で一致
AttentionUNet_DEM_APM__lab-pc__20260925-000000__hiroshima_bg__bgonly__full__inst__IoU--1-1--0.1-773618,AttentionUNet_DEM_APM__lab-pc__20260925-000000,AttentionUNet_DEM_APM,hiroshima_bg,背景のみ,通常,箇所,IoU厳密1対1 (0.1),,0.0,0.0,,,,,0,15407,2026-09-26T00:00:00,SomanoMacBook-Air,3660789e60d9332ebe7a07a6d753bfd084332593da21377611455eb1ac3bcf9c,連結性8近傍 / 最小サイズ10px / 二値化0.5
AttentionUNet_DEM_APM__lab-pc__20260925-000000__hiroshima_bg__bgonly__full__inst__IoU--1-1--0.3-49ffab,AttentionUNet_DEM_APM__lab-pc__20260925-000000,AttentionUNet_DEM_APM,hiroshima_bg,背景のみ,通常,箇所,IoU厳密1対1 (0.3),,0.0,0.0,,,,,0,15407,2026-09-26T00:00:00,SomanoMacBook-Air,3660789e60d9332ebe7a07a6d753bfd084332593da21377611455eb1ac3bcf9c,連結性8近傍 / 最小サイズ10px / 二値化0.5
AttentionUNet_DEM_APM__lab-pc__20260925-000000__hiroshima_bg__bgonly__full__inst__IoU--1--0.1-b5e5ab,AttentionUNet_DEM_APM__lab-pc__20260925-000000,AttentionUNet_DEM_APM,hiroshima_bg,背景のみ,通常,箇所,IoU多対1 (0.1),,0.0,0.0,,,,,0,15407,2026-09-26T00:00:00,SomanoMacBook-Air,3660789e60d9332ebe7a07a6d753bfd084332593da21377611455eb1ac3bcf9c,連結性8近傍 / 最小サイズ10px / 二値化0.5
AttentionUNet_DEM_APM__lab-pc__20260925-000000__hiroshima_bg__bgonly__full__inst__IoU--1--0.3-635d05,AttentionUNet_DEM_APM__lab-pc__20260925-000000,AttentionUNet_DEM_APM,hiroshima_bg,背景のみ,通常,箇所,IoU多対1 (0.3),,0.0,0.0,,,,,0,15407,2026-09-26T00:00:00,SomanoMacBook-Air,3660789e60d9332ebe7a07a6d753bfd084332593da21377611455eb1ac3bcf9c,連結性8近傍 / 最小サイズ10px / 二値化0.5
AttentionUNet_DEM_APM__lab-pc__20260925-000000__hiroshima_bg__bgonly__full__inst__cov_gt-0.3--cov_pred-0.3-a20df8,AttentionUNet_DEM_APM__lab-pc__20260925-000000,AttentionUNet_DEM_APM,hiroshima_bg,背景のみ,通常,箇所,"被覆 (cov_gt=0.3, cov_pred=0.3)",,0.0,0.0,,,,,0,15407,2026-09-26T00:00:00,SomanoMacBook-Air,3660789e60d9332ebe7a07a6d753bfd084332593da21377611455eb1ac3bcf9c,連結性8近傍 / 最小サイズ10px / 二値化0.5
AttentionUNet_DEM_APM__lab-pc__20260925-000000__hiroshima_bg__bgonly__full__inst__cov_gt-0.5--cov_pred-0.1-549b9e,AttentionUNet_DEM_APM__lab-pc__20260925-000000,AttentionUNet_DEM_APM,hiroshima_bg,背景のみ,通常,箇所,"被覆 (cov_gt=0.5, cov_pred=0.1)",,0.0,0.0,,,,,0,15407,2026-09-26T00:00:00,SomanoMacBook-Air,3660789e60d9332ebe7a07a6d753bfd084332593da21377611455eb1ac3bcf9c,連結性8近傍 / 最小サイズ10px / 二値化0.5
AttentionUNet_DEM_APM__lab-pc__20260925-000000__hiroshima_bg__bgonly__full__inst__cov_gt-0.5--cov_pred-0.3-ca4173,AttentionUNet_DEM_APM__lab-pc__20260925-000000,AttentionUNet_DEM_APM,hiroshima_bg,背景のみ,通常,箇所,"被覆 (cov_gt=0.5, cov_pred=0.3)",,0.0,0.0,,,,,0,15407,2026-09-26T00:00:00,SomanoMacBook-Air,3660789e60d9332ebe7a07a6d753bfd084332593da21377611455eb1ac3bcf9c,連結性8近傍 / 最小サイズ10px / 二値化0.5
AttentionUNet_DEM_APM__lab-pc__20260925-000000__shimane__all__full__inst__IoU--1-1--0.1-773618,AttentionUNet_DEM_APM__lab-pc__20260925-000000,AttentionUNet_DEM_APM,shimane,全件,通常,箇所,IoU厳密1対1 (0.1),0.5113,0.4747,0.4924,,,,,27445,29561,2026-09-26T00:00:00,SomanoMacBook-Air,3660789e60d9332ebe7a07a6d753bfd084332593da21377611455eb1ac3bcf9c,連結性8近傍 / 最小サイズ10px / 二値化0.5
AttentionUNet_DEM_APM__lab-pc__20260925-000000__shimane__all__full__inst__IoU--1-1--0.3-49ffab,AttentionUNet_DEM_APM__lab-pc__20260925-000000,AttentionUNet_DEM_APM,shimane,全件,通常,箇所,IoU厳密1対1 (0.3),0.4142,0.3846,0.3989,,,,,27445,29561,2026-09-26T00:00:00,SomanoMacBook-Air,3660789e60d9332ebe7a07a6d753bfd084332593da21377611455eb1ac3bcf9c,連結性8近傍 / 最小サイズ10px / 二値化0.5
AttentionUNet_DEM_APM__lab-pc__20260925-000000__shimane__all__full__inst__IoU--1--0.1-b5e5ab,AttentionUNet_DEM_APM__lab-pc__20260925-000000,AttentionUNet_DEM_APM,shimane,全件,通常,箇所,IoU多対1 (0.1),0.5469,0.4957,0.52,,,,,27445,29561,2026-09-26T00:00:00,SomanoMacBook-Air,3660789e60d9332ebe7a07a6d753bfd084332593da21377611455eb1ac3bcf9c,連結性8近傍 / 最小サイズ10px / 二値化0.5
AttentionUNet_DEM_APM__lab-pc__20260925-000000__shimane__all__full__inst__IoU--1--0.3-635d05,AttentionUNet_DEM_APM__lab-pc__20260925-000000,AttentionUNet_DEM_APM,shimane,全件,通常,箇所,IoU多対1 (0.3),0.4176,0.3856,0.401,,,,,27445,29561,2026-09-26T00:00:00,SomanoMacBook-Air,3660789e60d9332ebe7a07a6d753bfd084332593da21377611455eb1ac3bcf9c,連結性8近傍 / 最小サイズ10px / 二値化0.5
AttentionUNet_DEM_APM__lab-pc__20260925-000000__shimane__all__full__inst__cov_gt-0.3--cov_pred-0.3-a20df8,AttentionUNet_DEM_APM__lab-pc__20260925-000000,AttentionUNet_DEM_APM,shimane,全件,通常,箇所,"被覆 (cov_gt=0.3, cov_pred=0.3)",0.5184,0.5122,0.5153,,,,,27445,29561,2026-09-26T00:00:00,SomanoMacBook-Air,3660789e60d9332ebe7a07a6d753bfd084332593da21377611455eb1ac3bcf9c,連結性8近傍 / 最小サイズ10px / 二値化0.5
AttentionUNet_DEM_APM__lab-pc__20260925-000000__shimane__all__full__inst__cov_gt-0.5--cov_pred-0.1-549b9e,AttentionUNet_DEM_APM__lab-pc__20260925-000000,AttentionUNet_DEM_APM,shimane,全件,通常,箇所,"被覆 (cov_gt=0.5, cov_pred=0.1)",0.428,0.5369,0.4763,,,,,27445,29561,2026-09-26T00:00:00,SomanoMacBook-Air,3660789e60d9332ebe7a07a6d753bfd084332593da21377611455eb1ac3bcf9c,連結性8近傍 / 最小サイズ10px / 二値化0.5
AttentionUNet_DEM_APM__lab-pc__20260925-000000__shimane__all__full__inst__cov_gt-0.5--cov_pred-0.3-ca4173,AttentionUNet_DEM_APM__lab-pc__20260925-000000,AttentionUNet_DEM_APM,shimane,全件,通常,箇所,"被覆 (cov_gt=0.5, cov_pred=0.3)",0.428,0.5122,0.4664,,,,,27445,29561,2026-09-26T00:00:00,SomanoMacBook-Air,3660789e60d9332ebe7a07a6d753bfd084332593da21377611455eb1ac3bcf9c,連結性8近傍 / 最小サイズ10px / 二値化0.5
AttentionUNet_DEM_APM__lab-pc__20260925-000000__shimane__all__center__area,AttentionUNet_DEM_APM__lab-pc__20260925-000000,AttentionUNet_DEM_APM,shimane,全件,境界,面積,,0.5368,0.5975,0.5655,,,,24569.0,,,2026-09-26T00:00:00,SomanoMacBook-Air,3660789e60d9332ebe7a07a6d753bfd084332593da21377611455eb1ac3bcf9c,tileanalysis による再推論。ノートブック出力と F値 0.0001 以内で一致
AttentionUNet_DEM_APM__lab-pc__20260925-000000__shimane__all__full__area,AttentionUNet_DEM_APM__lab-pc__20260925-000000,AttentionUNet_DEM_APM,shimane,全件,通常,面積,,0.5144,0.5681,0.5399,,,,24569.0,,,2026-09-26T00:00:00,SomanoMacBook-Air,3660789e60d9332ebe7a07a6d753bfd084332593da21377611455eb1ac3bcf9c,tileanalysis による再推論。ノートブック出力と F値 0.0001 以内で一致
AttentionUNet_DEM_APM__lab-pc__20260925-000000__shimane__gtonly__full__area,AttentionUNet_DEM_APM__lab-pc__20260925-000000,AttentionUNet_DEM_APM,shimane,警戒のみ,通常,面積,,0.5144,0.6739,0.5835,,,,9679,,,2026-09-26T00:00:00,SomanoMacBook-Air,3660789e60d9332ebe7a07a6d753bfd084332593da21377611455eb1ac3bcf9c,テスト集合の作り方を地域間で揃えた集計
AttentionUNet_SAM_APM__lab-pc__20260925-000000__hiroshima__withbg__full__area,AttentionUNet_SAM_APM__lab-pc__20260925-000000,AttentionUNet_SAM_APM,hiroshima,背景込み,通常,面積,,0.7287,0.5266,0.6114,,,,7631,,,2026-09-26T00:00:00,SomanoMacBook-Air,28c822293ca91638868495ddcc40c10f499f2fe378d8c6051daaebe578647bf0,テスト集合の作り方を地域間で揃えた集計
AttentionUNet_SAM_APM__lab-pc__20260925-000000__hiroshima__gtonly__full__inst__IoU--1-1--0.1-773618,AttentionUNet_SAM_APM__lab-pc__20260925-000000,AttentionUNet_SAM_APM,hiroshima,警戒のみ,通常,箇所,IoU厳密1対1 (0.1),0.6009,0.6444,0.6219,,,,,8977,8371,2026-09-26T00:00:00,SomanoMacBook-Air,28c822293ca91638868495ddcc40c10f499f2fe378d8c6051daaebe578647bf0,連結性8近傍 / 最小サイズ10px / 二値化0.5
AttentionUNet_SAM_APM__lab-pc__20260925-000000__hiroshima__gtonly__full__inst__IoU--1-1--0.3-49ffab,AttentionUNet_SAM_APM__lab-pc__20260925-000000,AttentionUNet_SAM_APM,hiroshima,警戒のみ,通常,箇所,IoU厳密1対1 (0.3),0.5136,0.5508,0.5316,,,,,8977,8371,2026-09-26T00:00:00,SomanoMacBook-Air,28c822293ca91638868495ddcc40c10f499f2fe378d8c6051daaebe578647bf0,連結性8近傍 / 最小サイズ10px / 二値化0.5
AttentionUNet_SAM_APM__lab-pc__20260925-000000__hiroshima__gtonly__full__inst__IoU--1--0.1-b5e5ab,AttentionUNet_SAM_APM__lab-pc__20260925-000000,AttentionUNet_SAM_APM,hiroshima,警戒のみ,通常,箇所,IoU多対1 (0.1),0.6659,0.6652,0.6655,,,,,8977,8371,2026-09-26T00:00:00,SomanoMacBook-Air,28c822293ca91638868495ddcc40c10f499f2fe378d8c6051daaebe578647bf0,連結性8近傍 / 最小サイズ10px / 二値化0.5
AttentionUNet_SAM_APM__lab-pc__20260925-000000__hiroshima__gtonly__full__inst__IoU--1--0.3-635d05,AttentionUNet_SAM_APM__lab-pc__20260925-000000,AttentionUNet_SAM_APM,hiroshima,警戒のみ,通常,箇所,IoU多対1 (0.3),0.5193,0.5524,0.5353,,,,,8977,8371,2026-09-26T00:00:00,SomanoMacBook-Air,28c822293ca91638868495ddcc40c10f499f2fe378d8c6051daaebe578647bf0,連結性8近傍 / 最小サイズ10px / 二値化0.5
AttentionUNet_SAM_APM__lab-pc__20260925-000000__hiroshima__gtonly__full__inst__cov_gt-0.3--cov_pred-0.3-a20df8,AttentionUNet_SAM_APM__lab-pc__20260925-000000,AttentionUNet_SAM_APM,hiroshima,警戒のみ,通常,箇所,"被覆 (cov_gt=0.3, cov_pred=0.3)",0.6954,0.6592,0.6768,,,,,8977,8371,2026-09-26T00:00:00,SomanoMacBook-Air,28c822293ca91638868495ddcc40c10f499f2fe378d8c6051daaebe578647bf0,連結性8近傍 / 最小サイズ10px / 二値化0.5
AttentionUNet_SAM_APM__lab-pc__20260925-000000__hiroshima__gtonly__full__inst__cov_gt-0.5--cov_pred-0.1-549b9e,AttentionUNet_SAM_APM__lab-pc__20260925-000000,AttentionUNet_SAM_APM,hiroshima,警戒のみ,通常,箇所,"被覆 (cov_gt=0.5, cov_pred=0.1)",0.6499,0.699,0.6735,,,,,8977,8371,2026-09-26T00:00:00,SomanoMacBook-Air,28c822293ca91638868495ddcc40c10f499f2fe378d8c6051daaebe578647bf0,連結性8近傍 / 最小サイズ10px / 二値化0.5
AttentionUNet_SAM_APM__lab-pc__20260925-000000__hiroshima__gtonly__full__inst__cov_gt-0.5--cov_pred-0.3-ca4173,AttentionUNet_SAM_APM__lab-pc__20260925-000000,AttentionUNet_SAM_APM,hiroshima,警戒のみ,通常,箇所,"被覆 (cov_gt=0.5, cov_pred=0.3)",0.6499,0.6592,0.6545,,,,,8977,8371,2026-09-26T00:00:00,SomanoMacBook-Air,28c822293ca91638868495ddcc40c10f499f2fe378d8c6051daaebe578647bf0,連結性8近傍 / 最小サイズ10px / 二値化0.5
AttentionUNet_SAM_APM__lab-pc__20260925-000000__hiroshima__gtonly__center__area,AttentionUNet_SAM_APM__lab-pc__20260925-000000,AttentionUNet_SAM_APM,hiroshima,警戒のみ,境界,面積,,0.7559,0.6379,0.6919,,,,2964.0,,,2026-09-26T00:00:00,SomanoMacBook-Air,28c822293ca91638868495ddcc40c10f499f2fe378d8c6051daaebe578647bf0,tileanalysis による再推論。ノートブック出力と F値 0.0001 以内で一致
AttentionUNet_SAM_APM__lab-pc__20260925-000000__hiroshima__gtonly__full__area,AttentionUNet_SAM_APM__lab-pc__20260925-000000,AttentionUNet_SAM_APM,hiroshima,警戒のみ,通常,面積,,0.7287,0.631,0.6763,,,,2964.0,,,2026-09-26T00:00:00,SomanoMacBook-Air,28c822293ca91638868495ddcc40c10f499f2fe378d8c6051daaebe578647bf0,tileanalysis による再推論。ノートブック出力と F値 0.0001 以内で一致
AttentionUNet_SAM_APM__lab-pc__20260925-000000__hiroshima_bg__bgonly__full__inst__IoU--1-1--0.1-773618,AttentionUNet_SAM_APM__lab-pc__20260925-000000,AttentionUNet_SAM_APM,hiroshima_bg,背景のみ,通常,箇所,IoU厳密1対1 (0.1),,0.0,0.0,,,,,0,12676,2026-09-26T00:00:00,SomanoMacBook-Air,28c822293ca91638868495ddcc40c10f499f2fe378d8c6051daaebe578647bf0,連結性8近傍 / 最小サイズ10px / 二値化0.5
AttentionUNet_SAM_APM__lab-pc__20260925-000000__hiroshima_bg__bgonly__full__inst__IoU--1-1--0.3-49ffab,AttentionUNet_SAM_APM__lab-pc__20260925-000000,AttentionUNet_SAM_APM,hiroshima_bg,背景のみ,通常,箇所,IoU厳密1対1 (0.3),,0.0,0.0,,,,,0,12676,2026-09-26T00:00:00,SomanoMacBook-Air,28c822293ca91638868495ddcc40c10f499f2fe378d8c6051daaebe578647bf0,連結性8近傍 / 最小サイズ10px / 二値化0.5
AttentionUNet_SAM_APM__lab-pc__20260925-000000__hiroshima_bg__bgonly__full__inst__IoU--1--0.1-b5e5ab,AttentionUNet_SAM_APM__lab-pc__20260925-000000,AttentionUNet_SAM_APM,hiroshima_bg,背景のみ,通常,箇所,IoU多対1 (0.1),,0.0,0.0,,,,,0,12676,2026-09-26T00:00:00,SomanoMacBook-Air,28c822293ca91638868495ddcc40c10f499f2fe378d8c6051daaebe578647bf0,連結性8近傍 / 最小サイズ10px / 二値化0.5
AttentionUNet_SAM_APM__lab-pc__20260925-000000__hiroshima_bg__bgonly__full__inst__IoU--1--0.3-635d05,AttentionUNet_SAM_APM__lab-pc__20260925-000000,AttentionUNet_SAM_APM,hiroshima_bg,背景のみ,通常,箇所,IoU多対1 (0.3),,0.0,0.0,,,,,0,12676,2026-09-26T00:00:00,SomanoMacBook-Air,28c822293ca91638868495ddcc40c10f499f2fe378d8c6051daaebe578647bf0,連結性8近傍 / 最小サイズ10px / 二値化0.5
AttentionUNet_SAM_APM__lab-pc__20260925-000000__hiroshima_bg__bgonly__full__inst__cov_gt-0.3--cov_pred-0.3-a20df8,AttentionUNet_SAM_APM__lab-pc__20260925-000000,AttentionUNet_SAM_APM,hiroshima_bg,背景のみ,通常,箇所,"被覆 (cov_gt=0.3, cov_pred=0.3)",,0.0,0.0,,,,,0,12676,2026-09-26T00:00:00,SomanoMacBook-Air,28c822293ca91638868495ddcc40c10f499f2fe378d8c6051daaebe578647bf0,連結性8近傍 / 最小サイズ10px / 二値化0.5
AttentionUNet_SAM_APM__lab-pc__20260925-000000__hiroshima_bg__bgonly__full__inst__cov_gt-0.5--cov_pred-0.1-549b9e,AttentionUNet_SAM_APM__lab-pc__20260925-000000,AttentionUNet_SAM_APM,hiroshima_bg,背景のみ,通常,箇所,"被覆 (cov_gt=0.5, cov_pred=0.1)",,0.0,0.0,,,,,0,12676,2026-09-26T00:00:00,SomanoMacBook-Air,28c822293ca91638868495ddcc40c10f499f2fe378d8c6051daaebe578647bf0,連結性8近傍 / 最小サイズ10px / 二値化0.5
AttentionUNet_SAM_APM__lab-pc__20260925-000000__hiroshima_bg__bgonly__full__inst__cov_gt-0.5--cov_pred-0.3-ca4173,AttentionUNet_SAM_APM__lab-pc__20260925-000000,AttentionUNet_SAM_APM,hiroshima_bg,背景のみ,通常,箇所,"被覆 (cov_gt=0.5, cov_pred=0.3)",,0.0,0.0,,,,,0,12676,2026-09-26T00:00:00,SomanoMacBook-Air,28c822293ca91638868495ddcc40c10f499f2fe378d8c6051daaebe578647bf0,連結性8近傍 / 最小サイズ10px / 二値化0.5
AttentionUNet_SAM_APM__lab-pc__20260925-000000__shimane__all__full__inst__IoU--1-1--0.1-773618,AttentionUNet_SAM_APM__lab-pc__20260925-000000,AttentionUNet_SAM_APM,shimane,全件,通常,箇所,IoU厳密1対1 (0.1),0.5241,0.4933,0.5083,,,,,27445,29160,2026-09-26T00:00:00,SomanoMacBook-Air,28c822293ca91638868495ddcc40c10f499f2fe378d8c6051daaebe578647bf0,連結性8近傍 / 最小サイズ10px / 二値化0.5
AttentionUNet_SAM_APM__lab-pc__20260925-000000__shimane__all__full__inst__IoU--1-1--0.3-49ffab,AttentionUNet_SAM_APM__lab-pc__20260925-000000,AttentionUNet_SAM_APM,shimane,全件,通常,箇所,IoU厳密1対1 (0.3),0.4278,0.4026,0.4148,,,,,27445,29160,2026-09-26T00:00:00,SomanoMacBook-Air,28c822293ca91638868495ddcc40c10f499f2fe378d8c6051daaebe578647bf0,連結性8近傍 / 最小サイズ10px / 二値化0.5
AttentionUNet_SAM_APM__lab-pc__20260925-000000__shimane__all__full__inst__IoU--1--0.1-b5e5ab,AttentionUNet_SAM_APM__lab-pc__20260925-000000,AttentionUNet_SAM_APM,shimane,全件,通常,箇所,IoU多対1 (0.1),0.5666,0.5116,0.5377,,,,,27445,29160,2026-09-26T00:00:00,SomanoMacBook-Air,28c822293ca91638868495ddcc40c10f499f2fe378d8c6051daaebe578647bf0,連結性8近傍 / 最小サイズ10px / 二値化0.5
AttentionUNet_SAM_APM__lab-pc__20260925-000000__shimane__all__full__inst__IoU--1--0.3-635d05,AttentionUNet_SAM_APM__lab-pc__20260925-000000,AttentionUNet_SAM_APM,shimane,全件,通常,箇所,IoU多対1 (0.3),0.4314,0.4038,0.4171,,,,,27445,29160,2026-09-26T00:00:00,SomanoMacBook-Air,28c822293ca91638868495ddcc40c10f499f2fe378d8c6051daaebe578647bf0,連結性8近傍 / 最小サイズ10px / 二値化0.5
AttentionUNet_SAM_APM__lab-pc__20260925-000000__shimane__all__full__inst__cov_gt-0.3--cov_pred-0.3-a20df8,AttentionUNet_SAM_APM__lab-pc__20260925-000000,AttentionUNet_SAM_APM,shimane,全件,通常,箇所,"被覆 (cov_gt=0.3, cov_pred=0.3)",0.5497,0.5208,0.5349,,,,,27445,29160,2026-09-26T00:00:00,SomanoMacBook-Air,28c822293ca91638868495ddcc40c10f499f2fe378d8c6051daaebe578647bf0,連結性8近傍 / 最小サイズ10px / 二値化0.5
AttentionUNet_SAM_APM__lab-pc__20260925-000000__shimane__all__full__inst__cov_gt-0.5--cov_pred-0.1-549b9e,AttentionUNet_SAM_APM__lab-pc__20260925-000000,AttentionUNet_SAM_APM,shimane,全件,通常,箇所,"被覆 (cov_gt=0.5, cov_pred=0.1)",0.4713,0.5517,0.5083,,,,,27445,29160,2026-09-26T00:00:00,SomanoMacBook-Air,28c822293ca91638868495ddcc40c10f499f2fe378d8c6051daaebe578647bf0,連結性8近傍 / 最小サイズ10px / 二値化0.5
AttentionUNet_SAM_APM__lab-pc__20260925-000000__shimane__all__full__inst__cov_gt-0.5--cov_pred-0.3-ca4173,AttentionUNet_SAM_APM__lab-pc__20260925-000000,AttentionUNet_SAM_APM,shimane,全件,通常,箇所,"被覆 (cov_gt=0.5, cov_pred=0.3)",0.4713,0.5208,0.4948,,,,,27445,29160,2026-09-26T00:00:00,SomanoMacBook-Air,28c822293ca91638868495ddcc40c10f499f2fe378d8c6051daaebe578647bf0,連結性8近傍 / 最小サイズ10px / 二値化0.5
AttentionUNet_SAM_APM__lab-pc__20260925-000000__shimane__all__center__area,AttentionUNet_SAM_APM__lab-pc__20260925-000000,AttentionUNet_SAM_APM,shimane,全件,境界,面積,,0.5803,0.5553,0.5675,,,,24569.0,,,2026-09-26T00:00:00,SomanoMacBook-Air,28c822293ca91638868495ddcc40c10f499f2fe378d8c6051daaebe578647bf0,tileanalysis による再推論。ノートブック出力と F値 0.0001 以内で一致
AttentionUNet_SAM_APM__lab-pc__20260925-000000__shimane__all__full__area,AttentionUNet_SAM_APM__lab-pc__20260925-000000,AttentionUNet_SAM_APM,shimane,全件,通常,面積,,0.5545,0.5354,0.5448,,,,24569.0,,,2026-09-26T00:00:00,SomanoMacBook-Air,28c822293ca91638868495ddcc40c10f499f2fe378d8c6051daaebe578647bf0,tileanalysis による再推論。ノートブック出力と F値 0.0001 以内で一致
AttentionUNet_SAM_APM__lab-pc__20260925-000000__shimane__gtonly__full__area,AttentionUNet_SAM_APM__lab-pc__20260925-000000,AttentionUNet_SAM_APM,shimane,警戒のみ,通常,面積,,0.5545,0.6326,0.591,,,,9679,,,2026-09-26T00:00:00,SomanoMacBook-Air,28c822293ca91638868495ddcc40c10f499f2fe378d8c6051daaebe578647bf0,テスト集合の作り方を地域間で揃えた集計
AttentionUNet_SAM_APM256__lab-ubuntu__20261005-200000__hiroshima__withbg__full__area,AttentionUNet_SAM_APM256__lab-ubuntu__20261005-200000,AttentionUNet_SAM_APM256,hiroshima,背景込み,通常,面積,,0.7545,0.511,0.6093,,,,7631.0,,,2026-10-06T10:30:00,lab-ubuntu,,テスト集合の作り方を地域間で揃えた集計
AttentionUNet_SAM_APM256__lab-ubuntu__20261005-200000__hiroshima__gtonly__full__inst__IoU--1-1--0.1-773618,AttentionUNet_SAM_APM256__lab-ubuntu__20261005-200000,AttentionUNet_SAM_APM256,hiroshima,警戒のみ,通常,箇所,IoU厳密1対1 (0.1),0.5944,0.6403,0.6165,,,,,8977,8333,2026-10-06T10:30:00,lab-ubuntu,,連結性8近傍 / 最小サイズ10px / 二値化0.5
AttentionUNet_SAM_APM256__lab-ubuntu__20261005-200000__hiroshima__gtonly__full__inst__IoU--1-1--0.3-49ffab,AttentionUNet_SAM_APM256__lab-ubuntu__20261005-200000,AttentionUNet_SAM_APM256,hiroshima,警戒のみ,通常,箇所,IoU厳密1対1 (0.3),0.5012,0.5399,0.5198,,,,,8977,8333,2026-10-06T10:30:00,lab-ubuntu,,連結性8近傍 / 最小サイズ10px / 二値化0.5
AttentionUNet_SAM_APM256__lab-ubuntu__20261005-200000__hiroshima__gtonly__full__inst__IoU--1--0.1-b5e5ab,AttentionUNet_SAM_APM256__lab-ubuntu__20261005-200000,AttentionUNet_SAM_APM256,hiroshima,警戒のみ,通常,箇所,IoU多対1 (0.1),0.6716,0.655,0.6632,,,,,8977,8333,2026-10-06T10:30:00,lab-ubuntu,,連結性8近傍 / 最小サイズ10px / 二値化0.5
AttentionUNet_SAM_APM256__lab-ubuntu__20261005-200000__hiroshima__gtonly__full__inst__IoU--1--0.3-635d05,AttentionUNet_SAM_APM256__lab-ubuntu__20261005-200000,AttentionUNet_SAM_APM256,hiroshima,警戒のみ,通常,箇所,IoU多対1 (0.3),0.5079,0.5411,0.524,,,,,8977,8333,2026-10-06T10:30:00,lab-ubuntu,,連結性8近傍 / 最小サイズ10px / 二値化0.5
AttentionUNet_SAM_APM256__lab-ubuntu__20261005-200000__hiroshima__gtonly__full__inst__cov_gt-0.3--cov_pred-0.3-a20df8,AttentionUNet_SAM_APM256__lab-ubuntu__20261005-200000,AttentionUNet_SAM_APM256,hiroshima,警戒のみ,通常,箇所,"被覆 (cov_gt=0.3, cov_pred=0.3)",0.7175,0.6411,0.6771,,,,,8977,8333,2026-10-06T10:30:00,lab-ubuntu,,連結性8近傍 / 最小サイズ10px / 二値化0.5
AttentionUNet_SAM_APM256__lab-ubuntu__20261005-200000__hiroshima__gtonly__full__inst__cov_gt-0.5--cov_pred-0.1-549b9e,AttentionUNet_SAM_APM256__lab-ubuntu__20261005-200000,AttentionUNet_SAM_APM256,hiroshima,警戒のみ,通常,箇所,"被覆 (cov_gt=0.5, cov_pred=0.1)",0.6722,0.6831,0.6776,,,,,8977,8333,2026-10-06T10:30:00,lab-ubuntu,,連結性8近傍 / 最小サイズ10px / 二値化0.5
AttentionUNet_SAM_APM256__lab-ubuntu__20261005-200000__hiroshima__gtonly__full__inst__cov_gt-0.5--cov_pred-0.3-ca4173,AttentionUNet_SAM_APM256__lab-ubuntu__20261005-200000,AttentionUNet_SAM_APM256,hiroshima,警戒のみ,通常,箇所,"被覆 (cov_gt=0.5, cov_pred=0.3)",0.6722,0.6411,0.6562,,,,,8977,8333,2026-10-06T10:30:00,lab-ubuntu,,連結性8近傍 / 最小サイズ10px / 二値化0.5
AttentionUNet_SAM_APM256__lab-ubuntu__20261005-200000__hiroshima__gtonly__center__area,AttentionUNet_SAM_APM256__lab-ubuntu__20261005-200000,AttentionUNet_SAM_APM256,hiroshima,警戒のみ,境界,面積,,0.7876,0.6154,0.691,,,,2964.0,,,2026-10-06T10:30:00,lab-ubuntu,,tileanalysis による再推論。ノートブック出力と F値 0.0001 以内で一致
AttentionUNet_SAM_APM256__lab-ubuntu__20261005-200000__hiroshima__gtonly__full__area,AttentionUNet_SAM_APM256__lab-ubuntu__20261005-200000,AttentionUNet_SAM_APM256,hiroshima,警戒のみ,通常,面積,,0.7545,0.6155,0.678,,,,2964.0,,,2026-10-06T10:30:00,lab-ubuntu,,tileanalysis による再推論。ノートブック出力と F値 0.0001 以内で一致
AttentionUNet_SAM_APM256__lab-ubuntu__20261005-200000__shimane__all__full__inst__IoU--1-1--0.1-773618,AttentionUNet_SAM_APM256__lab-ubuntu__20261005-200000,AttentionUNet_SAM_APM256,shimane,全件,通常,箇所,IoU厳密1対1 (0.1),0.5284,0.4893,0.5081,,,,,27445,29638,2026-10-06T10:30:00,lab-ubuntu,,連結性8近傍 / 最小サイズ10px / 二値化0.5
AttentionUNet_SAM_APM256__lab-ubuntu__20261005-200000__shimane__all__full__inst__IoU--1-1--0.3-49ffab,AttentionUNet_SAM_APM256__lab-ubuntu__20261005-200000,AttentionUNet_SAM_APM256,shimane,全件,通常,箇所,IoU厳密1対1 (0.3),0.4283,0.3967,0.4119,,,,,27445,29638,2026-10-06T10:30:00,lab-ubuntu,,連結性8近傍 / 最小サイズ10px / 二値化0.5
AttentionUNet_SAM_APM256__lab-ubuntu__20261005-200000__shimane__all__full__inst__IoU--1--0.1-b5e5ab,AttentionUNet_SAM_APM256__lab-ubuntu__20261005-200000,AttentionUNet_SAM_APM256,shimane,全件,通常,箇所,IoU多対1 (0.1),0.5769,0.5061,0.5392,,,,,27445,29638,2026-10-06T10:30:00,lab-ubuntu,,連結性8近傍 / 最小サイズ10px / 二値化0.5
AttentionUNet_SAM_APM256__lab-ubuntu__20261005-200000__shimane__all__full__inst__IoU--1--0.3-635d05,AttentionUNet_SAM_APM256__lab-ubuntu__20261005-200000,AttentionUNet_SAM_APM256,shimane,全件,通常,箇所,IoU多対1 (0.3),0.4319,0.3978,0.4142,,,,,27445,29638,2026-10-06T10:30:00,lab-ubuntu,,連結性8近傍 / 最小サイズ10px / 二値化0.5
AttentionUNet_SAM_APM256__lab-ubuntu__20261005-200000__shimane__all__full__inst__cov_gt-0.3--cov_pred-0.3-a20df8,AttentionUNet_SAM_APM256__lab-ubuntu__20261005-200000,AttentionUNet_SAM_APM256,shimane,全件,通常,箇所,"被覆 (cov_gt=0.3, cov_pred=0.3)",0.5688,0.514,0.54,,,,,27445,29638,2026-10-06T10:30:00,lab-ubuntu,,連結性8近傍 / 最小サイズ10px / 二値化0.5
AttentionUNet_SAM_APM256__lab-ubuntu__20261005-200000__shimane__all__full__inst__cov_gt-0.5--cov_pred-0.1-549b9e,AttentionUNet_SAM_APM256__lab-ubuntu__20261005-200000,AttentionUNet_SAM_APM256,shimane,全件,通常,箇所,"被覆 (cov_gt=0.5, cov_pred=0.1)",0.4848,0.545,0.5132,,,,,27445,29638,2026-10-06T10:30:00,lab-ubuntu,,連結性8近傍 / 最小サイズ10px / 二値化0.5
AttentionUNet_SAM_APM256__lab-ubuntu__20261005-200000__shimane__all__full__inst__cov_gt-0.5--cov_pred-0.3-ca4173,AttentionUNet_SAM_APM256__lab-ubuntu__20261005-200000,AttentionUNet_SAM_APM256,shimane,全件,通常,箇所,"被覆 (cov_gt=0.5, cov_pred=0.3)",0.4848,0.514,0.499,,,,,27445,29638,2026-10-06T10:30:00,lab-ubuntu,,連結性8近傍 / 最小サイズ10px / 二値化0.5
AttentionUNet_SAM_APM256__lab-ubuntu__20261005-200000__shimane__all__center__area,AttentionUNet_SAM_APM256__lab-ubuntu__20261005-200000,AttentionUNet_SAM_APM256,shimane,全件,境界,面積,,0.6002,0.5443,0.5709,,,,24569.0,,,2026-10-06T10:30:00,lab-ubuntu,,tileanalysis による再推論。ノートブック出力と F値 0.0001 以内で一致
AttentionUNet_SAM_APM256__lab-ubuntu__20261005-200000__shimane__all__full__area,AttentionUNet_SAM_APM256__lab-ubuntu__20261005-200000,AttentionUNet_SAM_APM256,shimane,全件,通常,面積,,0.5702,0.5311,0.55,,,,24569.0,,,2026-10-06T10:30:00,lab-ubuntu,,tileanalysis による再推論。ノートブック出力と F値 0.0001 以内で一致
AttentionUNet_SAM_APM256__lab-ubuntu__20261005-200000__shimane__gtonly__full__area,AttentionUNet_SAM_APM256__lab-ubuntu__20261005-200000,AttentionUNet_SAM_APM256,shimane,警戒のみ,通常,面積,,0.5702,0.6213,0.5946,,,,9679.0,,,2026-10-06T10:30:00,lab-ubuntu,,テスト集合の作り方を地域間で揃えた集計
DataOgument_AttentionUNet_SAM_APM__lab-pc__20260925-000000__hiroshima__withbg__full__area,DataOgument_AttentionUNet_SAM_APM__lab-pc__20260925-000000,DataOgument_AttentionUNet_SAM_APM,hiroshima,背景込み,通常,面積,,0.7463,0.5384,0.6255,,,,7631,,,2026-09-26T00:00:00,SomanoMacBook-Air,a57af16594f4f8e73fb16479dac681d4b10265f84074256ea3f8c3cd0d51b194,テスト集合の作り方を地域間で揃えた集計
DataOgument_AttentionUNet_SAM_APM__lab-pc__20260925-000000__hiroshima__gtonly__full__inst__IoU--1-1--0.1-773618,DataOgument_AttentionUNet_SAM_APM__lab-pc__20260925-000000,DataOgument_AttentionUNet_SAM_APM,hiroshima,警戒のみ,通常,箇所,IoU厳密1対1 (0.1),0.6562,0.6105,0.6325,,,,,8977,9650,2026-09-26T00:00:00,SomanoMacBook-Air,a57af16594f4f8e73fb16479dac681d4b10265f84074256ea3f8c3cd0d51b194,連結性8近傍 / 最小サイズ10px / 二値化0.5
DataOgument_AttentionUNet_SAM_APM__lab-pc__20260925-000000__hiroshima__gtonly__full__inst__IoU--1-1--0.3-49ffab,DataOgument_AttentionUNet_SAM_APM__lab-pc__20260925-000000,DataOgument_AttentionUNet_SAM_APM,hiroshima,警戒のみ,通常,箇所,IoU厳密1対1 (0.3),0.5624,0.5232,0.5421,,,,,8977,9650,2026-09-26T00:00:00,SomanoMacBook-Air,a57af16594f4f8e73fb16479dac681d4b10265f84074256ea3f8c3cd0d51b194,連結性8近傍 / 最小サイズ10px / 二値化0.5
DataOgument_AttentionUNet_SAM_APM__lab-pc__20260925-000000__hiroshima__gtonly__full__inst__IoU--1--0.1-b5e5ab,DataOgument_AttentionUNet_SAM_APM__lab-pc__20260925-000000,DataOgument_AttentionUNet_SAM_APM,hiroshima,警戒のみ,通常,箇所,IoU多対1 (0.1),0.7344,0.6289,0.6776,,,,,8977,9650,2026-09-26T00:00:00,SomanoMacBook-Air,a57af16594f4f8e73fb16479dac681d4b10265f84074256ea3f8c3cd0d51b194,連結性8近傍 / 最小サイズ10px / 二値化0.5
DataOgument_AttentionUNet_SAM_APM__lab-pc__20260925-000000__hiroshima__gtonly__full__inst__IoU--1--0.3-635d05,DataOgument_AttentionUNet_SAM_APM__lab-pc__20260925-000000,DataOgument_AttentionUNet_SAM_APM,hiroshima,警戒のみ,通常,箇所,IoU多対1 (0.3),0.5693,0.525,0.5463,,,,,8977,9650,2026-09-26T00:00:00,SomanoMacBook-Air,a57af16594f4f8e73fb16479dac681d4b10265f84074256ea3f8c3cd0d51b194,連結性8近傍 / 最小サイズ10px / 二値化0.5
DataOgument_AttentionUNet_SAM_APM__lab-pc__20260925-000000__hiroshima__gtonly__full__inst__cov_gt-0.3--cov_pred-0.3-a20df8,DataOgument_AttentionUNet_SAM_APM__lab-pc__20260925-000000,DataOgument_AttentionUNet_SAM_APM,hiroshima,警戒のみ,通常,箇所,"被覆 (cov_gt=0.3, cov_pred=0.3)",0.7652,0.6216,0.6859,,,,,8977,9650,2026-09-26T00:00:00,SomanoMacBook-Air,a57af16594f4f8e73fb16479dac681d4b10265f84074256ea3f8c3cd0d51b194,連結性8近傍 / 最小サイズ10px / 二値化0.5
DataOgument_AttentionUNet_SAM_APM__lab-pc__20260925-000000__hiroshima__gtonly__full__inst__cov_gt-0.5--cov_pred-0.1-549b9e,DataOgument_AttentionUNet_SAM_APM__lab-pc__20260925-000000,DataOgument_AttentionUNet_SAM_APM,hiroshima,警戒のみ,通常,箇所,"被覆 (cov_gt=0.5, cov_pred=0.1)",0.7146,0.6563,0.6842,,,,,8977,9650,2026-09-26T00:00:00,SomanoMacBook-Air,a57af16594f4f8e73fb16479dac681d4b10265f84074256ea3f8c3cd0d51b194,連結性8近傍 / 最小サイズ10px / 二値化0.5
DataOgument_AttentionUNet_SAM_APM__lab-pc__20260925-000000__hiroshima__gtonly__full__inst__cov_gt-0.5--cov_pred-0.3-ca4173,DataOgument_AttentionUNet_SAM_APM__lab-pc__20260925-000000,DataOgument_AttentionUNet_SAM_APM,hiroshima,警戒のみ,通常,箇所,"被覆 (cov_gt=0.5, cov_pred=0.3)",0.7146,0.6216,0.6648,,,,,8977,9650,2026-09-26T00:00:00,SomanoMacBook-Air,a57af16594f4f8e73fb16479dac681d4b10265f84074256ea3f8c3cd0d51b194,連結性8近傍 / 最小サイズ10px / 二値化0.5
DataOgument_AttentionUNet_SAM_APM__lab-pc__20260925-000000__hiroshima__gtonly__center__area,DataOgument_AttentionUNet_SAM_APM__lab-pc__20260925-000000,DataOgument_AttentionUNet_SAM_APM,hiroshima,警戒のみ,境界,面積,,0.764,0.6716,0.7148,,,,2964.0,,,2026-09-26T00:00:00,SomanoMacBook-Air,a57af16594f4f8e73fb16479dac681d4b10265f84074256ea3f8c3cd0d51b194,tileanalysis による再推論。ノートブック出力と F値 0.0001 以内で一致
DataOgument_AttentionUNet_SAM_APM__lab-pc__20260925-000000__hiroshima__gtonly__full__area,DataOgument_AttentionUNet_SAM_APM__lab-pc__20260925-000000,DataOgument_AttentionUNet_SAM_APM,hiroshima,警戒のみ,通常,面積,,0.7463,0.6575,0.6991,,,,2964.0,,,2026-09-26T00:00:00,SomanoMacBook-Air,a57af16594f4f8e73fb16479dac681d4b10265f84074256ea3f8c3cd0d51b194,tileanalysis による再推論。ノートブック出力と F値 0.0001 以内で一致
DataOgument_AttentionUNet_SAM_APM__lab-pc__20260925-000000__hiroshima_bg__bgonly__full__inst__IoU--1-1--0.1-773618,DataOgument_AttentionUNet_SAM_APM__lab-pc__20260925-000000,DataOgument_AttentionUNet_SAM_APM,hiroshima_bg,背景のみ,通常,箇所,IoU厳密1対1 (0.1),,0.0,0.0,,,,,0,23664,2026-09-26T00:00:00,SomanoMacBook-Air,a57af16594f4f8e73fb16479dac681d4b10265f84074256ea3f8c3cd0d51b194,連結性8近傍 / 最小サイズ10px / 二値化0.5
DataOgument_AttentionUNet_SAM_APM__lab-pc__20260925-000000__hiroshima_bg__bgonly__full__inst__IoU--1-1--0.3-49ffab,DataOgument_AttentionUNet_SAM_APM__lab-pc__20260925-000000,DataOgument_AttentionUNet_SAM_APM,hiroshima_bg,背景のみ,通常,箇所,IoU厳密1対1 (0.3),,0.0,0.0,,,,,0,23664,2026-09-26T00:00:00,SomanoMacBook-Air,a57af16594f4f8e73fb16479dac681d4b10265f84074256ea3f8c3cd0d51b194,連結性8近傍 / 最小サイズ10px / 二値化0.5
DataOgument_AttentionUNet_SAM_APM__lab-pc__20260925-000000__hiroshima_bg__bgonly__full__inst__IoU--1--0.1-b5e5ab,DataOgument_AttentionUNet_SAM_APM__lab-pc__20260925-000000,DataOgument_AttentionUNet_SAM_APM,hiroshima_bg,背景のみ,通常,箇所,IoU多対1 (0.1),,0.0,0.0,,,,,0,23664,2026-09-26T00:00:00,SomanoMacBook-Air,a57af16594f4f8e73fb16479dac681d4b10265f84074256ea3f8c3cd0d51b194,連結性8近傍 / 最小サイズ10px / 二値化0.5
DataOgument_AttentionUNet_SAM_APM__lab-pc__20260925-000000__hiroshima_bg__bgonly__full__inst__IoU--1--0.3-635d05,DataOgument_AttentionUNet_SAM_APM__lab-pc__20260925-000000,DataOgument_AttentionUNet_SAM_APM,hiroshima_bg,背景のみ,通常,箇所,IoU多対1 (0.3),,0.0,0.0,,,,,0,23664,2026-09-26T00:00:00,SomanoMacBook-Air,a57af16594f4f8e73fb16479dac681d4b10265f84074256ea3f8c3cd0d51b194,連結性8近傍 / 最小サイズ10px / 二値化0.5
DataOgument_AttentionUNet_SAM_APM__lab-pc__20260925-000000__hiroshima_bg__bgonly__full__inst__cov_gt-0.3--cov_pred-0.3-a20df8,DataOgument_AttentionUNet_SAM_APM__lab-pc__20260925-000000,DataOgument_AttentionUNet_SAM_APM,hiroshima_bg,背景のみ,通常,箇所,"被覆 (cov_gt=0.3, cov_pred=0.3)",,0.0,0.0,,,,,0,23664,2026-09-26T00:00:00,SomanoMacBook-Air,a57af16594f4f8e73fb16479dac681d4b10265f84074256ea3f8c3cd0d51b194,連結性8近傍 / 最小サイズ10px / 二値化0.5
DataOgument_AttentionUNet_SAM_APM__lab-pc__20260925-000000__hiroshima_bg__bgonly__full__inst__cov_gt-0.5--cov_pred-0.1-549b9e,DataOgument_AttentionUNet_SAM_APM__lab-pc__20260925-000000,DataOgument_AttentionUNet_SAM_APM,hiroshima_bg,背景のみ,通常,箇所,"被覆 (cov_gt=0.5, cov_pred=0.1)",,0.0,0.0,,,,,0,23664,2026-09-26T00:00:00,SomanoMacBook-Air,a57af16594f4f8e73fb16479dac681d4b10265f84074256ea3f8c3cd0d51b194,連結性8近傍 / 最小サイズ10px / 二値化0.5
DataOgument_AttentionUNet_SAM_APM__lab-pc__20260925-000000__hiroshima_bg__bgonly__full__inst__cov_gt-0.5--cov_pred-0.3-ca4173,DataOgument_AttentionUNet_SAM_APM__lab-pc__20260925-000000,DataOgument_AttentionUNet_SAM_APM,hiroshima_bg,背景のみ,通常,箇所,"被覆 (cov_gt=0.5, cov_pred=0.3)",,0.0,0.0,,,,,0,23664,2026-09-26T00:00:00,SomanoMacBook-Air,a57af16594f4f8e73fb16479dac681d4b10265f84074256ea3f8c3cd0d51b194,連結性8近傍 / 最小サイズ10px / 二値化0.5
DataOgument_AttentionUNet_SAM_APM__lab-pc__20260925-000000__shimane__all__full__inst__IoU--1-1--0.1-773618,DataOgument_AttentionUNet_SAM_APM__lab-pc__20260925-000000,DataOgument_AttentionUNet_SAM_APM,shimane,全件,通常,箇所,IoU厳密1対1 (0.1),0.5894,0.3951,0.473,,,,,27445,40942,2026-09-26T00:00:00,SomanoMacBook-Air,a57af16594f4f8e73fb16479dac681d4b10265f84074256ea3f8c3cd0d51b194,連結性8近傍 / 最小サイズ10px / 二値化0.5
DataOgument_AttentionUNet_SAM_APM__lab-pc__20260925-000000__shimane__all__full__inst__IoU--1-1--0.3-49ffab,DataOgument_AttentionUNet_SAM_APM__lab-pc__20260925-000000,DataOgument_AttentionUNet_SAM_APM,shimane,全件,通常,箇所,IoU厳密1対1 (0.3),0.4764,0.3194,0.3824,,,,,27445,40942,2026-09-26T00:00:00,SomanoMacBook-Air,a57af16594f4f8e73fb16479dac681d4b10265f84074256ea3f8c3cd0d51b194,連結性8近傍 / 最小サイズ10px / 二値化0.5
DataOgument_AttentionUNet_SAM_APM__lab-pc__20260925-000000__shimane__all__full__inst__IoU--1--0.1-b5e5ab,DataOgument_AttentionUNet_SAM_APM__lab-pc__20260925-000000,DataOgument_AttentionUNet_SAM_APM,shimane,全件,通常,箇所,IoU多対1 (0.1),0.6343,0.4121,0.4996,,,,,27445,40942,2026-09-26T00:00:00,SomanoMacBook-Air,a57af16594f4f8e73fb16479dac681d4b10265f84074256ea3f8c3cd0d51b194,連結性8近傍 / 最小サイズ10px / 二値化0.5
DataOgument_AttentionUNet_SAM_APM__lab-pc__20260925-000000__shimane__all__full__inst__IoU--1--0.3-635d05,DataOgument_AttentionUNet_SAM_APM__lab-pc__20260925-000000,DataOgument_AttentionUNet_SAM_APM,shimane,全件,通常,箇所,IoU多対1 (0.3),0.4803,0.3204,0.3844,,,,,27445,40942,2026-09-26T00:00:00,SomanoMacBook-Air,a57af16594f4f8e73fb16479dac681d4b10265f84074256ea3f8c3cd0d51b194,連結性8近傍 / 最小サイズ10px / 二値化0.5
DataOgument_AttentionUNet_SAM_APM__lab-pc__20260925-000000__shimane__all__full__inst__cov_gt-0.3--cov_pred-0.3-a20df8,DataOgument_AttentionUNet_SAM_APM__lab-pc__20260925-000000,DataOgument_AttentionUNet_SAM_APM,shimane,全件,通常,箇所,"被覆 (cov_gt=0.3, cov_pred=0.3)",0.6086,0.4261,0.5012,,,,,27445,40942,2026-09-26T00:00:00,SomanoMacBook-Air,a57af16594f4f8e73fb16479dac681d4b10265f84074256ea3f8c3cd0d51b194,連結性8近傍 / 最小サイズ10px / 二値化0.5
DataOgument_AttentionUNet_SAM_APM__lab-pc__20260925-000000__shimane__all__full__inst__cov_gt-0.5--cov_pred-0.1-549b9e,DataOgument_AttentionUNet_SAM_APM__lab-pc__20260925-000000,DataOgument_AttentionUNet_SAM_APM,shimane,全件,通常,箇所,"被覆 (cov_gt=0.5, cov_pred=0.1)",0.5074,0.4491,0.4765,,,,,27445,40942,2026-09-26T00:00:00,SomanoMacBook-Air,a57af16594f4f8e73fb16479dac681d4b10265f84074256ea3f8c3cd0d51b194,連結性8近傍 / 最小サイズ10px / 二値化0.5
DataOgument_AttentionUNet_SAM_APM__lab-pc__20260925-000000__shimane__all__full__inst__cov_gt-0.5--cov_pred-0.3-ca4173,DataOgument_AttentionUNet_SAM_APM__lab-pc__20260925-000000,DataOgument_AttentionUNet_SAM_APM,shimane,全件,通常,箇所,"被覆 (cov_gt=0.5, cov_pred=0.3)",0.5074,0.4261,0.4632,,,,,27445,40942,2026-09-26T00:00:00,SomanoMacBook-Air,a57af16594f4f8e73fb16479dac681d4b10265f84074256ea3f8c3cd0d51b194,連結性8近傍 / 最小サイズ10px / 二値化0.5
DataOgument_AttentionUNet_SAM_APM__lab-pc__20260925-000000__shimane__all__center__area,DataOgument_AttentionUNet_SAM_APM__lab-pc__20260925-000000,DataOgument_AttentionUNet_SAM_APM,shimane,全件,境界,面積,,0.5724,0.5841,0.5782,,,,24569.0,,,2026-09-26T00:00:00,SomanoMacBook-Air,a57af16594f4f8e73fb16479dac681d4b10265f84074256ea3f8c3cd0d51b194,tileanalysis による再推論。ノートブック出力と F値 0.0001 以内で一致
DataOgument_AttentionUNet_SAM_APM__lab-pc__20260925-000000__shimane__all__full__area,DataOgument_AttentionUNet_SAM_APM__lab-pc__20260925-000000,DataOgument_AttentionUNet_SAM_APM,shimane,全件,通常,面積,,0.5539,0.5428,0.5483,,,,24569.0,,,2026-09-26T00:00:00,SomanoMacBook-Air,a57af16594f4f8e73fb16479dac681d4b10265f84074256ea3f8c3cd0d51b194,tileanalysis による再推論。ノートブック出力と F値 0.0001 以内で一致
DataOgument_AttentionUNet_SAM_APM__lab-pc__20260925-000000__shimane__gtonly__full__area,DataOgument_AttentionUNet_SAM_APM__lab-pc__20260925-000000,DataOgument_AttentionUNet_SAM_APM,shimane,警戒のみ,通常,面積,,0.5539,0.6525,0.5992,,,,9679,,,2026-09-26T00:00:00,SomanoMacBook-Air,a57af16594f4f8e73fb16479dac681d4b10265f84074256ea3f8c3cd0d51b194,テスト集合の作り方を地域間で揃えた集計
DataOgument_FinalFusion_DEM_APM__lab-pc__20260925-000000__hiroshima__withbg__full__area,DataOgument_FinalFusion_DEM_APM__lab-pc__20260925-000000,DataOgument_FinalFusion_DEM_APM,hiroshima,背景込み,通常,面積,,0.7029,0.5632,0.6253,,,,7631,,,2026-09-26T00:00:00,SomanoMacBook-Air,ac79670a558885a74a1a9df7091d57c04a822212d88014a86ac03a924a3da324,テスト集合の作り方を地域間で揃えた集計
DataOgument_FinalFusion_DEM_APM__lab-pc__20260925-000000__hiroshima__gtonly__full__inst__IoU--1-1--0.1-773618,DataOgument_FinalFusion_DEM_APM__lab-pc__20260925-000000,DataOgument_FinalFusion_DEM_APM,hiroshima,警戒のみ,通常,箇所,IoU厳密1対1 (0.1),0.6539,0.5972,0.6243,,,,,8977,9829,2026-09-26T00:00:00,SomanoMacBook-Air,ac79670a558885a74a1a9df7091d57c04a822212d88014a86ac03a924a3da324,連結性8近傍 / 最小サイズ10px / 二値化0.5
DataOgument_FinalFusion_DEM_APM__lab-pc__20260925-000000__hiroshima__gtonly__full__inst__IoU--1-1--0.3-49ffab,DataOgument_FinalFusion_DEM_APM__lab-pc__20260925-000000,DataOgument_FinalFusion_DEM_APM,hiroshima,警戒のみ,通常,箇所,IoU厳密1対1 (0.3),0.5727,0.523,0.5467,,,,,8977,9829,2026-09-26T00:00:00,SomanoMacBook-Air,ac79670a558885a74a1a9df7091d57c04a822212d88014a86ac03a924a3da324,連結性8近傍 / 最小サイズ10px / 二値化0.5
DataOgument_FinalFusion_DEM_APM__lab-pc__20260925-000000__hiroshima__gtonly__full__inst__IoU--1--0.1-b5e5ab,DataOgument_FinalFusion_DEM_APM__lab-pc__20260925-000000,DataOgument_FinalFusion_DEM_APM,hiroshima,警戒のみ,通常,箇所,IoU多対1 (0.1),0.7112,0.6222,0.6637,,,,,8977,9829,2026-09-26T00:00:00,SomanoMacBook-Air,ac79670a558885a74a1a9df7091d57c04a822212d88014a86ac03a924a3da324,連結性8近傍 / 最小サイズ10px / 二値化0.5
DataOgument_FinalFusion_DEM_APM__lab-pc__20260925-000000__hiroshima__gtonly__full__inst__IoU--1--0.3-635d05,DataOgument_FinalFusion_DEM_APM__lab-pc__20260925-000000,DataOgument_FinalFusion_DEM_APM,hiroshima,警戒のみ,通常,箇所,IoU多対1 (0.3),0.5808,0.5259,0.552,,,,,8977,9829,2026-09-26T00:00:00,SomanoMacBook-Air,ac79670a558885a74a1a9df7091d57c04a822212d88014a86ac03a924a3da324,連結性8近傍 / 最小サイズ10px / 二値化0.5
DataOgument_FinalFusion_DEM_APM__lab-pc__20260925-000000__hiroshima__gtonly__full__inst__cov_gt-0.3--cov_pred-0.3-a20df8,DataOgument_FinalFusion_DEM_APM__lab-pc__20260925-000000,DataOgument_FinalFusion_DEM_APM,hiroshima,警戒のみ,通常,箇所,"被覆 (cov_gt=0.3, cov_pred=0.3)",0.7157,0.638,0.6746,,,,,8977,9829,2026-09-26T00:00:00,SomanoMacBook-Air,ac79670a558885a74a1a9df7091d57c04a822212d88014a86ac03a924a3da324,連結性8近傍 / 最小サイズ10px / 二値化0.5
DataOgument_FinalFusion_DEM_APM__lab-pc__20260925-000000__hiroshima__gtonly__full__inst__cov_gt-0.5--cov_pred-0.1-549b9e,DataOgument_FinalFusion_DEM_APM__lab-pc__20260925-000000,DataOgument_FinalFusion_DEM_APM,hiroshima,警戒のみ,通常,箇所,"被覆 (cov_gt=0.5, cov_pred=0.1)",0.6499,0.6652,0.6574,,,,,8977,9829,2026-09-26T00:00:00,SomanoMacBook-Air,ac79670a558885a74a1a9df7091d57c04a822212d88014a86ac03a924a3da324,連結性8近傍 / 最小サイズ10px / 二値化0.5
DataOgument_FinalFusion_DEM_APM__lab-pc__20260925-000000__hiroshima__gtonly__full__inst__cov_gt-0.5--cov_pred-0.3-ca4173,DataOgument_FinalFusion_DEM_APM__lab-pc__20260925-000000,DataOgument_FinalFusion_DEM_APM,hiroshima,警戒のみ,通常,箇所,"被覆 (cov_gt=0.5, cov_pred=0.3)",0.6499,0.638,0.6439,,,,,8977,9829,2026-09-26T00:00:00,SomanoMacBook-Air,ac79670a558885a74a1a9df7091d57c04a822212d88014a86ac03a924a3da324,連結性8近傍 / 最小サイズ10px / 二値化0.5
DataOgument_FinalFusion_DEM_APM__lab-pc__20260925-000000__hiroshima__gtonly__center__area,DataOgument_FinalFusion_DEM_APM__lab-pc__20260925-000000,DataOgument_FinalFusion_DEM_APM,hiroshima,警戒のみ,境界,面積,,0.7168,0.7125,0.7147,,,,2964.0,,,2026-09-26T00:00:00,SomanoMacBook-Air,ac79670a558885a74a1a9df7091d57c04a822212d88014a86ac03a924a3da324,tileanalysis による再推論。ノートブック出力と F値 0.0001 以内で一致
DataOgument_FinalFusion_DEM_APM__lab-pc__20260925-000000__hiroshima__gtonly__full__area,DataOgument_FinalFusion_DEM_APM__lab-pc__20260925-000000,DataOgument_FinalFusion_DEM_APM,hiroshima,警戒のみ,通常,面積,,0.7029,0.6964,0.6996,,,,2964.0,,,2026-09-26T00:00:00,SomanoMacBook-Air,ac79670a558885a74a1a9df7091d57c04a822212d88014a86ac03a924a3da324,tileanalysis による再推論。ノートブック出力と F値 0.0001 以内で一致
DataOgument_FinalFusion_DEM_APM__lab-pc__20260925-000000__hiroshima_bg__bgonly__full__inst__IoU--1-1--0.1-773618,DataOgument_FinalFusion_DEM_APM__lab-pc__20260925-000000,DataOgument_FinalFusion_DEM_APM,hiroshima_bg,背景のみ,通常,箇所,IoU厳密1対1 (0.1),,0.0,0.0,,,,,0,31175,2026-09-26T00:00:00,SomanoMacBook-Air,ac79670a558885a74a1a9df7091d57c04a822212d88014a86ac03a924a3da324,連結性8近傍 / 最小サイズ10px / 二値化0.5
DataOgument_FinalFusion_DEM_APM__lab-pc__20260925-000000__hiroshima_bg__bgonly__full__inst__IoU--1-1--0.3-49ffab,DataOgument_FinalFusion_DEM_APM__lab-pc__20260925-000000,DataOgument_FinalFusion_DEM_APM,hiroshima_bg,背景のみ,通常,箇所,IoU厳密1対1 (0.3),,0.0,0.0,,,,,0,31175,2026-09-26T00:00:00,SomanoMacBook-Air,ac79670a558885a74a1a9df7091d57c04a822212d88014a86ac03a924a3da324,連結性8近傍 / 最小サイズ10px / 二値化0.5
DataOgument_FinalFusion_DEM_APM__lab-pc__20260925-000000__hiroshima_bg__bgonly__full__inst__IoU--1--0.1-b5e5ab,DataOgument_FinalFusion_DEM_APM__lab-pc__20260925-000000,DataOgument_FinalFusion_DEM_APM,hiroshima_bg,背景のみ,通常,箇所,IoU多対1 (0.1),,0.0,0.0,,,,,0,31175,2026-09-26T00:00:00,SomanoMacBook-Air,ac79670a558885a74a1a9df7091d57c04a822212d88014a86ac03a924a3da324,連結性8近傍 / 最小サイズ10px / 二値化0.5
DataOgument_FinalFusion_DEM_APM__lab-pc__20260925-000000__hiroshima_bg__bgonly__full__inst__IoU--1--0.3-635d05,DataOgument_FinalFusion_DEM_APM__lab-pc__20260925-000000,DataOgument_FinalFusion_DEM_APM,hiroshima_bg,背景のみ,通常,箇所,IoU多対1 (0.3),,0.0,0.0,,,,,0,31175,2026-09-26T00:00:00,SomanoMacBook-Air,ac79670a558885a74a1a9df7091d57c04a822212d88014a86ac03a924a3da324,連結性8近傍 / 最小サイズ10px / 二値化0.5
DataOgument_FinalFusion_DEM_APM__lab-pc__20260925-000000__hiroshima_bg__bgonly__full__inst__cov_gt-0.3--cov_pred-0.3-a20df8,DataOgument_FinalFusion_DEM_APM__lab-pc__20260925-000000,DataOgument_FinalFusion_DEM_APM,hiroshima_bg,背景のみ,通常,箇所,"被覆 (cov_gt=0.3, cov_pred=0.3)",,0.0,0.0,,,,,0,31175,2026-09-26T00:00:00,SomanoMacBook-Air,ac79670a558885a74a1a9df7091d57c04a822212d88014a86ac03a924a3da324,連結性8近傍 / 最小サイズ10px / 二値化0.5
DataOgument_FinalFusion_DEM_APM__lab-pc__20260925-000000__hiroshima_bg__bgonly__full__inst__cov_gt-0.5--cov_pred-0.1-549b9e,DataOgument_FinalFusion_DEM_APM__lab-pc__20260925-000000,DataOgument_FinalFusion_DEM_APM,hiroshima_bg,背景のみ,通常,箇所,"被覆 (cov_gt=0.5, cov_pred=0.1)",,0.0,0.0,,,,,0,31175,2026-09-26T00:00:00,SomanoMacBook-Air,ac79670a558885a74a1a9df7091d57c04a822212d88014a86ac03a924a3da324,連結性8近傍 / 最小サイズ10px / 二値化0.5
DataOgument_FinalFusion_DEM_APM__lab-pc__20260925-000000__hiroshima_bg__bgonly__full__inst__cov_gt-0.5--cov_pred-0.3-ca4173,DataOgument_FinalFusion_DEM_APM__lab-pc__20260925-000000,DataOgument_FinalFusion_DEM_APM,hiroshima_bg,背景のみ,通常,箇所,"被覆 (cov_gt=0.5, cov_pred=0.3)",,0.0,0.0,,,,,0,31175,2026-09-26T00:00:00,SomanoMacBook-Air,ac79670a558885a74a1a9df7091d57c04a822212d88014a86ac03a924a3da324,連結性8近傍 / 最小サイズ10px / 二値化0.5
DataOgument_FinalFusion_DEM_APM__lab-pc__20260925-000000__shimane__all__full__inst__IoU--1-1--0.1-773618,DataOgument_FinalFusion_DEM_APM__lab-pc__20260925-000000,DataOgument_FinalFusion_DEM_APM,shimane,全件,通常,箇所,IoU厳密1対1 (0.1),0.5908,0.3435,0.4344,,,,,27445,47210,2026-09-26T00:00:00,SomanoMacBook-Air,ac79670a558885a74a1a9df7091d57c04a822212d88014a86ac03a924a3da324,連結性8近傍 / 最小サイズ10px / 二値化0.5
DataOgument_FinalFusion_DEM_APM__lab-pc__20260925-000000__shimane__all__full__inst__IoU--1-1--0.3-49ffab,DataOgument_FinalFusion_DEM_APM__lab-pc__20260925-000000,DataOgument_FinalFusion_DEM_APM,shimane,全件,通常,箇所,IoU厳密1対1 (0.3),0.4712,0.2739,0.3464,,,,,27445,47210,2026-09-26T00:00:00,SomanoMacBook-Air,ac79670a558885a74a1a9df7091d57c04a822212d88014a86ac03a924a3da324,連結性8近傍 / 最小サイズ10px / 二値化0.5
DataOgument_FinalFusion_DEM_APM__lab-pc__20260925-000000__shimane__all__full__inst__IoU--1--0.1-b5e5ab,DataOgument_FinalFusion_DEM_APM__lab-pc__20260925-000000,DataOgument_FinalFusion_DEM_APM,shimane,全件,通常,箇所,IoU多対1 (0.1),0.6251,0.3619,0.4584,,,,,27445,47210,2026-09-26T00:00:00,SomanoMacBook-Air,ac79670a558885a74a1a9df7091d57c04a822212d88014a86ac03a924a3da324,連結性8近傍 / 最小サイズ10px / 二値化0.5
DataOgument_FinalFusion_DEM_APM__lab-pc__20260925-000000__shimane__all__full__inst__IoU--1--0.3-635d05,DataOgument_FinalFusion_DEM_APM__lab-pc__20260925-000000,DataOgument_FinalFusion_DEM_APM,shimane,全件,通常,箇所,IoU多対1 (0.3),0.4742,0.275,0.3481,,,,,27445,47210,2026-09-26T00:00:00,SomanoMacBook-Air,ac79670a558885a74a1a9df7091d57c04a822212d88014a86ac03a924a3da324,連結性8近傍 / 最小サイズ10px / 二値化0.5
DataOgument_FinalFusion_DEM_APM__lab-pc__20260925-000000__shimane__all__full__inst__cov_gt-0.3--cov_pred-0.3-a20df8,DataOgument_FinalFusion_DEM_APM__lab-pc__20260925-000000,DataOgument_FinalFusion_DEM_APM,shimane,全件,通常,箇所,"被覆 (cov_gt=0.3, cov_pred=0.3)",0.5789,0.3836,0.4614,,,,,27445,47210,2026-09-26T00:00:00,SomanoMacBook-Air,ac79670a558885a74a1a9df7091d57c04a822212d88014a86ac03a924a3da324,連結性8近傍 / 最小サイズ10px / 二値化0.5
DataOgument_FinalFusion_DEM_APM__lab-pc__20260925-000000__shimane__all__full__inst__cov_gt-0.5--cov_pred-0.1-549b9e,DataOgument_FinalFusion_DEM_APM__lab-pc__20260925-000000,DataOgument_FinalFusion_DEM_APM,shimane,全件,通常,箇所,"被覆 (cov_gt=0.5, cov_pred=0.1)",0.4649,0.4008,0.4305,,,,,27445,47210,2026-09-26T00:00:00,SomanoMacBook-Air,ac79670a558885a74a1a9df7091d57c04a822212d88014a86ac03a924a3da324,連結性8近傍 / 最小サイズ10px / 二値化0.5
DataOgument_FinalFusion_DEM_APM__lab-pc__20260925-000000__shimane__all__full__inst__cov_gt-0.5--cov_pred-0.3-ca4173,DataOgument_FinalFusion_DEM_APM__lab-pc__20260925-000000,DataOgument_FinalFusion_DEM_APM,shimane,全件,通常,箇所,"被覆 (cov_gt=0.5, cov_pred=0.3)",0.4649,0.3836,0.4203,,,,,27445,47210,2026-09-26T00:00:00,SomanoMacBook-Air,ac79670a558885a74a1a9df7091d57c04a822212d88014a86ac03a924a3da324,連結性8近傍 / 最小サイズ10px / 二値化0.5
DataOgument_FinalFusion_DEM_APM__lab-pc__20260925-000000__shimane__all__center__area,DataOgument_FinalFusion_DEM_APM__lab-pc__20260925-000000,DataOgument_FinalFusion_DEM_APM,shimane,全件,境界,面積,,0.545,0.6083,0.5749,,,,24569.0,,,2026-09-26T00:00:00,SomanoMacBook-Air,ac79670a558885a74a1a9df7091d57c04a822212d88014a86ac03a924a3da324,tileanalysis による再推論。ノートブック出力と F値 0.0001 以内で一致
DataOgument_FinalFusion_DEM_APM__lab-pc__20260925-000000__shimane__all__full__area,DataOgument_FinalFusion_DEM_APM__lab-pc__20260925-000000,DataOgument_FinalFusion_DEM_APM,shimane,全件,通常,面積,,0.5283,0.5504,0.5391,,,,24569.0,,,2026-09-26T00:00:00,SomanoMacBook-Air,ac79670a558885a74a1a9df7091d57c04a822212d88014a86ac03a924a3da324,tileanalysis による再推論。ノートブック出力と F値 0.0001 以内で一致
DataOgument_FinalFusion_DEM_APM__lab-pc__20260925-000000__shimane__gtonly__full__area,DataOgument_FinalFusion_DEM_APM__lab-pc__20260925-000000,DataOgument_FinalFusion_DEM_APM,shimane,警戒のみ,通常,面積,,0.5283,0.6752,0.5928,,,,9679,,,2026-09-26T00:00:00,SomanoMacBook-Air,ac79670a558885a74a1a9df7091d57c04a822212d88014a86ac03a924a3da324,テスト集合の作り方を地域間で揃えた集計
DataOgument_FinalFusion_SAM_APM__lab-pc__20260925-000000__hiroshima__withbg__full__area,DataOgument_FinalFusion_SAM_APM__lab-pc__20260925-000000,DataOgument_FinalFusion_SAM_APM,hiroshima,背景込み,通常,面積,,0.7157,0.5613,0.6292,,,,7631,,,2026-09-26T00:00:00,SomanoMacBook-Air,474f0d1c3b1eb2c3fcd0745ddb30a97de16db2db2935ecb12b1befca47dbd83f,テスト集合の作り方を地域間で揃えた集計
DataOgument_FinalFusion_SAM_APM__lab-pc__20260925-000000__hiroshima__gtonly__full__inst__IoU--1-1--0.1-773618,DataOgument_FinalFusion_SAM_APM__lab-pc__20260925-000000,DataOgument_FinalFusion_SAM_APM,hiroshima,警戒のみ,通常,箇所,IoU厳密1対1 (0.1),0.6421,0.6248,0.6333,,,,,8977,9226,2026-09-26T00:00:00,SomanoMacBook-Air,474f0d1c3b1eb2c3fcd0745ddb30a97de16db2db2935ecb12b1befca47dbd83f,連結性8近傍 / 最小サイズ10px / 二値化0.5
DataOgument_FinalFusion_SAM_APM__lab-pc__20260925-000000__hiroshima__gtonly__full__inst__IoU--1-1--0.3-49ffab,DataOgument_FinalFusion_SAM_APM__lab-pc__20260925-000000,DataOgument_FinalFusion_SAM_APM,hiroshima,警戒のみ,通常,箇所,IoU厳密1対1 (0.3),0.5586,0.5436,0.551,,,,,8977,9226,2026-09-26T00:00:00,SomanoMacBook-Air,474f0d1c3b1eb2c3fcd0745ddb30a97de16db2db2935ecb12b1befca47dbd83f,連結性8近傍 / 最小サイズ10px / 二値化0.5
DataOgument_FinalFusion_SAM_APM__lab-pc__20260925-000000__hiroshima__gtonly__full__inst__IoU--1--0.1-b5e5ab,DataOgument_FinalFusion_SAM_APM__lab-pc__20260925-000000,DataOgument_FinalFusion_SAM_APM,hiroshima,警戒のみ,通常,箇所,IoU多対1 (0.1),0.7074,0.6468,0.6757,,,,,8977,9226,2026-09-26T00:00:00,SomanoMacBook-Air,474f0d1c3b1eb2c3fcd0745ddb30a97de16db2db2935ecb12b1befca47dbd83f,連結性8近傍 / 最小サイズ10px / 二値化0.5
DataOgument_FinalFusion_SAM_APM__lab-pc__20260925-000000__hiroshima__gtonly__full__inst__IoU--1--0.3-635d05,DataOgument_FinalFusion_SAM_APM__lab-pc__20260925-000000,DataOgument_FinalFusion_SAM_APM,hiroshima,警戒のみ,通常,箇所,IoU多対1 (0.3),0.5654,0.5457,0.5554,,,,,8977,9226,2026-09-26T00:00:00,SomanoMacBook-Air,474f0d1c3b1eb2c3fcd0745ddb30a97de16db2db2935ecb12b1befca47dbd83f,連結性8近傍 / 最小サイズ10px / 二値化0.5
DataOgument_FinalFusion_SAM_APM__lab-pc__20260925-000000__hiroshima__gtonly__full__inst__cov_gt-0.3--cov_pred-0.3-a20df8,DataOgument_FinalFusion_SAM_APM__lab-pc__20260925-000000,DataOgument_FinalFusion_SAM_APM,hiroshima,警戒のみ,通常,箇所,"被覆 (cov_gt=0.3, cov_pred=0.3)",0.7265,0.6568,0.6899,,,,,8977,9226,2026-09-26T00:00:00,SomanoMacBook-Air,474f0d1c3b1eb2c3fcd0745ddb30a97de16db2db2935ecb12b1befca47dbd83f,連結性8近傍 / 最小サイズ10px / 二値化0.5
DataOgument_FinalFusion_SAM_APM__lab-pc__20260925-000000__hiroshima__gtonly__full__inst__cov_gt-0.5--cov_pred-0.1-549b9e,DataOgument_FinalFusion_SAM_APM__lab-pc__20260925-000000,DataOgument_FinalFusion_SAM_APM,hiroshima,警戒のみ,通常,箇所,"被覆 (cov_gt=0.5, cov_pred=0.1)",0.6718,0.6847,0.6782,,,,,8977,9226,2026-09-26T00:00:00,SomanoMacBook-Air,474f0d1c3b1eb2c3fcd0745ddb30a97de16db2db2935ecb12b1befca47dbd83f,連結性8近傍 / 最小サイズ10px / 二値化0.5
DataOgument_FinalFusion_SAM_APM__lab-pc__20260925-000000__hiroshima__gtonly__full__inst__cov_gt-0.5--cov_pred-0.3-ca4173,DataOgument_FinalFusion_SAM_APM__lab-pc__20260925-000000,DataOgument_FinalFusion_SAM_APM,hiroshima,警戒のみ,通常,箇所,"被覆 (cov_gt=0.5, cov_pred=0.3)",0.6718,0.6568,0.6642,,,,,8977,9226,2026-09-26T00:00:00,SomanoMacBook-Air,474f0d1c3b1eb2c3fcd0745ddb30a97de16db2db2935ecb12b1befca47dbd83f,連結性8近傍 / 最小サイズ10px / 二値化0.5
DataOgument_FinalFusion_SAM_APM__lab-pc__20260925-000000__hiroshima__gtonly__center__area,DataOgument_FinalFusion_SAM_APM__lab-pc__20260925-000000,DataOgument_FinalFusion_SAM_APM,hiroshima,警戒のみ,境界,面積,,0.7285,0.694,0.7108,,,,2964.0,,,2026-09-26T00:00:00,SomanoMacBook-Air,474f0d1c3b1eb2c3fcd0745ddb30a97de16db2db2935ecb12b1befca47dbd83f,tileanalysis による再推論。ノートブック出力と F値 0.0001 以内で一致
DataOgument_FinalFusion_SAM_APM__lab-pc__20260925-000000__hiroshima__gtonly__full__area,DataOgument_FinalFusion_SAM_APM__lab-pc__20260925-000000,DataOgument_FinalFusion_SAM_APM,hiroshima,警戒のみ,通常,面積,,0.7157,0.68,0.6974,,,,2964.0,,,2026-09-26T00:00:00,SomanoMacBook-Air,474f0d1c3b1eb2c3fcd0745ddb30a97de16db2db2935ecb12b1befca47dbd83f,tileanalysis による再推論。ノートブック出力と F値 0.0001 以内で一致
DataOgument_FinalFusion_SAM_APM__lab-pc__20260925-000000__hiroshima_bg__bgonly__full__inst__IoU--1-1--0.1-773618,DataOgument_FinalFusion_SAM_APM__lab-pc__20260925-000000,DataOgument_FinalFusion_SAM_APM,hiroshima_bg,背景のみ,通常,箇所,IoU厳密1対1 (0.1),,0.0,0.0,,,,,0,22144,2026-09-26T00:00:00,SomanoMacBook-Air,474f0d1c3b1eb2c3fcd0745ddb30a97de16db2db2935ecb12b1befca47dbd83f,連結性8近傍 / 最小サイズ10px / 二値化0.5
DataOgument_FinalFusion_SAM_APM__lab-pc__20260925-000000__hiroshima_bg__bgonly__full__inst__IoU--1-1--0.3-49ffab,DataOgument_FinalFusion_SAM_APM__lab-pc__20260925-000000,DataOgument_FinalFusion_SAM_APM,hiroshima_bg,背景のみ,通常,箇所,IoU厳密1対1 (0.3),,0.0,0.0,,,,,0,22144,2026-09-26T00:00:00,SomanoMacBook-Air,474f0d1c3b1eb2c3fcd0745ddb30a97de16db2db2935ecb12b1befca47dbd83f,連結性8近傍 / 最小サイズ10px / 二値化0.5
DataOgument_FinalFusion_SAM_APM__lab-pc__20260925-000000__hiroshima_bg__bgonly__full__inst__IoU--1--0.1-b5e5ab,DataOgument_FinalFusion_SAM_APM__lab-pc__20260925-000000,DataOgument_FinalFusion_SAM_APM,hiroshima_bg,背景のみ,通常,箇所,IoU多対1 (0.1),,0.0,0.0,,,,,0,22144,2026-09-26T00:00:00,SomanoMacBook-Air,474f0d1c3b1eb2c3fcd0745ddb30a97de16db2db2935ecb12b1befca47dbd83f,連結性8近傍 / 最小サイズ10px / 二値化0.5
DataOgument_FinalFusion_SAM_APM__lab-pc__20260925-000000__hiroshima_bg__bgonly__full__inst__IoU--1--0.3-635d05,DataOgument_FinalFusion_SAM_APM__lab-pc__20260925-000000,DataOgument_FinalFusion_SAM_APM,hiroshima_bg,背景のみ,通常,箇所,IoU多対1 (0.3),,0.0,0.0,,,,,0,22144,2026-09-26T00:00:00,SomanoMacBook-Air,474f0d1c3b1eb2c3fcd0745ddb30a97de16db2db2935ecb12b1befca47dbd83f,連結性8近傍 / 最小サイズ10px / 二値化0.5
DataOgument_FinalFusion_SAM_APM__lab-pc__20260925-000000__hiroshima_bg__bgonly__full__inst__cov_gt-0.3--cov_pred-0.3-a20df8,DataOgument_FinalFusion_SAM_APM__lab-pc__20260925-000000,DataOgument_FinalFusion_SAM_APM,hiroshima_bg,背景のみ,通常,箇所,"被覆 (cov_gt=0.3, cov_pred=0.3)",,0.0,0.0,,,,,0,22144,2026-09-26T00:00:00,SomanoMacBook-Air,474f0d1c3b1eb2c3fcd0745ddb30a97de16db2db2935ecb12b1befca47dbd83f,連結性8近傍 / 最小サイズ10px / 二値化0.5
DataOgument_FinalFusion_SAM_APM__lab-pc__20260925-000000__hiroshima_bg__bgonly__full__inst__cov_gt-0.5--cov_pred-0.1-549b9e,DataOgument_FinalFusion_SAM_APM__lab-pc__20260925-000000,DataOgument_FinalFusion_SAM_APM,hiroshima_bg,背景のみ,通常,箇所,"被覆 (cov_gt=0.5, cov_pred=0.1)",,0.0,0.0,,,,,0,22144,2026-09-26T00:00:00,SomanoMacBook-Air,474f0d1c3b1eb2c3fcd0745ddb30a97de16db2db2935ecb12b1befca47dbd83f,連結性8近傍 / 最小サイズ10px / 二値化0.5
DataOgument_FinalFusion_SAM_APM__lab-pc__20260925-000000__hiroshima_bg__bgonly__full__inst__cov_gt-0.5--cov_pred-0.3-ca4173,DataOgument_FinalFusion_SAM_APM__lab-pc__20260925-000000,DataOgument_FinalFusion_SAM_APM,hiroshima_bg,背景のみ,通常,箇所,"被覆 (cov_gt=0.5, cov_pred=0.3)",,0.0,0.0,,,,,0,22144,2026-09-26T00:00:00,SomanoMacBook-Air,474f0d1c3b1eb2c3fcd0745ddb30a97de16db2db2935ecb12b1befca47dbd83f,連結性8近傍 / 最小サイズ10px / 二値化0.5
DataOgument_FinalFusion_SAM_APM__lab-pc__20260925-000000__shimane__all__full__inst__IoU--1-1--0.1-773618,DataOgument_FinalFusion_SAM_APM__lab-pc__20260925-000000,DataOgument_FinalFusion_SAM_APM,shimane,全件,通常,箇所,IoU厳密1対1 (0.1),0.5707,0.4058,0.4744,,,,,27445,38597,2026-09-26T00:00:00,SomanoMacBook-Air,474f0d1c3b1eb2c3fcd0745ddb30a97de16db2db2935ecb12b1befca47dbd83f,連結性8近傍 / 最小サイズ10px / 二値化0.5
DataOgument_FinalFusion_SAM_APM__lab-pc__20260925-000000__shimane__all__full__inst__IoU--1-1--0.3-49ffab,DataOgument_FinalFusion_SAM_APM__lab-pc__20260925-000000,DataOgument_FinalFusion_SAM_APM,shimane,全件,通常,箇所,IoU厳密1対1 (0.3),0.4581,0.3257,0.3807,,,,,27445,38597,2026-09-26T00:00:00,SomanoMacBook-Air,474f0d1c3b1eb2c3fcd0745ddb30a97de16db2db2935ecb12b1befca47dbd83f,連結性8近傍 / 最小サイズ10px / 二値化0.5
DataOgument_FinalFusion_SAM_APM__lab-pc__20260925-000000__shimane__all__full__inst__IoU--1--0.1-b5e5ab,DataOgument_FinalFusion_SAM_APM__lab-pc__20260925-000000,DataOgument_FinalFusion_SAM_APM,shimane,全件,通常,箇所,IoU多対1 (0.1),0.6091,0.4248,0.5005,,,,,27445,38597,2026-09-26T00:00:00,SomanoMacBook-Air,474f0d1c3b1eb2c3fcd0745ddb30a97de16db2db2935ecb12b1befca47dbd83f,連結性8近傍 / 最小サイズ10px / 二値化0.5
DataOgument_FinalFusion_SAM_APM__lab-pc__20260925-000000__shimane__all__full__inst__IoU--1--0.3-635d05,DataOgument_FinalFusion_SAM_APM__lab-pc__20260925-000000,DataOgument_FinalFusion_SAM_APM,shimane,全件,通常,箇所,IoU多対1 (0.3),0.4615,0.3267,0.3826,,,,,27445,38597,2026-09-26T00:00:00,SomanoMacBook-Air,474f0d1c3b1eb2c3fcd0745ddb30a97de16db2db2935ecb12b1befca47dbd83f,連結性8近傍 / 最小サイズ10px / 二値化0.5
DataOgument_FinalFusion_SAM_APM__lab-pc__20260925-000000__shimane__all__full__inst__cov_gt-0.3--cov_pred-0.3-a20df8,DataOgument_FinalFusion_SAM_APM__lab-pc__20260925-000000,DataOgument_FinalFusion_SAM_APM,shimane,全件,通常,箇所,"被覆 (cov_gt=0.3, cov_pred=0.3)",0.575,0.4447,0.5016,,,,,27445,38597,2026-09-26T00:00:00,SomanoMacBook-Air,474f0d1c3b1eb2c3fcd0745ddb30a97de16db2db2935ecb12b1befca47dbd83f,連結性8近傍 / 最小サイズ10px / 二値化0.5
DataOgument_FinalFusion_SAM_APM__lab-pc__20260925-000000__shimane__all__full__inst__cov_gt-0.5--cov_pred-0.1-549b9e,DataOgument_FinalFusion_SAM_APM__lab-pc__20260925-000000,DataOgument_FinalFusion_SAM_APM,shimane,全件,通常,箇所,"被覆 (cov_gt=0.5, cov_pred=0.1)",0.4714,0.4662,0.4688,,,,,27445,38597,2026-09-26T00:00:00,SomanoMacBook-Air,474f0d1c3b1eb2c3fcd0745ddb30a97de16db2db2935ecb12b1befca47dbd83f,連結性8近傍 / 最小サイズ10px / 二値化0.5
DataOgument_FinalFusion_SAM_APM__lab-pc__20260925-000000__shimane__all__full__inst__cov_gt-0.5--cov_pred-0.3-ca4173,DataOgument_FinalFusion_SAM_APM__lab-pc__20260925-000000,DataOgument_FinalFusion_SAM_APM,shimane,全件,通常,箇所,"被覆 (cov_gt=0.5, cov_pred=0.3)",0.4714,0.4447,0.4577,,,,,27445,38597,2026-09-26T00:00:00,SomanoMacBook-Air,474f0d1c3b1eb2c3fcd0745ddb30a97de16db2db2935ecb12b1befca47dbd83f,連結性8近傍 / 最小サイズ10px / 二値化0.5
DataOgument_FinalFusion_SAM_APM__lab-pc__20260925-000000__shimane__all__center__area,DataOgument_FinalFusion_SAM_APM__lab-pc__20260925-000000,DataOgument_FinalFusion_SAM_APM,shimane,全件,境界,面積,,0.5424,0.5917,0.5659,,,,24569.0,,,2026-09-26T00:00:00,SomanoMacBook-Air,474f0d1c3b1eb2c3fcd0745ddb30a97de16db2db2935ecb12b1befca47dbd83f,tileanalysis による再推論。ノートブック出力と F値 0.0001 以内で一致
DataOgument_FinalFusion_SAM_APM__lab-pc__20260925-000000__shimane__all__full__area,DataOgument_FinalFusion_SAM_APM__lab-pc__20260925-000000,DataOgument_FinalFusion_SAM_APM,shimane,全件,通常,面積,,0.5282,0.5542,0.5409,,,,24569.0,,,2026-09-26T00:00:00,SomanoMacBook-Air,474f0d1c3b1eb2c3fcd0745ddb30a97de16db2db2935ecb12b1befca47dbd83f,tileanalysis による再推論。ノートブック出力と F値 0.0001 以内で一致
DataOgument_FinalFusion_SAM_APM__lab-pc__20260925-000000__shimane__gtonly__full__area,DataOgument_FinalFusion_SAM_APM__lab-pc__20260925-000000,DataOgument_FinalFusion_SAM_APM,shimane,警戒のみ,通常,面積,,0.5282,0.6606,0.587,,,,9679,,,2026-09-26T00:00:00,SomanoMacBook-Air,474f0d1c3b1eb2c3fcd0745ddb30a97de16db2db2935ecb12b1befca47dbd83f,テスト集合の作り方を地域間で揃えた集計
EarlyFusionUNet_DEM_APM__lab-pc__20260925-000000__hiroshima__withbg__full__area,EarlyFusionUNet_DEM_APM__lab-pc__20260925-000000,EarlyFusionUNet_DEM_APM,hiroshima,背景込み,通常,面積,,0.6787,0.504,0.5785,,,,7631,,,2026-09-26T00:00:00,SomanoMacBook-Air,4d74379545558f8439c37af5c25c8e0834d13e374f5988bb7666180f28516850,テスト集合の作り方を地域間で揃えた集計
EarlyFusionUNet_DEM_APM__lab-pc__20260925-000000__hiroshima__gtonly__full__inst__IoU--1-1--0.1-773618,EarlyFusionUNet_DEM_APM__lab-pc__20260925-000000,EarlyFusionUNet_DEM_APM,hiroshima,警戒のみ,通常,箇所,IoU厳密1対1 (0.1),0.5603,0.615,0.5864,,,,,8977,8179,2026-09-26T00:00:00,SomanoMacBook-Air,4d74379545558f8439c37af5c25c8e0834d13e374f5988bb7666180f28516850,連結性8近傍 / 最小サイズ10px / 二値化0.5
EarlyFusionUNet_DEM_APM__lab-pc__20260925-000000__hiroshima__gtonly__full__inst__IoU--1-1--0.3-49ffab,EarlyFusionUNet_DEM_APM__lab-pc__20260925-000000,EarlyFusionUNet_DEM_APM,hiroshima,警戒のみ,通常,箇所,IoU厳密1対1 (0.3),0.4495,0.4933,0.4704,,,,,8977,8179,2026-09-26T00:00:00,SomanoMacBook-Air,4d74379545558f8439c37af5c25c8e0834d13e374f5988bb7666180f28516850,連結性8近傍 / 最小サイズ10px / 二値化0.5
EarlyFusionUNet_DEM_APM__lab-pc__20260925-000000__hiroshima__gtonly__full__inst__IoU--1--0.1-b5e5ab,EarlyFusionUNet_DEM_APM__lab-pc__20260925-000000,EarlyFusionUNet_DEM_APM,hiroshima,警戒のみ,通常,箇所,IoU多対1 (0.1),0.6231,0.636,0.6295,,,,,8977,8179,2026-09-26T00:00:00,SomanoMacBook-Air,4d74379545558f8439c37af5c25c8e0834d13e374f5988bb7666180f28516850,連結性8近傍 / 最小サイズ10px / 二値化0.5
EarlyFusionUNet_DEM_APM__lab-pc__20260925-000000__hiroshima__gtonly__full__inst__IoU--1--0.3-635d05,EarlyFusionUNet_DEM_APM__lab-pc__20260925-000000,EarlyFusionUNet_DEM_APM,hiroshima,警戒のみ,通常,箇所,IoU多対1 (0.3),0.4538,0.4952,0.4736,,,,,8977,8179,2026-09-26T00:00:00,SomanoMacBook-Air,4d74379545558f8439c37af5c25c8e0834d13e374f5988bb7666180f28516850,連結性8近傍 / 最小サイズ10px / 二値化0.5
EarlyFusionUNet_DEM_APM__lab-pc__20260925-000000__hiroshima__gtonly__full__inst__cov_gt-0.3--cov_pred-0.3-a20df8,EarlyFusionUNet_DEM_APM__lab-pc__20260925-000000,EarlyFusionUNet_DEM_APM,hiroshima,警戒のみ,通常,箇所,"被覆 (cov_gt=0.3, cov_pred=0.3)",0.6513,0.6281,0.6395,,,,,8977,8179,2026-09-26T00:00:00,SomanoMacBook-Air,4d74379545558f8439c37af5c25c8e0834d13e374f5988bb7666180f28516850,連結性8近傍 / 最小サイズ10px / 二値化0.5
EarlyFusionUNet_DEM_APM__lab-pc__20260925-000000__hiroshima__gtonly__full__inst__cov_gt-0.5--cov_pred-0.1-549b9e,EarlyFusionUNet_DEM_APM__lab-pc__20260925-000000,EarlyFusionUNet_DEM_APM,hiroshima,警戒のみ,通常,箇所,"被覆 (cov_gt=0.5, cov_pred=0.1)",0.5852,0.6805,0.6293,,,,,8977,8179,2026-09-26T00:00:00,SomanoMacBook-Air,4d74379545558f8439c37af5c25c8e0834d13e374f5988bb7666180f28516850,連結性8近傍 / 最小サイズ10px / 二値化0.5
EarlyFusionUNet_DEM_APM__lab-pc__20260925-000000__hiroshima__gtonly__full__inst__cov_gt-0.5--cov_pred-0.3-ca4173,EarlyFusionUNet_DEM_APM__lab-pc__20260925-000000,EarlyFusionUNet_DEM_APM,hiroshima,警戒のみ,通常,箇所,"被覆 (cov_gt=0.5, cov_pred=0.3)",0.5852,0.6281,0.6059,,,,,8977,8179,2026-09-26T00:00:00,SomanoMacBook-Air,4d74379545558f8439c37af5c25c8e0834d13e374f5988bb7666180f28516850,連結性8近傍 / 最小サイズ10px / 二値化0.5
EarlyFusionUNet_DEM_APM__lab-pc__20260925-000000__hiroshima__gtonly__center__area,EarlyFusionUNet_DEM_APM__lab-pc__20260925-000000,EarlyFusionUNet_DEM_APM,hiroshima,警戒のみ,境界,面積,,0.7048,0.633,0.667,,,,2964.0,,,2026-09-26T00:00:00,SomanoMacBook-Air,4d74379545558f8439c37af5c25c8e0834d13e374f5988bb7666180f28516850,tileanalysis による再推論。ノートブック出力と F値 0.0001 以内で一致
EarlyFusionUNet_DEM_APM__lab-pc__20260925-000000__hiroshima__gtonly__full__area,EarlyFusionUNet_DEM_APM__lab-pc__20260925-000000,EarlyFusionUNet_DEM_APM,hiroshima,警戒のみ,通常,面積,,0.6787,0.6224,0.6494,,,,2964.0,,,2026-09-26T00:00:00,SomanoMacBook-Air,4d74379545558f8439c37af5c25c8e0834d13e374f5988bb7666180f28516850,tileanalysis による再推論。ノートブック出力と F値 0.0001 以内で一致
EarlyFusionUNet_DEM_APM__lab-pc__20260925-000000__hiroshima_bg__bgonly__full__inst__IoU--1-1--0.1-773618,EarlyFusionUNet_DEM_APM__lab-pc__20260925-000000,EarlyFusionUNet_DEM_APM,hiroshima_bg,背景のみ,通常,箇所,IoU厳密1対1 (0.1),,0.0,0.0,,,,,0,21928,2026-09-26T00:00:00,SomanoMacBook-Air,4d74379545558f8439c37af5c25c8e0834d13e374f5988bb7666180f28516850,連結性8近傍 / 最小サイズ10px / 二値化0.5
EarlyFusionUNet_DEM_APM__lab-pc__20260925-000000__hiroshima_bg__bgonly__full__inst__IoU--1-1--0.3-49ffab,EarlyFusionUNet_DEM_APM__lab-pc__20260925-000000,EarlyFusionUNet_DEM_APM,hiroshima_bg,背景のみ,通常,箇所,IoU厳密1対1 (0.3),,0.0,0.0,,,,,0,21928,2026-09-26T00:00:00,SomanoMacBook-Air,4d74379545558f8439c37af5c25c8e0834d13e374f5988bb7666180f28516850,連結性8近傍 / 最小サイズ10px / 二値化0.5
EarlyFusionUNet_DEM_APM__lab-pc__20260925-000000__hiroshima_bg__bgonly__full__inst__IoU--1--0.1-b5e5ab,EarlyFusionUNet_DEM_APM__lab-pc__20260925-000000,EarlyFusionUNet_DEM_APM,hiroshima_bg,背景のみ,通常,箇所,IoU多対1 (0.1),,0.0,0.0,,,,,0,21928,2026-09-26T00:00:00,SomanoMacBook-Air,4d74379545558f8439c37af5c25c8e0834d13e374f5988bb7666180f28516850,連結性8近傍 / 最小サイズ10px / 二値化0.5
EarlyFusionUNet_DEM_APM__lab-pc__20260925-000000__hiroshima_bg__bgonly__full__inst__IoU--1--0.3-635d05,EarlyFusionUNet_DEM_APM__lab-pc__20260925-000000,EarlyFusionUNet_DEM_APM,hiroshima_bg,背景のみ,通常,箇所,IoU多対1 (0.3),,0.0,0.0,,,,,0,21928,2026-09-26T00:00:00,SomanoMacBook-Air,4d74379545558f8439c37af5c25c8e0834d13e374f5988bb7666180f28516850,連結性8近傍 / 最小サイズ10px / 二値化0.5
EarlyFusionUNet_DEM_APM__lab-pc__20260925-000000__hiroshima_bg__bgonly__full__inst__cov_gt-0.3--cov_pred-0.3-a20df8,EarlyFusionUNet_DEM_APM__lab-pc__20260925-000000,EarlyFusionUNet_DEM_APM,hiroshima_bg,背景のみ,通常,箇所,"被覆 (cov_gt=0.3, cov_pred=0.3)",,0.0,0.0,,,,,0,21928,2026-09-26T00:00:00,SomanoMacBook-Air,4d74379545558f8439c37af5c25c8e0834d13e374f5988bb7666180f28516850,連結性8近傍 / 最小サイズ10px / 二値化0.5
EarlyFusionUNet_DEM_APM__lab-pc__20260925-000000__hiroshima_bg__bgonly__full__inst__cov_gt-0.5--cov_pred-0.1-549b9e,EarlyFusionUNet_DEM_APM__lab-pc__20260925-000000,EarlyFusionUNet_DEM_APM,hiroshima_bg,背景のみ,通常,箇所,"被覆 (cov_gt=0.5, cov_pred=0.1)",,0.0,0.0,,,,,0,21928,2026-09-26T00:00:00,SomanoMacBook-Air,4d74379545558f8439c37af5c25c8e0834d13e374f5988bb7666180f28516850,連結性8近傍 / 最小サイズ10px / 二値化0.5
EarlyFusionUNet_DEM_APM__lab-pc__20260925-000000__hiroshima_bg__bgonly__full__inst__cov_gt-0.5--cov_pred-0.3-ca4173,EarlyFusionUNet_DEM_APM__lab-pc__20260925-000000,EarlyFusionUNet_DEM_APM,hiroshima_bg,背景のみ,通常,箇所,"被覆 (cov_gt=0.5, cov_pred=0.3)",,0.0,0.0,,,,,0,21928,2026-09-26T00:00:00,SomanoMacBook-Air,4d74379545558f8439c37af5c25c8e0834d13e374f5988bb7666180f28516850,連結性8近傍 / 最小サイズ10px / 二値化0.5
EarlyFusionUNet_DEM_APM__lab-pc__20260925-000000__shimane__all__full__inst__IoU--1-1--0.1-773618,EarlyFusionUNet_DEM_APM__lab-pc__20260925-000000,EarlyFusionUNet_DEM_APM,shimane,全件,通常,箇所,IoU厳密1対1 (0.1),0.5129,0.408,0.4545,,,,,27445,34504,2026-09-26T00:00:00,SomanoMacBook-Air,4d74379545558f8439c37af5c25c8e0834d13e374f5988bb7666180f28516850,連結性8近傍 / 最小サイズ10px / 二値化0.5
EarlyFusionUNet_DEM_APM__lab-pc__20260925-000000__shimane__all__full__inst__IoU--1-1--0.3-49ffab,EarlyFusionUNet_DEM_APM__lab-pc__20260925-000000,EarlyFusionUNet_DEM_APM,shimane,全件,通常,箇所,IoU厳密1対1 (0.3),0.4107,0.3267,0.3639,,,,,27445,34504,2026-09-26T00:00:00,SomanoMacBook-Air,4d74379545558f8439c37af5c25c8e0834d13e374f5988bb7666180f28516850,連結性8近傍 / 最小サイズ10px / 二値化0.5
EarlyFusionUNet_DEM_APM__lab-pc__20260925-000000__shimane__all__full__inst__IoU--1--0.1-b5e5ab,EarlyFusionUNet_DEM_APM__lab-pc__20260925-000000,EarlyFusionUNet_DEM_APM,shimane,全件,通常,箇所,IoU多対1 (0.1),0.5589,0.4216,0.4806,,,,,27445,34504,2026-09-26T00:00:00,SomanoMacBook-Air,4d74379545558f8439c37af5c25c8e0834d13e374f5988bb7666180f28516850,連結性8近傍 / 最小サイズ10px / 二値化0.5
EarlyFusionUNet_DEM_APM__lab-pc__20260925-000000__shimane__all__full__inst__IoU--1--0.3-635d05,EarlyFusionUNet_DEM_APM__lab-pc__20260925-000000,EarlyFusionUNet_DEM_APM,shimane,全件,通常,箇所,IoU多対1 (0.3),0.414,0.3276,0.3658,,,,,27445,34504,2026-09-26T00:00:00,SomanoMacBook-Air,4d74379545558f8439c37af5c25c8e0834d13e374f5988bb7666180f28516850,連結性8近傍 / 最小サイズ10px / 二値化0.5
EarlyFusionUNet_DEM_APM__lab-pc__20260925-000000__shimane__all__full__inst__cov_gt-0.3--cov_pred-0.3-a20df8,EarlyFusionUNet_DEM_APM__lab-pc__20260925-000000,EarlyFusionUNet_DEM_APM,shimane,全件,通常,箇所,"被覆 (cov_gt=0.3, cov_pred=0.3)",0.545,0.4299,0.4807,,,,,27445,34504,2026-09-26T00:00:00,SomanoMacBook-Air,4d74379545558f8439c37af5c25c8e0834d13e374f5988bb7666180f28516850,連結性8近傍 / 最小サイズ10px / 二値化0.5
EarlyFusionUNet_DEM_APM__lab-pc__20260925-000000__shimane__all__full__inst__cov_gt-0.5--cov_pred-0.1-549b9e,EarlyFusionUNet_DEM_APM__lab-pc__20260925-000000,EarlyFusionUNet_DEM_APM,shimane,全件,通常,箇所,"被覆 (cov_gt=0.5, cov_pred=0.1)",0.4622,0.4577,0.46,,,,,27445,34504,2026-09-26T00:00:00,SomanoMacBook-Air,4d74379545558f8439c37af5c25c8e0834d13e374f5988bb7666180f28516850,連結性8近傍 / 最小サイズ10px / 二値化0.5
EarlyFusionUNet_DEM_APM__lab-pc__20260925-000000__shimane__all__full__inst__cov_gt-0.5--cov_pred-0.3-ca4173,EarlyFusionUNet_DEM_APM__lab-pc__20260925-000000,EarlyFusionUNet_DEM_APM,shimane,全件,通常,箇所,"被覆 (cov_gt=0.5, cov_pred=0.3)",0.4622,0.4299,0.4455,,,,,27445,34504,2026-09-26T00:00:00,SomanoMacBook-Air,4d74379545558f8439c37af5c25c8e0834d13e374f5988bb7666180f28516850,連結性8近傍 / 最小サイズ10px / 二値化0.5
EarlyFusionUNet_DEM_APM__lab-pc__20260925-000000__shimane__all__center__area,EarlyFusionUNet_DEM_APM__lab-pc__20260925-000000,EarlyFusionUNet_DEM_APM,shimane,全件,境界,面積,,0.5672,0.5639,0.5655,,,,24569.0,,,2026-09-26T00:00:00,SomanoMacBook-Air,4d74379545558f8439c37af5c25c8e0834d13e374f5988bb7666180f28516850,tileanalysis による再推論。ノートブック出力と F値 0.0001 以内で一致
EarlyFusionUNet_DEM_APM__lab-pc__20260925-000000__shimane__all__full__area,EarlyFusionUNet_DEM_APM__lab-pc__20260925-000000,EarlyFusionUNet_DEM_APM,shimane,全件,通常,面積,,0.5431,0.5262,0.5345,,,,24569.0,,,2026-09-26T00:00:00,SomanoMacBook-Air,4d74379545558f8439c37af5c25c8e0834d13e374f5988bb7666180f28516850,tileanalysis による再推論。ノートブック出力と F値 0.0001 以内で一致
EarlyFusionUNet_DEM_APM__lab-pc__20260925-000000__shimane__gtonly__full__area,EarlyFusionUNet_DEM_APM__lab-pc__20260925-000000,EarlyFusionUNet_DEM_APM,shimane,警戒のみ,通常,面積,,0.5431,0.6306,0.5836,,,,9679,,,2026-09-26T00:00:00,SomanoMacBook-Air,4d74379545558f8439c37af5c25c8e0834d13e374f5988bb7666180f28516850,テスト集合の作り方を地域間で揃えた集計
EarlyFusionUNet_SAM_APM__lab-pc__20260925-000000__hiroshima__withbg__full__area,EarlyFusionUNet_SAM_APM__lab-pc__20260925-000000,EarlyFusionUNet_SAM_APM,hiroshima,背景込み,通常,面積,,0.6879,0.4705,0.5588,,,,7631,,,2026-09-26T00:00:00,SomanoMacBook-Air,9a9290b1b3b5a9a8ff92066110ba3eea2b512b38689477b6dac03a89df5e65b3,テスト集合の作り方を地域間で揃えた集計
EarlyFusionUNet_SAM_APM__lab-pc__20260925-000000__hiroshima__gtonly__full__inst__IoU--1-1--0.1-773618,EarlyFusionUNet_SAM_APM__lab-pc__20260925-000000,EarlyFusionUNet_SAM_APM,hiroshima,警戒のみ,通常,箇所,IoU厳密1対1 (0.1),0.5568,0.5961,0.5758,,,,,8977,8384,2026-09-26T00:00:00,SomanoMacBook-Air,9a9290b1b3b5a9a8ff92066110ba3eea2b512b38689477b6dac03a89df5e65b3,連結性8近傍 / 最小サイズ10px / 二値化0.5
EarlyFusionUNet_SAM_APM__lab-pc__20260925-000000__hiroshima__gtonly__full__inst__IoU--1-1--0.3-49ffab,EarlyFusionUNet_SAM_APM__lab-pc__20260925-000000,EarlyFusionUNet_SAM_APM,hiroshima,警戒のみ,通常,箇所,IoU厳密1対1 (0.3),0.4566,0.4889,0.4722,,,,,8977,8384,2026-09-26T00:00:00,SomanoMacBook-Air,9a9290b1b3b5a9a8ff92066110ba3eea2b512b38689477b6dac03a89df5e65b3,連結性8近傍 / 最小サイズ10px / 二値化0.5
EarlyFusionUNet_SAM_APM__lab-pc__20260925-000000__hiroshima__gtonly__full__inst__IoU--1--0.1-b5e5ab,EarlyFusionUNet_SAM_APM__lab-pc__20260925-000000,EarlyFusionUNet_SAM_APM,hiroshima,警戒のみ,通常,箇所,IoU多対1 (0.1),0.6227,0.6122,0.6174,,,,,8977,8384,2026-09-26T00:00:00,SomanoMacBook-Air,9a9290b1b3b5a9a8ff92066110ba3eea2b512b38689477b6dac03a89df5e65b3,連結性8近傍 / 最小サイズ10px / 二値化0.5
EarlyFusionUNet_SAM_APM__lab-pc__20260925-000000__hiroshima__gtonly__full__inst__IoU--1--0.3-635d05,EarlyFusionUNet_SAM_APM__lab-pc__20260925-000000,EarlyFusionUNet_SAM_APM,hiroshima,警戒のみ,通常,箇所,IoU多対1 (0.3),0.463,0.4905,0.4763,,,,,8977,8384,2026-09-26T00:00:00,SomanoMacBook-Air,9a9290b1b3b5a9a8ff92066110ba3eea2b512b38689477b6dac03a89df5e65b3,連結性8近傍 / 最小サイズ10px / 二値化0.5
EarlyFusionUNet_SAM_APM__lab-pc__20260925-000000__hiroshima__gtonly__full__inst__cov_gt-0.3--cov_pred-0.3-a20df8,EarlyFusionUNet_SAM_APM__lab-pc__20260925-000000,EarlyFusionUNet_SAM_APM,hiroshima,警戒のみ,通常,箇所,"被覆 (cov_gt=0.3, cov_pred=0.3)",0.6555,0.6008,0.6269,,,,,8977,8384,2026-09-26T00:00:00,SomanoMacBook-Air,9a9290b1b3b5a9a8ff92066110ba3eea2b512b38689477b6dac03a89df5e65b3,連結性8近傍 / 最小サイズ10px / 二値化0.5
EarlyFusionUNet_SAM_APM__lab-pc__20260925-000000__hiroshima__gtonly__full__inst__cov_gt-0.5--cov_pred-0.1-549b9e,EarlyFusionUNet_SAM_APM__lab-pc__20260925-000000,EarlyFusionUNet_SAM_APM,hiroshima,警戒のみ,通常,箇所,"被覆 (cov_gt=0.5, cov_pred=0.1)",0.6038,0.6484,0.6253,,,,,8977,8384,2026-09-26T00:00:00,SomanoMacBook-Air,9a9290b1b3b5a9a8ff92066110ba3eea2b512b38689477b6dac03a89df5e65b3,連結性8近傍 / 最小サイズ10px / 二値化0.5
EarlyFusionUNet_SAM_APM__lab-pc__20260925-000000__hiroshima__gtonly__full__inst__cov_gt-0.5--cov_pred-0.3-ca4173,EarlyFusionUNet_SAM_APM__lab-pc__20260925-000000,EarlyFusionUNet_SAM_APM,hiroshima,警戒のみ,通常,箇所,"被覆 (cov_gt=0.5, cov_pred=0.3)",0.6038,0.6008,0.6023,,,,,8977,8384,2026-09-26T00:00:00,SomanoMacBook-Air,9a9290b1b3b5a9a8ff92066110ba3eea2b512b38689477b6dac03a89df5e65b3,連結性8近傍 / 最小サイズ10px / 二値化0.5
EarlyFusionUNet_SAM_APM__lab-pc__20260925-000000__hiroshima__gtonly__center__area,EarlyFusionUNet_SAM_APM__lab-pc__20260925-000000,EarlyFusionUNet_SAM_APM,hiroshima,警戒のみ,境界,面積,,0.7156,0.6013,0.6535,,,,2964.0,,,2026-09-26T00:00:00,SomanoMacBook-Air,9a9290b1b3b5a9a8ff92066110ba3eea2b512b38689477b6dac03a89df5e65b3,tileanalysis による再推論。ノートブック出力と F値 0.0001 以内で一致
EarlyFusionUNet_SAM_APM__lab-pc__20260925-000000__hiroshima__gtonly__full__area,EarlyFusionUNet_SAM_APM__lab-pc__20260925-000000,EarlyFusionUNet_SAM_APM,hiroshima,警戒のみ,通常,面積,,0.6879,0.5919,0.6363,,,,2964.0,,,2026-09-26T00:00:00,SomanoMacBook-Air,9a9290b1b3b5a9a8ff92066110ba3eea2b512b38689477b6dac03a89df5e65b3,tileanalysis による再推論。ノートブック出力と F値 0.0001 以内で一致
EarlyFusionUNet_SAM_APM__lab-pc__20260925-000000__hiroshima_bg__bgonly__full__inst__IoU--1-1--0.1-773618,EarlyFusionUNet_SAM_APM__lab-pc__20260925-000000,EarlyFusionUNet_SAM_APM,hiroshima_bg,背景のみ,通常,箇所,IoU厳密1対1 (0.1),,0.0,0.0,,,,,0,16911,2026-09-26T00:00:00,SomanoMacBook-Air,9a9290b1b3b5a9a8ff92066110ba3eea2b512b38689477b6dac03a89df5e65b3,連結性8近傍 / 最小サイズ10px / 二値化0.5
EarlyFusionUNet_SAM_APM__lab-pc__20260925-000000__hiroshima_bg__bgonly__full__inst__IoU--1-1--0.3-49ffab,EarlyFusionUNet_SAM_APM__lab-pc__20260925-000000,EarlyFusionUNet_SAM_APM,hiroshima_bg,背景のみ,通常,箇所,IoU厳密1対1 (0.3),,0.0,0.0,,,,,0,16911,2026-09-26T00:00:00,SomanoMacBook-Air,9a9290b1b3b5a9a8ff92066110ba3eea2b512b38689477b6dac03a89df5e65b3,連結性8近傍 / 最小サイズ10px / 二値化0.5
EarlyFusionUNet_SAM_APM__lab-pc__20260925-000000__hiroshima_bg__bgonly__full__inst__IoU--1--0.1-b5e5ab,EarlyFusionUNet_SAM_APM__lab-pc__20260925-000000,EarlyFusionUNet_SAM_APM,hiroshima_bg,背景のみ,通常,箇所,IoU多対1 (0.1),,0.0,0.0,,,,,0,16911,2026-09-26T00:00:00,SomanoMacBook-Air,9a9290b1b3b5a9a8ff92066110ba3eea2b512b38689477b6dac03a89df5e65b3,連結性8近傍 / 最小サイズ10px / 二値化0.5
EarlyFusionUNet_SAM_APM__lab-pc__20260925-000000__hiroshima_bg__bgonly__full__inst__IoU--1--0.3-635d05,EarlyFusionUNet_SAM_APM__lab-pc__20260925-000000,EarlyFusionUNet_SAM_APM,hiroshima_bg,背景のみ,通常,箇所,IoU多対1 (0.3),,0.0,0.0,,,,,0,16911,2026-09-26T00:00:00,SomanoMacBook-Air,9a9290b1b3b5a9a8ff92066110ba3eea2b512b38689477b6dac03a89df5e65b3,連結性8近傍 / 最小サイズ10px / 二値化0.5
EarlyFusionUNet_SAM_APM__lab-pc__20260925-000000__hiroshima_bg__bgonly__full__inst__cov_gt-0.3--cov_pred-0.3-a20df8,EarlyFusionUNet_SAM_APM__lab-pc__20260925-000000,EarlyFusionUNet_SAM_APM,hiroshima_bg,背景のみ,通常,箇所,"被覆 (cov_gt=0.3, cov_pred=0.3)",,0.0,0.0,,,,,0,16911,2026-09-26T00:00:00,SomanoMacBook-Air,9a9290b1b3b5a9a8ff92066110ba3eea2b512b38689477b6dac03a89df5e65b3,連結性8近傍 / 最小サイズ10px / 二値化0.5
EarlyFusionUNet_SAM_APM__lab-pc__20260925-000000__hiroshima_bg__bgonly__full__inst__cov_gt-0.5--cov_pred-0.1-549b9e,EarlyFusionUNet_SAM_APM__lab-pc__20260925-000000,EarlyFusionUNet_SAM_APM,hiroshima_bg,背景のみ,通常,箇所,"被覆 (cov_gt=0.5, cov_pred=0.1)",,0.0,0.0,,,,,0,16911,2026-09-26T00:00:00,SomanoMacBook-Air,9a9290b1b3b5a9a8ff92066110ba3eea2b512b38689477b6dac03a89df5e65b3,連結性8近傍 / 最小サイズ10px / 二値化0.5
EarlyFusionUNet_SAM_APM__lab-pc__20260925-000000__hiroshima_bg__bgonly__full__inst__cov_gt-0.5--cov_pred-0.3-ca4173,EarlyFusionUNet_SAM_APM__lab-pc__20260925-000000,EarlyFusionUNet_SAM_APM,hiroshima_bg,背景のみ,通常,箇所,"被覆 (cov_gt=0.5, cov_pred=0.3)",,0.0,0.0,,,,,0,16911,2026-09-26T00:00:00,SomanoMacBook-Air,9a9290b1b3b5a9a8ff92066110ba3eea2b512b38689477b6dac03a89df5e65b3,連結性8近傍 / 最小サイズ10px / 二値化0.5
EarlyFusionUNet_SAM_APM__lab-pc__20260925-000000__shimane__all__full__inst__IoU--1-1--0.1-773618,EarlyFusionUNet_SAM_APM__lab-pc__20260925-000000,EarlyFusionUNet_SAM_APM,shimane,全件,通常,箇所,IoU厳密1対1 (0.1),0.4682,0.3895,0.4253,,,,,27445,32985,2026-09-26T00:00:00,SomanoMacBook-Air,9a9290b1b3b5a9a8ff92066110ba3eea2b512b38689477b6dac03a89df5e65b3,連結性8近傍 / 最小サイズ10px / 二値化0.5
EarlyFusionUNet_SAM_APM__lab-pc__20260925-000000__shimane__all__full__inst__IoU--1-1--0.3-49ffab,EarlyFusionUNet_SAM_APM__lab-pc__20260925-000000,EarlyFusionUNet_SAM_APM,shimane,全件,通常,箇所,IoU厳密1対1 (0.3),0.3602,0.2997,0.3272,,,,,27445,32985,2026-09-26T00:00:00,SomanoMacBook-Air,9a9290b1b3b5a9a8ff92066110ba3eea2b512b38689477b6dac03a89df5e65b3,連結性8近傍 / 最小サイズ10px / 二値化0.5
EarlyFusionUNet_SAM_APM__lab-pc__20260925-000000__shimane__all__full__inst__IoU--1--0.1-b5e5ab,EarlyFusionUNet_SAM_APM__lab-pc__20260925-000000,EarlyFusionUNet_SAM_APM,shimane,全件,通常,箇所,IoU多対1 (0.1),0.5069,0.4021,0.4485,,,,,27445,32985,2026-09-26T00:00:00,SomanoMacBook-Air,9a9290b1b3b5a9a8ff92066110ba3eea2b512b38689477b6dac03a89df5e65b3,連結性8近傍 / 最小サイズ10px / 二値化0.5
EarlyFusionUNet_SAM_APM__lab-pc__20260925-000000__shimane__all__full__inst__IoU--1--0.3-635d05,EarlyFusionUNet_SAM_APM__lab-pc__20260925-000000,EarlyFusionUNet_SAM_APM,shimane,全件,通常,箇所,IoU多対1 (0.3),0.363,0.3004,0.3288,,,,,27445,32985,2026-09-26T00:00:00,SomanoMacBook-Air,9a9290b1b3b5a9a8ff92066110ba3eea2b512b38689477b6dac03a89df5e65b3,連結性8近傍 / 最小サイズ10px / 二値化0.5
EarlyFusionUNet_SAM_APM__lab-pc__20260925-000000__shimane__all__full__inst__cov_gt-0.3--cov_pred-0.3-a20df8,EarlyFusionUNet_SAM_APM__lab-pc__20260925-000000,EarlyFusionUNet_SAM_APM,shimane,全件,通常,箇所,"被覆 (cov_gt=0.3, cov_pred=0.3)",0.4936,0.4066,0.4459,,,,,27445,32985,2026-09-26T00:00:00,SomanoMacBook-Air,9a9290b1b3b5a9a8ff92066110ba3eea2b512b38689477b6dac03a89df5e65b3,連結性8近傍 / 最小サイズ10px / 二値化0.5
EarlyFusionUNet_SAM_APM__lab-pc__20260925-000000__shimane__all__full__inst__cov_gt-0.5--cov_pred-0.1-549b9e,EarlyFusionUNet_SAM_APM__lab-pc__20260925-000000,EarlyFusionUNet_SAM_APM,shimane,全件,通常,箇所,"被覆 (cov_gt=0.5, cov_pred=0.1)",0.4111,0.4403,0.4252,,,,,27445,32985,2026-09-26T00:00:00,SomanoMacBook-Air,9a9290b1b3b5a9a8ff92066110ba3eea2b512b38689477b6dac03a89df5e65b3,連結性8近傍 / 最小サイズ10px / 二値化0.5
EarlyFusionUNet_SAM_APM__lab-pc__20260925-000000__shimane__all__full__inst__cov_gt-0.5--cov_pred-0.3-ca4173,EarlyFusionUNet_SAM_APM__lab-pc__20260925-000000,EarlyFusionUNet_SAM_APM,shimane,全件,通常,箇所,"被覆 (cov_gt=0.5, cov_pred=0.3)",0.4111,0.4066,0.4088,,,,,27445,32985,2026-09-26T00:00:00,SomanoMacBook-Air,9a9290b1b3b5a9a8ff92066110ba3eea2b512b38689477b6dac03a89df5e65b3,連結性8近傍 / 最小サイズ10px / 二値化0.5
EarlyFusionUNet_SAM_APM__lab-pc__20260925-000000__shimane__all__center__area,EarlyFusionUNet_SAM_APM__lab-pc__20260925-000000,EarlyFusionUNet_SAM_APM,shimane,全件,境界,面積,,0.5117,0.4702,0.49,,,,24569.0,,,2026-09-26T00:00:00,SomanoMacBook-Air,9a9290b1b3b5a9a8ff92066110ba3eea2b512b38689477b6dac03a89df5e65b3,tileanalysis による再推論。ノートブック出力と F値 0.0001 以内で一致
EarlyFusionUNet_SAM_APM__lab-pc__20260925-000000__shimane__all__full__area,EarlyFusionUNet_SAM_APM__lab-pc__20260925-000000,EarlyFusionUNet_SAM_APM,shimane,全件,通常,面積,,0.4921,0.4397,0.4644,,,,24569.0,,,2026-09-26T00:00:00,SomanoMacBook-Air,9a9290b1b3b5a9a8ff92066110ba3eea2b512b38689477b6dac03a89df5e65b3,tileanalysis による再推論。ノートブック出力と F値 0.0001 以内で一致
EarlyFusionUNet_SAM_APM__lab-pc__20260925-000000__shimane__gtonly__full__area,EarlyFusionUNet_SAM_APM__lab-pc__20260925-000000,EarlyFusionUNet_SAM_APM,shimane,警戒のみ,通常,面積,,0.4921,0.5545,0.5214,,,,9679,,,2026-09-26T00:00:00,SomanoMacBook-Air,9a9290b1b3b5a9a8ff92066110ba3eea2b512b38689477b6dac03a89df5e65b3,テスト集合の作り方を地域間で揃えた集計
Ens_AllStrong14__lab-ubuntu__20261006-163341__hiroshima__gtonly__full__inst__IoU--1-1--0.1-773618,Ens_AllStrong14__lab-ubuntu__20261006-163341,Ens_AllStrong14,hiroshima,警戒のみ,通常,箇所,IoU厳密1対1 (0.1),0.6177,0.7131,0.662,,,,,8977,7776,2026-10-06T16:33:42,lab-ubuntu,,連結性8近傍 / 最小サイズ10px / アンサンブル
Ens_AllStrong14__lab-ubuntu__20261006-163341__hiroshima__gtonly__full__inst__IoU--1-1--0.3-49ffab,Ens_AllStrong14__lab-ubuntu__20261006-163341,Ens_AllStrong14,hiroshima,警戒のみ,通常,箇所,IoU厳密1対1 (0.3),0.5502,0.6352,0.5896,,,,,8977,7776,2026-10-06T16:33:42,lab-ubuntu,,連結性8近傍 / 最小サイズ10px / アンサンブル
Ens_AllStrong14__lab-ubuntu__20261006-163341__hiroshima__gtonly__full__inst__IoU--1--0.1-b5e5ab,Ens_AllStrong14__lab-ubuntu__20261006-163341,Ens_AllStrong14,hiroshima,警戒のみ,通常,箇所,IoU多対1 (0.1),0.6852,0.7324,0.708,,,,,8977,7776,2026-10-06T16:33:41,lab-ubuntu,,連結性8近傍 / 最小サイズ10px / アンサンブル
Ens_AllStrong14__lab-ubuntu__20261006-163341__hiroshima__gtonly__full__inst__IoU--1--0.3-635d05,Ens_AllStrong14__lab-ubuntu__20261006-163341,Ens_AllStrong14,hiroshima,警戒のみ,通常,箇所,IoU多対1 (0.3),0.5575,0.6372,0.5947,,,,,8977,7776,2026-10-06T16:33:41,lab-ubuntu,,連結性8近傍 / 最小サイズ10px / アンサンブル
Ens_AllStrong14__lab-ubuntu__20261006-163341__hiroshima__gtonly__full__inst__cov_gt-0.3--cov_pred-0.3-a20df8,Ens_AllStrong14__lab-ubuntu__20261006-163341,Ens_AllStrong14,hiroshima,警戒のみ,通常,箇所,"被覆 (cov_gt=0.3, cov_pred=0.3)",0.7089,0.7351,0.7218,,,,,8977,7776,2026-10-06T16:33:41,lab-ubuntu,,連結性8近傍 / 最小サイズ10px / アンサンブル
Ens_AllStrong14__lab-ubuntu__20261006-163341__hiroshima__gtonly__full__inst__cov_gt-0.5--cov_pred-0.1-549b9e,Ens_AllStrong14__lab-ubuntu__20261006-163341,Ens_AllStrong14,hiroshima,警戒のみ,通常,箇所,"被覆 (cov_gt=0.5, cov_pred=0.1)",0.6606,0.7638,0.7084,,,,,8977,7776,2026-10-06T16:33:41,lab-ubuntu,,連結性8近傍 / 最小サイズ10px / アンサンブル
Ens_AllStrong14__lab-ubuntu__20261006-163341__hiroshima__gtonly__full__inst__cov_gt-0.5--cov_pred-0.3-ca4173,Ens_AllStrong14__lab-ubuntu__20261006-163341,Ens_AllStrong14,hiroshima,警戒のみ,通常,箇所,"被覆 (cov_gt=0.5, cov_pred=0.3)",0.6606,0.7351,0.6958,,,,,8977,7776,2026-10-06T16:33:41,lab-ubuntu,,連結性8近傍 / 最小サイズ10px / アンサンブル
Ens_AllStrong14__lab-ubuntu__20261006-163341__hiroshima__gtonly__center__area,Ens_AllStrong14__lab-ubuntu__20261006-163341,Ens_AllStrong14,hiroshima,警戒のみ,境界,面積,,0.757545,0.700475,0.727893,,,,2964,,,2026-10-06T16:33:41,lab-ubuntu,,アンサンブル（アンサンブル 全条件14）。ensembles.yaml / run_ensemble_eval.py
Ens_AllStrong14__lab-ubuntu__20261006-163341__hiroshima__gtonly__full__area,Ens_AllStrong14__lab-ubuntu__20261006-163341,Ens_AllStrong14,hiroshima,警戒のみ,通常,面積,,0.733665,0.695811,0.714237,,,,2964,,,2026-10-06T16:33:41,lab-ubuntu,,アンサンブル（アンサンブル 全条件14）。ensembles.yaml / run_ensemble_eval.py
Ens_InputDiverse4__lab-ubuntu__20261006-163059__hiroshima__gtonly__full__inst__IoU--1-1--0.1-773618,Ens_InputDiverse4__lab-ubuntu__20261006-163059,Ens_InputDiverse4,hiroshima,警戒のみ,通常,箇所,IoU厳密1対1 (0.1),0.6461,0.666,0.6559,,,,,8977,8709,2026-10-06T16:30:59,lab-ubuntu,,連結性8近傍 / 最小サイズ10px / アンサンブル
Ens_InputDiverse4__lab-ubuntu__20261006-163059__hiroshima__gtonly__full__inst__IoU--1-1--0.3-49ffab,Ens_InputDiverse4__lab-ubuntu__20261006-163059,Ens_InputDiverse4,hiroshima,警戒のみ,通常,箇所,IoU厳密1対1 (0.3),0.5716,0.5892,0.5802,,,,,8977,8709,2026-10-06T16:30:59,lab-ubuntu,,連結性8近傍 / 最小サイズ10px / アンサンブル
Ens_InputDiverse4__lab-ubuntu__20261006-163059__hiroshima__gtonly__full__inst__IoU--1--0.1-b5e5ab,Ens_InputDiverse4__lab-ubuntu__20261006-163059,Ens_InputDiverse4,hiroshima,警戒のみ,通常,箇所,IoU多対1 (0.1),0.7115,0.6881,0.6996,,,,,8977,8709,2026-10-06T16:30:59,lab-ubuntu,,連結性8近傍 / 最小サイズ10px / アンサンブル
Ens_InputDiverse4__lab-ubuntu__20261006-163059__hiroshima__gtonly__full__inst__IoU--1--0.3-635d05,Ens_InputDiverse4__lab-ubuntu__20261006-163059,Ens_InputDiverse4,hiroshima,警戒のみ,通常,箇所,IoU多対1 (0.3),0.5795,0.5913,0.5854,,,,,8977,8709,2026-10-06T16:30:59,lab-ubuntu,,連結性8近傍 / 最小サイズ10px / アンサンブル
Ens_InputDiverse4__lab-ubuntu__20261006-163059__hiroshima__gtonly__full__inst__cov_gt-0.3--cov_pred-0.3-a20df8,Ens_InputDiverse4__lab-ubuntu__20261006-163059,Ens_InputDiverse4,hiroshima,警戒のみ,通常,箇所,"被覆 (cov_gt=0.3, cov_pred=0.3)",0.7259,0.7013,0.7134,,,,,8977,8709,2026-10-06T16:30:59,lab-ubuntu,,連結性8近傍 / 最小サイズ10px / アンサンブル
Ens_InputDiverse4__lab-ubuntu__20261006-163059__hiroshima__gtonly__full__inst__cov_gt-0.5--cov_pred-0.1-549b9e,Ens_InputDiverse4__lab-ubuntu__20261006-163059,Ens_InputDiverse4,hiroshima,警戒のみ,通常,箇所,"被覆 (cov_gt=0.5, cov_pred=0.1)",0.6683,0.7255,0.6957,,,,,8977,8709,2026-10-06T16:30:59,lab-ubuntu,,連結性8近傍 / 最小サイズ10px / アンサンブル
Ens_InputDiverse4__lab-ubuntu__20261006-163059__hiroshima__gtonly__full__inst__cov_gt-0.5--cov_pred-0.3-ca4173,Ens_InputDiverse4__lab-ubuntu__20261006-163059,Ens_InputDiverse4,hiroshima,警戒のみ,通常,箇所,"被覆 (cov_gt=0.5, cov_pred=0.3)",0.6683,0.7013,0.6844,,,,,8977,8709,2026-10-06T16:30:59,lab-ubuntu,,連結性8近傍 / 最小サイズ10px / アンサンブル
Ens_InputDiverse4__lab-ubuntu__20261006-163059__hiroshima__gtonly__center__area,Ens_InputDiverse4__lab-ubuntu__20261006-163059,Ens_InputDiverse4,hiroshima,警戒のみ,境界,面積,,0.75037,0.716266,0.732921,,,,2964,,,2026-10-06T16:30:59,lab-ubuntu,,アンサンブル（アンサンブル 入力2種x構造2種）。ensembles.yaml / run_ensemble_eval.py
Ens_InputDiverse4__lab-ubuntu__20261006-163059__hiroshima__gtonly__full__area,Ens_InputDiverse4__lab-ubuntu__20261006-163059,Ens_InputDiverse4,hiroshima,警戒のみ,通常,面積,,0.732231,0.708162,0.719995,,,,2964,,,2026-10-06T16:30:59,lab-ubuntu,,アンサンブル（アンサンブル 入力2種x構造2種）。ensembles.yaml / run_ensemble_eval.py
Ens_InputDiverse4__lab-ubuntu__20261006-163810__shimane__all__full__inst__IoU--1-1--0.1-773618,Ens_InputDiverse4__lab-ubuntu__20261006-163810,Ens_InputDiverse4,shimane,全件,通常,箇所,IoU厳密1対1 (0.1),0.5696,0.4733,0.517,,,,,27445,33031,2026-10-06T16:38:10,lab-ubuntu,,連結性8近傍 / 最小サイズ10px / アンサンブル
Ens_InputDiverse4__lab-ubuntu__20261006-163810__shimane__all__full__inst__IoU--1-1--0.3-49ffab,Ens_InputDiverse4__lab-ubuntu__20261006-163810,Ens_InputDiverse4,shimane,全件,通常,箇所,IoU厳密1対1 (0.3),0.4695,0.3901,0.4262,,,,,27445,33031,2026-10-06T16:38:10,lab-ubuntu,,連結性8近傍 / 最小サイズ10px / アンサンブル
Ens_InputDiverse4__lab-ubuntu__20261006-163810__shimane__all__full__inst__IoU--1--0.1-b5e5ab,Ens_InputDiverse4__lab-ubuntu__20261006-163810,Ens_InputDiverse4,shimane,全件,通常,箇所,IoU多対1 (0.1),0.6071,0.495,0.5454,,,,,27445,33031,2026-10-06T16:38:10,lab-ubuntu,,連結性8近傍 / 最小サイズ10px / アンサンブル
Ens_InputDiverse4__lab-ubuntu__20261006-163810__shimane__all__full__inst__IoU--1--0.3-635d05,Ens_InputDiverse4__lab-ubuntu__20261006-163810,Ens_InputDiverse4,shimane,全件,通常,箇所,IoU多対1 (0.3),0.4732,0.3913,0.4284,,,,,27445,33031,2026-10-06T16:38:10,lab-ubuntu,,連結性8近傍 / 最小サイズ10px / アンサンブル
Ens_InputDiverse4__lab-ubuntu__20261006-163810__shimane__all__full__inst__cov_gt-0.3--cov_pred-0.3-a20df8,Ens_InputDiverse4__lab-ubuntu__20261006-163810,Ens_InputDiverse4,shimane,全件,通常,箇所,"被覆 (cov_gt=0.3, cov_pred=0.3)",0.5711,0.5219,0.5454,,,,,27445,33031,2026-10-06T16:38:10,lab-ubuntu,,連結性8近傍 / 最小サイズ10px / アンサンブル
Ens_InputDiverse4__lab-ubuntu__20261006-163810__shimane__all__full__inst__cov_gt-0.5--cov_pred-0.1-549b9e,Ens_InputDiverse4__lab-ubuntu__20261006-163810,Ens_InputDiverse4,shimane,全件,通常,箇所,"被覆 (cov_gt=0.5, cov_pred=0.1)",0.4695,0.5418,0.503,,,,,27445,33031,2026-10-06T16:38:10,lab-ubuntu,,連結性8近傍 / 最小サイズ10px / アンサンブル
Ens_InputDiverse4__lab-ubuntu__20261006-163810__shimane__all__full__inst__cov_gt-0.5--cov_pred-0.3-ca4173,Ens_InputDiverse4__lab-ubuntu__20261006-163810,Ens_InputDiverse4,shimane,全件,通常,箇所,"被覆 (cov_gt=0.5, cov_pred=0.3)",0.4695,0.5219,0.4943,,,,,27445,33031,2026-10-06T16:38:10,lab-ubuntu,,連結性8近傍 / 最小サイズ10px / アンサンブル
Ens_InputDiverse4__lab-ubuntu__20261006-163810__shimane__all__center__area,Ens_InputDiverse4__lab-ubuntu__20261006-163810,Ens_InputDiverse4,shimane,全件,境界,面積,,0.560267,0.632325,0.594119,,,,24569,,,2026-10-06T16:38:10,lab-ubuntu,,アンサンブル（アンサンブル 入力2種x構造2種）。ensembles.yaml / run_ensemble_eval.py
Ens_InputDiverse4__lab-ubuntu__20261006-163810__shimane__all__full__area,Ens_InputDiverse4__lab-ubuntu__20261006-163810,Ens_InputDiverse4,shimane,全件,通常,面積,,0.541294,0.606691,0.57213,,,,24569,,,2026-10-06T16:38:10,lab-ubuntu,,アンサンブル（アンサンブル 入力2種x構造2種）。ensembles.yaml / run_ensemble_eval.py
Ens_InputPair2__lab-ubuntu__20261006-163017__hiroshima__gtonly__full__inst__IoU--1-1--0.1-773618,Ens_InputPair2__lab-ubuntu__20261006-163017,Ens_InputPair2,hiroshima,警戒のみ,通常,箇所,IoU厳密1対1 (0.1),0.6534,0.613,0.6326,,,,,8977,9569,2026-10-06T16:30:17,lab-ubuntu,,連結性8近傍 / 最小サイズ10px / アンサンブル
Ens_InputPair2__lab-ubuntu__20261006-163017__hiroshima__gtonly__full__inst__IoU--1-1--0.3-49ffab,Ens_InputPair2__lab-ubuntu__20261006-163017,Ens_InputPair2,hiroshima,警戒のみ,通常,箇所,IoU厳密1対1 (0.3),0.5734,0.5379,0.5551,,,,,8977,9569,2026-10-06T16:30:17,lab-ubuntu,,連結性8近傍 / 最小サイズ10px / アンサンブル
Ens_InputPair2__lab-ubuntu__20261006-163017__hiroshima__gtonly__full__inst__IoU--1--0.1-b5e5ab,Ens_InputPair2__lab-ubuntu__20261006-163017,Ens_InputPair2,hiroshima,警戒のみ,通常,箇所,IoU多対1 (0.1),0.7136,0.6372,0.6732,,,,,8977,9569,2026-10-06T16:30:17,lab-ubuntu,,連結性8近傍 / 最小サイズ10px / アンサンブル
Ens_InputPair2__lab-ubuntu__20261006-163017__hiroshima__gtonly__full__inst__IoU--1--0.3-635d05,Ens_InputPair2__lab-ubuntu__20261006-163017,Ens_InputPair2,hiroshima,警戒のみ,通常,箇所,IoU多対1 (0.3),0.5818,0.5406,0.5605,,,,,8977,9569,2026-10-06T16:30:17,lab-ubuntu,,連結性8近傍 / 最小サイズ10px / アンサンブル
Ens_InputPair2__lab-ubuntu__20261006-163017__hiroshima__gtonly__full__inst__cov_gt-0.3--cov_pred-0.3-a20df8,Ens_InputPair2__lab-ubuntu__20261006-163017,Ens_InputPair2,hiroshima,警戒のみ,通常,箇所,"被覆 (cov_gt=0.3, cov_pred=0.3)",0.7193,0.6523,0.6842,,,,,8977,9569,2026-10-06T16:30:17,lab-ubuntu,,連結性8近傍 / 最小サイズ10px / アンサンブル
Ens_InputPair2__lab-ubuntu__20261006-163017__hiroshima__gtonly__full__inst__cov_gt-0.5--cov_pred-0.1-549b9e,Ens_InputPair2__lab-ubuntu__20261006-163017,Ens_InputPair2,hiroshima,警戒のみ,通常,箇所,"被覆 (cov_gt=0.5, cov_pred=0.1)",0.656,0.6788,0.6672,,,,,8977,9569,2026-10-06T16:30:17,lab-ubuntu,,連結性8近傍 / 最小サイズ10px / アンサンブル
Ens_InputPair2__lab-ubuntu__20261006-163017__hiroshima__gtonly__full__inst__cov_gt-0.5--cov_pred-0.3-ca4173,Ens_InputPair2__lab-ubuntu__20261006-163017,Ens_InputPair2,hiroshima,警戒のみ,通常,箇所,"被覆 (cov_gt=0.5, cov_pred=0.3)",0.656,0.6523,0.6542,,,,,8977,9569,2026-10-06T16:30:17,lab-ubuntu,,連結性8近傍 / 最小サイズ10px / アンサンブル
Ens_InputPair2__lab-ubuntu__20261006-163017__hiroshima__gtonly__center__area,Ens_InputPair2__lab-ubuntu__20261006-163017,Ens_InputPair2,hiroshima,警戒のみ,境界,面積,,0.725385,0.714708,0.720007,,,,2964,,,2026-10-06T16:30:17,lab-ubuntu,,アンサンブル（アンサンブル 入力2種）。ensembles.yaml / run_ensemble_eval.py
Ens_InputPair2__lab-ubuntu__20261006-163017__hiroshima__gtonly__full__area,Ens_InputPair2__lab-ubuntu__20261006-163017,Ens_InputPair2,hiroshima,警戒のみ,通常,面積,,0.710909,0.699628,0.705224,,,,2964,,,2026-10-06T16:30:17,lab-ubuntu,,アンサンブル（アンサンブル 入力2種）。ensembles.yaml / run_ensemble_eval.py
Ens_Struct4__lab-ubuntu__20261006-162939__hiroshima__gtonly__full__inst__IoU--1-1--0.1-773618,Ens_Struct4__lab-ubuntu__20261006-162939,Ens_Struct4,hiroshima,警戒のみ,通常,箇所,IoU厳密1対1 (0.1),0.6116,0.6681,0.6386,,,,,8977,8217,2026-10-06T16:29:39,lab-ubuntu,,連結性8近傍 / 最小サイズ10px / アンサンブル
Ens_Struct4__lab-ubuntu__20261006-162939__hiroshima__gtonly__full__inst__IoU--1-1--0.3-49ffab,Ens_Struct4__lab-ubuntu__20261006-162939,Ens_Struct4,hiroshima,警戒のみ,通常,箇所,IoU厳密1対1 (0.3),0.5337,0.5831,0.5573,,,,,8977,8217,2026-10-06T16:29:39,lab-ubuntu,,連結性8近傍 / 最小サイズ10px / アンサンブル
Ens_Struct4__lab-ubuntu__20261006-162939__hiroshima__gtonly__full__inst__IoU--1--0.1-b5e5ab,Ens_Struct4__lab-ubuntu__20261006-162939,Ens_Struct4,hiroshima,警戒のみ,通常,箇所,IoU多対1 (0.1),0.6797,0.6866,0.6832,,,,,8977,8217,2026-10-06T16:29:39,lab-ubuntu,,連結性8近傍 / 最小サイズ10px / アンサンブル
Ens_Struct4__lab-ubuntu__20261006-162939__hiroshima__gtonly__full__inst__IoU--1--0.3-635d05,Ens_Struct4__lab-ubuntu__20261006-162939,Ens_Struct4,hiroshima,警戒のみ,通常,箇所,IoU多対1 (0.3),0.5412,0.5845,0.562,,,,,8977,8217,2026-10-06T16:29:39,lab-ubuntu,,連結性8近傍 / 最小サイズ10px / アンサンブル
Ens_Struct4__lab-ubuntu__20261006-162939__hiroshima__gtonly__full__inst__cov_gt-0.3--cov_pred-0.3-a20df8,Ens_Struct4__lab-ubuntu__20261006-162939,Ens_Struct4,hiroshima,警戒のみ,通常,箇所,"被覆 (cov_gt=0.3, cov_pred=0.3)",0.7089,0.685,0.6968,,,,,8977,8217,2026-10-06T16:29:39,lab-ubuntu,,連結性8近傍 / 最小サイズ10px / アンサンブル
Ens_Struct4__lab-ubuntu__20261006-162939__hiroshima__gtonly__full__inst__cov_gt-0.5--cov_pred-0.1-549b9e,Ens_Struct4__lab-ubuntu__20261006-162939,Ens_Struct4,hiroshima,警戒のみ,通常,箇所,"被覆 (cov_gt=0.5, cov_pred=0.1)",0.6618,0.7191,0.6893,,,,,8977,8217,2026-10-06T16:29:39,lab-ubuntu,,連結性8近傍 / 最小サイズ10px / アンサンブル
Ens_Struct4__lab-ubuntu__20261006-162939__hiroshima__gtonly__full__inst__cov_gt-0.5--cov_pred-0.3-ca4173,Ens_Struct4__lab-ubuntu__20261006-162939,Ens_Struct4,hiroshima,警戒のみ,通常,箇所,"被覆 (cov_gt=0.5, cov_pred=0.3)",0.6618,0.685,0.6732,,,,,8977,8217,2026-10-06T16:29:39,lab-ubuntu,,連結性8近傍 / 最小サイズ10px / アンサンブル
Ens_Struct4__lab-ubuntu__20261006-162939__hiroshima__gtonly__center__area,Ens_Struct4__lab-ubuntu__20261006-162939,Ens_Struct4,hiroshima,警戒のみ,境界,面積,,0.757517,0.66314,0.707194,,,,2964,,,2026-10-06T16:29:39,lab-ubuntu,,アンサンブル（アンサンブル 構造4種）。ensembles.yaml / run_ensemble_eval.py
Ens_Struct4__lab-ubuntu__20261006-162939__hiroshima__gtonly__full__area,Ens_Struct4__lab-ubuntu__20261006-162939,Ens_Struct4,hiroshima,警戒のみ,通常,面積,,0.73327,0.656464,0.692745,,,,2964,,,2026-10-06T16:29:39,lab-ubuntu,,アンサンブル（アンサンブル 構造4種）。ensembles.yaml / run_ensemble_eval.py
FinalFusion_DEM_APM__lab-pc__20260925-000000__hiroshima__withbg__full__area,FinalFusion_DEM_APM__lab-pc__20260925-000000,FinalFusion_DEM_APM,hiroshima,背景込み,通常,面積,,0.7115,0.5295,0.6071,,,,7631,,,2026-09-26T00:00:00,SomanoMacBook-Air,239e9a8aec7c5215623dca44cd2f4afff8da129004b6d9183aa757de64ee0ba9,テスト集合の作り方を地域間で揃えた集計
FinalFusion_DEM_APM__lab-pc__20260925-000000__hiroshima__gtonly__full__inst__IoU--1-1--0.1-773618,FinalFusion_DEM_APM__lab-pc__20260925-000000,FinalFusion_DEM_APM,hiroshima,警戒のみ,通常,箇所,IoU厳密1対1 (0.1),0.6024,0.6183,0.6103,,,,,8977,8746,2026-09-26T00:00:00,SomanoMacBook-Air,239e9a8aec7c5215623dca44cd2f4afff8da129004b6d9183aa757de64ee0ba9,連結性8近傍 / 最小サイズ10px / 二値化0.5
FinalFusion_DEM_APM__lab-pc__20260925-000000__hiroshima__gtonly__full__inst__IoU--1-1--0.3-49ffab,FinalFusion_DEM_APM__lab-pc__20260925-000000,FinalFusion_DEM_APM,hiroshima,警戒のみ,通常,箇所,IoU厳密1対1 (0.3),0.5121,0.5256,0.5188,,,,,8977,8746,2026-09-26T00:00:00,SomanoMacBook-Air,239e9a8aec7c5215623dca44cd2f4afff8da129004b6d9183aa757de64ee0ba9,連結性8近傍 / 最小サイズ10px / 二値化0.5
FinalFusion_DEM_APM__lab-pc__20260925-000000__hiroshima__gtonly__full__inst__IoU--1--0.1-b5e5ab,FinalFusion_DEM_APM__lab-pc__20260925-000000,FinalFusion_DEM_APM,hiroshima,警戒のみ,通常,箇所,IoU多対1 (0.1),0.6638,0.6393,0.6513,,,,,8977,8746,2026-09-26T00:00:00,SomanoMacBook-Air,239e9a8aec7c5215623dca44cd2f4afff8da129004b6d9183aa757de64ee0ba9,連結性8近傍 / 最小サイズ10px / 二値化0.5
FinalFusion_DEM_APM__lab-pc__20260925-000000__hiroshima__gtonly__full__inst__IoU--1--0.3-635d05,FinalFusion_DEM_APM__lab-pc__20260925-000000,FinalFusion_DEM_APM,hiroshima,警戒のみ,通常,箇所,IoU多対1 (0.3),0.5171,0.5281,0.5226,,,,,8977,8746,2026-09-26T00:00:00,SomanoMacBook-Air,239e9a8aec7c5215623dca44cd2f4afff8da129004b6d9183aa757de64ee0ba9,連結性8近傍 / 最小サイズ10px / 二値化0.5
FinalFusion_DEM_APM__lab-pc__20260925-000000__hiroshima__gtonly__full__inst__cov_gt-0.3--cov_pred-0.3-a20df8,FinalFusion_DEM_APM__lab-pc__20260925-000000,FinalFusion_DEM_APM,hiroshima,警戒のみ,通常,箇所,"被覆 (cov_gt=0.3, cov_pred=0.3)",0.6866,0.6432,0.6642,,,,,8977,8746,2026-09-26T00:00:00,SomanoMacBook-Air,239e9a8aec7c5215623dca44cd2f4afff8da129004b6d9183aa757de64ee0ba9,連結性8近傍 / 最小サイズ10px / 二値化0.5
FinalFusion_DEM_APM__lab-pc__20260925-000000__hiroshima__gtonly__full__inst__cov_gt-0.5--cov_pred-0.1-549b9e,FinalFusion_DEM_APM__lab-pc__20260925-000000,FinalFusion_DEM_APM,hiroshima,警戒のみ,通常,箇所,"被覆 (cov_gt=0.5, cov_pred=0.1)",0.6294,0.6819,0.6546,,,,,8977,8746,2026-09-26T00:00:00,SomanoMacBook-Air,239e9a8aec7c5215623dca44cd2f4afff8da129004b6d9183aa757de64ee0ba9,連結性8近傍 / 最小サイズ10px / 二値化0.5
FinalFusion_DEM_APM__lab-pc__20260925-000000__hiroshima__gtonly__full__inst__cov_gt-0.5--cov_pred-0.3-ca4173,FinalFusion_DEM_APM__lab-pc__20260925-000000,FinalFusion_DEM_APM,hiroshima,警戒のみ,通常,箇所,"被覆 (cov_gt=0.5, cov_pred=0.3)",0.6294,0.6432,0.6362,,,,,8977,8746,2026-09-26T00:00:00,SomanoMacBook-Air,239e9a8aec7c5215623dca44cd2f4afff8da129004b6d9183aa757de64ee0ba9,連結性8近傍 / 最小サイズ10px / 二値化0.5
FinalFusion_DEM_APM__lab-pc__20260925-000000__hiroshima__gtonly__center__area,FinalFusion_DEM_APM__lab-pc__20260925-000000,FinalFusion_DEM_APM,hiroshima,警戒のみ,境界,面積,,0.7398,0.6464,0.6899,,,,2964.0,,,2026-09-26T00:00:00,SomanoMacBook-Air,239e9a8aec7c5215623dca44cd2f4afff8da129004b6d9183aa757de64ee0ba9,tileanalysis による再推論。ノートブック出力と F値 0.0001 以内で一致
FinalFusion_DEM_APM__lab-pc__20260925-000000__hiroshima__gtonly__full__area,FinalFusion_DEM_APM__lab-pc__20260925-000000,FinalFusion_DEM_APM,hiroshima,警戒のみ,通常,面積,,0.7115,0.641,0.6744,,,,2964.0,,,2026-09-26T00:00:00,SomanoMacBook-Air,239e9a8aec7c5215623dca44cd2f4afff8da129004b6d9183aa757de64ee0ba9,tileanalysis による再推論。ノートブック出力と F値 0.0001 以内で一致
FinalFusion_DEM_APM__lab-pc__20260925-000000__hiroshima_bg__bgonly__full__inst__IoU--1-1--0.1-773618,FinalFusion_DEM_APM__lab-pc__20260925-000000,FinalFusion_DEM_APM,hiroshima_bg,背景のみ,通常,箇所,IoU厳密1対1 (0.1),,0.0,0.0,,,,,0,14402,2026-09-26T00:00:00,SomanoMacBook-Air,239e9a8aec7c5215623dca44cd2f4afff8da129004b6d9183aa757de64ee0ba9,連結性8近傍 / 最小サイズ10px / 二値化0.5
FinalFusion_DEM_APM__lab-pc__20260925-000000__hiroshima_bg__bgonly__full__inst__IoU--1-1--0.3-49ffab,FinalFusion_DEM_APM__lab-pc__20260925-000000,FinalFusion_DEM_APM,hiroshima_bg,背景のみ,通常,箇所,IoU厳密1対1 (0.3),,0.0,0.0,,,,,0,14402,2026-09-26T00:00:00,SomanoMacBook-Air,239e9a8aec7c5215623dca44cd2f4afff8da129004b6d9183aa757de64ee0ba9,連結性8近傍 / 最小サイズ10px / 二値化0.5
FinalFusion_DEM_APM__lab-pc__20260925-000000__hiroshima_bg__bgonly__full__inst__IoU--1--0.1-b5e5ab,FinalFusion_DEM_APM__lab-pc__20260925-000000,FinalFusion_DEM_APM,hiroshima_bg,背景のみ,通常,箇所,IoU多対1 (0.1),,0.0,0.0,,,,,0,14402,2026-09-26T00:00:00,SomanoMacBook-Air,239e9a8aec7c5215623dca44cd2f4afff8da129004b6d9183aa757de64ee0ba9,連結性8近傍 / 最小サイズ10px / 二値化0.5
FinalFusion_DEM_APM__lab-pc__20260925-000000__hiroshima_bg__bgonly__full__inst__IoU--1--0.3-635d05,FinalFusion_DEM_APM__lab-pc__20260925-000000,FinalFusion_DEM_APM,hiroshima_bg,背景のみ,通常,箇所,IoU多対1 (0.3),,0.0,0.0,,,,,0,14402,2026-09-26T00:00:00,SomanoMacBook-Air,239e9a8aec7c5215623dca44cd2f4afff8da129004b6d9183aa757de64ee0ba9,連結性8近傍 / 最小サイズ10px / 二値化0.5
FinalFusion_DEM_APM__lab-pc__20260925-000000__hiroshima_bg__bgonly__full__inst__cov_gt-0.3--cov_pred-0.3-a20df8,FinalFusion_DEM_APM__lab-pc__20260925-000000,FinalFusion_DEM_APM,hiroshima_bg,背景のみ,通常,箇所,"被覆 (cov_gt=0.3, cov_pred=0.3)",,0.0,0.0,,,,,0,14402,2026-09-26T00:00:00,SomanoMacBook-Air,239e9a8aec7c5215623dca44cd2f4afff8da129004b6d9183aa757de64ee0ba9,連結性8近傍 / 最小サイズ10px / 二値化0.5
FinalFusion_DEM_APM__lab-pc__20260925-000000__hiroshima_bg__bgonly__full__inst__cov_gt-0.5--cov_pred-0.1-549b9e,FinalFusion_DEM_APM__lab-pc__20260925-000000,FinalFusion_DEM_APM,hiroshima_bg,背景のみ,通常,箇所,"被覆 (cov_gt=0.5, cov_pred=0.1)",,0.0,0.0,,,,,0,14402,2026-09-26T00:00:00,SomanoMacBook-Air,239e9a8aec7c5215623dca44cd2f4afff8da129004b6d9183aa757de64ee0ba9,連結性8近傍 / 最小サイズ10px / 二値化0.5
FinalFusion_DEM_APM__lab-pc__20260925-000000__hiroshima_bg__bgonly__full__inst__cov_gt-0.5--cov_pred-0.3-ca4173,FinalFusion_DEM_APM__lab-pc__20260925-000000,FinalFusion_DEM_APM,hiroshima_bg,背景のみ,通常,箇所,"被覆 (cov_gt=0.5, cov_pred=0.3)",,0.0,0.0,,,,,0,14402,2026-09-26T00:00:00,SomanoMacBook-Air,239e9a8aec7c5215623dca44cd2f4afff8da129004b6d9183aa757de64ee0ba9,連結性8近傍 / 最小サイズ10px / 二値化0.5
FinalFusion_DEM_APM__lab-pc__20260925-000000__shimane__all__full__inst__IoU--1-1--0.1-773618,FinalFusion_DEM_APM__lab-pc__20260925-000000,FinalFusion_DEM_APM,shimane,全件,通常,箇所,IoU厳密1対1 (0.1),0.5416,0.4713,0.504,,,,,27445,31538,2026-09-26T00:00:00,SomanoMacBook-Air,239e9a8aec7c5215623dca44cd2f4afff8da129004b6d9183aa757de64ee0ba9,連結性8近傍 / 最小サイズ10px / 二値化0.5
FinalFusion_DEM_APM__lab-pc__20260925-000000__shimane__all__full__inst__IoU--1-1--0.3-49ffab,FinalFusion_DEM_APM__lab-pc__20260925-000000,FinalFusion_DEM_APM,shimane,全件,通常,箇所,IoU厳密1対1 (0.3),0.4415,0.3842,0.4109,,,,,27445,31538,2026-09-26T00:00:00,SomanoMacBook-Air,239e9a8aec7c5215623dca44cd2f4afff8da129004b6d9183aa757de64ee0ba9,連結性8近傍 / 最小サイズ10px / 二値化0.5
FinalFusion_DEM_APM__lab-pc__20260925-000000__shimane__all__full__inst__IoU--1--0.1-b5e5ab,FinalFusion_DEM_APM__lab-pc__20260925-000000,FinalFusion_DEM_APM,shimane,全件,通常,箇所,IoU多対1 (0.1),0.5848,0.4913,0.534,,,,,27445,31538,2026-09-26T00:00:00,SomanoMacBook-Air,239e9a8aec7c5215623dca44cd2f4afff8da129004b6d9183aa757de64ee0ba9,連結性8近傍 / 最小サイズ10px / 二値化0.5
FinalFusion_DEM_APM__lab-pc__20260925-000000__shimane__all__full__inst__IoU--1--0.3-635d05,FinalFusion_DEM_APM__lab-pc__20260925-000000,FinalFusion_DEM_APM,shimane,全件,通常,箇所,IoU多対1 (0.3),0.4453,0.385,0.413,,,,,27445,31538,2026-09-26T00:00:00,SomanoMacBook-Air,239e9a8aec7c5215623dca44cd2f4afff8da129004b6d9183aa757de64ee0ba9,連結性8近傍 / 最小サイズ10px / 二値化0.5
FinalFusion_DEM_APM__lab-pc__20260925-000000__shimane__all__full__inst__cov_gt-0.3--cov_pred-0.3-a20df8,FinalFusion_DEM_APM__lab-pc__20260925-000000,FinalFusion_DEM_APM,shimane,全件,通常,箇所,"被覆 (cov_gt=0.3, cov_pred=0.3)",0.5721,0.5019,0.5347,,,,,27445,31538,2026-09-26T00:00:00,SomanoMacBook-Air,239e9a8aec7c5215623dca44cd2f4afff8da129004b6d9183aa757de64ee0ba9,連結性8近傍 / 最小サイズ10px / 二値化0.5
FinalFusion_DEM_APM__lab-pc__20260925-000000__shimane__all__full__inst__cov_gt-0.5--cov_pred-0.1-549b9e,FinalFusion_DEM_APM__lab-pc__20260925-000000,FinalFusion_DEM_APM,shimane,全件,通常,箇所,"被覆 (cov_gt=0.5, cov_pred=0.1)",0.4854,0.5323,0.5078,,,,,27445,31538,2026-09-26T00:00:00,SomanoMacBook-Air,239e9a8aec7c5215623dca44cd2f4afff8da129004b6d9183aa757de64ee0ba9,連結性8近傍 / 最小サイズ10px / 二値化0.5
FinalFusion_DEM_APM__lab-pc__20260925-000000__shimane__all__full__inst__cov_gt-0.5--cov_pred-0.3-ca4173,FinalFusion_DEM_APM__lab-pc__20260925-000000,FinalFusion_DEM_APM,shimane,全件,通常,箇所,"被覆 (cov_gt=0.5, cov_pred=0.3)",0.4854,0.5019,0.4935,,,,,27445,31538,2026-09-26T00:00:00,SomanoMacBook-Air,239e9a8aec7c5215623dca44cd2f4afff8da129004b6d9183aa757de64ee0ba9,連結性8近傍 / 最小サイズ10px / 二値化0.5
FinalFusion_DEM_APM__lab-pc__20260925-000000__shimane__all__center__area,FinalFusion_DEM_APM__lab-pc__20260925-000000,FinalFusion_DEM_APM,shimane,全件,境界,面積,,0.5902,0.555,0.5721,,,,24569.0,,,2026-09-26T00:00:00,SomanoMacBook-Air,239e9a8aec7c5215623dca44cd2f4afff8da129004b6d9183aa757de64ee0ba9,tileanalysis による再推論。ノートブック出力と F値 0.0001 以内で一致
FinalFusion_DEM_APM__lab-pc__20260925-000000__shimane__all__full__area,FinalFusion_DEM_APM__lab-pc__20260925-000000,FinalFusion_DEM_APM,shimane,全件,通常,面積,,0.5626,0.5351,0.5485,,,,24569.0,,,2026-09-26T00:00:00,SomanoMacBook-Air,239e9a8aec7c5215623dca44cd2f4afff8da129004b6d9183aa757de64ee0ba9,tileanalysis による再推論。ノートブック出力と F値 0.0001 以内で一致
FinalFusion_DEM_APM__lab-pc__20260925-000000__shimane__gtonly__full__area,FinalFusion_DEM_APM__lab-pc__20260925-000000,FinalFusion_DEM_APM,shimane,警戒のみ,通常,面積,,0.5626,0.6281,0.5936,,,,9679,,,2026-09-26T00:00:00,SomanoMacBook-Air,239e9a8aec7c5215623dca44cd2f4afff8da129004b6d9183aa757de64ee0ba9,テスト集合の作り方を地域間で揃えた集計
FinalFusion_SAM_APM__lab-pc__20260925-000000__hiroshima__withbg__full__area,FinalFusion_SAM_APM__lab-pc__20260925-000000,FinalFusion_SAM_APM,hiroshima,背景込み,通常,面積,,0.6833,0.5489,0.6087,,,,7631,,,2026-09-26T00:00:00,SomanoMacBook-Air,5f5244af59d70b1ea82f746ef603d8ffbf61c7c274d2f3f2d33fcd53bc46f935,テスト集合の作り方を地域間で揃えた集計
FinalFusion_SAM_APM__lab-pc__20260925-000000__hiroshima__gtonly__full__inst__IoU--1-1--0.1-773618,FinalFusion_SAM_APM__lab-pc__20260925-000000,FinalFusion_SAM_APM,hiroshima,警戒のみ,通常,箇所,IoU厳密1対1 (0.1),0.6067,0.6566,0.6307,,,,,8977,8294,2026-09-26T00:00:00,SomanoMacBook-Air,5f5244af59d70b1ea82f746ef603d8ffbf61c7c274d2f3f2d33fcd53bc46f935,連結性8近傍 / 最小サイズ10px / 二値化0.5
FinalFusion_SAM_APM__lab-pc__20260925-000000__hiroshima__gtonly__full__inst__IoU--1-1--0.3-49ffab,FinalFusion_SAM_APM__lab-pc__20260925-000000,FinalFusion_SAM_APM,hiroshima,警戒のみ,通常,箇所,IoU厳密1対1 (0.3),0.5226,0.5656,0.5432,,,,,8977,8294,2026-09-26T00:00:00,SomanoMacBook-Air,5f5244af59d70b1ea82f746ef603d8ffbf61c7c274d2f3f2d33fcd53bc46f935,連結性8近傍 / 最小サイズ10px / 二値化0.5
FinalFusion_SAM_APM__lab-pc__20260925-000000__hiroshima__gtonly__full__inst__IoU--1--0.1-b5e5ab,FinalFusion_SAM_APM__lab-pc__20260925-000000,FinalFusion_SAM_APM,hiroshima,警戒のみ,通常,箇所,IoU多対1 (0.1),0.6655,0.6798,0.6725,,,,,8977,8294,2026-09-26T00:00:00,SomanoMacBook-Air,5f5244af59d70b1ea82f746ef603d8ffbf61c7c274d2f3f2d33fcd53bc46f935,連結性8近傍 / 最小サイズ10px / 二値化0.5
FinalFusion_SAM_APM__lab-pc__20260925-000000__hiroshima__gtonly__full__inst__IoU--1--0.3-635d05,FinalFusion_SAM_APM__lab-pc__20260925-000000,FinalFusion_SAM_APM,hiroshima,警戒のみ,通常,箇所,IoU多対1 (0.3),0.5291,0.5675,0.5477,,,,,8977,8294,2026-09-26T00:00:00,SomanoMacBook-Air,5f5244af59d70b1ea82f746ef603d8ffbf61c7c274d2f3f2d33fcd53bc46f935,連結性8近傍 / 最小サイズ10px / 二値化0.5
FinalFusion_SAM_APM__lab-pc__20260925-000000__hiroshima__gtonly__full__inst__cov_gt-0.3--cov_pred-0.3-a20df8,FinalFusion_SAM_APM__lab-pc__20260925-000000,FinalFusion_SAM_APM,hiroshima,警戒のみ,通常,箇所,"被覆 (cov_gt=0.3, cov_pred=0.3)",0.678,0.6858,0.6819,,,,,8977,8294,2026-09-26T00:00:00,SomanoMacBook-Air,5f5244af59d70b1ea82f746ef603d8ffbf61c7c274d2f3f2d33fcd53bc46f935,連結性8近傍 / 最小サイズ10px / 二値化0.5
FinalFusion_SAM_APM__lab-pc__20260925-000000__hiroshima__gtonly__full__inst__cov_gt-0.5--cov_pred-0.1-549b9e,FinalFusion_SAM_APM__lab-pc__20260925-000000,FinalFusion_SAM_APM,hiroshima,警戒のみ,通常,箇所,"被覆 (cov_gt=0.5, cov_pred=0.1)",0.6188,0.7193,0.6653,,,,,8977,8294,2026-09-26T00:00:00,SomanoMacBook-Air,5f5244af59d70b1ea82f746ef603d8ffbf61c7c274d2f3f2d33fcd53bc46f935,連結性8近傍 / 最小サイズ10px / 二値化0.5
FinalFusion_SAM_APM__lab-pc__20260925-000000__hiroshima__gtonly__full__inst__cov_gt-0.5--cov_pred-0.3-ca4173,FinalFusion_SAM_APM__lab-pc__20260925-000000,FinalFusion_SAM_APM,hiroshima,警戒のみ,通常,箇所,"被覆 (cov_gt=0.5, cov_pred=0.3)",0.6188,0.6858,0.6506,,,,,8977,8294,2026-09-26T00:00:00,SomanoMacBook-Air,5f5244af59d70b1ea82f746ef603d8ffbf61c7c274d2f3f2d33fcd53bc46f935,連結性8近傍 / 最小サイズ10px / 二値化0.5
FinalFusion_SAM_APM__lab-pc__20260925-000000__hiroshima__gtonly__center__area,FinalFusion_SAM_APM__lab-pc__20260925-000000,FinalFusion_SAM_APM,hiroshima,警戒のみ,境界,面積,,0.7025,0.6714,0.6866,,,,2964.0,,,2026-09-26T00:00:00,SomanoMacBook-Air,5f5244af59d70b1ea82f746ef603d8ffbf61c7c274d2f3f2d33fcd53bc46f935,tileanalysis による再推論。ノートブック出力と F値 0.0001 以内で一致
FinalFusion_SAM_APM__lab-pc__20260925-000000__hiroshima__gtonly__full__area,FinalFusion_SAM_APM__lab-pc__20260925-000000,FinalFusion_SAM_APM,hiroshima,警戒のみ,通常,面積,,0.6833,0.6625,0.6727,,,,2964.0,,,2026-09-26T00:00:00,SomanoMacBook-Air,5f5244af59d70b1ea82f746ef603d8ffbf61c7c274d2f3f2d33fcd53bc46f935,tileanalysis による再推論。ノートブック出力と F値 0.0001 以内で一致
FinalFusion_SAM_APM__lab-pc__20260925-000000__hiroshima_bg__bgonly__full__inst__IoU--1-1--0.1-773618,FinalFusion_SAM_APM__lab-pc__20260925-000000,FinalFusion_SAM_APM,hiroshima_bg,背景のみ,通常,箇所,IoU厳密1対1 (0.1),,0.0,0.0,,,,,0,13221,2026-09-26T00:00:00,SomanoMacBook-Air,5f5244af59d70b1ea82f746ef603d8ffbf61c7c274d2f3f2d33fcd53bc46f935,連結性8近傍 / 最小サイズ10px / 二値化0.5
FinalFusion_SAM_APM__lab-pc__20260925-000000__hiroshima_bg__bgonly__full__inst__IoU--1-1--0.3-49ffab,FinalFusion_SAM_APM__lab-pc__20260925-000000,FinalFusion_SAM_APM,hiroshima_bg,背景のみ,通常,箇所,IoU厳密1対1 (0.3),,0.0,0.0,,,,,0,13221,2026-09-26T00:00:00,SomanoMacBook-Air,5f5244af59d70b1ea82f746ef603d8ffbf61c7c274d2f3f2d33fcd53bc46f935,連結性8近傍 / 最小サイズ10px / 二値化0.5
FinalFusion_SAM_APM__lab-pc__20260925-000000__hiroshima_bg__bgonly__full__inst__IoU--1--0.1-b5e5ab,FinalFusion_SAM_APM__lab-pc__20260925-000000,FinalFusion_SAM_APM,hiroshima_bg,背景のみ,通常,箇所,IoU多対1 (0.1),,0.0,0.0,,,,,0,13221,2026-09-26T00:00:00,SomanoMacBook-Air,5f5244af59d70b1ea82f746ef603d8ffbf61c7c274d2f3f2d33fcd53bc46f935,連結性8近傍 / 最小サイズ10px / 二値化0.5
FinalFusion_SAM_APM__lab-pc__20260925-000000__hiroshima_bg__bgonly__full__inst__IoU--1--0.3-635d05,FinalFusion_SAM_APM__lab-pc__20260925-000000,FinalFusion_SAM_APM,hiroshima_bg,背景のみ,通常,箇所,IoU多対1 (0.3),,0.0,0.0,,,,,0,13221,2026-09-26T00:00:00,SomanoMacBook-Air,5f5244af59d70b1ea82f746ef603d8ffbf61c7c274d2f3f2d33fcd53bc46f935,連結性8近傍 / 最小サイズ10px / 二値化0.5
FinalFusion_SAM_APM__lab-pc__20260925-000000__hiroshima_bg__bgonly__full__inst__cov_gt-0.3--cov_pred-0.3-a20df8,FinalFusion_SAM_APM__lab-pc__20260925-000000,FinalFusion_SAM_APM,hiroshima_bg,背景のみ,通常,箇所,"被覆 (cov_gt=0.3, cov_pred=0.3)",,0.0,0.0,,,,,0,13221,2026-09-26T00:00:00,SomanoMacBook-Air,5f5244af59d70b1ea82f746ef603d8ffbf61c7c274d2f3f2d33fcd53bc46f935,連結性8近傍 / 最小サイズ10px / 二値化0.5
FinalFusion_SAM_APM__lab-pc__20260925-000000__hiroshima_bg__bgonly__full__inst__cov_gt-0.5--cov_pred-0.1-549b9e,FinalFusion_SAM_APM__lab-pc__20260925-000000,FinalFusion_SAM_APM,hiroshima_bg,背景のみ,通常,箇所,"被覆 (cov_gt=0.5, cov_pred=0.1)",,0.0,0.0,,,,,0,13221,2026-09-26T00:00:00,SomanoMacBook-Air,5f5244af59d70b1ea82f746ef603d8ffbf61c7c274d2f3f2d33fcd53bc46f935,連結性8近傍 / 最小サイズ10px / 二値化0.5
FinalFusion_SAM_APM__lab-pc__20260925-000000__hiroshima_bg__bgonly__full__inst__cov_gt-0.5--cov_pred-0.3-ca4173,FinalFusion_SAM_APM__lab-pc__20260925-000000,FinalFusion_SAM_APM,hiroshima_bg,背景のみ,通常,箇所,"被覆 (cov_gt=0.5, cov_pred=0.3)",,0.0,0.0,,,,,0,13221,2026-09-26T00:00:00,SomanoMacBook-Air,5f5244af59d70b1ea82f746ef603d8ffbf61c7c274d2f3f2d33fcd53bc46f935,連結性8近傍 / 最小サイズ10px / 二値化0.5
FinalFusion_SAM_APM__lab-pc__20260925-000000__shimane__all__full__inst__IoU--1-1--0.1-773618,FinalFusion_SAM_APM__lab-pc__20260925-000000,FinalFusion_SAM_APM,shimane,全件,通常,箇所,IoU厳密1対1 (0.1),0.5266,0.5022,0.5141,,,,,27445,28775,2026-09-26T00:00:00,SomanoMacBook-Air,5f5244af59d70b1ea82f746ef603d8ffbf61c7c274d2f3f2d33fcd53bc46f935,連結性8近傍 / 最小サイズ10px / 二値化0.5
FinalFusion_SAM_APM__lab-pc__20260925-000000__shimane__all__full__inst__IoU--1-1--0.3-49ffab,FinalFusion_SAM_APM__lab-pc__20260925-000000,FinalFusion_SAM_APM,shimane,全件,通常,箇所,IoU厳密1対1 (0.3),0.4306,0.4107,0.4204,,,,,27445,28775,2026-09-26T00:00:00,SomanoMacBook-Air,5f5244af59d70b1ea82f746ef603d8ffbf61c7c274d2f3f2d33fcd53bc46f935,連結性8近傍 / 最小サイズ10px / 二値化0.5
FinalFusion_SAM_APM__lab-pc__20260925-000000__shimane__all__full__inst__IoU--1--0.1-b5e5ab,FinalFusion_SAM_APM__lab-pc__20260925-000000,FinalFusion_SAM_APM,shimane,全件,通常,箇所,IoU多対1 (0.1),0.561,0.5235,0.5416,,,,,27445,28775,2026-09-26T00:00:00,SomanoMacBook-Air,5f5244af59d70b1ea82f746ef603d8ffbf61c7c274d2f3f2d33fcd53bc46f935,連結性8近傍 / 最小サイズ10px / 二値化0.5
FinalFusion_SAM_APM__lab-pc__20260925-000000__shimane__all__full__inst__IoU--1--0.3-635d05,FinalFusion_SAM_APM__lab-pc__20260925-000000,FinalFusion_SAM_APM,shimane,全件,通常,箇所,IoU多対1 (0.3),0.4343,0.4118,0.4228,,,,,27445,28775,2026-09-26T00:00:00,SomanoMacBook-Air,5f5244af59d70b1ea82f746ef603d8ffbf61c7c274d2f3f2d33fcd53bc46f935,連結性8近傍 / 最小サイズ10px / 二値化0.5
FinalFusion_SAM_APM__lab-pc__20260925-000000__shimane__all__full__inst__cov_gt-0.3--cov_pred-0.3-a20df8,FinalFusion_SAM_APM__lab-pc__20260925-000000,FinalFusion_SAM_APM,shimane,全件,通常,箇所,"被覆 (cov_gt=0.3, cov_pred=0.3)",0.5288,0.5429,0.5358,,,,,27445,28775,2026-09-26T00:00:00,SomanoMacBook-Air,5f5244af59d70b1ea82f746ef603d8ffbf61c7c274d2f3f2d33fcd53bc46f935,連結性8近傍 / 最小サイズ10px / 二値化0.5
FinalFusion_SAM_APM__lab-pc__20260925-000000__shimane__all__full__inst__cov_gt-0.5--cov_pred-0.1-549b9e,FinalFusion_SAM_APM__lab-pc__20260925-000000,FinalFusion_SAM_APM,shimane,全件,通常,箇所,"被覆 (cov_gt=0.5, cov_pred=0.1)",0.4333,0.5685,0.4918,,,,,27445,28775,2026-09-26T00:00:00,SomanoMacBook-Air,5f5244af59d70b1ea82f746ef603d8ffbf61c7c274d2f3f2d33fcd53bc46f935,連結性8近傍 / 最小サイズ10px / 二値化0.5
FinalFusion_SAM_APM__lab-pc__20260925-000000__shimane__all__full__inst__cov_gt-0.5--cov_pred-0.3-ca4173,FinalFusion_SAM_APM__lab-pc__20260925-000000,FinalFusion_SAM_APM,shimane,全件,通常,箇所,"被覆 (cov_gt=0.5, cov_pred=0.3)",0.4333,0.5429,0.482,,,,,27445,28775,2026-09-26T00:00:00,SomanoMacBook-Air,5f5244af59d70b1ea82f746ef603d8ffbf61c7c274d2f3f2d33fcd53bc46f935,連結性8近傍 / 最小サイズ10px / 二値化0.5
FinalFusion_SAM_APM__lab-pc__20260925-000000__shimane__all__center__area,FinalFusion_SAM_APM__lab-pc__20260925-000000,FinalFusion_SAM_APM,shimane,全件,境界,面積,,0.532,0.5916,0.5602,,,,24569.0,,,2026-09-26T00:00:00,SomanoMacBook-Air,5f5244af59d70b1ea82f746ef603d8ffbf61c7c274d2f3f2d33fcd53bc46f935,tileanalysis による再推論。ノートブック出力と F値 0.0001 以内で一致
FinalFusion_SAM_APM__lab-pc__20260925-000000__shimane__all__full__area,FinalFusion_SAM_APM__lab-pc__20260925-000000,FinalFusion_SAM_APM,shimane,全件,通常,面積,,0.5097,0.5698,0.5381,,,,24569.0,,,2026-09-26T00:00:00,SomanoMacBook-Air,5f5244af59d70b1ea82f746ef603d8ffbf61c7c274d2f3f2d33fcd53bc46f935,tileanalysis による再推論。ノートブック出力と F値 0.0001 以内で一致
FinalFusion_SAM_APM__lab-pc__20260925-000000__shimane__gtonly__full__area,FinalFusion_SAM_APM__lab-pc__20260925-000000,FinalFusion_SAM_APM,shimane,警戒のみ,通常,面積,,0.5097,0.672,0.5797,,,,9679,,,2026-09-26T00:00:00,SomanoMacBook-Air,5f5244af59d70b1ea82f746ef603d8ffbf61c7c274d2f3f2d33fcd53bc46f935,テスト集合の作り方を地域間で揃えた集計
FinalFusion_SAM_APM_FullSkip__lab-ubuntu__20261002-130000__hiroshima__withbg__full__area,FinalFusion_SAM_APM_FullSkip__lab-ubuntu__20261002-130000,FinalFusion_SAM_APM_FullSkip,hiroshima,背景込み,通常,面積,,0.7213,0.5212,0.6051,,,,7631.0,,,2026-10-04T17:45:00,lab-ubuntu,,テスト集合の作り方を地域間で揃えた集計
FinalFusion_SAM_APM_FullSkip__lab-ubuntu__20261002-130000__hiroshima__gtonly__full__inst__IoU--1-1--0.1-773618,FinalFusion_SAM_APM_FullSkip__lab-ubuntu__20261002-130000,FinalFusion_SAM_APM_FullSkip,hiroshima,警戒のみ,通常,箇所,IoU厳密1対1 (0.1),0.5946,0.646,0.6193,,,,,8977,8263,2026-10-04T17:45:00,lab-ubuntu,,連結性8近傍 / 最小サイズ10px / 二値化0.5
FinalFusion_SAM_APM_FullSkip__lab-ubuntu__20261002-130000__hiroshima__gtonly__full__inst__IoU--1-1--0.3-49ffab,FinalFusion_SAM_APM_FullSkip__lab-ubuntu__20261002-130000,FinalFusion_SAM_APM_FullSkip,hiroshima,警戒のみ,通常,箇所,IoU厳密1対1 (0.3),0.5067,0.5505,0.5277,,,,,8977,8263,2026-10-04T17:45:00,lab-ubuntu,,連結性8近傍 / 最小サイズ10px / 二値化0.5
FinalFusion_SAM_APM_FullSkip__lab-ubuntu__20261002-130000__hiroshima__gtonly__full__inst__IoU--1--0.1-b5e5ab,FinalFusion_SAM_APM_FullSkip__lab-ubuntu__20261002-130000,FinalFusion_SAM_APM_FullSkip,hiroshima,警戒のみ,通常,箇所,IoU多対1 (0.1),0.6651,0.6632,0.6642,,,,,8977,8263,2026-10-04T17:45:00,lab-ubuntu,,連結性8近傍 / 最小サイズ10px / 二値化0.5
FinalFusion_SAM_APM_FullSkip__lab-ubuntu__20261002-130000__hiroshima__gtonly__full__inst__IoU--1--0.3-635d05,FinalFusion_SAM_APM_FullSkip__lab-ubuntu__20261002-130000,FinalFusion_SAM_APM_FullSkip,hiroshima,警戒のみ,通常,箇所,IoU多対1 (0.3),0.5134,0.5523,0.5322,,,,,8977,8263,2026-10-04T17:45:00,lab-ubuntu,,連結性8近傍 / 最小サイズ10px / 二値化0.5
FinalFusion_SAM_APM_FullSkip__lab-ubuntu__20261002-130000__hiroshima__gtonly__full__inst__cov_gt-0.3--cov_pred-0.3-a20df8,FinalFusion_SAM_APM_FullSkip__lab-ubuntu__20261002-130000,FinalFusion_SAM_APM_FullSkip,hiroshima,警戒のみ,通常,箇所,"被覆 (cov_gt=0.3, cov_pred=0.3)",0.6966,0.6596,0.6776,,,,,8977,8263,2026-10-04T17:45:00,lab-ubuntu,,連結性8近傍 / 最小サイズ10px / 二値化0.5
FinalFusion_SAM_APM_FullSkip__lab-ubuntu__20261002-130000__hiroshima__gtonly__full__inst__cov_gt-0.5--cov_pred-0.1-549b9e,FinalFusion_SAM_APM_FullSkip__lab-ubuntu__20261002-130000,FinalFusion_SAM_APM_FullSkip,hiroshima,警戒のみ,通常,箇所,"被覆 (cov_gt=0.5, cov_pred=0.1)",0.649,0.6979,0.6726,,,,,8977,8263,2026-10-04T17:45:00,lab-ubuntu,,連結性8近傍 / 最小サイズ10px / 二値化0.5
FinalFusion_SAM_APM_FullSkip__lab-ubuntu__20261002-130000__hiroshima__gtonly__full__inst__cov_gt-0.5--cov_pred-0.3-ca4173,FinalFusion_SAM_APM_FullSkip__lab-ubuntu__20261002-130000,FinalFusion_SAM_APM_FullSkip,hiroshima,警戒のみ,通常,箇所,"被覆 (cov_gt=0.5, cov_pred=0.3)",0.649,0.6596,0.6542,,,,,8977,8263,2026-10-04T17:45:00,lab-ubuntu,,連結性8近傍 / 最小サイズ10px / 二値化0.5
FinalFusion_SAM_APM_FullSkip__lab-ubuntu__20261002-130000__hiroshima__gtonly__center__area,FinalFusion_SAM_APM_FullSkip__lab-ubuntu__20261002-130000,FinalFusion_SAM_APM_FullSkip,hiroshima,警戒のみ,境界,面積,,0.7475,0.6364,0.6875,,,,2964.0,,,2026-10-04T17:45:00,lab-ubuntu,,tileanalysis による再推論。ノートブック出力と F値 0.0001 以内で一致
FinalFusion_SAM_APM_FullSkip__lab-ubuntu__20261002-130000__hiroshima__gtonly__full__area,FinalFusion_SAM_APM_FullSkip__lab-ubuntu__20261002-130000,FinalFusion_SAM_APM_FullSkip,hiroshima,警戒のみ,通常,面積,,0.7213,0.6316,0.6734,,,,2964.0,,,2026-10-04T17:45:00,lab-ubuntu,,tileanalysis による再推論。ノートブック出力と F値 0.0001 以内で一致
FinalFusion_SAM_APM_FullSkip__lab-ubuntu__20261002-130000__shimane__all__full__inst__IoU--1-1--0.1-773618,FinalFusion_SAM_APM_FullSkip__lab-ubuntu__20261002-130000,FinalFusion_SAM_APM_FullSkip,shimane,全件,通常,箇所,IoU厳密1対1 (0.1),0.5091,0.476,0.492,,,,,27445,29357,2026-10-04T17:45:00,lab-ubuntu,,連結性8近傍 / 最小サイズ10px / 二値化0.5
FinalFusion_SAM_APM_FullSkip__lab-ubuntu__20261002-130000__shimane__all__full__inst__IoU--1-1--0.3-49ffab,FinalFusion_SAM_APM_FullSkip__lab-ubuntu__20261002-130000,FinalFusion_SAM_APM_FullSkip,shimane,全件,通常,箇所,IoU厳密1対1 (0.3),0.415,0.388,0.401,,,,,27445,29357,2026-10-04T17:45:00,lab-ubuntu,,連結性8近傍 / 最小サイズ10px / 二値化0.5
FinalFusion_SAM_APM_FullSkip__lab-ubuntu__20261002-130000__shimane__all__full__inst__IoU--1--0.1-b5e5ab,FinalFusion_SAM_APM_FullSkip__lab-ubuntu__20261002-130000,FinalFusion_SAM_APM_FullSkip,shimane,全件,通常,箇所,IoU多対1 (0.1),0.5545,0.4922,0.5215,,,,,27445,29357,2026-10-04T17:45:00,lab-ubuntu,,連結性8近傍 / 最小サイズ10px / 二値化0.5
FinalFusion_SAM_APM_FullSkip__lab-ubuntu__20261002-130000__shimane__all__full__inst__IoU--1--0.3-635d05,FinalFusion_SAM_APM_FullSkip__lab-ubuntu__20261002-130000,FinalFusion_SAM_APM_FullSkip,shimane,全件,通常,箇所,IoU多対1 (0.3),0.4192,0.3889,0.4035,,,,,27445,29357,2026-10-04T17:45:00,lab-ubuntu,,連結性8近傍 / 最小サイズ10px / 二値化0.5
FinalFusion_SAM_APM_FullSkip__lab-ubuntu__20261002-130000__shimane__all__full__inst__cov_gt-0.3--cov_pred-0.3-a20df8,FinalFusion_SAM_APM_FullSkip__lab-ubuntu__20261002-130000,FinalFusion_SAM_APM_FullSkip,shimane,全件,通常,箇所,"被覆 (cov_gt=0.3, cov_pred=0.3)",0.5393,0.5053,0.5218,,,,,27445,29357,2026-10-04T17:45:00,lab-ubuntu,,連結性8近傍 / 最小サイズ10px / 二値化0.5
FinalFusion_SAM_APM_FullSkip__lab-ubuntu__20261002-130000__shimane__all__full__inst__cov_gt-0.5--cov_pred-0.1-549b9e,FinalFusion_SAM_APM_FullSkip__lab-ubuntu__20261002-130000,FinalFusion_SAM_APM_FullSkip,shimane,全件,通常,箇所,"被覆 (cov_gt=0.5, cov_pred=0.1)",0.4598,0.5335,0.4939,,,,,27445,29357,2026-10-04T17:45:00,lab-ubuntu,,連結性8近傍 / 最小サイズ10px / 二値化0.5
FinalFusion_SAM_APM_FullSkip__lab-ubuntu__20261002-130000__shimane__all__full__inst__cov_gt-0.5--cov_pred-0.3-ca4173,FinalFusion_SAM_APM_FullSkip__lab-ubuntu__20261002-130000,FinalFusion_SAM_APM_FullSkip,shimane,全件,通常,箇所,"被覆 (cov_gt=0.5, cov_pred=0.3)",0.4598,0.5053,0.4815,,,,,27445,29357,2026-10-04T17:45:00,lab-ubuntu,,連結性8近傍 / 最小サイズ10px / 二値化0.5
FinalFusion_SAM_APM_FullSkip__lab-ubuntu__20261002-130000__shimane__all__center__area,FinalFusion_SAM_APM_FullSkip__lab-ubuntu__20261002-130000,FinalFusion_SAM_APM_FullSkip,shimane,全件,境界,面積,,0.5685,0.5617,0.5651,,,,24569.0,,,2026-10-04T17:45:00,lab-ubuntu,,tileanalysis による再推論。ノートブック出力と F値 0.0001 以内で一致
FinalFusion_SAM_APM_FullSkip__lab-ubuntu__20261002-130000__shimane__all__full__area,FinalFusion_SAM_APM_FullSkip__lab-ubuntu__20261002-130000,FinalFusion_SAM_APM_FullSkip,shimane,全件,通常,面積,,0.544,0.5411,0.5426,,,,24569.0,,,2026-10-04T17:45:00,lab-ubuntu,,tileanalysis による再推論。ノートブック出力と F値 0.0001 以内で一致
FinalFusion_SAM_APM_FullSkip__lab-ubuntu__20261002-130000__shimane__gtonly__full__area,FinalFusion_SAM_APM_FullSkip__lab-ubuntu__20261002-130000,FinalFusion_SAM_APM_FullSkip,shimane,警戒のみ,通常,面積,,0.544,0.6382,0.5874,,,,9679.0,,,2026-10-04T17:45:00,lab-ubuntu,,テスト集合の作り方を地域間で揃えた集計
FinalFusion_SAM_APM_FullSkipSupASPP__lab-ubuntu__20261004-174857__hiroshima__withbg__full__area,FinalFusion_SAM_APM_FullSkipSupASPP__lab-ubuntu__20261004-174857,FinalFusion_SAM_APM_FullSkipSupASPP,hiroshima,背景込み,通常,面積,,0.7286,0.5303,0.6138,,,,7631.0,,,2026-10-05T12:00:00,lab-ubuntu,,テスト集合の作り方を地域間で揃えた集計
FinalFusion_SAM_APM_FullSkipSupASPP__lab-ubuntu__20261004-174857__hiroshima__gtonly__full__inst__IoU--1-1--0.1-773618,FinalFusion_SAM_APM_FullSkipSupASPP__lab-ubuntu__20261004-174857,FinalFusion_SAM_APM_FullSkipSupASPP,hiroshima,警戒のみ,通常,箇所,IoU厳密1対1 (0.1),0.6014,0.6224,0.6117,,,,,8977,8675,2026-10-05T12:00:00,lab-ubuntu,,連結性8近傍 / 最小サイズ10px / 二値化0.5
FinalFusion_SAM_APM_FullSkipSupASPP__lab-ubuntu__20261004-174857__hiroshima__gtonly__full__inst__IoU--1-1--0.3-49ffab,FinalFusion_SAM_APM_FullSkipSupASPP__lab-ubuntu__20261004-174857,FinalFusion_SAM_APM_FullSkipSupASPP,hiroshima,警戒のみ,通常,箇所,IoU厳密1対1 (0.3),0.5087,0.5265,0.5174,,,,,8977,8675,2026-10-05T12:00:00,lab-ubuntu,,連結性8近傍 / 最小サイズ10px / 二値化0.5
FinalFusion_SAM_APM_FullSkipSupASPP__lab-ubuntu__20261004-174857__hiroshima__gtonly__full__inst__IoU--1--0.1-b5e5ab,FinalFusion_SAM_APM_FullSkipSupASPP__lab-ubuntu__20261004-174857,FinalFusion_SAM_APM_FullSkipSupASPP,hiroshima,警戒のみ,通常,箇所,IoU多対1 (0.1),0.6694,0.6416,0.6552,,,,,8977,8675,2026-10-05T12:00:00,lab-ubuntu,,連結性8近傍 / 最小サイズ10px / 二値化0.5
FinalFusion_SAM_APM_FullSkipSupASPP__lab-ubuntu__20261004-174857__hiroshima__gtonly__full__inst__IoU--1--0.3-635d05,FinalFusion_SAM_APM_FullSkipSupASPP__lab-ubuntu__20261004-174857,FinalFusion_SAM_APM_FullSkipSupASPP,hiroshima,警戒のみ,通常,箇所,IoU多対1 (0.3),0.514,0.5277,0.5208,,,,,8977,8675,2026-10-05T12:00:00,lab-ubuntu,,連結性8近傍 / 最小サイズ10px / 二値化0.5
FinalFusion_SAM_APM_FullSkipSupASPP__lab-ubuntu__20261004-174857__hiroshima__gtonly__full__inst__cov_gt-0.3--cov_pred-0.3-a20df8,FinalFusion_SAM_APM_FullSkipSupASPP__lab-ubuntu__20261004-174857,FinalFusion_SAM_APM_FullSkipSupASPP,hiroshima,警戒のみ,通常,箇所,"被覆 (cov_gt=0.3, cov_pred=0.3)",0.7013,0.646,0.6725,,,,,8977,8675,2026-10-05T12:00:00,lab-ubuntu,,連結性8近傍 / 最小サイズ10px / 二値化0.5
FinalFusion_SAM_APM_FullSkipSupASPP__lab-ubuntu__20261004-174857__hiroshima__gtonly__full__inst__cov_gt-0.5--cov_pred-0.1-549b9e,FinalFusion_SAM_APM_FullSkipSupASPP__lab-ubuntu__20261004-174857,FinalFusion_SAM_APM_FullSkipSupASPP,hiroshima,警戒のみ,通常,箇所,"被覆 (cov_gt=0.5, cov_pred=0.1)",0.6512,0.684,0.6672,,,,,8977,8675,2026-10-05T12:00:00,lab-ubuntu,,連結性8近傍 / 最小サイズ10px / 二値化0.5
FinalFusion_SAM_APM_FullSkipSupASPP__lab-ubuntu__20261004-174857__hiroshima__gtonly__full__inst__cov_gt-0.5--cov_pred-0.3-ca4173,FinalFusion_SAM_APM_FullSkipSupASPP__lab-ubuntu__20261004-174857,FinalFusion_SAM_APM_FullSkipSupASPP,hiroshima,警戒のみ,通常,箇所,"被覆 (cov_gt=0.5, cov_pred=0.3)",0.6512,0.646,0.6486,,,,,8977,8675,2026-10-05T12:00:00,lab-ubuntu,,連結性8近傍 / 最小サイズ10px / 二値化0.5
FinalFusion_SAM_APM_FullSkipSupASPP__lab-ubuntu__20261004-174857__hiroshima__gtonly__center__area,FinalFusion_SAM_APM_FullSkipSupASPP__lab-ubuntu__20261004-174857,FinalFusion_SAM_APM_FullSkipSupASPP,hiroshima,警戒のみ,境界,面積,,0.7558,0.6335,0.6893,,,,2964.0,,,2026-10-05T12:00:00,lab-ubuntu,,tileanalysis による再推論。ノートブック出力と F値 0.0001 以内で一致
FinalFusion_SAM_APM_FullSkipSupASPP__lab-ubuntu__20261004-174857__hiroshima__gtonly__full__area,FinalFusion_SAM_APM_FullSkipSupASPP__lab-ubuntu__20261004-174857,FinalFusion_SAM_APM_FullSkipSupASPP,hiroshima,警戒のみ,通常,面積,,0.7286,0.6328,0.6773,,,,2964.0,,,2026-10-05T12:00:00,lab-ubuntu,,tileanalysis による再推論。ノートブック出力と F値 0.0001 以内で一致
FinalFusion_SAM_APM_FullSkipSupASPP__lab-ubuntu__20261004-174857__shimane__all__full__inst__IoU--1-1--0.1-773618,FinalFusion_SAM_APM_FullSkipSupASPP__lab-ubuntu__20261004-174857,FinalFusion_SAM_APM_FullSkipSupASPP,shimane,全件,通常,箇所,IoU厳密1対1 (0.1),0.5275,0.4397,0.4796,,,,,27445,32921,2026-10-05T12:00:00,lab-ubuntu,,連結性8近傍 / 最小サイズ10px / 二値化0.5
FinalFusion_SAM_APM_FullSkipSupASPP__lab-ubuntu__20261004-174857__shimane__all__full__inst__IoU--1-1--0.3-49ffab,FinalFusion_SAM_APM_FullSkipSupASPP__lab-ubuntu__20261004-174857,FinalFusion_SAM_APM_FullSkipSupASPP,shimane,全件,通常,箇所,IoU厳密1対1 (0.3),0.4242,0.3536,0.3857,,,,,27445,32921,2026-10-05T12:00:00,lab-ubuntu,,連結性8近傍 / 最小サイズ10px / 二値化0.5
FinalFusion_SAM_APM_FullSkipSupASPP__lab-ubuntu__20261004-174857__shimane__all__full__inst__IoU--1--0.1-b5e5ab,FinalFusion_SAM_APM_FullSkipSupASPP__lab-ubuntu__20261004-174857,FinalFusion_SAM_APM_FullSkipSupASPP,shimane,全件,通常,箇所,IoU多対1 (0.1),0.5686,0.4577,0.5072,,,,,27445,32921,2026-10-05T12:00:00,lab-ubuntu,,連結性8近傍 / 最小サイズ10px / 二値化0.5
FinalFusion_SAM_APM_FullSkipSupASPP__lab-ubuntu__20261004-174857__shimane__all__full__inst__IoU--1--0.3-635d05,FinalFusion_SAM_APM_FullSkipSupASPP__lab-ubuntu__20261004-174857,FinalFusion_SAM_APM_FullSkipSupASPP,shimane,全件,通常,箇所,IoU多対1 (0.3),0.4277,0.3545,0.3877,,,,,27445,32921,2026-10-05T12:00:00,lab-ubuntu,,連結性8近傍 / 最小サイズ10px / 二値化0.5
FinalFusion_SAM_APM_FullSkipSupASPP__lab-ubuntu__20261004-174857__shimane__all__full__inst__cov_gt-0.3--cov_pred-0.3-a20df8,FinalFusion_SAM_APM_FullSkipSupASPP__lab-ubuntu__20261004-174857,FinalFusion_SAM_APM_FullSkipSupASPP,shimane,全件,通常,箇所,"被覆 (cov_gt=0.3, cov_pred=0.3)",0.5457,0.4779,0.5096,,,,,27445,32921,2026-10-05T12:00:00,lab-ubuntu,,連結性8近傍 / 最小サイズ10px / 二値化0.5
FinalFusion_SAM_APM_FullSkipSupASPP__lab-ubuntu__20261004-174857__shimane__all__full__inst__cov_gt-0.5--cov_pred-0.1-549b9e,FinalFusion_SAM_APM_FullSkipSupASPP__lab-ubuntu__20261004-174857,FinalFusion_SAM_APM_FullSkipSupASPP,shimane,全件,通常,箇所,"被覆 (cov_gt=0.5, cov_pred=0.1)",0.4607,0.5043,0.4815,,,,,27445,32921,2026-10-05T12:00:00,lab-ubuntu,,連結性8近傍 / 最小サイズ10px / 二値化0.5
FinalFusion_SAM_APM_FullSkipSupASPP__lab-ubuntu__20261004-174857__shimane__all__full__inst__cov_gt-0.5--cov_pred-0.3-ca4173,FinalFusion_SAM_APM_FullSkipSupASPP__lab-ubuntu__20261004-174857,FinalFusion_SAM_APM_FullSkipSupASPP,shimane,全件,通常,箇所,"被覆 (cov_gt=0.5, cov_pred=0.3)",0.4607,0.4779,0.4691,,,,,27445,32921,2026-10-05T12:00:00,lab-ubuntu,,連結性8近傍 / 最小サイズ10px / 二値化0.5
FinalFusion_SAM_APM_FullSkipSupASPP__lab-ubuntu__20261004-174857__shimane__all__center__area,FinalFusion_SAM_APM_FullSkipSupASPP__lab-ubuntu__20261004-174857,FinalFusion_SAM_APM_FullSkipSupASPP,shimane,全件,境界,面積,,0.5634,0.5581,0.5607,,,,24569.0,,,2026-10-05T12:00:00,lab-ubuntu,,tileanalysis による再推論。ノートブック出力と F値 0.0001 以内で一致
FinalFusion_SAM_APM_FullSkipSupASPP__lab-ubuntu__20261004-174857__shimane__all__full__area,FinalFusion_SAM_APM_FullSkipSupASPP__lab-ubuntu__20261004-174857,FinalFusion_SAM_APM_FullSkipSupASPP,shimane,全件,通常,面積,,0.5359,0.5398,0.5379,,,,24569.0,,,2026-10-05T12:00:00,lab-ubuntu,,tileanalysis による再推論。ノートブック出力と F値 0.0001 以内で一致
FinalFusion_SAM_APM_FullSkipSupASPP__lab-ubuntu__20261004-174857__shimane__gtonly__full__area,FinalFusion_SAM_APM_FullSkipSupASPP__lab-ubuntu__20261004-174857,FinalFusion_SAM_APM_FullSkipSupASPP,shimane,警戒のみ,通常,面積,,0.5359,0.6402,0.5834,,,,9679.0,,,2026-10-05T12:00:00,lab-ubuntu,,テスト集合の作り方を地域間で揃えた集計
FinalFusion_SAM_APM_InstLoss__lab-windows__20260930-121237__hiroshima__gtonly__full__inst__IoU--1-1--0.1-773618,FinalFusion_SAM_APM_InstLoss__lab-windows__20260930-121237,FinalFusion_SAM_APM_InstLoss,hiroshima,警戒のみ,通常,箇所,IoU厳密1対1 (0.1),0.6186,0.6467,0.6323,,,,,8977,8587,2026-09-30T12:12:37,lab-windows,c622bf8b24f461b13b04a2fff1a43c8c38f438f4001f5083c31ec60cd24ab796,連結性8近傍 / 最小サイズ10px / 二値化0.5
FinalFusion_SAM_APM_InstLoss__lab-windows__20260930-121237__hiroshima__gtonly__full__inst__IoU--1-1--0.3-49ffab,FinalFusion_SAM_APM_InstLoss__lab-windows__20260930-121237,FinalFusion_SAM_APM_InstLoss,hiroshima,警戒のみ,通常,箇所,IoU厳密1対1 (0.3),0.5354,0.5597,0.5473,,,,,8977,8587,2026-09-30T12:12:37,lab-windows,c622bf8b24f461b13b04a2fff1a43c8c38f438f4001f5083c31ec60cd24ab796,連結性8近傍 / 最小サイズ10px / 二値化0.5
FinalFusion_SAM_APM_InstLoss__lab-windows__20260930-121237__hiroshima__gtonly__full__inst__IoU--1--0.1-b5e5ab,FinalFusion_SAM_APM_InstLoss__lab-windows__20260930-121237,FinalFusion_SAM_APM_InstLoss,hiroshima,警戒のみ,通常,箇所,IoU多対1 (0.1),0.6817,0.6693,0.6754,,,,,8977,8587,2026-09-30T12:12:37,lab-windows,c622bf8b24f461b13b04a2fff1a43c8c38f438f4001f5083c31ec60cd24ab796,連結性8近傍 / 最小サイズ10px / 二値化0.5
FinalFusion_SAM_APM_InstLoss__lab-windows__20260930-121237__hiroshima__gtonly__full__inst__IoU--1--0.3-635d05,FinalFusion_SAM_APM_InstLoss__lab-windows__20260930-121237,FinalFusion_SAM_APM_InstLoss,hiroshima,警戒のみ,通常,箇所,IoU多対1 (0.3),0.5422,0.5617,0.5517,,,,,8977,8587,2026-09-30T12:12:37,lab-windows,c622bf8b24f461b13b04a2fff1a43c8c38f438f4001f5083c31ec60cd24ab796,連結性8近傍 / 最小サイズ10px / 二値化0.5
FinalFusion_SAM_APM_InstLoss__lab-windows__20260930-121237__hiroshima__gtonly__full__inst__cov_gt-0.3--cov_pred-0.3-a20df8,FinalFusion_SAM_APM_InstLoss__lab-windows__20260930-121237,FinalFusion_SAM_APM_InstLoss,hiroshima,警戒のみ,通常,箇所,"被覆 (cov_gt=0.3, cov_pred=0.3)",0.7002,0.6735,0.6866,,,,,8977,8587,2026-09-30T12:12:37,lab-windows,c622bf8b24f461b13b04a2fff1a43c8c38f438f4001f5083c31ec60cd24ab796,連結性8近傍 / 最小サイズ10px / 二値化0.5
FinalFusion_SAM_APM_InstLoss__lab-windows__20260930-121237__hiroshima__gtonly__full__inst__cov_gt-0.5--cov_pred-0.1-549b9e,FinalFusion_SAM_APM_InstLoss__lab-windows__20260930-121237,FinalFusion_SAM_APM_InstLoss,hiroshima,警戒のみ,通常,箇所,"被覆 (cov_gt=0.5, cov_pred=0.1)",0.6463,0.7056,0.6747,,,,,8977,8587,2026-09-30T12:12:37,lab-windows,c622bf8b24f461b13b04a2fff1a43c8c38f438f4001f5083c31ec60cd24ab796,連結性8近傍 / 最小サイズ10px / 二値化0.5
FinalFusion_SAM_APM_InstLoss__lab-windows__20260930-121237__hiroshima__gtonly__full__inst__cov_gt-0.5--cov_pred-0.3-ca4173,FinalFusion_SAM_APM_InstLoss__lab-windows__20260930-121237,FinalFusion_SAM_APM_InstLoss,hiroshima,警戒のみ,通常,箇所,"被覆 (cov_gt=0.5, cov_pred=0.3)",0.6463,0.6735,0.6596,,,,,8977,8587,2026-09-30T12:12:37,lab-windows,c622bf8b24f461b13b04a2fff1a43c8c38f438f4001f5083c31ec60cd24ab796,連結性8近傍 / 最小サイズ10px / 二値化0.5
FinalFusion_SAM_APM_InstLoss__lab-windows__20260930-121237__hiroshima__gtonly__center__area,FinalFusion_SAM_APM_InstLoss__lab-windows__20260930-121237,FinalFusion_SAM_APM_InstLoss,hiroshima,警戒のみ,境界,面積,,0.7181,0.6685,0.6924,,,,2964.0,,,2026-09-30T12:12:37,lab-windows,c622bf8b24f461b13b04a2fff1a43c8c38f438f4001f5083c31ec60cd24ab796,tileanalysis による再推論。ノートブック出力と F値 0.0001 以内で一致
FinalFusion_SAM_APM_InstLoss__lab-windows__20260930-121237__hiroshima__gtonly__full__area,FinalFusion_SAM_APM_InstLoss__lab-windows__20260930-121237,FinalFusion_SAM_APM_InstLoss,hiroshima,警戒のみ,通常,面積,,0.6994,0.6547,0.6763,,,,2964.0,,,2026-09-30T12:12:37,lab-windows,c622bf8b24f461b13b04a2fff1a43c8c38f438f4001f5083c31ec60cd24ab796,tileanalysis による再推論。ノートブック出力と F値 0.0001 以内で一致
FinalFusion_SAM_APM_InstLoss__lab-windows__20260930-121237__shimane__all__full__inst__IoU--1-1--0.1-773618,FinalFusion_SAM_APM_InstLoss__lab-windows__20260930-121237,FinalFusion_SAM_APM_InstLoss,shimane,全件,通常,箇所,IoU厳密1対1 (0.1),0.5456,0.4882,0.5153,,,,,27445,30669,2026-09-30T12:12:37,lab-windows,c622bf8b24f461b13b04a2fff1a43c8c38f438f4001f5083c31ec60cd24ab796,連結性8近傍 / 最小サイズ10px / 二値化0.5
FinalFusion_SAM_APM_InstLoss__lab-windows__20260930-121237__shimane__all__full__inst__IoU--1-1--0.3-49ffab,FinalFusion_SAM_APM_InstLoss__lab-windows__20260930-121237,FinalFusion_SAM_APM_InstLoss,shimane,全件,通常,箇所,IoU厳密1対1 (0.3),0.4458,0.3989,0.421,,,,,27445,30669,2026-09-30T12:12:37,lab-windows,c622bf8b24f461b13b04a2fff1a43c8c38f438f4001f5083c31ec60cd24ab796,連結性8近傍 / 最小サイズ10px / 二値化0.5
FinalFusion_SAM_APM_InstLoss__lab-windows__20260930-121237__shimane__all__full__inst__IoU--1--0.1-b5e5ab,FinalFusion_SAM_APM_InstLoss__lab-windows__20260930-121237,FinalFusion_SAM_APM_InstLoss,shimane,全件,通常,箇所,IoU多対1 (0.1),0.5828,0.5094,0.5436,,,,,27445,30669,2026-09-30T12:12:37,lab-windows,c622bf8b24f461b13b04a2fff1a43c8c38f438f4001f5083c31ec60cd24ab796,連結性8近傍 / 最小サイズ10px / 二値化0.5
FinalFusion_SAM_APM_InstLoss__lab-windows__20260930-121237__shimane__all__full__inst__IoU--1--0.3-635d05,FinalFusion_SAM_APM_InstLoss__lab-windows__20260930-121237,FinalFusion_SAM_APM_InstLoss,shimane,全件,通常,箇所,IoU多対1 (0.3),0.4491,0.4,0.4231,,,,,27445,30669,2026-09-30T12:12:37,lab-windows,c622bf8b24f461b13b04a2fff1a43c8c38f438f4001f5083c31ec60cd24ab796,連結性8近傍 / 最小サイズ10px / 二値化0.5
FinalFusion_SAM_APM_InstLoss__lab-windows__20260930-121237__shimane__all__full__inst__cov_gt-0.3--cov_pred-0.3-a20df8,FinalFusion_SAM_APM_InstLoss__lab-windows__20260930-121237,FinalFusion_SAM_APM_InstLoss,shimane,全件,通常,箇所,"被覆 (cov_gt=0.3, cov_pred=0.3)",0.5561,0.5205,0.5377,,,,,27445,30669,2026-09-30T12:12:37,lab-windows,c622bf8b24f461b13b04a2fff1a43c8c38f438f4001f5083c31ec60cd24ab796,連結性8近傍 / 最小サイズ10px / 二値化0.5
FinalFusion_SAM_APM_InstLoss__lab-windows__20260930-121237__shimane__all__full__inst__cov_gt-0.5--cov_pred-0.1-549b9e,FinalFusion_SAM_APM_InstLoss__lab-windows__20260930-121237,FinalFusion_SAM_APM_InstLoss,shimane,全件,通常,箇所,"被覆 (cov_gt=0.5, cov_pred=0.1)",0.4591,0.5465,0.499,,,,,27445,30669,2026-09-30T12:12:37,lab-windows,c622bf8b24f461b13b04a2fff1a43c8c38f438f4001f5083c31ec60cd24ab796,連結性8近傍 / 最小サイズ10px / 二値化0.5
FinalFusion_SAM_APM_InstLoss__lab-windows__20260930-121237__shimane__all__full__inst__cov_gt-0.5--cov_pred-0.3-ca4173,FinalFusion_SAM_APM_InstLoss__lab-windows__20260930-121237,FinalFusion_SAM_APM_InstLoss,shimane,全件,通常,箇所,"被覆 (cov_gt=0.5, cov_pred=0.3)",0.4591,0.5205,0.4879,,,,,27445,30669,2026-09-30T12:12:37,lab-windows,c622bf8b24f461b13b04a2fff1a43c8c38f438f4001f5083c31ec60cd24ab796,連結性8近傍 / 最小サイズ10px / 二値化0.5
FinalFusion_SAM_APM_InstLoss__lab-windows__20260930-121237__shimane__all__center__area,FinalFusion_SAM_APM_InstLoss__lab-windows__20260930-121237,FinalFusion_SAM_APM_InstLoss,shimane,全件,境界,面積,,0.5504,0.5704,0.5602,,,,24569.0,,,2026-09-30T12:12:37,lab-windows,c622bf8b24f461b13b04a2fff1a43c8c38f438f4001f5083c31ec60cd24ab796,tileanalysis による再推論。ノートブック出力と F値 0.0001 以内で一致
FinalFusion_SAM_APM_InstLoss__lab-windows__20260930-121237__shimane__all__full__area,FinalFusion_SAM_APM_InstLoss__lab-windows__20260930-121237,FinalFusion_SAM_APM_InstLoss,shimane,全件,通常,面積,,0.5309,0.5428,0.5368,,,,24569.0,,,2026-09-30T12:12:37,lab-windows,c622bf8b24f461b13b04a2fff1a43c8c38f438f4001f5083c31ec60cd24ab796,tileanalysis による再推論。ノートブック出力と F値 0.0001 以内で一致
FinalFusion_SAM_APM_InstLoss_p10__lab-windows__20260930-154749__hiroshima__gtonly__full__inst__IoU--1-1--0.1-773618,FinalFusion_SAM_APM_InstLoss_p10__lab-windows__20260930-154749,FinalFusion_SAM_APM_InstLoss_p10,hiroshima,警戒のみ,通常,箇所,IoU厳密1対1 (0.1),0.5907,0.6461,0.6172,,,,,8977,8208,2026-09-30T15:47:49,lab-windows,,連結性8近傍 / 最小サイズ10px / 二値化0.5
FinalFusion_SAM_APM_InstLoss_p10__lab-windows__20260930-154749__hiroshima__gtonly__full__inst__IoU--1-1--0.3-49ffab,FinalFusion_SAM_APM_InstLoss_p10__lab-windows__20260930-154749,FinalFusion_SAM_APM_InstLoss_p10,hiroshima,警戒のみ,通常,箇所,IoU厳密1対1 (0.3),0.5085,0.5562,0.5313,,,,,8977,8208,2026-09-30T15:47:49,lab-windows,,連結性8近傍 / 最小サイズ10px / 二値化0.5
FinalFusion_SAM_APM_InstLoss_p10__lab-windows__20260930-154749__hiroshima__gtonly__full__inst__IoU--1--0.1-b5e5ab,FinalFusion_SAM_APM_InstLoss_p10__lab-windows__20260930-154749,FinalFusion_SAM_APM_InstLoss_p10,hiroshima,警戒のみ,通常,箇所,IoU多対1 (0.1),0.6456,0.6725,0.6588,,,,,8977,8208,2026-09-30T15:47:49,lab-windows,,連結性8近傍 / 最小サイズ10px / 二値化0.5
FinalFusion_SAM_APM_InstLoss_p10__lab-windows__20260930-154749__hiroshima__gtonly__full__inst__IoU--1--0.3-635d05,FinalFusion_SAM_APM_InstLoss_p10__lab-windows__20260930-154749,FinalFusion_SAM_APM_InstLoss_p10,hiroshima,警戒のみ,通常,箇所,IoU多対1 (0.3),0.514,0.5585,0.5353,,,,,8977,8208,2026-09-30T15:47:49,lab-windows,,連結性8近傍 / 最小サイズ10px / 二値化0.5
FinalFusion_SAM_APM_InstLoss_p10__lab-windows__20260930-154749__hiroshima__gtonly__full__inst__cov_gt-0.3--cov_pred-0.3-a20df8,FinalFusion_SAM_APM_InstLoss_p10__lab-windows__20260930-154749,FinalFusion_SAM_APM_InstLoss_p10,hiroshima,警戒のみ,通常,箇所,"被覆 (cov_gt=0.3, cov_pred=0.3)",0.6587,0.6869,0.6725,,,,,8977,8208,2026-09-30T15:47:49,lab-windows,,連結性8近傍 / 最小サイズ10px / 二値化0.5
FinalFusion_SAM_APM_InstLoss_p10__lab-windows__20260930-154749__hiroshima__gtonly__full__inst__cov_gt-0.5--cov_pred-0.1-549b9e,FinalFusion_SAM_APM_InstLoss_p10__lab-windows__20260930-154749,FinalFusion_SAM_APM_InstLoss_p10,hiroshima,警戒のみ,通常,箇所,"被覆 (cov_gt=0.5, cov_pred=0.1)",0.5953,0.7193,0.6515,,,,,8977,8208,2026-09-30T15:47:49,lab-windows,,連結性8近傍 / 最小サイズ10px / 二値化0.5
FinalFusion_SAM_APM_InstLoss_p10__lab-windows__20260930-154749__hiroshima__gtonly__full__inst__cov_gt-0.5--cov_pred-0.3-ca4173,FinalFusion_SAM_APM_InstLoss_p10__lab-windows__20260930-154749,FinalFusion_SAM_APM_InstLoss_p10,hiroshima,警戒のみ,通常,箇所,"被覆 (cov_gt=0.5, cov_pred=0.3)",0.5953,0.6869,0.6378,,,,,8977,8208,2026-09-30T15:47:49,lab-windows,,連結性8近傍 / 最小サイズ10px / 二値化0.5
FinalFusion_SAM_APM_InstLoss_p10__lab-windows__20260930-154749__hiroshima__gtonly__center__area,FinalFusion_SAM_APM_InstLoss_p10__lab-windows__20260930-154749,FinalFusion_SAM_APM_InstLoss_p10,hiroshima,警戒のみ,境界,面積,,0.7003,0.6694,0.6845,,,,2964.0,,,2026-09-30T15:47:49,lab-windows,,tileanalysis による再推論。ノートブック出力と F値 0.0001 以内で一致
FinalFusion_SAM_APM_InstLoss_p10__lab-windows__20260930-154749__hiroshima__gtonly__full__area,FinalFusion_SAM_APM_InstLoss_p10__lab-windows__20260930-154749,FinalFusion_SAM_APM_InstLoss_p10,hiroshima,警戒のみ,通常,面積,,0.6798,0.6589,0.6692,,,,2964.0,,,2026-09-30T15:47:49,lab-windows,,tileanalysis による再推論。ノートブック出力と F値 0.0001 以内で一致
FinalFusion_SAM_APM_InstLoss_p10__lab-windows__20260930-154749__shimane__all__full__inst__IoU--1-1--0.1-773618,FinalFusion_SAM_APM_InstLoss_p10__lab-windows__20260930-154749,FinalFusion_SAM_APM_InstLoss_p10,shimane,全件,通常,箇所,IoU厳密1対1 (0.1),0.5257,0.4787,0.5011,,,,,27445,30143,2026-09-30T15:47:49,lab-windows,,連結性8近傍 / 最小サイズ10px / 二値化0.5
FinalFusion_SAM_APM_InstLoss_p10__lab-windows__20260930-154749__shimane__all__full__inst__IoU--1-1--0.3-49ffab,FinalFusion_SAM_APM_InstLoss_p10__lab-windows__20260930-154749,FinalFusion_SAM_APM_InstLoss_p10,shimane,全件,通常,箇所,IoU厳密1対1 (0.3),0.4281,0.3897,0.408,,,,,27445,30143,2026-09-30T15:47:49,lab-windows,,連結性8近傍 / 最小サイズ10px / 二値化0.5
FinalFusion_SAM_APM_InstLoss_p10__lab-windows__20260930-154749__shimane__all__full__inst__IoU--1--0.1-b5e5ab,FinalFusion_SAM_APM_InstLoss_p10__lab-windows__20260930-154749,FinalFusion_SAM_APM_InstLoss_p10,shimane,全件,通常,箇所,IoU多対1 (0.1),0.5596,0.5004,0.5283,,,,,27445,30143,2026-09-30T15:47:49,lab-windows,,連結性8近傍 / 最小サイズ10px / 二値化0.5
FinalFusion_SAM_APM_InstLoss_p10__lab-windows__20260930-154749__shimane__all__full__inst__IoU--1--0.3-635d05,FinalFusion_SAM_APM_InstLoss_p10__lab-windows__20260930-154749,FinalFusion_SAM_APM_InstLoss_p10,shimane,全件,通常,箇所,IoU多対1 (0.3),0.431,0.3908,0.4099,,,,,27445,30143,2026-09-30T15:47:49,lab-windows,,連結性8近傍 / 最小サイズ10px / 二値化0.5
FinalFusion_SAM_APM_InstLoss_p10__lab-windows__20260930-154749__shimane__all__full__inst__cov_gt-0.3--cov_pred-0.3-a20df8,FinalFusion_SAM_APM_InstLoss_p10__lab-windows__20260930-154749,FinalFusion_SAM_APM_InstLoss_p10,shimane,全件,通常,箇所,"被覆 (cov_gt=0.3, cov_pred=0.3)",0.5324,0.5177,0.5249,,,,,27445,30143,2026-09-30T15:47:49,lab-windows,,連結性8近傍 / 最小サイズ10px / 二値化0.5
FinalFusion_SAM_APM_InstLoss_p10__lab-windows__20260930-154749__shimane__all__full__inst__cov_gt-0.5--cov_pred-0.1-549b9e,FinalFusion_SAM_APM_InstLoss_p10__lab-windows__20260930-154749,FinalFusion_SAM_APM_InstLoss_p10,shimane,全件,通常,箇所,"被覆 (cov_gt=0.5, cov_pred=0.1)",0.4415,0.545,0.4878,,,,,27445,30143,2026-09-30T15:47:49,lab-windows,,連結性8近傍 / 最小サイズ10px / 二値化0.5
FinalFusion_SAM_APM_InstLoss_p10__lab-windows__20260930-154749__shimane__all__full__inst__cov_gt-0.5--cov_pred-0.3-ca4173,FinalFusion_SAM_APM_InstLoss_p10__lab-windows__20260930-154749,FinalFusion_SAM_APM_InstLoss_p10,shimane,全件,通常,箇所,"被覆 (cov_gt=0.5, cov_pred=0.3)",0.4415,0.5177,0.4766,,,,,27445,30143,2026-09-30T15:47:49,lab-windows,,連結性8近傍 / 最小サイズ10px / 二値化0.5
FinalFusion_SAM_APM_InstLoss_p10__lab-windows__20260930-154749__shimane__all__center__area,FinalFusion_SAM_APM_InstLoss_p10__lab-windows__20260930-154749,FinalFusion_SAM_APM_InstLoss_p10,shimane,全件,境界,面積,,0.5436,0.5702,0.5566,,,,24569.0,,,2026-09-30T15:47:49,lab-windows,,tileanalysis による再推論。ノートブック出力と F値 0.0001 以内で一致
FinalFusion_SAM_APM_InstLoss_p10__lab-windows__20260930-154749__shimane__all__full__area,FinalFusion_SAM_APM_InstLoss_p10__lab-windows__20260930-154749,FinalFusion_SAM_APM_InstLoss_p10,shimane,全件,通常,面積,,0.5202,0.5442,0.532,,,,24569.0,,,2026-09-30T15:47:49,lab-windows,,tileanalysis による再推論。ノートブック出力と F値 0.0001 以内で一致
FinalFusion_SAM_APM_SupAttnPB__lab-windows__20261002-133156__hiroshima__gtonly__full__inst__IoU--1-1--0.1-773618,FinalFusion_SAM_APM_SupAttnPB__lab-windows__20261002-133156,FinalFusion_SAM_APM_SupAttnPB,hiroshima,警戒のみ,通常,箇所,IoU厳密1対1 (0.1),0.6058,0.6383,0.6216,,,,,8977,8520,2026-10-02T13:31:56,lab-windows,,連結性8近傍 / 最小サイズ10px / 二値化0.5
FinalFusion_SAM_APM_SupAttnPB__lab-windows__20261002-133156__hiroshima__gtonly__full__inst__IoU--1-1--0.3-49ffab,FinalFusion_SAM_APM_SupAttnPB__lab-windows__20261002-133156,FinalFusion_SAM_APM_SupAttnPB,hiroshima,警戒のみ,通常,箇所,IoU厳密1対1 (0.3),0.5171,0.5448,0.5306,,,,,8977,8520,2026-10-02T13:31:56,lab-windows,,連結性8近傍 / 最小サイズ10px / 二値化0.5
FinalFusion_SAM_APM_SupAttnPB__lab-windows__20261002-133156__hiroshima__gtonly__full__inst__IoU--1--0.1-b5e5ab,FinalFusion_SAM_APM_SupAttnPB__lab-windows__20261002-133156,FinalFusion_SAM_APM_SupAttnPB,hiroshima,警戒のみ,通常,箇所,IoU多対1 (0.1),0.6695,0.6601,0.6648,,,,,8977,8520,2026-10-02T13:31:56,lab-windows,,連結性8近傍 / 最小サイズ10px / 二値化0.5
FinalFusion_SAM_APM_SupAttnPB__lab-windows__20261002-133156__hiroshima__gtonly__full__inst__IoU--1--0.3-635d05,FinalFusion_SAM_APM_SupAttnPB__lab-windows__20261002-133156,FinalFusion_SAM_APM_SupAttnPB,hiroshima,警戒のみ,通常,箇所,IoU多対1 (0.3),0.5241,0.5473,0.5355,,,,,8977,8520,2026-10-02T13:31:56,lab-windows,,連結性8近傍 / 最小サイズ10px / 二値化0.5
FinalFusion_SAM_APM_SupAttnPB__lab-windows__20261002-133156__hiroshima__gtonly__full__inst__cov_gt-0.3--cov_pred-0.3-a20df8,FinalFusion_SAM_APM_SupAttnPB__lab-windows__20261002-133156,FinalFusion_SAM_APM_SupAttnPB,hiroshima,警戒のみ,通常,箇所,"被覆 (cov_gt=0.3, cov_pred=0.3)",0.693,0.6628,0.6776,,,,,8977,8520,2026-10-02T13:31:56,lab-windows,,連結性8近傍 / 最小サイズ10px / 二値化0.5
FinalFusion_SAM_APM_SupAttnPB__lab-windows__20261002-133156__hiroshima__gtonly__full__inst__cov_gt-0.5--cov_pred-0.1-549b9e,FinalFusion_SAM_APM_SupAttnPB__lab-windows__20261002-133156,FinalFusion_SAM_APM_SupAttnPB,hiroshima,警戒のみ,通常,箇所,"被覆 (cov_gt=0.5, cov_pred=0.1)",0.6421,0.6991,0.6694,,,,,8977,8520,2026-10-02T13:31:56,lab-windows,,連結性8近傍 / 最小サイズ10px / 二値化0.5
FinalFusion_SAM_APM_SupAttnPB__lab-windows__20261002-133156__hiroshima__gtonly__full__inst__cov_gt-0.5--cov_pred-0.3-ca4173,FinalFusion_SAM_APM_SupAttnPB__lab-windows__20261002-133156,FinalFusion_SAM_APM_SupAttnPB,hiroshima,警戒のみ,通常,箇所,"被覆 (cov_gt=0.5, cov_pred=0.3)",0.6421,0.6628,0.6523,,,,,8977,8520,2026-10-02T13:31:56,lab-windows,,連結性8近傍 / 最小サイズ10px / 二値化0.5
FinalFusion_SAM_APM_SupAttnPB__lab-windows__20261002-133156__hiroshima__gtonly__center__area,FinalFusion_SAM_APM_SupAttnPB__lab-windows__20261002-133156,FinalFusion_SAM_APM_SupAttnPB,hiroshima,警戒のみ,境界,面積,,0.7288,0.6576,0.6914,,,,2964.0,,,2026-10-02T13:31:56,lab-windows,,tileanalysis による再推論。ノートブック出力と F値 0.0001 以内で一致
FinalFusion_SAM_APM_SupAttnPB__lab-windows__20261002-133156__hiroshima__gtonly__full__area,FinalFusion_SAM_APM_SupAttnPB__lab-windows__20261002-133156,FinalFusion_SAM_APM_SupAttnPB,hiroshima,警戒のみ,通常,面積,,0.7121,0.6464,0.6776,,,,2964.0,,,2026-10-02T13:31:56,lab-windows,,tileanalysis による再推論。ノートブック出力と F値 0.0001 以内で一致
FinalFusion_SAM_APM_SupAttnPB__lab-windows__20261002-133156__shimane__all__full__inst__IoU--1-1--0.1-773618,FinalFusion_SAM_APM_SupAttnPB__lab-windows__20261002-133156,FinalFusion_SAM_APM_SupAttnPB,shimane,全件,通常,箇所,IoU厳密1対1 (0.1),0.521,0.4854,0.5025,,,,,27445,29461,2026-10-02T13:31:56,lab-windows,,連結性8近傍 / 最小サイズ10px / 二値化0.5
FinalFusion_SAM_APM_SupAttnPB__lab-windows__20261002-133156__shimane__all__full__inst__IoU--1-1--0.3-49ffab,FinalFusion_SAM_APM_SupAttnPB__lab-windows__20261002-133156,FinalFusion_SAM_APM_SupAttnPB,shimane,全件,通常,箇所,IoU厳密1対1 (0.3),0.4231,0.3941,0.4081,,,,,27445,29461,2026-10-02T13:31:56,lab-windows,,連結性8近傍 / 最小サイズ10px / 二値化0.5
FinalFusion_SAM_APM_SupAttnPB__lab-windows__20261002-133156__shimane__all__full__inst__IoU--1--0.1-b5e5ab,FinalFusion_SAM_APM_SupAttnPB__lab-windows__20261002-133156,FinalFusion_SAM_APM_SupAttnPB,shimane,全件,通常,箇所,IoU多対1 (0.1),0.5576,0.5059,0.5304,,,,,27445,29461,2026-10-02T13:31:56,lab-windows,,連結性8近傍 / 最小サイズ10px / 二値化0.5
FinalFusion_SAM_APM_SupAttnPB__lab-windows__20261002-133156__shimane__all__full__inst__IoU--1--0.3-635d05,FinalFusion_SAM_APM_SupAttnPB__lab-windows__20261002-133156,FinalFusion_SAM_APM_SupAttnPB,shimane,全件,通常,箇所,IoU多対1 (0.3),0.4261,0.3952,0.4101,,,,,27445,29461,2026-10-02T13:31:56,lab-windows,,連結性8近傍 / 最小サイズ10px / 二値化0.5
FinalFusion_SAM_APM_SupAttnPB__lab-windows__20261002-133156__shimane__all__full__inst__cov_gt-0.3--cov_pred-0.3-a20df8,FinalFusion_SAM_APM_SupAttnPB__lab-windows__20261002-133156,FinalFusion_SAM_APM_SupAttnPB,shimane,全件,通常,箇所,"被覆 (cov_gt=0.3, cov_pred=0.3)",0.5312,0.5257,0.5284,,,,,27445,29461,2026-10-02T13:31:56,lab-windows,,連結性8近傍 / 最小サイズ10px / 二値化0.5
FinalFusion_SAM_APM_SupAttnPB__lab-windows__20261002-133156__shimane__all__full__inst__cov_gt-0.5--cov_pred-0.1-549b9e,FinalFusion_SAM_APM_SupAttnPB__lab-windows__20261002-133156,FinalFusion_SAM_APM_SupAttnPB,shimane,全件,通常,箇所,"被覆 (cov_gt=0.5, cov_pred=0.1)",0.4409,0.5522,0.4903,,,,,27445,29461,2026-10-02T13:31:56,lab-windows,,連結性8近傍 / 最小サイズ10px / 二値化0.5
FinalFusion_SAM_APM_SupAttnPB__lab-windows__20261002-133156__shimane__all__full__inst__cov_gt-0.5--cov_pred-0.3-ca4173,FinalFusion_SAM_APM_SupAttnPB__lab-windows__20261002-133156,FinalFusion_SAM_APM_SupAttnPB,shimane,全件,通常,箇所,"被覆 (cov_gt=0.5, cov_pred=0.3)",0.4409,0.5257,0.4796,,,,,27445,29461,2026-10-02T13:31:56,lab-windows,,連結性8近傍 / 最小サイズ10px / 二値化0.5
FinalFusion_SAM_APM_SupAttnPB__lab-windows__20261002-133156__shimane__all__center__area,FinalFusion_SAM_APM_SupAttnPB__lab-windows__20261002-133156,FinalFusion_SAM_APM_SupAttnPB,shimane,全件,境界,面積,,0.5298,0.5778,0.5528,,,,24569.0,,,2026-10-02T13:31:56,lab-windows,,tileanalysis による再推論。ノートブック出力と F値 0.0001 以内で一致
FinalFusion_SAM_APM_SupAttnPB__lab-windows__20261002-133156__shimane__all__full__area,FinalFusion_SAM_APM_SupAttnPB__lab-windows__20261002-133156,FinalFusion_SAM_APM_SupAttnPB,shimane,全件,通常,面積,,0.5143,0.5506,0.5318,,,,24569.0,,,2026-10-02T13:31:56,lab-windows,,tileanalysis による再推論。ノートブック出力と F値 0.0001 以内で一致
FinalFusion_SAM_APM_bg10__lab-windows__20261002-090123__hiroshima__gtbg__full__inst__IoU--1-1--0.1-773618,FinalFusion_SAM_APM_bg10__lab-windows__20261002-090123,FinalFusion_SAM_APM_bg10,hiroshima,警戒+背景,通常,箇所,IoU厳密1対1 (0.1),0.58,0.6055,0.5925,,,,,9147,8761,2026-10-02T09:01:23,lab-windows,4b3adae4722fb95db2aed59411445baa434362fd9eee29df74a29a74f56ac9ca,連結性8近傍 / 最小サイズ10px / 二値化0.5
FinalFusion_SAM_APM_bg10__lab-windows__20261002-090123__hiroshima__gtbg__full__inst__IoU--1-1--0.3-49ffab,FinalFusion_SAM_APM_bg10__lab-windows__20261002-090123,FinalFusion_SAM_APM_bg10,hiroshima,警戒+背景,通常,箇所,IoU厳密1対1 (0.3),0.4964,0.5183,0.5071,,,,,9147,8761,2026-10-02T09:01:23,lab-windows,4b3adae4722fb95db2aed59411445baa434362fd9eee29df74a29a74f56ac9ca,連結性8近傍 / 最小サイズ10px / 二値化0.5
FinalFusion_SAM_APM_bg10__lab-windows__20261002-090123__hiroshima__gtbg__full__inst__IoU--1--0.1-b5e5ab,FinalFusion_SAM_APM_bg10__lab-windows__20261002-090123,FinalFusion_SAM_APM_bg10,hiroshima,警戒+背景,通常,箇所,IoU多対1 (0.1),0.6368,0.6273,0.632,,,,,9147,8761,2026-10-02T09:01:23,lab-windows,4b3adae4722fb95db2aed59411445baa434362fd9eee29df74a29a74f56ac9ca,連結性8近傍 / 最小サイズ10px / 二値化0.5
FinalFusion_SAM_APM_bg10__lab-windows__20261002-090123__hiroshima__gtbg__full__inst__IoU--1--0.3-635d05,FinalFusion_SAM_APM_bg10__lab-windows__20261002-090123,FinalFusion_SAM_APM_bg10,hiroshima,警戒+背景,通常,箇所,IoU多対1 (0.3),0.5021,0.52,0.5109,,,,,9147,8761,2026-10-02T09:01:23,lab-windows,4b3adae4722fb95db2aed59411445baa434362fd9eee29df74a29a74f56ac9ca,連結性8近傍 / 最小サイズ10px / 二値化0.5
FinalFusion_SAM_APM_bg10__lab-windows__20261002-090123__hiroshima__gtbg__full__inst__cov_gt-0.3--cov_pred-0.3-a20df8,FinalFusion_SAM_APM_bg10__lab-windows__20261002-090123,FinalFusion_SAM_APM_bg10,hiroshima,警戒+背景,通常,箇所,"被覆 (cov_gt=0.3, cov_pred=0.3)",0.6502,0.639,0.6445,,,,,9147,8761,2026-10-02T09:01:23,lab-windows,4b3adae4722fb95db2aed59411445baa434362fd9eee29df74a29a74f56ac9ca,連結性8近傍 / 最小サイズ10px / 二値化0.5
FinalFusion_SAM_APM_bg10__lab-windows__20261002-090123__hiroshima__gtbg__full__inst__cov_gt-0.5--cov_pred-0.1-549b9e,FinalFusion_SAM_APM_bg10__lab-windows__20261002-090123,FinalFusion_SAM_APM_bg10,hiroshima,警戒+背景,通常,箇所,"被覆 (cov_gt=0.5, cov_pred=0.1)",0.5902,0.6724,0.6287,,,,,9147,8761,2026-10-02T09:01:23,lab-windows,4b3adae4722fb95db2aed59411445baa434362fd9eee29df74a29a74f56ac9ca,連結性8近傍 / 最小サイズ10px / 二値化0.5
FinalFusion_SAM_APM_bg10__lab-windows__20261002-090123__hiroshima__gtbg__full__inst__cov_gt-0.5--cov_pred-0.3-ca4173,FinalFusion_SAM_APM_bg10__lab-windows__20261002-090123,FinalFusion_SAM_APM_bg10,hiroshima,警戒+背景,通常,箇所,"被覆 (cov_gt=0.5, cov_pred=0.3)",0.5902,0.639,0.6136,,,,,9147,8761,2026-10-02T09:01:23,lab-windows,4b3adae4722fb95db2aed59411445baa434362fd9eee29df74a29a74f56ac9ca,連結性8近傍 / 最小サイズ10px / 二値化0.5
FinalFusion_SAM_APM_bg10__lab-windows__20261002-090123__hiroshima__gtbg__center__area,FinalFusion_SAM_APM_bg10__lab-windows__20261002-090123,FinalFusion_SAM_APM_bg10,hiroshima,警戒+背景,境界,面積,,0.7099,0.6394,0.6728,,,,3430.0,,,2026-10-02T09:01:23,lab-windows,4b3adae4722fb95db2aed59411445baa434362fd9eee29df74a29a74f56ac9ca,tileanalysis による再推論。ノートブック出力と F値 0.0001 以内で一致
FinalFusion_SAM_APM_bg10__lab-windows__20261002-090123__hiroshima__gtbg__full__area,FinalFusion_SAM_APM_bg10__lab-windows__20261002-090123,FinalFusion_SAM_APM_bg10,hiroshima,警戒+背景,通常,面積,,0.6781,0.6321,0.6543,,,,3430.0,,,2026-10-02T09:01:23,lab-windows,4b3adae4722fb95db2aed59411445baa434362fd9eee29df74a29a74f56ac9ca,tileanalysis による再推論。ノートブック出力と F値 0.0001 以内で一致
FinalFusion_SAM_APM_bg10__lab-windows__20261002-090123__shimane__all__full__inst__IoU--1-1--0.1-773618,FinalFusion_SAM_APM_bg10__lab-windows__20261002-090123,FinalFusion_SAM_APM_bg10,shimane,全件,通常,箇所,IoU厳密1対1 (0.1),0.5132,0.4529,0.4812,,,,,27445,31097,2026-10-02T09:01:23,lab-windows,4b3adae4722fb95db2aed59411445baa434362fd9eee29df74a29a74f56ac9ca,連結性8近傍 / 最小サイズ10px / 二値化0.5
FinalFusion_SAM_APM_bg10__lab-windows__20261002-090123__shimane__all__full__inst__IoU--1-1--0.3-49ffab,FinalFusion_SAM_APM_bg10__lab-windows__20261002-090123,FinalFusion_SAM_APM_bg10,shimane,全件,通常,箇所,IoU厳密1対1 (0.3),0.4147,0.366,0.3888,,,,,27445,31097,2026-10-02T09:01:23,lab-windows,4b3adae4722fb95db2aed59411445baa434362fd9eee29df74a29a74f56ac9ca,連結性8近傍 / 最小サイズ10px / 二値化0.5
FinalFusion_SAM_APM_bg10__lab-windows__20261002-090123__shimane__all__full__inst__IoU--1--0.1-b5e5ab,FinalFusion_SAM_APM_bg10__lab-windows__20261002-090123,FinalFusion_SAM_APM_bg10,shimane,全件,通常,箇所,IoU多対1 (0.1),0.5458,0.4727,0.5066,,,,,27445,31097,2026-10-02T09:01:23,lab-windows,4b3adae4722fb95db2aed59411445baa434362fd9eee29df74a29a74f56ac9ca,連結性8近傍 / 最小サイズ10px / 二値化0.5
FinalFusion_SAM_APM_bg10__lab-windows__20261002-090123__shimane__all__full__inst__IoU--1--0.3-635d05,FinalFusion_SAM_APM_bg10__lab-windows__20261002-090123,FinalFusion_SAM_APM_bg10,shimane,全件,通常,箇所,IoU多対1 (0.3),0.4176,0.3669,0.3906,,,,,27445,31097,2026-10-02T09:01:23,lab-windows,4b3adae4722fb95db2aed59411445baa434362fd9eee29df74a29a74f56ac9ca,連結性8近傍 / 最小サイズ10px / 二値化0.5
FinalFusion_SAM_APM_bg10__lab-windows__20261002-090123__shimane__all__full__inst__cov_gt-0.3--cov_pred-0.3-a20df8,FinalFusion_SAM_APM_bg10__lab-windows__20261002-090123,FinalFusion_SAM_APM_bg10,shimane,全件,通常,箇所,"被覆 (cov_gt=0.3, cov_pred=0.3)",0.5161,0.4976,0.5066,,,,,27445,31097,2026-10-02T09:01:23,lab-windows,4b3adae4722fb95db2aed59411445baa434362fd9eee29df74a29a74f56ac9ca,連結性8近傍 / 最小サイズ10px / 二値化0.5
FinalFusion_SAM_APM_bg10__lab-windows__20261002-090123__shimane__all__full__inst__cov_gt-0.5--cov_pred-0.1-549b9e,FinalFusion_SAM_APM_bg10__lab-windows__20261002-090123,FinalFusion_SAM_APM_bg10,shimane,全件,通常,箇所,"被覆 (cov_gt=0.5, cov_pred=0.1)",0.4209,0.5228,0.4663,,,,,27445,31097,2026-10-02T09:01:23,lab-windows,4b3adae4722fb95db2aed59411445baa434362fd9eee29df74a29a74f56ac9ca,連結性8近傍 / 最小サイズ10px / 二値化0.5
FinalFusion_SAM_APM_bg10__lab-windows__20261002-090123__shimane__all__full__inst__cov_gt-0.5--cov_pred-0.3-ca4173,FinalFusion_SAM_APM_bg10__lab-windows__20261002-090123,FinalFusion_SAM_APM_bg10,shimane,全件,通常,箇所,"被覆 (cov_gt=0.5, cov_pred=0.3)",0.4209,0.4976,0.456,,,,,27445,31097,2026-10-02T09:01:23,lab-windows,4b3adae4722fb95db2aed59411445baa434362fd9eee29df74a29a74f56ac9ca,連結性8近傍 / 最小サイズ10px / 二値化0.5
FinalFusion_SAM_APM_bg10__lab-windows__20261002-090123__shimane__all__center__area,FinalFusion_SAM_APM_bg10__lab-windows__20261002-090123,FinalFusion_SAM_APM_bg10,shimane,全件,境界,面積,,0.5322,0.579,0.5546,,,,24569.0,,,2026-10-02T09:01:23,lab-windows,4b3adae4722fb95db2aed59411445baa434362fd9eee29df74a29a74f56ac9ca,tileanalysis による再推論。ノートブック出力と F値 0.0001 以内で一致
FinalFusion_SAM_APM_bg10__lab-windows__20261002-090123__shimane__all__full__area,FinalFusion_SAM_APM_bg10__lab-windows__20261002-090123,FinalFusion_SAM_APM_bg10,shimane,全件,通常,面積,,0.5062,0.56,0.5318,,,,24569.0,,,2026-10-02T09:01:23,lab-windows,4b3adae4722fb95db2aed59411445baa434362fd9eee29df74a29a74f56ac9ca,tileanalysis による再推論。ノートブック出力と F値 0.0001 以内で一致
FinalFusion_SAM_APM_bg10_ASPP__lab-windows__20261002-090123__hiroshima__gtbg__full__inst__IoU--1-1--0.1-773618,FinalFusion_SAM_APM_bg10_ASPP__lab-windows__20261002-090123,FinalFusion_SAM_APM_bg10_ASPP,hiroshima,警戒+背景,通常,箇所,IoU厳密1対1 (0.1),0.6014,0.5686,0.5845,,,,,9147,9675,2026-10-02T09:01:23,lab-windows,dbcce3afa65b1623c83577963fabfc8aa39e14acdeabedd5d40e61e949bda4e2,連結性8近傍 / 最小サイズ10px / 二値化0.5
FinalFusion_SAM_APM_bg10_ASPP__lab-windows__20261002-090123__hiroshima__gtbg__full__inst__IoU--1-1--0.3-49ffab,FinalFusion_SAM_APM_bg10_ASPP__lab-windows__20261002-090123,FinalFusion_SAM_APM_bg10_ASPP,hiroshima,警戒+背景,通常,箇所,IoU厳密1対1 (0.3),0.508,0.4803,0.4938,,,,,9147,9675,2026-10-02T09:01:23,lab-windows,dbcce3afa65b1623c83577963fabfc8aa39e14acdeabedd5d40e61e949bda4e2,連結性8近傍 / 最小サイズ10px / 二値化0.5
FinalFusion_SAM_APM_bg10_ASPP__lab-windows__20261002-090123__hiroshima__gtbg__full__inst__IoU--1--0.1-b5e5ab,FinalFusion_SAM_APM_bg10_ASPP__lab-windows__20261002-090123,FinalFusion_SAM_APM_bg10_ASPP,hiroshima,警戒+背景,通常,箇所,IoU多対1 (0.1),0.6775,0.5841,0.6273,,,,,9147,9675,2026-10-02T09:01:23,lab-windows,dbcce3afa65b1623c83577963fabfc8aa39e14acdeabedd5d40e61e949bda4e2,連結性8近傍 / 最小サイズ10px / 二値化0.5
FinalFusion_SAM_APM_bg10_ASPP__lab-windows__20261002-090123__hiroshima__gtbg__full__inst__IoU--1--0.3-635d05,FinalFusion_SAM_APM_bg10_ASPP__lab-windows__20261002-090123,FinalFusion_SAM_APM_bg10_ASPP,hiroshima,警戒+背景,通常,箇所,IoU多対1 (0.3),0.5146,0.482,0.4977,,,,,9147,9675,2026-10-02T09:01:23,lab-windows,dbcce3afa65b1623c83577963fabfc8aa39e14acdeabedd5d40e61e949bda4e2,連結性8近傍 / 最小サイズ10px / 二値化0.5
FinalFusion_SAM_APM_bg10_ASPP__lab-windows__20261002-090123__hiroshima__gtbg__full__inst__cov_gt-0.3--cov_pred-0.3-a20df8,FinalFusion_SAM_APM_bg10_ASPP__lab-windows__20261002-090123,FinalFusion_SAM_APM_bg10_ASPP,hiroshima,警戒+背景,通常,箇所,"被覆 (cov_gt=0.3, cov_pred=0.3)",0.7067,0.5899,0.643,,,,,9147,9675,2026-10-02T09:01:23,lab-windows,dbcce3afa65b1623c83577963fabfc8aa39e14acdeabedd5d40e61e949bda4e2,連結性8近傍 / 最小サイズ10px / 二値化0.5
FinalFusion_SAM_APM_bg10_ASPP__lab-windows__20261002-090123__hiroshima__gtbg__full__inst__cov_gt-0.5--cov_pred-0.1-549b9e,FinalFusion_SAM_APM_bg10_ASPP__lab-windows__20261002-090123,FinalFusion_SAM_APM_bg10_ASPP,hiroshima,警戒+背景,通常,箇所,"被覆 (cov_gt=0.5, cov_pred=0.1)",0.647,0.626,0.6363,,,,,9147,9675,2026-10-02T09:01:23,lab-windows,dbcce3afa65b1623c83577963fabfc8aa39e14acdeabedd5d40e61e949bda4e2,連結性8近傍 / 最小サイズ10px / 二値化0.5
FinalFusion_SAM_APM_bg10_ASPP__lab-windows__20261002-090123__hiroshima__gtbg__full__inst__cov_gt-0.5--cov_pred-0.3-ca4173,FinalFusion_SAM_APM_bg10_ASPP__lab-windows__20261002-090123,FinalFusion_SAM_APM_bg10_ASPP,hiroshima,警戒+背景,通常,箇所,"被覆 (cov_gt=0.5, cov_pred=0.3)",0.647,0.5899,0.6171,,,,,9147,9675,2026-10-02T09:01:23,lab-windows,dbcce3afa65b1623c83577963fabfc8aa39e14acdeabedd5d40e61e949bda4e2,連結性8近傍 / 最小サイズ10px / 二値化0.5
FinalFusion_SAM_APM_bg10_ASPP__lab-windows__20261002-090123__hiroshima__gtbg__center__area,FinalFusion_SAM_APM_bg10_ASPP__lab-windows__20261002-090123,FinalFusion_SAM_APM_bg10_ASPP,hiroshima,警戒+背景,境界,面積,,0.7438,0.6248,0.6791,,,,3430.0,,,2026-10-02T09:01:23,lab-windows,dbcce3afa65b1623c83577963fabfc8aa39e14acdeabedd5d40e61e949bda4e2,tileanalysis による再推論。ノートブック出力と F値 0.0001 以内で一致
FinalFusion_SAM_APM_bg10_ASPP__lab-windows__20261002-090123__hiroshima__gtbg__full__area,FinalFusion_SAM_APM_bg10_ASPP__lab-windows__20261002-090123,FinalFusion_SAM_APM_bg10_ASPP,hiroshima,警戒+背景,通常,面積,,0.7187,0.6159,0.6634,,,,3430.0,,,2026-10-02T09:01:23,lab-windows,dbcce3afa65b1623c83577963fabfc8aa39e14acdeabedd5d40e61e949bda4e2,tileanalysis による再推論。ノートブック出力と F値 0.0001 以内で一致
FinalFusion_SAM_APM_bg10_ASPP__lab-windows__20261002-090123__shimane__all__full__inst__IoU--1-1--0.1-773618,FinalFusion_SAM_APM_bg10_ASPP__lab-windows__20261002-090123,FinalFusion_SAM_APM_bg10_ASPP,shimane,全件,通常,箇所,IoU厳密1対1 (0.1),0.5339,0.4198,0.4701,,,,,27445,34901,2026-10-02T09:01:23,lab-windows,dbcce3afa65b1623c83577963fabfc8aa39e14acdeabedd5d40e61e949bda4e2,連結性8近傍 / 最小サイズ10px / 二値化0.5
FinalFusion_SAM_APM_bg10_ASPP__lab-windows__20261002-090123__shimane__all__full__inst__IoU--1-1--0.3-49ffab,FinalFusion_SAM_APM_bg10_ASPP__lab-windows__20261002-090123,FinalFusion_SAM_APM_bg10_ASPP,shimane,全件,通常,箇所,IoU厳密1対1 (0.3),0.4253,0.3344,0.3744,,,,,27445,34901,2026-10-02T09:01:23,lab-windows,dbcce3afa65b1623c83577963fabfc8aa39e14acdeabedd5d40e61e949bda4e2,連結性8近傍 / 最小サイズ10px / 二値化0.5
FinalFusion_SAM_APM_bg10_ASPP__lab-windows__20261002-090123__shimane__all__full__inst__IoU--1--0.1-b5e5ab,FinalFusion_SAM_APM_bg10_ASPP__lab-windows__20261002-090123,FinalFusion_SAM_APM_bg10_ASPP,shimane,全件,通常,箇所,IoU多対1 (0.1),0.5781,0.4352,0.4966,,,,,27445,34901,2026-10-02T09:01:23,lab-windows,dbcce3afa65b1623c83577963fabfc8aa39e14acdeabedd5d40e61e949bda4e2,連結性8近傍 / 最小サイズ10px / 二値化0.5
FinalFusion_SAM_APM_bg10_ASPP__lab-windows__20261002-090123__shimane__all__full__inst__IoU--1--0.3-635d05,FinalFusion_SAM_APM_bg10_ASPP__lab-windows__20261002-090123,FinalFusion_SAM_APM_bg10_ASPP,shimane,全件,通常,箇所,IoU多対1 (0.3),0.4286,0.3352,0.3762,,,,,27445,34901,2026-10-02T09:01:23,lab-windows,dbcce3afa65b1623c83577963fabfc8aa39e14acdeabedd5d40e61e949bda4e2,連結性8近傍 / 最小サイズ10px / 二値化0.5
FinalFusion_SAM_APM_bg10_ASPP__lab-windows__20261002-090123__shimane__all__full__inst__cov_gt-0.3--cov_pred-0.3-a20df8,FinalFusion_SAM_APM_bg10_ASPP__lab-windows__20261002-090123,FinalFusion_SAM_APM_bg10_ASPP,shimane,全件,通常,箇所,"被覆 (cov_gt=0.3, cov_pred=0.3)",0.5507,0.4627,0.5029,,,,,27445,34901,2026-10-02T09:01:23,lab-windows,dbcce3afa65b1623c83577963fabfc8aa39e14acdeabedd5d40e61e949bda4e2,連結性8近傍 / 最小サイズ10px / 二値化0.5
FinalFusion_SAM_APM_bg10_ASPP__lab-windows__20261002-090123__shimane__all__full__inst__cov_gt-0.5--cov_pred-0.1-549b9e,FinalFusion_SAM_APM_bg10_ASPP__lab-windows__20261002-090123,FinalFusion_SAM_APM_bg10_ASPP,shimane,全件,通常,箇所,"被覆 (cov_gt=0.5, cov_pred=0.1)",0.4617,0.4883,0.4746,,,,,27445,34901,2026-10-02T09:01:23,lab-windows,dbcce3afa65b1623c83577963fabfc8aa39e14acdeabedd5d40e61e949bda4e2,連結性8近傍 / 最小サイズ10px / 二値化0.5
FinalFusion_SAM_APM_bg10_ASPP__lab-windows__20261002-090123__shimane__all__full__inst__cov_gt-0.5--cov_pred-0.3-ca4173,FinalFusion_SAM_APM_bg10_ASPP__lab-windows__20261002-090123,FinalFusion_SAM_APM_bg10_ASPP,shimane,全件,通常,箇所,"被覆 (cov_gt=0.5, cov_pred=0.3)",0.4617,0.4627,0.4622,,,,,27445,34901,2026-10-02T09:01:23,lab-windows,dbcce3afa65b1623c83577963fabfc8aa39e14acdeabedd5d40e61e949bda4e2,連結性8近傍 / 最小サイズ10px / 二値化0.5
FinalFusion_SAM_APM_bg10_ASPP__lab-windows__20261002-090123__shimane__all__center__area,FinalFusion_SAM_APM_bg10_ASPP__lab-windows__20261002-090123,FinalFusion_SAM_APM_bg10_ASPP,shimane,全件,境界,面積,,0.5607,0.562,0.5614,,,,24569.0,,,2026-10-02T09:01:23,lab-windows,dbcce3afa65b1623c83577963fabfc8aa39e14acdeabedd5d40e61e949bda4e2,tileanalysis による再推論。ノートブック出力と F値 0.0001 以内で一致
FinalFusion_SAM_APM_bg10_ASPP__lab-windows__20261002-090123__shimane__all__full__area,FinalFusion_SAM_APM_bg10_ASPP__lab-windows__20261002-090123,FinalFusion_SAM_APM_bg10_ASPP,shimane,全件,通常,面積,,0.5361,0.5398,0.5379,,,,24569.0,,,2026-10-02T09:01:23,lab-windows,dbcce3afa65b1623c83577963fabfc8aa39e14acdeabedd5d40e61e949bda4e2,tileanalysis による再推論。ノートブック出力と F値 0.0001 以内で一致
FinalFusion_SAM_APM_bg10_ASPPStride8__lab-windows__20261002-090123__hiroshima__gtbg__full__inst__IoU--1-1--0.1-773618,FinalFusion_SAM_APM_bg10_ASPPStride8__lab-windows__20261002-090123,FinalFusion_SAM_APM_bg10_ASPPStride8,hiroshima,警戒+背景,通常,箇所,IoU厳密1対1 (0.1),0.5936,0.5896,0.5916,,,,,9147,9210,2026-10-02T09:01:23,lab-windows,c17d4a9ad8e6300d6ebeaef29da84ed1911705b4a559011a609bc392cffb9bb9,連結性8近傍 / 最小サイズ10px / 二値化0.5
FinalFusion_SAM_APM_bg10_ASPPStride8__lab-windows__20261002-090123__hiroshima__gtbg__full__inst__IoU--1-1--0.3-49ffab,FinalFusion_SAM_APM_bg10_ASPPStride8__lab-windows__20261002-090123,FinalFusion_SAM_APM_bg10_ASPPStride8,hiroshima,警戒+背景,通常,箇所,IoU厳密1対1 (0.3),0.4991,0.4957,0.4974,,,,,9147,9210,2026-10-02T09:01:23,lab-windows,c17d4a9ad8e6300d6ebeaef29da84ed1911705b4a559011a609bc392cffb9bb9,連結性8近傍 / 最小サイズ10px / 二値化0.5
FinalFusion_SAM_APM_bg10_ASPPStride8__lab-windows__20261002-090123__hiroshima__gtbg__full__inst__IoU--1--0.1-b5e5ab,FinalFusion_SAM_APM_bg10_ASPPStride8__lab-windows__20261002-090123,FinalFusion_SAM_APM_bg10_ASPPStride8,hiroshima,警戒+背景,通常,箇所,IoU多対1 (0.1),0.6625,0.6064,0.6332,,,,,9147,9210,2026-10-02T09:01:23,lab-windows,c17d4a9ad8e6300d6ebeaef29da84ed1911705b4a559011a609bc392cffb9bb9,連結性8近傍 / 最小サイズ10px / 二値化0.5
FinalFusion_SAM_APM_bg10_ASPPStride8__lab-windows__20261002-090123__hiroshima__gtbg__full__inst__IoU--1--0.3-635d05,FinalFusion_SAM_APM_bg10_ASPPStride8__lab-windows__20261002-090123,FinalFusion_SAM_APM_bg10_ASPPStride8,hiroshima,警戒+背景,通常,箇所,IoU多対1 (0.3),0.5038,0.4971,0.5004,,,,,9147,9210,2026-10-02T09:01:23,lab-windows,c17d4a9ad8e6300d6ebeaef29da84ed1911705b4a559011a609bc392cffb9bb9,連結性8近傍 / 最小サイズ10px / 二値化0.5
FinalFusion_SAM_APM_bg10_ASPPStride8__lab-windows__20261002-090123__hiroshima__gtbg__full__inst__cov_gt-0.3--cov_pred-0.3-a20df8,FinalFusion_SAM_APM_bg10_ASPPStride8__lab-windows__20261002-090123,FinalFusion_SAM_APM_bg10_ASPPStride8,hiroshima,警戒+背景,通常,箇所,"被覆 (cov_gt=0.3, cov_pred=0.3)",0.6908,0.6116,0.6488,,,,,9147,9210,2026-10-02T09:01:23,lab-windows,c17d4a9ad8e6300d6ebeaef29da84ed1911705b4a559011a609bc392cffb9bb9,連結性8近傍 / 最小サイズ10px / 二値化0.5
FinalFusion_SAM_APM_bg10_ASPPStride8__lab-windows__20261002-090123__hiroshima__gtbg__full__inst__cov_gt-0.5--cov_pred-0.1-549b9e,FinalFusion_SAM_APM_bg10_ASPPStride8__lab-windows__20261002-090123,FinalFusion_SAM_APM_bg10_ASPPStride8,hiroshima,警戒+背景,通常,箇所,"被覆 (cov_gt=0.5, cov_pred=0.1)",0.6389,0.6477,0.6433,,,,,9147,9210,2026-10-02T09:01:23,lab-windows,c17d4a9ad8e6300d6ebeaef29da84ed1911705b4a559011a609bc392cffb9bb9,連結性8近傍 / 最小サイズ10px / 二値化0.5
FinalFusion_SAM_APM_bg10_ASPPStride8__lab-windows__20261002-090123__hiroshima__gtbg__full__inst__cov_gt-0.5--cov_pred-0.3-ca4173,FinalFusion_SAM_APM_bg10_ASPPStride8__lab-windows__20261002-090123,FinalFusion_SAM_APM_bg10_ASPPStride8,hiroshima,警戒+背景,通常,箇所,"被覆 (cov_gt=0.5, cov_pred=0.3)",0.6389,0.6116,0.625,,,,,9147,9210,2026-10-02T09:01:23,lab-windows,c17d4a9ad8e6300d6ebeaef29da84ed1911705b4a559011a609bc392cffb9bb9,連結性8近傍 / 最小サイズ10px / 二値化0.5
FinalFusion_SAM_APM_bg10_ASPPStride8__lab-windows__20261002-090123__hiroshima__gtbg__center__area,FinalFusion_SAM_APM_bg10_ASPPStride8__lab-windows__20261002-090123,FinalFusion_SAM_APM_bg10_ASPPStride8,hiroshima,警戒+背景,境界,面積,,0.7519,0.6121,0.6748,,,,3430.0,,,2026-10-02T09:01:23,lab-windows,c17d4a9ad8e6300d6ebeaef29da84ed1911705b4a559011a609bc392cffb9bb9,tileanalysis による再推論。ノートブック出力と F値 0.0001 以内で一致
FinalFusion_SAM_APM_bg10_ASPPStride8__lab-windows__20261002-090123__hiroshima__gtbg__full__area,FinalFusion_SAM_APM_bg10_ASPPStride8__lab-windows__20261002-090123,FinalFusion_SAM_APM_bg10_ASPPStride8,hiroshima,警戒+背景,通常,面積,,0.7238,0.6083,0.661,,,,3430.0,,,2026-10-02T09:01:23,lab-windows,c17d4a9ad8e6300d6ebeaef29da84ed1911705b4a559011a609bc392cffb9bb9,tileanalysis による再推論。ノートブック出力と F値 0.0001 以内で一致
FinalFusion_SAM_APM_bg10_ASPPStride8__lab-windows__20261002-090123__shimane__all__full__inst__IoU--1-1--0.1-773618,FinalFusion_SAM_APM_bg10_ASPPStride8__lab-windows__20261002-090123,FinalFusion_SAM_APM_bg10_ASPPStride8,shimane,全件,通常,箇所,IoU厳密1対1 (0.1),0.528,0.4143,0.4643,,,,,27445,34972,2026-10-02T09:01:23,lab-windows,c17d4a9ad8e6300d6ebeaef29da84ed1911705b4a559011a609bc392cffb9bb9,連結性8近傍 / 最小サイズ10px / 二値化0.5
FinalFusion_SAM_APM_bg10_ASPPStride8__lab-windows__20261002-090123__shimane__all__full__inst__IoU--1-1--0.3-49ffab,FinalFusion_SAM_APM_bg10_ASPPStride8__lab-windows__20261002-090123,FinalFusion_SAM_APM_bg10_ASPPStride8,shimane,全件,通常,箇所,IoU厳密1対1 (0.3),0.4158,0.3263,0.3657,,,,,27445,34972,2026-10-02T09:01:23,lab-windows,c17d4a9ad8e6300d6ebeaef29da84ed1911705b4a559011a609bc392cffb9bb9,連結性8近傍 / 最小サイズ10px / 二値化0.5
FinalFusion_SAM_APM_bg10_ASPPStride8__lab-windows__20261002-090123__shimane__all__full__inst__IoU--1--0.1-b5e5ab,FinalFusion_SAM_APM_bg10_ASPPStride8__lab-windows__20261002-090123,FinalFusion_SAM_APM_bg10_ASPPStride8,shimane,全件,通常,箇所,IoU多対1 (0.1),0.5714,0.4319,0.4919,,,,,27445,34972,2026-10-02T09:01:23,lab-windows,c17d4a9ad8e6300d6ebeaef29da84ed1911705b4a559011a609bc392cffb9bb9,連結性8近傍 / 最小サイズ10px / 二値化0.5
FinalFusion_SAM_APM_bg10_ASPPStride8__lab-windows__20261002-090123__shimane__all__full__inst__IoU--1--0.3-635d05,FinalFusion_SAM_APM_bg10_ASPPStride8__lab-windows__20261002-090123,FinalFusion_SAM_APM_bg10_ASPPStride8,shimane,全件,通常,箇所,IoU多対1 (0.3),0.4192,0.3271,0.3675,,,,,27445,34972,2026-10-02T09:01:23,lab-windows,c17d4a9ad8e6300d6ebeaef29da84ed1911705b4a559011a609bc392cffb9bb9,連結性8近傍 / 最小サイズ10px / 二値化0.5
FinalFusion_SAM_APM_bg10_ASPPStride8__lab-windows__20261002-090123__shimane__all__full__inst__cov_gt-0.3--cov_pred-0.3-a20df8,FinalFusion_SAM_APM_bg10_ASPPStride8__lab-windows__20261002-090123,FinalFusion_SAM_APM_bg10_ASPPStride8,shimane,全件,通常,箇所,"被覆 (cov_gt=0.3, cov_pred=0.3)",0.5451,0.4603,0.4991,,,,,27445,34972,2026-10-02T09:01:23,lab-windows,c17d4a9ad8e6300d6ebeaef29da84ed1911705b4a559011a609bc392cffb9bb9,連結性8近傍 / 最小サイズ10px / 二値化0.5
FinalFusion_SAM_APM_bg10_ASPPStride8__lab-windows__20261002-090123__shimane__all__full__inst__cov_gt-0.5--cov_pred-0.1-549b9e,FinalFusion_SAM_APM_bg10_ASPPStride8__lab-windows__20261002-090123,FinalFusion_SAM_APM_bg10_ASPPStride8,shimane,全件,通常,箇所,"被覆 (cov_gt=0.5, cov_pred=0.1)",0.4542,0.4874,0.4702,,,,,27445,34972,2026-10-02T09:01:23,lab-windows,c17d4a9ad8e6300d6ebeaef29da84ed1911705b4a559011a609bc392cffb9bb9,連結性8近傍 / 最小サイズ10px / 二値化0.5
FinalFusion_SAM_APM_bg10_ASPPStride8__lab-windows__20261002-090123__shimane__all__full__inst__cov_gt-0.5--cov_pred-0.3-ca4173,FinalFusion_SAM_APM_bg10_ASPPStride8__lab-windows__20261002-090123,FinalFusion_SAM_APM_bg10_ASPPStride8,shimane,全件,通常,箇所,"被覆 (cov_gt=0.5, cov_pred=0.3)",0.4542,0.4603,0.4572,,,,,27445,34972,2026-10-02T09:01:23,lab-windows,c17d4a9ad8e6300d6ebeaef29da84ed1911705b4a559011a609bc392cffb9bb9,連結性8近傍 / 最小サイズ10px / 二値化0.5
FinalFusion_SAM_APM_bg10_ASPPStride8__lab-windows__20261002-090123__shimane__all__center__area,FinalFusion_SAM_APM_bg10_ASPPStride8__lab-windows__20261002-090123,FinalFusion_SAM_APM_bg10_ASPPStride8,shimane,全件,境界,面積,,0.5588,0.5479,0.5533,,,,24569.0,,,2026-10-02T09:01:23,lab-windows,c17d4a9ad8e6300d6ebeaef29da84ed1911705b4a559011a609bc392cffb9bb9,tileanalysis による再推論。ノートブック出力と F値 0.0001 以内で一致
FinalFusion_SAM_APM_bg10_ASPPStride8__lab-windows__20261002-090123__shimane__all__full__area,FinalFusion_SAM_APM_bg10_ASPPStride8__lab-windows__20261002-090123,FinalFusion_SAM_APM_bg10_ASPPStride8,shimane,全件,通常,面積,,0.5337,0.5323,0.533,,,,24569.0,,,2026-10-02T09:01:23,lab-windows,c17d4a9ad8e6300d6ebeaef29da84ed1911705b4a559011a609bc392cffb9bb9,tileanalysis による再推論。ノートブック出力と F値 0.0001 以内で一致
FinalFusion_SAM_APM_bg10_DeepSup__lab-windows__20261002-090123__hiroshima__gtbg__full__inst__IoU--1-1--0.1-773618,FinalFusion_SAM_APM_bg10_DeepSup__lab-windows__20261002-090123,FinalFusion_SAM_APM_bg10_DeepSup,hiroshima,警戒+背景,通常,箇所,IoU厳密1対1 (0.1),0.5758,0.6293,0.6014,,,,,9147,8370,2026-10-02T09:01:23,lab-windows,a0e6d1b372ec2079004a934088675bfc35da736d335412fa0f98986273eb4b60,連結性8近傍 / 最小サイズ10px / 二値化0.5
FinalFusion_SAM_APM_bg10_DeepSup__lab-windows__20261002-090123__hiroshima__gtbg__full__inst__IoU--1-1--0.3-49ffab,FinalFusion_SAM_APM_bg10_DeepSup__lab-windows__20261002-090123,FinalFusion_SAM_APM_bg10_DeepSup,hiroshima,警戒+背景,通常,箇所,IoU厳密1対1 (0.3),0.4905,0.5361,0.5123,,,,,9147,8370,2026-10-02T09:01:23,lab-windows,a0e6d1b372ec2079004a934088675bfc35da736d335412fa0f98986273eb4b60,連結性8近傍 / 最小サイズ10px / 二値化0.5
FinalFusion_SAM_APM_bg10_DeepSup__lab-windows__20261002-090123__hiroshima__gtbg__full__inst__IoU--1--0.1-b5e5ab,FinalFusion_SAM_APM_bg10_DeepSup__lab-windows__20261002-090123,FinalFusion_SAM_APM_bg10_DeepSup,hiroshima,警戒+背景,通常,箇所,IoU多対1 (0.1),0.6377,0.6484,0.643,,,,,9147,8370,2026-10-02T09:01:23,lab-windows,a0e6d1b372ec2079004a934088675bfc35da736d335412fa0f98986273eb4b60,連結性8近傍 / 最小サイズ10px / 二値化0.5
FinalFusion_SAM_APM_bg10_DeepSup__lab-windows__20261002-090123__hiroshima__gtbg__full__inst__IoU--1--0.3-635d05,FinalFusion_SAM_APM_bg10_DeepSup__lab-windows__20261002-090123,FinalFusion_SAM_APM_bg10_DeepSup,hiroshima,警戒+背景,通常,箇所,IoU多対1 (0.3),0.4959,0.5374,0.5158,,,,,9147,8370,2026-10-02T09:01:23,lab-windows,a0e6d1b372ec2079004a934088675bfc35da736d335412fa0f98986273eb4b60,連結性8近傍 / 最小サイズ10px / 二値化0.5
FinalFusion_SAM_APM_bg10_DeepSup__lab-windows__20261002-090123__hiroshima__gtbg__full__inst__cov_gt-0.3--cov_pred-0.3-a20df8,FinalFusion_SAM_APM_bg10_DeepSup__lab-windows__20261002-090123,FinalFusion_SAM_APM_bg10_DeepSup,hiroshima,警戒+背景,通常,箇所,"被覆 (cov_gt=0.3, cov_pred=0.3)",0.6664,0.652,0.6591,,,,,9147,8370,2026-10-02T09:01:23,lab-windows,a0e6d1b372ec2079004a934088675bfc35da736d335412fa0f98986273eb4b60,連結性8近傍 / 最小サイズ10px / 二値化0.5
FinalFusion_SAM_APM_bg10_DeepSup__lab-windows__20261002-090123__hiroshima__gtbg__full__inst__cov_gt-0.5--cov_pred-0.1-549b9e,FinalFusion_SAM_APM_bg10_DeepSup__lab-windows__20261002-090123,FinalFusion_SAM_APM_bg10_DeepSup,hiroshima,警戒+背景,通常,箇所,"被覆 (cov_gt=0.5, cov_pred=0.1)",0.6083,0.6854,0.6446,,,,,9147,8370,2026-10-02T09:01:23,lab-windows,a0e6d1b372ec2079004a934088675bfc35da736d335412fa0f98986273eb4b60,連結性8近傍 / 最小サイズ10px / 二値化0.5
FinalFusion_SAM_APM_bg10_DeepSup__lab-windows__20261002-090123__hiroshima__gtbg__full__inst__cov_gt-0.5--cov_pred-0.3-ca4173,FinalFusion_SAM_APM_bg10_DeepSup__lab-windows__20261002-090123,FinalFusion_SAM_APM_bg10_DeepSup,hiroshima,警戒+背景,通常,箇所,"被覆 (cov_gt=0.5, cov_pred=0.3)",0.6083,0.652,0.6294,,,,,9147,8370,2026-10-02T09:01:23,lab-windows,a0e6d1b372ec2079004a934088675bfc35da736d335412fa0f98986273eb4b60,連結性8近傍 / 最小サイズ10px / 二値化0.5
FinalFusion_SAM_APM_bg10_DeepSup__lab-windows__20261002-090123__hiroshima__gtbg__center__area,FinalFusion_SAM_APM_bg10_DeepSup__lab-windows__20261002-090123,FinalFusion_SAM_APM_bg10_DeepSup,hiroshima,警戒+背景,境界,面積,,0.732,0.6191,0.6708,,,,3430.0,,,2026-10-02T09:01:23,lab-windows,a0e6d1b372ec2079004a934088675bfc35da736d335412fa0f98986273eb4b60,tileanalysis による再推論。ノートブック出力と F値 0.0001 以内で一致
FinalFusion_SAM_APM_bg10_DeepSup__lab-windows__20261002-090123__hiroshima__gtbg__full__area,FinalFusion_SAM_APM_bg10_DeepSup__lab-windows__20261002-090123,FinalFusion_SAM_APM_bg10_DeepSup,hiroshima,警戒+背景,通常,面積,,0.7019,0.6156,0.656,,,,3430.0,,,2026-10-02T09:01:23,lab-windows,a0e6d1b372ec2079004a934088675bfc35da736d335412fa0f98986273eb4b60,tileanalysis による再推論。ノートブック出力と F値 0.0001 以内で一致
FinalFusion_SAM_APM_bg10_DeepSup__lab-windows__20261002-090123__shimane__all__full__inst__IoU--1-1--0.1-773618,FinalFusion_SAM_APM_bg10_DeepSup__lab-windows__20261002-090123,FinalFusion_SAM_APM_bg10_DeepSup,shimane,全件,通常,箇所,IoU厳密1対1 (0.1),0.5078,0.4845,0.4959,,,,,27445,28767,2026-10-02T09:01:23,lab-windows,a0e6d1b372ec2079004a934088675bfc35da736d335412fa0f98986273eb4b60,連結性8近傍 / 最小サイズ10px / 二値化0.5
FinalFusion_SAM_APM_bg10_DeepSup__lab-windows__20261002-090123__shimane__all__full__inst__IoU--1-1--0.3-49ffab,FinalFusion_SAM_APM_bg10_DeepSup__lab-windows__20261002-090123,FinalFusion_SAM_APM_bg10_DeepSup,shimane,全件,通常,箇所,IoU厳密1対1 (0.3),0.4101,0.3913,0.4005,,,,,27445,28767,2026-10-02T09:01:23,lab-windows,a0e6d1b372ec2079004a934088675bfc35da736d335412fa0f98986273eb4b60,連結性8近傍 / 最小サイズ10px / 二値化0.5
FinalFusion_SAM_APM_bg10_DeepSup__lab-windows__20261002-090123__shimane__all__full__inst__IoU--1--0.1-b5e5ab,FinalFusion_SAM_APM_bg10_DeepSup__lab-windows__20261002-090123,FinalFusion_SAM_APM_bg10_DeepSup,shimane,全件,通常,箇所,IoU多対1 (0.1),0.5468,0.5034,0.5242,,,,,27445,28767,2026-10-02T09:01:23,lab-windows,a0e6d1b372ec2079004a934088675bfc35da736d335412fa0f98986273eb4b60,連結性8近傍 / 最小サイズ10px / 二値化0.5
FinalFusion_SAM_APM_bg10_DeepSup__lab-windows__20261002-090123__shimane__all__full__inst__IoU--1--0.3-635d05,FinalFusion_SAM_APM_bg10_DeepSup__lab-windows__20261002-090123,FinalFusion_SAM_APM_bg10_DeepSup,shimane,全件,通常,箇所,IoU多対1 (0.3),0.413,0.3922,0.4023,,,,,27445,28767,2026-10-02T09:01:23,lab-windows,a0e6d1b372ec2079004a934088675bfc35da736d335412fa0f98986273eb4b60,連結性8近傍 / 最小サイズ10px / 二値化0.5
FinalFusion_SAM_APM_bg10_DeepSup__lab-windows__20261002-090123__shimane__all__full__inst__cov_gt-0.3--cov_pred-0.3-a20df8,FinalFusion_SAM_APM_bg10_DeepSup__lab-windows__20261002-090123,FinalFusion_SAM_APM_bg10_DeepSup,shimane,全件,通常,箇所,"被覆 (cov_gt=0.3, cov_pred=0.3)",0.5255,0.522,0.5238,,,,,27445,28767,2026-10-02T09:01:23,lab-windows,a0e6d1b372ec2079004a934088675bfc35da736d335412fa0f98986273eb4b60,連結性8近傍 / 最小サイズ10px / 二値化0.5
FinalFusion_SAM_APM_bg10_DeepSup__lab-windows__20261002-090123__shimane__all__full__inst__cov_gt-0.5--cov_pred-0.1-549b9e,FinalFusion_SAM_APM_bg10_DeepSup__lab-windows__20261002-090123,FinalFusion_SAM_APM_bg10_DeepSup,shimane,全件,通常,箇所,"被覆 (cov_gt=0.5, cov_pred=0.1)",0.4338,0.5495,0.4849,,,,,27445,28767,2026-10-02T09:01:23,lab-windows,a0e6d1b372ec2079004a934088675bfc35da736d335412fa0f98986273eb4b60,連結性8近傍 / 最小サイズ10px / 二値化0.5
FinalFusion_SAM_APM_bg10_DeepSup__lab-windows__20261002-090123__shimane__all__full__inst__cov_gt-0.5--cov_pred-0.3-ca4173,FinalFusion_SAM_APM_bg10_DeepSup__lab-windows__20261002-090123,FinalFusion_SAM_APM_bg10_DeepSup,shimane,全件,通常,箇所,"被覆 (cov_gt=0.5, cov_pred=0.3)",0.4338,0.522,0.4739,,,,,27445,28767,2026-10-02T09:01:23,lab-windows,a0e6d1b372ec2079004a934088675bfc35da736d335412fa0f98986273eb4b60,連結性8近傍 / 最小サイズ10px / 二値化0.5
FinalFusion_SAM_APM_bg10_DeepSup__lab-windows__20261002-090123__shimane__all__center__area,FinalFusion_SAM_APM_bg10_DeepSup__lab-windows__20261002-090123,FinalFusion_SAM_APM_bg10_DeepSup,shimane,全件,境界,面積,,0.5479,0.5643,0.5559,,,,24569.0,,,2026-10-02T09:01:23,lab-windows,a0e6d1b372ec2079004a934088675bfc35da736d335412fa0f98986273eb4b60,tileanalysis による再推論。ノートブック出力と F値 0.0001 以内で一致
FinalFusion_SAM_APM_bg10_DeepSup__lab-windows__20261002-090123__shimane__all__full__area,FinalFusion_SAM_APM_bg10_DeepSup__lab-windows__20261002-090123,FinalFusion_SAM_APM_bg10_DeepSup,shimane,全件,通常,面積,,0.5233,0.5463,0.5346,,,,24569.0,,,2026-10-02T09:01:23,lab-windows,a0e6d1b372ec2079004a934088675bfc35da736d335412fa0f98986273eb4b60,tileanalysis による再推論。ノートブック出力と F値 0.0001 以内で一致
FinalFusion_SAM_APM_bg10_DeepSupAll__lab-windows__20261002-090123__hiroshima__gtbg__full__inst__IoU--1-1--0.1-773618,FinalFusion_SAM_APM_bg10_DeepSupAll__lab-windows__20261002-090123,FinalFusion_SAM_APM_bg10_DeepSupAll,hiroshima,警戒+背景,通常,箇所,IoU厳密1対1 (0.1),0.5634,0.6431,0.6006,,,,,9147,8013,2026-10-02T09:01:23,lab-windows,70c4c972fdaacedce3ca47e3b193716bdebacb276edc7c2190fefd137657ab15,連結性8近傍 / 最小サイズ10px / 二値化0.5
FinalFusion_SAM_APM_bg10_DeepSupAll__lab-windows__20261002-090123__hiroshima__gtbg__full__inst__IoU--1-1--0.3-49ffab,FinalFusion_SAM_APM_bg10_DeepSupAll__lab-windows__20261002-090123,FinalFusion_SAM_APM_bg10_DeepSupAll,hiroshima,警戒+背景,通常,箇所,IoU厳密1対1 (0.3),0.4738,0.5409,0.5051,,,,,9147,8013,2026-10-02T09:01:23,lab-windows,70c4c972fdaacedce3ca47e3b193716bdebacb276edc7c2190fefd137657ab15,連結性8近傍 / 最小サイズ10px / 二値化0.5
FinalFusion_SAM_APM_bg10_DeepSupAll__lab-windows__20261002-090123__hiroshima__gtbg__full__inst__IoU--1--0.1-b5e5ab,FinalFusion_SAM_APM_bg10_DeepSupAll__lab-windows__20261002-090123,FinalFusion_SAM_APM_bg10_DeepSupAll,hiroshima,警戒+背景,通常,箇所,IoU多対1 (0.1),0.635,0.6591,0.6468,,,,,9147,8013,2026-10-02T09:01:23,lab-windows,70c4c972fdaacedce3ca47e3b193716bdebacb276edc7c2190fefd137657ab15,連結性8近傍 / 最小サイズ10px / 二値化0.5
FinalFusion_SAM_APM_bg10_DeepSupAll__lab-windows__20261002-090123__hiroshima__gtbg__full__inst__IoU--1--0.3-635d05,FinalFusion_SAM_APM_bg10_DeepSupAll__lab-windows__20261002-090123,FinalFusion_SAM_APM_bg10_DeepSupAll,hiroshima,警戒+背景,通常,箇所,IoU多対1 (0.3),0.4792,0.5417,0.5085,,,,,9147,8013,2026-10-02T09:01:23,lab-windows,70c4c972fdaacedce3ca47e3b193716bdebacb276edc7c2190fefd137657ab15,連結性8近傍 / 最小サイズ10px / 二値化0.5
FinalFusion_SAM_APM_bg10_DeepSupAll__lab-windows__20261002-090123__hiroshima__gtbg__full__inst__cov_gt-0.3--cov_pred-0.3-a20df8,FinalFusion_SAM_APM_bg10_DeepSupAll__lab-windows__20261002-090123,FinalFusion_SAM_APM_bg10_DeepSupAll,hiroshima,警戒+背景,通常,箇所,"被覆 (cov_gt=0.3, cov_pred=0.3)",0.665,0.6564,0.6607,,,,,9147,8013,2026-10-02T09:01:23,lab-windows,70c4c972fdaacedce3ca47e3b193716bdebacb276edc7c2190fefd137657ab15,連結性8近傍 / 最小サイズ10px / 二値化0.5
FinalFusion_SAM_APM_bg10_DeepSupAll__lab-windows__20261002-090123__hiroshima__gtbg__full__inst__cov_gt-0.5--cov_pred-0.1-549b9e,FinalFusion_SAM_APM_bg10_DeepSupAll__lab-windows__20261002-090123,FinalFusion_SAM_APM_bg10_DeepSupAll,hiroshima,警戒+背景,通常,箇所,"被覆 (cov_gt=0.5, cov_pred=0.1)",0.6092,0.6977,0.6504,,,,,9147,8013,2026-10-02T09:01:23,lab-windows,70c4c972fdaacedce3ca47e3b193716bdebacb276edc7c2190fefd137657ab15,連結性8近傍 / 最小サイズ10px / 二値化0.5
FinalFusion_SAM_APM_bg10_DeepSupAll__lab-windows__20261002-090123__hiroshima__gtbg__full__inst__cov_gt-0.5--cov_pred-0.3-ca4173,FinalFusion_SAM_APM_bg10_DeepSupAll__lab-windows__20261002-090123,FinalFusion_SAM_APM_bg10_DeepSupAll,hiroshima,警戒+背景,通常,箇所,"被覆 (cov_gt=0.5, cov_pred=0.3)",0.6092,0.6564,0.6319,,,,,9147,8013,2026-10-02T09:01:23,lab-windows,70c4c972fdaacedce3ca47e3b193716bdebacb276edc7c2190fefd137657ab15,連結性8近傍 / 最小サイズ10px / 二値化0.5
FinalFusion_SAM_APM_bg10_DeepSupAll__lab-windows__20261002-090123__hiroshima__gtbg__center__area,FinalFusion_SAM_APM_bg10_DeepSupAll__lab-windows__20261002-090123,FinalFusion_SAM_APM_bg10_DeepSupAll,hiroshima,警戒+背景,境界,面積,,0.7348,0.6188,0.6719,,,,3430.0,,,2026-10-02T09:01:23,lab-windows,70c4c972fdaacedce3ca47e3b193716bdebacb276edc7c2190fefd137657ab15,tileanalysis による再推論。ノートブック出力と F値 0.0001 以内で一致
FinalFusion_SAM_APM_bg10_DeepSupAll__lab-windows__20261002-090123__hiroshima__gtbg__full__area,FinalFusion_SAM_APM_bg10_DeepSupAll__lab-windows__20261002-090123,FinalFusion_SAM_APM_bg10_DeepSupAll,hiroshima,警戒+背景,通常,面積,,0.7013,0.6177,0.6569,,,,3430.0,,,2026-10-02T09:01:23,lab-windows,70c4c972fdaacedce3ca47e3b193716bdebacb276edc7c2190fefd137657ab15,tileanalysis による再推論。ノートブック出力と F値 0.0001 以内で一致
FinalFusion_SAM_APM_bg10_DeepSupAll__lab-windows__20261002-090123__shimane__all__full__inst__IoU--1-1--0.1-773618,FinalFusion_SAM_APM_bg10_DeepSupAll__lab-windows__20261002-090123,FinalFusion_SAM_APM_bg10_DeepSupAll,shimane,全件,通常,箇所,IoU厳密1対1 (0.1),0.487,0.5072,0.4969,,,,,27445,26355,2026-10-02T09:01:23,lab-windows,70c4c972fdaacedce3ca47e3b193716bdebacb276edc7c2190fefd137657ab15,連結性8近傍 / 最小サイズ10px / 二値化0.5
FinalFusion_SAM_APM_bg10_DeepSupAll__lab-windows__20261002-090123__shimane__all__full__inst__IoU--1-1--0.3-49ffab,FinalFusion_SAM_APM_bg10_DeepSupAll__lab-windows__20261002-090123,FinalFusion_SAM_APM_bg10_DeepSupAll,shimane,全件,通常,箇所,IoU厳密1対1 (0.3),0.3931,0.4093,0.401,,,,,27445,26355,2026-10-02T09:01:23,lab-windows,70c4c972fdaacedce3ca47e3b193716bdebacb276edc7c2190fefd137657ab15,連結性8近傍 / 最小サイズ10px / 二値化0.5
FinalFusion_SAM_APM_bg10_DeepSupAll__lab-windows__20261002-090123__shimane__all__full__inst__IoU--1--0.1-b5e5ab,FinalFusion_SAM_APM_bg10_DeepSupAll__lab-windows__20261002-090123,FinalFusion_SAM_APM_bg10_DeepSupAll,shimane,全件,通常,箇所,IoU多対1 (0.1),0.5321,0.5226,0.5273,,,,,27445,26355,2026-10-02T09:01:23,lab-windows,70c4c972fdaacedce3ca47e3b193716bdebacb276edc7c2190fefd137657ab15,連結性8近傍 / 最小サイズ10px / 二値化0.5
FinalFusion_SAM_APM_bg10_DeepSupAll__lab-windows__20261002-090123__shimane__all__full__inst__IoU--1--0.3-635d05,FinalFusion_SAM_APM_bg10_DeepSupAll__lab-windows__20261002-090123,FinalFusion_SAM_APM_bg10_DeepSupAll,shimane,全件,通常,箇所,IoU多対1 (0.3),0.3963,0.41,0.403,,,,,27445,26355,2026-10-02T09:01:23,lab-windows,70c4c972fdaacedce3ca47e3b193716bdebacb276edc7c2190fefd137657ab15,連結性8近傍 / 最小サイズ10px / 二値化0.5
FinalFusion_SAM_APM_bg10_DeepSupAll__lab-windows__20261002-090123__shimane__all__full__inst__cov_gt-0.3--cov_pred-0.3-a20df8,FinalFusion_SAM_APM_bg10_DeepSupAll__lab-windows__20261002-090123,FinalFusion_SAM_APM_bg10_DeepSupAll,shimane,全件,通常,箇所,"被覆 (cov_gt=0.3, cov_pred=0.3)",0.5151,0.5421,0.5283,,,,,27445,26355,2026-10-02T09:01:23,lab-windows,70c4c972fdaacedce3ca47e3b193716bdebacb276edc7c2190fefd137657ab15,連結性8近傍 / 最小サイズ10px / 二値化0.5
FinalFusion_SAM_APM_bg10_DeepSupAll__lab-windows__20261002-090123__shimane__all__full__inst__cov_gt-0.5--cov_pred-0.1-549b9e,FinalFusion_SAM_APM_bg10_DeepSupAll__lab-windows__20261002-090123,FinalFusion_SAM_APM_bg10_DeepSupAll,shimane,全件,通常,箇所,"被覆 (cov_gt=0.5, cov_pred=0.1)",0.4349,0.5703,0.4935,,,,,27445,26355,2026-10-02T09:01:23,lab-windows,70c4c972fdaacedce3ca47e3b193716bdebacb276edc7c2190fefd137657ab15,連結性8近傍 / 最小サイズ10px / 二値化0.5
FinalFusion_SAM_APM_bg10_DeepSupAll__lab-windows__20261002-090123__shimane__all__full__inst__cov_gt-0.5--cov_pred-0.3-ca4173,FinalFusion_SAM_APM_bg10_DeepSupAll__lab-windows__20261002-090123,FinalFusion_SAM_APM_bg10_DeepSupAll,shimane,全件,通常,箇所,"被覆 (cov_gt=0.5, cov_pred=0.3)",0.4349,0.5421,0.4827,,,,,27445,26355,2026-10-02T09:01:23,lab-windows,70c4c972fdaacedce3ca47e3b193716bdebacb276edc7c2190fefd137657ab15,連結性8近傍 / 最小サイズ10px / 二値化0.5
FinalFusion_SAM_APM_bg10_DeepSupAll__lab-windows__20261002-090123__shimane__all__center__area,FinalFusion_SAM_APM_bg10_DeepSupAll__lab-windows__20261002-090123,FinalFusion_SAM_APM_bg10_DeepSupAll,shimane,全件,境界,面積,,0.5517,0.562,0.5568,,,,24569.0,,,2026-10-02T09:01:23,lab-windows,70c4c972fdaacedce3ca47e3b193716bdebacb276edc7c2190fefd137657ab15,tileanalysis による再推論。ノートブック出力と F値 0.0001 以内で一致
FinalFusion_SAM_APM_bg10_DeepSupAll__lab-windows__20261002-090123__shimane__all__full__area,FinalFusion_SAM_APM_bg10_DeepSupAll__lab-windows__20261002-090123,FinalFusion_SAM_APM_bg10_DeepSupAll,shimane,全件,通常,面積,,0.5222,0.5508,0.5361,,,,24569.0,,,2026-10-02T09:01:23,lab-windows,70c4c972fdaacedce3ca47e3b193716bdebacb276edc7c2190fefd137657ab15,tileanalysis による再推論。ノートブック出力と F値 0.0001 以内で一致
FinalFusion_SAM_APM_bg10_SupAttn__lab-windows__20261002-090123__hiroshima__gtbg__full__inst__IoU--1-1--0.1-773618,FinalFusion_SAM_APM_bg10_SupAttn__lab-windows__20261002-090123,FinalFusion_SAM_APM_bg10_SupAttn,hiroshima,警戒+背景,通常,箇所,IoU厳密1対1 (0.1),0.5793,0.6182,0.5981,,,,,9147,8572,2026-10-02T09:01:23,lab-windows,e3f24436d799bc480032ddf0849e0dce5c7359db7c081f827bd5c0f1a0d549cd,連結性8近傍 / 最小サイズ10px / 二値化0.5
FinalFusion_SAM_APM_bg10_SupAttn__lab-windows__20261002-090123__hiroshima__gtbg__full__inst__IoU--1-1--0.3-49ffab,FinalFusion_SAM_APM_bg10_SupAttn__lab-windows__20261002-090123,FinalFusion_SAM_APM_bg10_SupAttn,hiroshima,警戒+背景,通常,箇所,IoU厳密1対1 (0.3),0.4897,0.5225,0.5056,,,,,9147,8572,2026-10-02T09:01:23,lab-windows,e3f24436d799bc480032ddf0849e0dce5c7359db7c081f827bd5c0f1a0d549cd,連結性8近傍 / 最小サイズ10px / 二値化0.5
FinalFusion_SAM_APM_bg10_SupAttn__lab-windows__20261002-090123__hiroshima__gtbg__full__inst__IoU--1--0.1-b5e5ab,FinalFusion_SAM_APM_bg10_SupAttn__lab-windows__20261002-090123,FinalFusion_SAM_APM_bg10_SupAttn,hiroshima,警戒+背景,通常,箇所,IoU多対1 (0.1),0.6541,0.6326,0.6432,,,,,9147,8572,2026-10-02T09:01:23,lab-windows,e3f24436d799bc480032ddf0849e0dce5c7359db7c081f827bd5c0f1a0d549cd,連結性8近傍 / 最小サイズ10px / 二値化0.5
FinalFusion_SAM_APM_bg10_SupAttn__lab-windows__20261002-090123__hiroshima__gtbg__full__inst__IoU--1--0.3-635d05,FinalFusion_SAM_APM_bg10_SupAttn__lab-windows__20261002-090123,FinalFusion_SAM_APM_bg10_SupAttn,hiroshima,警戒+背景,通常,箇所,IoU多対1 (0.3),0.4957,0.5238,0.5094,,,,,9147,8572,2026-10-02T09:01:23,lab-windows,e3f24436d799bc480032ddf0849e0dce5c7359db7c081f827bd5c0f1a0d549cd,連結性8近傍 / 最小サイズ10px / 二値化0.5
FinalFusion_SAM_APM_bg10_SupAttn__lab-windows__20261002-090123__hiroshima__gtbg__full__inst__cov_gt-0.3--cov_pred-0.3-a20df8,FinalFusion_SAM_APM_bg10_SupAttn__lab-windows__20261002-090123,FinalFusion_SAM_APM_bg10_SupAttn,hiroshima,警戒+背景,通常,箇所,"被覆 (cov_gt=0.3, cov_pred=0.3)",0.6943,0.6246,0.6576,,,,,9147,8572,2026-10-02T09:01:23,lab-windows,e3f24436d799bc480032ddf0849e0dce5c7359db7c081f827bd5c0f1a0d549cd,連結性8近傍 / 最小サイズ10px / 二値化0.5
FinalFusion_SAM_APM_bg10_SupAttn__lab-windows__20261002-090123__hiroshima__gtbg__full__inst__cov_gt-0.5--cov_pred-0.1-549b9e,FinalFusion_SAM_APM_bg10_SupAttn__lab-windows__20261002-090123,FinalFusion_SAM_APM_bg10_SupAttn,hiroshima,警戒+背景,通常,箇所,"被覆 (cov_gt=0.5, cov_pred=0.1)",0.6437,0.6619,0.6527,,,,,9147,8572,2026-10-02T09:01:23,lab-windows,e3f24436d799bc480032ddf0849e0dce5c7359db7c081f827bd5c0f1a0d549cd,連結性8近傍 / 最小サイズ10px / 二値化0.5
FinalFusion_SAM_APM_bg10_SupAttn__lab-windows__20261002-090123__hiroshima__gtbg__full__inst__cov_gt-0.5--cov_pred-0.3-ca4173,FinalFusion_SAM_APM_bg10_SupAttn__lab-windows__20261002-090123,FinalFusion_SAM_APM_bg10_SupAttn,hiroshima,警戒+背景,通常,箇所,"被覆 (cov_gt=0.5, cov_pred=0.3)",0.6437,0.6246,0.634,,,,,9147,8572,2026-10-02T09:01:23,lab-windows,e3f24436d799bc480032ddf0849e0dce5c7359db7c081f827bd5c0f1a0d549cd,連結性8近傍 / 最小サイズ10px / 二値化0.5
FinalFusion_SAM_APM_bg10_SupAttn__lab-windows__20261002-090123__hiroshima__gtbg__center__area,FinalFusion_SAM_APM_bg10_SupAttn__lab-windows__20261002-090123,FinalFusion_SAM_APM_bg10_SupAttn,hiroshima,警戒+背景,境界,面積,,0.7603,0.6033,0.6727,,,,3430.0,,,2026-10-02T09:01:23,lab-windows,e3f24436d799bc480032ddf0849e0dce5c7359db7c081f827bd5c0f1a0d549cd,tileanalysis による再推論。ノートブック出力と F値 0.0001 以内で一致
FinalFusion_SAM_APM_bg10_SupAttn__lab-windows__20261002-090123__hiroshima__gtbg__full__area,FinalFusion_SAM_APM_bg10_SupAttn__lab-windows__20261002-090123,FinalFusion_SAM_APM_bg10_SupAttn,hiroshima,警戒+背景,通常,面積,,0.7297,0.5988,0.6578,,,,3430.0,,,2026-10-02T09:01:23,lab-windows,e3f24436d799bc480032ddf0849e0dce5c7359db7c081f827bd5c0f1a0d549cd,tileanalysis による再推論。ノートブック出力と F値 0.0001 以内で一致
FinalFusion_SAM_APM_bg10_SupAttn__lab-windows__20261002-090123__shimane__all__full__inst__IoU--1-1--0.1-773618,FinalFusion_SAM_APM_bg10_SupAttn__lab-windows__20261002-090123,FinalFusion_SAM_APM_bg10_SupAttn,shimane,全件,通常,箇所,IoU厳密1対1 (0.1),0.4972,0.4835,0.4902,,,,,27445,28225,2026-10-02T09:01:23,lab-windows,e3f24436d799bc480032ddf0849e0dce5c7359db7c081f827bd5c0f1a0d549cd,連結性8近傍 / 最小サイズ10px / 二値化0.5
FinalFusion_SAM_APM_bg10_SupAttn__lab-windows__20261002-090123__shimane__all__full__inst__IoU--1-1--0.3-49ffab,FinalFusion_SAM_APM_bg10_SupAttn__lab-windows__20261002-090123,FinalFusion_SAM_APM_bg10_SupAttn,shimane,全件,通常,箇所,IoU厳密1対1 (0.3),0.4019,0.3908,0.3963,,,,,27445,28225,2026-10-02T09:01:23,lab-windows,e3f24436d799bc480032ddf0849e0dce5c7359db7c081f827bd5c0f1a0d549cd,連結性8近傍 / 最小サイズ10px / 二値化0.5
FinalFusion_SAM_APM_bg10_SupAttn__lab-windows__20261002-090123__shimane__all__full__inst__IoU--1--0.1-b5e5ab,FinalFusion_SAM_APM_bg10_SupAttn__lab-windows__20261002-090123,FinalFusion_SAM_APM_bg10_SupAttn,shimane,全件,通常,箇所,IoU多対1 (0.1),0.5447,0.4981,0.5204,,,,,27445,28225,2026-10-02T09:01:23,lab-windows,e3f24436d799bc480032ddf0849e0dce5c7359db7c081f827bd5c0f1a0d549cd,連結性8近傍 / 最小サイズ10px / 二値化0.5
FinalFusion_SAM_APM_bg10_SupAttn__lab-windows__20261002-090123__shimane__all__full__inst__IoU--1--0.3-635d05,FinalFusion_SAM_APM_bg10_SupAttn__lab-windows__20261002-090123,FinalFusion_SAM_APM_bg10_SupAttn,shimane,全件,通常,箇所,IoU多対1 (0.3),0.4055,0.3917,0.3985,,,,,27445,28225,2026-10-02T09:01:23,lab-windows,e3f24436d799bc480032ddf0849e0dce5c7359db7c081f827bd5c0f1a0d549cd,連結性8近傍 / 最小サイズ10px / 二値化0.5
FinalFusion_SAM_APM_bg10_SupAttn__lab-windows__20261002-090123__shimane__all__full__inst__cov_gt-0.3--cov_pred-0.3-a20df8,FinalFusion_SAM_APM_bg10_SupAttn__lab-windows__20261002-090123,FinalFusion_SAM_APM_bg10_SupAttn,shimane,全件,通常,箇所,"被覆 (cov_gt=0.3, cov_pred=0.3)",0.5349,0.5114,0.5229,,,,,27445,28225,2026-10-02T09:01:23,lab-windows,e3f24436d799bc480032ddf0849e0dce5c7359db7c081f827bd5c0f1a0d549cd,連結性8近傍 / 最小サイズ10px / 二値化0.5
FinalFusion_SAM_APM_bg10_SupAttn__lab-windows__20261002-090123__shimane__all__full__inst__cov_gt-0.5--cov_pred-0.1-549b9e,FinalFusion_SAM_APM_bg10_SupAttn__lab-windows__20261002-090123,FinalFusion_SAM_APM_bg10_SupAttn,shimane,全件,通常,箇所,"被覆 (cov_gt=0.5, cov_pred=0.1)",0.459,0.5407,0.4965,,,,,27445,28225,2026-10-02T09:01:23,lab-windows,e3f24436d799bc480032ddf0849e0dce5c7359db7c081f827bd5c0f1a0d549cd,連結性8近傍 / 最小サイズ10px / 二値化0.5
FinalFusion_SAM_APM_bg10_SupAttn__lab-windows__20261002-090123__shimane__all__full__inst__cov_gt-0.5--cov_pred-0.3-ca4173,FinalFusion_SAM_APM_bg10_SupAttn__lab-windows__20261002-090123,FinalFusion_SAM_APM_bg10_SupAttn,shimane,全件,通常,箇所,"被覆 (cov_gt=0.5, cov_pred=0.3)",0.459,0.5114,0.4838,,,,,27445,28225,2026-10-02T09:01:23,lab-windows,e3f24436d799bc480032ddf0849e0dce5c7359db7c081f827bd5c0f1a0d549cd,連結性8近傍 / 最小サイズ10px / 二値化0.5
FinalFusion_SAM_APM_bg10_SupAttn__lab-windows__20261002-090123__shimane__all__center__area,FinalFusion_SAM_APM_bg10_SupAttn__lab-windows__20261002-090123,FinalFusion_SAM_APM_bg10_SupAttn,shimane,全件,境界,面積,,0.5728,0.5459,0.559,,,,24569.0,,,2026-10-02T09:01:23,lab-windows,e3f24436d799bc480032ddf0849e0dce5c7359db7c081f827bd5c0f1a0d549cd,tileanalysis による再推論。ノートブック出力と F値 0.0001 以内で一致
FinalFusion_SAM_APM_bg10_SupAttn__lab-windows__20261002-090123__shimane__all__full__area,FinalFusion_SAM_APM_bg10_SupAttn__lab-windows__20261002-090123,FinalFusion_SAM_APM_bg10_SupAttn,shimane,全件,通常,面積,,0.5462,0.5315,0.5387,,,,24569.0,,,2026-10-02T09:01:23,lab-windows,e3f24436d799bc480032ddf0849e0dce5c7359db7c081f827bd5c0f1a0d549cd,tileanalysis による再推論。ノートブック出力と F値 0.0001 以内で一致
FinalFusion_SAM_APM_bg10_SupAttnPB__lab-ubuntu__20261001-121832__hiroshima__withbg__full__area,FinalFusion_SAM_APM_bg10_SupAttnPB__lab-ubuntu__20261001-121832,FinalFusion_SAM_APM_bg10_SupAttnPB,hiroshima,背景込み,通常,面積,,0.7086,0.5106,0.5935,,,,8097.0,,,2026-10-02T09:30:00,lab-ubuntu,3b9594d70f988f6246b4ba3ea7e506c806e4e348b7247aa2fcfbec79c8805189,テスト集合の作り方を地域間で揃えた集計
FinalFusion_SAM_APM_bg10_SupAttnPB__lab-ubuntu__20261001-121832__hiroshima__gtbg__full__inst__IoU--1-1--0.1-773618,FinalFusion_SAM_APM_bg10_SupAttnPB__lab-ubuntu__20261001-121832,FinalFusion_SAM_APM_bg10_SupAttnPB,hiroshima,警戒+背景,通常,箇所,IoU厳密1対1 (0.1),0.5831,0.6449,0.6125,,,,,9147,8271,2026-10-02T09:30:00,lab-ubuntu,3b9594d70f988f6246b4ba3ea7e506c806e4e348b7247aa2fcfbec79c8805189,連結性8近傍 / 最小サイズ10px / 二値化0.5
FinalFusion_SAM_APM_bg10_SupAttnPB__lab-ubuntu__20261001-121832__hiroshima__gtbg__full__inst__IoU--1-1--0.3-49ffab,FinalFusion_SAM_APM_bg10_SupAttnPB__lab-ubuntu__20261001-121832,FinalFusion_SAM_APM_bg10_SupAttnPB,hiroshima,警戒+背景,通常,箇所,IoU厳密1対1 (0.3),0.501,0.5541,0.5262,,,,,9147,8271,2026-10-02T09:30:00,lab-ubuntu,3b9594d70f988f6246b4ba3ea7e506c806e4e348b7247aa2fcfbec79c8805189,連結性8近傍 / 最小サイズ10px / 二値化0.5
FinalFusion_SAM_APM_bg10_SupAttnPB__lab-ubuntu__20261001-121832__hiroshima__gtbg__full__inst__IoU--1--0.1-b5e5ab,FinalFusion_SAM_APM_bg10_SupAttnPB__lab-ubuntu__20261001-121832,FinalFusion_SAM_APM_bg10_SupAttnPB,hiroshima,警戒+背景,通常,箇所,IoU多対1 (0.1),0.6527,0.6603,0.6564,,,,,9147,8271,2026-10-02T09:30:00,lab-ubuntu,3b9594d70f988f6246b4ba3ea7e506c806e4e348b7247aa2fcfbec79c8805189,連結性8近傍 / 最小サイズ10px / 二値化0.5
FinalFusion_SAM_APM_bg10_SupAttnPB__lab-ubuntu__20261001-121832__hiroshima__gtbg__full__inst__IoU--1--0.3-635d05,FinalFusion_SAM_APM_bg10_SupAttnPB__lab-ubuntu__20261001-121832,FinalFusion_SAM_APM_bg10_SupAttnPB,hiroshima,警戒+背景,通常,箇所,IoU多対1 (0.3),0.5068,0.5553,0.53,,,,,9147,8271,2026-10-02T09:30:00,lab-ubuntu,3b9594d70f988f6246b4ba3ea7e506c806e4e348b7247aa2fcfbec79c8805189,連結性8近傍 / 最小サイズ10px / 二値化0.5
FinalFusion_SAM_APM_bg10_SupAttnPB__lab-ubuntu__20261001-121832__hiroshima__gtbg__full__inst__cov_gt-0.3--cov_pred-0.3-a20df8,FinalFusion_SAM_APM_bg10_SupAttnPB__lab-ubuntu__20261001-121832,FinalFusion_SAM_APM_bg10_SupAttnPB,hiroshima,警戒+背景,通常,箇所,"被覆 (cov_gt=0.3, cov_pred=0.3)",0.6821,0.6524,0.6669,,,,,9147,8271,2026-10-02T09:30:00,lab-ubuntu,3b9594d70f988f6246b4ba3ea7e506c806e4e348b7247aa2fcfbec79c8805189,連結性8近傍 / 最小サイズ10px / 二値化0.5
FinalFusion_SAM_APM_bg10_SupAttnPB__lab-ubuntu__20261001-121832__hiroshima__gtbg__full__inst__cov_gt-0.5--cov_pred-0.1-549b9e,FinalFusion_SAM_APM_bg10_SupAttnPB__lab-ubuntu__20261001-121832,FinalFusion_SAM_APM_bg10_SupAttnPB,hiroshima,警戒+背景,通常,箇所,"被覆 (cov_gt=0.5, cov_pred=0.1)",0.6303,0.6889,0.6583,,,,,9147,8271,2026-10-02T09:30:00,lab-ubuntu,3b9594d70f988f6246b4ba3ea7e506c806e4e348b7247aa2fcfbec79c8805189,連結性8近傍 / 最小サイズ10px / 二値化0.5
FinalFusion_SAM_APM_bg10_SupAttnPB__lab-ubuntu__20261001-121832__hiroshima__gtbg__full__inst__cov_gt-0.5--cov_pred-0.3-ca4173,FinalFusion_SAM_APM_bg10_SupAttnPB__lab-ubuntu__20261001-121832,FinalFusion_SAM_APM_bg10_SupAttnPB,hiroshima,警戒+背景,通常,箇所,"被覆 (cov_gt=0.5, cov_pred=0.3)",0.6303,0.6524,0.6411,,,,,9147,8271,2026-10-02T09:30:00,lab-ubuntu,3b9594d70f988f6246b4ba3ea7e506c806e4e348b7247aa2fcfbec79c8805189,連結性8近傍 / 最小サイズ10px / 二値化0.5
FinalFusion_SAM_APM_bg10_SupAttnPB__lab-ubuntu__20261001-121832__hiroshima__gtbg__center__area,FinalFusion_SAM_APM_bg10_SupAttnPB__lab-ubuntu__20261001-121832,FinalFusion_SAM_APM_bg10_SupAttnPB,hiroshima,警戒+背景,境界,面積,,0.7392,0.6221,0.6757,,,,3430.0,,,2026-10-02T09:30:00,lab-ubuntu,3b9594d70f988f6246b4ba3ea7e506c806e4e348b7247aa2fcfbec79c8805189,tileanalysis による再推論。ノートブック出力と F値 0.0001 以内で一致
FinalFusion_SAM_APM_bg10_SupAttnPB__lab-ubuntu__20261001-121832__hiroshima__gtbg__full__area,FinalFusion_SAM_APM_bg10_SupAttnPB__lab-ubuntu__20261001-121832,FinalFusion_SAM_APM_bg10_SupAttnPB,hiroshima,警戒+背景,通常,面積,,0.7086,0.6155,0.6588,,,,3430.0,,,2026-10-02T09:30:00,lab-ubuntu,3b9594d70f988f6246b4ba3ea7e506c806e4e348b7247aa2fcfbec79c8805189,tileanalysis による再推論。ノートブック出力と F値 0.0001 以内で一致
FinalFusion_SAM_APM_bg10_SupAttnPB__lab-ubuntu__20261001-121832__shimane__all__full__inst__IoU--1-1--0.1-773618,FinalFusion_SAM_APM_bg10_SupAttnPB__lab-ubuntu__20261001-121832,FinalFusion_SAM_APM_bg10_SupAttnPB,shimane,全件,通常,箇所,IoU厳密1対1 (0.1),0.517,0.4868,0.5015,,,,,27445,29147,2026-10-02T09:30:00,lab-ubuntu,3b9594d70f988f6246b4ba3ea7e506c806e4e348b7247aa2fcfbec79c8805189,連結性8近傍 / 最小サイズ10px / 二値化0.5
FinalFusion_SAM_APM_bg10_SupAttnPB__lab-ubuntu__20261001-121832__shimane__all__full__inst__IoU--1-1--0.3-49ffab,FinalFusion_SAM_APM_bg10_SupAttnPB__lab-ubuntu__20261001-121832,FinalFusion_SAM_APM_bg10_SupAttnPB,shimane,全件,通常,箇所,IoU厳密1対1 (0.3),0.4218,0.3972,0.4091,,,,,27445,29147,2026-10-02T09:30:00,lab-ubuntu,3b9594d70f988f6246b4ba3ea7e506c806e4e348b7247aa2fcfbec79c8805189,連結性8近傍 / 最小サイズ10px / 二値化0.5
FinalFusion_SAM_APM_bg10_SupAttnPB__lab-ubuntu__20261001-121832__shimane__all__full__inst__IoU--1--0.1-b5e5ab,FinalFusion_SAM_APM_bg10_SupAttnPB__lab-ubuntu__20261001-121832,FinalFusion_SAM_APM_bg10_SupAttnPB,shimane,全件,通常,箇所,IoU多対1 (0.1),0.5589,0.5028,0.5294,,,,,27445,29147,2026-10-02T09:30:00,lab-ubuntu,3b9594d70f988f6246b4ba3ea7e506c806e4e348b7247aa2fcfbec79c8805189,連結性8近傍 / 最小サイズ10px / 二値化0.5
FinalFusion_SAM_APM_bg10_SupAttnPB__lab-ubuntu__20261001-121832__shimane__all__full__inst__IoU--1--0.3-635d05,FinalFusion_SAM_APM_bg10_SupAttnPB__lab-ubuntu__20261001-121832,FinalFusion_SAM_APM_bg10_SupAttnPB,shimane,全件,通常,箇所,IoU多対1 (0.3),0.4254,0.3979,0.4112,,,,,27445,29147,2026-10-02T09:30:00,lab-ubuntu,3b9594d70f988f6246b4ba3ea7e506c806e4e348b7247aa2fcfbec79c8805189,連結性8近傍 / 最小サイズ10px / 二値化0.5
FinalFusion_SAM_APM_bg10_SupAttnPB__lab-ubuntu__20261001-121832__shimane__all__full__inst__cov_gt-0.3--cov_pred-0.3-a20df8,FinalFusion_SAM_APM_bg10_SupAttnPB__lab-ubuntu__20261001-121832,FinalFusion_SAM_APM_bg10_SupAttnPB,shimane,全件,通常,箇所,"被覆 (cov_gt=0.3, cov_pred=0.3)",0.5398,0.5148,0.527,,,,,27445,29147,2026-10-02T09:30:00,lab-ubuntu,3b9594d70f988f6246b4ba3ea7e506c806e4e348b7247aa2fcfbec79c8805189,連結性8近傍 / 最小サイズ10px / 二値化0.5
FinalFusion_SAM_APM_bg10_SupAttnPB__lab-ubuntu__20261001-121832__shimane__all__full__inst__cov_gt-0.5--cov_pred-0.1-549b9e,FinalFusion_SAM_APM_bg10_SupAttnPB__lab-ubuntu__20261001-121832,FinalFusion_SAM_APM_bg10_SupAttnPB,shimane,全件,通常,箇所,"被覆 (cov_gt=0.5, cov_pred=0.1)",0.4575,0.5415,0.496,,,,,27445,29147,2026-10-02T09:30:00,lab-ubuntu,3b9594d70f988f6246b4ba3ea7e506c806e4e348b7247aa2fcfbec79c8805189,連結性8近傍 / 最小サイズ10px / 二値化0.5
FinalFusion_SAM_APM_bg10_SupAttnPB__lab-ubuntu__20261001-121832__shimane__all__full__inst__cov_gt-0.5--cov_pred-0.3-ca4173,FinalFusion_SAM_APM_bg10_SupAttnPB__lab-ubuntu__20261001-121832,FinalFusion_SAM_APM_bg10_SupAttnPB,shimane,全件,通常,箇所,"被覆 (cov_gt=0.5, cov_pred=0.3)",0.4575,0.5148,0.4845,,,,,27445,29147,2026-10-02T09:30:00,lab-ubuntu,3b9594d70f988f6246b4ba3ea7e506c806e4e348b7247aa2fcfbec79c8805189,連結性8近傍 / 最小サイズ10px / 二値化0.5
FinalFusion_SAM_APM_bg10_SupAttnPB__lab-ubuntu__20261001-121832__shimane__all__center__area,FinalFusion_SAM_APM_bg10_SupAttnPB__lab-ubuntu__20261001-121832,FinalFusion_SAM_APM_bg10_SupAttnPB,shimane,全件,境界,面積,,0.5669,0.5658,0.5663,,,,24569.0,,,2026-10-02T09:30:00,lab-ubuntu,3b9594d70f988f6246b4ba3ea7e506c806e4e348b7247aa2fcfbec79c8805189,tileanalysis による再推論。ノートブック出力と F値 0.0001 以内で一致
FinalFusion_SAM_APM_bg10_SupAttnPB__lab-ubuntu__20261001-121832__shimane__all__full__area,FinalFusion_SAM_APM_bg10_SupAttnPB__lab-ubuntu__20261001-121832,FinalFusion_SAM_APM_bg10_SupAttnPB,shimane,全件,通常,面積,,0.5401,0.5433,0.5417,,,,24569.0,,,2026-10-02T09:30:00,lab-ubuntu,3b9594d70f988f6246b4ba3ea7e506c806e4e348b7247aa2fcfbec79c8805189,tileanalysis による再推論。ノートブック出力と F値 0.0001 以内で一致
FinalFusion_SAM_APM_bg10_SupAttnPB__lab-ubuntu__20261001-121832__shimane__gtonly__full__area,FinalFusion_SAM_APM_bg10_SupAttnPB__lab-ubuntu__20261001-121832,FinalFusion_SAM_APM_bg10_SupAttnPB,shimane,警戒のみ,通常,面積,,0.5401,0.6451,0.588,,,,9679.0,,,2026-10-02T09:30:00,lab-ubuntu,3b9594d70f988f6246b4ba3ea7e506c806e4e348b7247aa2fcfbec79c8805189,テスト集合の作り方を地域間で揃えた集計
MIddleFusion_DEM_APM__lab-pc__20260925-000000__hiroshima__withbg__full__area,MIddleFusion_DEM_APM__lab-pc__20260925-000000,MIddleFusion_DEM_APM,hiroshima,背景込み,通常,面積,,0.72,0.511,0.5978,,,,7631,,,2026-09-26T00:00:00,SomanoMacBook-Air,57215ea4afee824bdac7e33d03c783cfc35c798b9bac12da547f3f07b1e88f52,テスト集合の作り方を地域間で揃えた集計
MIddleFusion_DEM_APM__lab-pc__20260925-000000__hiroshima__gtonly__full__inst__IoU--1-1--0.1-773618,MIddleFusion_DEM_APM__lab-pc__20260925-000000,MIddleFusion_DEM_APM,hiroshima,警戒のみ,通常,箇所,IoU厳密1対1 (0.1),0.6047,0.6315,0.6178,,,,,8977,8596,2026-09-26T00:00:00,SomanoMacBook-Air,57215ea4afee824bdac7e33d03c783cfc35c798b9bac12da547f3f07b1e88f52,連結性8近傍 / 最小サイズ10px / 二値化0.5
MIddleFusion_DEM_APM__lab-pc__20260925-000000__hiroshima__gtonly__full__inst__IoU--1-1--0.3-49ffab,MIddleFusion_DEM_APM__lab-pc__20260925-000000,MIddleFusion_DEM_APM,hiroshima,警戒のみ,通常,箇所,IoU厳密1対1 (0.3),0.5203,0.5434,0.5316,,,,,8977,8596,2026-09-26T00:00:00,SomanoMacBook-Air,57215ea4afee824bdac7e33d03c783cfc35c798b9bac12da547f3f07b1e88f52,連結性8近傍 / 最小サイズ10px / 二値化0.5
MIddleFusion_DEM_APM__lab-pc__20260925-000000__hiroshima__gtonly__full__inst__IoU--1--0.1-b5e5ab,MIddleFusion_DEM_APM__lab-pc__20260925-000000,MIddleFusion_DEM_APM,hiroshima,警戒のみ,通常,箇所,IoU多対1 (0.1),0.6682,0.6534,0.6607,,,,,8977,8596,2026-09-26T00:00:00,SomanoMacBook-Air,57215ea4afee824bdac7e33d03c783cfc35c798b9bac12da547f3f07b1e88f52,連結性8近傍 / 最小サイズ10px / 二値化0.5
MIddleFusion_DEM_APM__lab-pc__20260925-000000__hiroshima__gtonly__full__inst__IoU--1--0.3-635d05,MIddleFusion_DEM_APM__lab-pc__20260925-000000,MIddleFusion_DEM_APM,hiroshima,警戒のみ,通常,箇所,IoU多対1 (0.3),0.5259,0.546,0.5357,,,,,8977,8596,2026-09-26T00:00:00,SomanoMacBook-Air,57215ea4afee824bdac7e33d03c783cfc35c798b9bac12da547f3f07b1e88f52,連結性8近傍 / 最小サイズ10px / 二値化0.5
MIddleFusion_DEM_APM__lab-pc__20260925-000000__hiroshima__gtonly__full__inst__cov_gt-0.3--cov_pred-0.3-a20df8,MIddleFusion_DEM_APM__lab-pc__20260925-000000,MIddleFusion_DEM_APM,hiroshima,警戒のみ,通常,箇所,"被覆 (cov_gt=0.3, cov_pred=0.3)",0.6995,0.6511,0.6744,,,,,8977,8596,2026-09-26T00:00:00,SomanoMacBook-Air,57215ea4afee824bdac7e33d03c783cfc35c798b9bac12da547f3f07b1e88f52,連結性8近傍 / 最小サイズ10px / 二値化0.5
MIddleFusion_DEM_APM__lab-pc__20260925-000000__hiroshima__gtonly__full__inst__cov_gt-0.5--cov_pred-0.1-549b9e,MIddleFusion_DEM_APM__lab-pc__20260925-000000,MIddleFusion_DEM_APM,hiroshima,警戒のみ,通常,箇所,"被覆 (cov_gt=0.5, cov_pred=0.1)",0.6449,0.6887,0.6661,,,,,8977,8596,2026-09-26T00:00:00,SomanoMacBook-Air,57215ea4afee824bdac7e33d03c783cfc35c798b9bac12da547f3f07b1e88f52,連結性8近傍 / 最小サイズ10px / 二値化0.5
MIddleFusion_DEM_APM__lab-pc__20260925-000000__hiroshima__gtonly__full__inst__cov_gt-0.5--cov_pred-0.3-ca4173,MIddleFusion_DEM_APM__lab-pc__20260925-000000,MIddleFusion_DEM_APM,hiroshima,警戒のみ,通常,箇所,"被覆 (cov_gt=0.5, cov_pred=0.3)",0.6449,0.6511,0.648,,,,,8977,8596,2026-09-26T00:00:00,SomanoMacBook-Air,57215ea4afee824bdac7e33d03c783cfc35c798b9bac12da547f3f07b1e88f52,連結性8近傍 / 最小サイズ10px / 二値化0.5
MIddleFusion_DEM_APM__lab-pc__20260925-000000__hiroshima__gtonly__center__area,MIddleFusion_DEM_APM__lab-pc__20260925-000000,MIddleFusion_DEM_APM,hiroshima,警戒のみ,境界,面積,,0.7424,0.6552,0.6961,,,,2964.0,,,2026-09-26T00:00:00,SomanoMacBook-Air,57215ea4afee824bdac7e33d03c783cfc35c798b9bac12da547f3f07b1e88f52,tileanalysis による再推論。ノートブック出力と F値 0.0001 以内で一致
MIddleFusion_DEM_APM__lab-pc__20260925-000000__hiroshima__gtonly__full__area,MIddleFusion_DEM_APM__lab-pc__20260925-000000,MIddleFusion_DEM_APM,hiroshima,警戒のみ,通常,面積,,0.72,0.6414,0.6784,,,,2964.0,,,2026-09-26T00:00:00,SomanoMacBook-Air,57215ea4afee824bdac7e33d03c783cfc35c798b9bac12da547f3f07b1e88f52,tileanalysis による再推論。ノートブック出力と F値 0.0001 以内で一致
MIddleFusion_DEM_APM__lab-pc__20260925-000000__hiroshima_bg__bgonly__full__inst__IoU--1-1--0.1-773618,MIddleFusion_DEM_APM__lab-pc__20260925-000000,MIddleFusion_DEM_APM,hiroshima_bg,背景のみ,通常,箇所,IoU厳密1対1 (0.1),,0.0,0.0,,,,,0,19631,2026-09-26T00:00:00,SomanoMacBook-Air,57215ea4afee824bdac7e33d03c783cfc35c798b9bac12da547f3f07b1e88f52,連結性8近傍 / 最小サイズ10px / 二値化0.5
MIddleFusion_DEM_APM__lab-pc__20260925-000000__hiroshima_bg__bgonly__full__inst__IoU--1-1--0.3-49ffab,MIddleFusion_DEM_APM__lab-pc__20260925-000000,MIddleFusion_DEM_APM,hiroshima_bg,背景のみ,通常,箇所,IoU厳密1対1 (0.3),,0.0,0.0,,,,,0,19631,2026-09-26T00:00:00,SomanoMacBook-Air,57215ea4afee824bdac7e33d03c783cfc35c798b9bac12da547f3f07b1e88f52,連結性8近傍 / 最小サイズ10px / 二値化0.5
MIddleFusion_DEM_APM__lab-pc__20260925-000000__hiroshima_bg__bgonly__full__inst__IoU--1--0.1-b5e5ab,MIddleFusion_DEM_APM__lab-pc__20260925-000000,MIddleFusion_DEM_APM,hiroshima_bg,背景のみ,通常,箇所,IoU多対1 (0.1),,0.0,0.0,,,,,0,19631,2026-09-26T00:00:00,SomanoMacBook-Air,57215ea4afee824bdac7e33d03c783cfc35c798b9bac12da547f3f07b1e88f52,連結性8近傍 / 最小サイズ10px / 二値化0.5
MIddleFusion_DEM_APM__lab-pc__20260925-000000__hiroshima_bg__bgonly__full__inst__IoU--1--0.3-635d05,MIddleFusion_DEM_APM__lab-pc__20260925-000000,MIddleFusion_DEM_APM,hiroshima_bg,背景のみ,通常,箇所,IoU多対1 (0.3),,0.0,0.0,,,,,0,19631,2026-09-26T00:00:00,SomanoMacBook-Air,57215ea4afee824bdac7e33d03c783cfc35c798b9bac12da547f3f07b1e88f52,連結性8近傍 / 最小サイズ10px / 二値化0.5
MIddleFusion_DEM_APM__lab-pc__20260925-000000__hiroshima_bg__bgonly__full__inst__cov_gt-0.3--cov_pred-0.3-a20df8,MIddleFusion_DEM_APM__lab-pc__20260925-000000,MIddleFusion_DEM_APM,hiroshima_bg,背景のみ,通常,箇所,"被覆 (cov_gt=0.3, cov_pred=0.3)",,0.0,0.0,,,,,0,19631,2026-09-26T00:00:00,SomanoMacBook-Air,57215ea4afee824bdac7e33d03c783cfc35c798b9bac12da547f3f07b1e88f52,連結性8近傍 / 最小サイズ10px / 二値化0.5
MIddleFusion_DEM_APM__lab-pc__20260925-000000__hiroshima_bg__bgonly__full__inst__cov_gt-0.5--cov_pred-0.1-549b9e,MIddleFusion_DEM_APM__lab-pc__20260925-000000,MIddleFusion_DEM_APM,hiroshima_bg,背景のみ,通常,箇所,"被覆 (cov_gt=0.5, cov_pred=0.1)",,0.0,0.0,,,,,0,19631,2026-09-26T00:00:00,SomanoMacBook-Air,57215ea4afee824bdac7e33d03c783cfc35c798b9bac12da547f3f07b1e88f52,連結性8近傍 / 最小サイズ10px / 二値化0.5
MIddleFusion_DEM_APM__lab-pc__20260925-000000__hiroshima_bg__bgonly__full__inst__cov_gt-0.5--cov_pred-0.3-ca4173,MIddleFusion_DEM_APM__lab-pc__20260925-000000,MIddleFusion_DEM_APM,hiroshima_bg,背景のみ,通常,箇所,"被覆 (cov_gt=0.5, cov_pred=0.3)",,0.0,0.0,,,,,0,19631,2026-09-26T00:00:00,SomanoMacBook-Air,57215ea4afee824bdac7e33d03c783cfc35c798b9bac12da547f3f07b1e88f52,連結性8近傍 / 最小サイズ10px / 二値化0.5
MIddleFusion_DEM_APM__lab-pc__20260925-000000__shimane__all__full__inst__IoU--1-1--0.1-773618,MIddleFusion_DEM_APM__lab-pc__20260925-000000,MIddleFusion_DEM_APM,shimane,全件,通常,箇所,IoU厳密1対1 (0.1),0.5525,0.452,0.4972,,,,,27445,33545,2026-09-26T00:00:00,SomanoMacBook-Air,57215ea4afee824bdac7e33d03c783cfc35c798b9bac12da547f3f07b1e88f52,連結性8近傍 / 最小サイズ10px / 二値化0.5
MIddleFusion_DEM_APM__lab-pc__20260925-000000__shimane__all__full__inst__IoU--1-1--0.3-49ffab,MIddleFusion_DEM_APM__lab-pc__20260925-000000,MIddleFusion_DEM_APM,shimane,全件,通常,箇所,IoU厳密1対1 (0.3),0.4592,0.3757,0.4133,,,,,27445,33545,2026-09-26T00:00:00,SomanoMacBook-Air,57215ea4afee824bdac7e33d03c783cfc35c798b9bac12da547f3f07b1e88f52,連結性8近傍 / 最小サイズ10px / 二値化0.5
MIddleFusion_DEM_APM__lab-pc__20260925-000000__shimane__all__full__inst__IoU--1--0.1-b5e5ab,MIddleFusion_DEM_APM__lab-pc__20260925-000000,MIddleFusion_DEM_APM,shimane,全件,通常,箇所,IoU多対1 (0.1),0.5939,0.4696,0.5245,,,,,27445,33545,2026-09-26T00:00:00,SomanoMacBook-Air,57215ea4afee824bdac7e33d03c783cfc35c798b9bac12da547f3f07b1e88f52,連結性8近傍 / 最小サイズ10px / 二値化0.5
MIddleFusion_DEM_APM__lab-pc__20260925-000000__shimane__all__full__inst__IoU--1--0.3-635d05,MIddleFusion_DEM_APM__lab-pc__20260925-000000,MIddleFusion_DEM_APM,shimane,全件,通常,箇所,IoU多対1 (0.3),0.4627,0.3767,0.4153,,,,,27445,33545,2026-09-26T00:00:00,SomanoMacBook-Air,57215ea4afee824bdac7e33d03c783cfc35c798b9bac12da547f3f07b1e88f52,連結性8近傍 / 最小サイズ10px / 二値化0.5
MIddleFusion_DEM_APM__lab-pc__20260925-000000__shimane__all__full__inst__cov_gt-0.3--cov_pred-0.3-a20df8,MIddleFusion_DEM_APM__lab-pc__20260925-000000,MIddleFusion_DEM_APM,shimane,全件,通常,箇所,"被覆 (cov_gt=0.3, cov_pred=0.3)",0.5793,0.4738,0.5213,,,,,27445,33545,2026-09-26T00:00:00,SomanoMacBook-Air,57215ea4afee824bdac7e33d03c783cfc35c798b9bac12da547f3f07b1e88f52,連結性8近傍 / 最小サイズ10px / 二値化0.5
MIddleFusion_DEM_APM__lab-pc__20260925-000000__shimane__all__full__inst__cov_gt-0.5--cov_pred-0.1-549b9e,MIddleFusion_DEM_APM__lab-pc__20260925-000000,MIddleFusion_DEM_APM,shimane,全件,通常,箇所,"被覆 (cov_gt=0.5, cov_pred=0.1)",0.4934,0.499,0.4962,,,,,27445,33545,2026-09-26T00:00:00,SomanoMacBook-Air,57215ea4afee824bdac7e33d03c783cfc35c798b9bac12da547f3f07b1e88f52,連結性8近傍 / 最小サイズ10px / 二値化0.5
MIddleFusion_DEM_APM__lab-pc__20260925-000000__shimane__all__full__inst__cov_gt-0.5--cov_pred-0.3-ca4173,MIddleFusion_DEM_APM__lab-pc__20260925-000000,MIddleFusion_DEM_APM,shimane,全件,通常,箇所,"被覆 (cov_gt=0.5, cov_pred=0.3)",0.4934,0.4738,0.4834,,,,,27445,33545,2026-09-26T00:00:00,SomanoMacBook-Air,57215ea4afee824bdac7e33d03c783cfc35c798b9bac12da547f3f07b1e88f52,連結性8近傍 / 最小サイズ10px / 二値化0.5
MIddleFusion_DEM_APM__lab-pc__20260925-000000__shimane__all__center__area,MIddleFusion_DEM_APM__lab-pc__20260925-000000,MIddleFusion_DEM_APM,shimane,全件,境界,面積,,0.5853,0.5651,0.575,,,,24569.0,,,2026-09-26T00:00:00,SomanoMacBook-Air,57215ea4afee824bdac7e33d03c783cfc35c798b9bac12da547f3f07b1e88f52,tileanalysis による再推論。ノートブック出力と F値 0.0001 以内で一致
MIddleFusion_DEM_APM__lab-pc__20260925-000000__shimane__all__full__area,MIddleFusion_DEM_APM__lab-pc__20260925-000000,MIddleFusion_DEM_APM,shimane,全件,通常,面積,,0.5644,0.5309,0.5471,,,,24569.0,,,2026-09-26T00:00:00,SomanoMacBook-Air,57215ea4afee824bdac7e33d03c783cfc35c798b9bac12da547f3f07b1e88f52,tileanalysis による再推論。ノートブック出力と F値 0.0001 以内で一致
MIddleFusion_DEM_APM__lab-pc__20260925-000000__shimane__gtonly__full__area,MIddleFusion_DEM_APM__lab-pc__20260925-000000,MIddleFusion_DEM_APM,shimane,警戒のみ,通常,面積,,0.5644,0.6423,0.6008,,,,9679,,,2026-09-26T00:00:00,SomanoMacBook-Air,57215ea4afee824bdac7e33d03c783cfc35c798b9bac12da547f3f07b1e88f52,テスト集合の作り方を地域間で揃えた集計
MiddleFusion_SAM_APM__lab-pc__20260925-000000__hiroshima__withbg__full__area,MiddleFusion_SAM_APM__lab-pc__20260925-000000,MiddleFusion_SAM_APM,hiroshima,背景込み,通常,面積,,0.699,0.5308,0.6034,,,,7631,,,2026-09-26T00:00:00,SomanoMacBook-Air,f26e69a939645e642eb929561ff5e7782d2a262063e7db2042d1765583a11b59,テスト集合の作り方を地域間で揃えた集計
MiddleFusion_SAM_APM__lab-pc__20260925-000000__hiroshima__gtonly__full__inst__IoU--1-1--0.1-773618,MiddleFusion_SAM_APM__lab-pc__20260925-000000,MiddleFusion_SAM_APM,hiroshima,警戒のみ,通常,箇所,IoU厳密1対1 (0.1),0.6011,0.6563,0.6275,,,,,8977,8222,2026-09-26T00:00:00,SomanoMacBook-Air,f26e69a939645e642eb929561ff5e7782d2a262063e7db2042d1765583a11b59,連結性8近傍 / 最小サイズ10px / 二値化0.5
MiddleFusion_SAM_APM__lab-pc__20260925-000000__hiroshima__gtonly__full__inst__IoU--1-1--0.3-49ffab,MiddleFusion_SAM_APM__lab-pc__20260925-000000,MiddleFusion_SAM_APM,hiroshima,警戒のみ,通常,箇所,IoU厳密1対1 (0.3),0.5159,0.5632,0.5385,,,,,8977,8222,2026-09-26T00:00:00,SomanoMacBook-Air,f26e69a939645e642eb929561ff5e7782d2a262063e7db2042d1765583a11b59,連結性8近傍 / 最小サイズ10px / 二値化0.5
MiddleFusion_SAM_APM__lab-pc__20260925-000000__hiroshima__gtonly__full__inst__IoU--1--0.1-b5e5ab,MiddleFusion_SAM_APM__lab-pc__20260925-000000,MiddleFusion_SAM_APM,hiroshima,警戒のみ,通常,箇所,IoU多対1 (0.1),0.6679,0.6756,0.6718,,,,,8977,8222,2026-09-26T00:00:00,SomanoMacBook-Air,f26e69a939645e642eb929561ff5e7782d2a262063e7db2042d1765583a11b59,連結性8近傍 / 最小サイズ10px / 二値化0.5
MiddleFusion_SAM_APM__lab-pc__20260925-000000__hiroshima__gtonly__full__inst__IoU--1--0.3-635d05,MiddleFusion_SAM_APM__lab-pc__20260925-000000,MiddleFusion_SAM_APM,hiroshima,警戒のみ,通常,箇所,IoU多対1 (0.3),0.522,0.5657,0.543,,,,,8977,8222,2026-09-26T00:00:00,SomanoMacBook-Air,f26e69a939645e642eb929561ff5e7782d2a262063e7db2042d1765583a11b59,連結性8近傍 / 最小サイズ10px / 二値化0.5
MiddleFusion_SAM_APM__lab-pc__20260925-000000__hiroshima__gtonly__full__inst__cov_gt-0.3--cov_pred-0.3-a20df8,MiddleFusion_SAM_APM__lab-pc__20260925-000000,MiddleFusion_SAM_APM,hiroshima,警戒のみ,通常,箇所,"被覆 (cov_gt=0.3, cov_pred=0.3)",0.6937,0.6683,0.6808,,,,,8977,8222,2026-09-26T00:00:00,SomanoMacBook-Air,f26e69a939645e642eb929561ff5e7782d2a262063e7db2042d1765583a11b59,連結性8近傍 / 最小サイズ10px / 二値化0.5
MiddleFusion_SAM_APM__lab-pc__20260925-000000__hiroshima__gtonly__full__inst__cov_gt-0.5--cov_pred-0.1-549b9e,MiddleFusion_SAM_APM__lab-pc__20260925-000000,MiddleFusion_SAM_APM,hiroshima,警戒のみ,通常,箇所,"被覆 (cov_gt=0.5, cov_pred=0.1)",0.6416,0.7052,0.6719,,,,,8977,8222,2026-09-26T00:00:00,SomanoMacBook-Air,f26e69a939645e642eb929561ff5e7782d2a262063e7db2042d1765583a11b59,連結性8近傍 / 最小サイズ10px / 二値化0.5
MiddleFusion_SAM_APM__lab-pc__20260925-000000__hiroshima__gtonly__full__inst__cov_gt-0.5--cov_pred-0.3-ca4173,MiddleFusion_SAM_APM__lab-pc__20260925-000000,MiddleFusion_SAM_APM,hiroshima,警戒のみ,通常,箇所,"被覆 (cov_gt=0.5, cov_pred=0.3)",0.6416,0.6683,0.6547,,,,,8977,8222,2026-09-26T00:00:00,SomanoMacBook-Air,f26e69a939645e642eb929561ff5e7782d2a262063e7db2042d1765583a11b59,連結性8近傍 / 最小サイズ10px / 二値化0.5
MiddleFusion_SAM_APM__lab-pc__20260925-000000__hiroshima__gtonly__center__area,MiddleFusion_SAM_APM__lab-pc__20260925-000000,MiddleFusion_SAM_APM,hiroshima,警戒のみ,境界,面積,,0.7164,0.66,0.6871,,,,2964.0,,,2026-09-26T00:00:00,SomanoMacBook-Air,f26e69a939645e642eb929561ff5e7782d2a262063e7db2042d1765583a11b59,tileanalysis による再推論。ノートブック出力と F値 0.0001 以内で一致
MiddleFusion_SAM_APM__lab-pc__20260925-000000__hiroshima__gtonly__full__area,MiddleFusion_SAM_APM__lab-pc__20260925-000000,MiddleFusion_SAM_APM,hiroshima,警戒のみ,通常,面積,,0.699,0.6472,0.6721,,,,2964.0,,,2026-09-26T00:00:00,SomanoMacBook-Air,f26e69a939645e642eb929561ff5e7782d2a262063e7db2042d1765583a11b59,tileanalysis による再推論。ノートブック出力と F値 0.0001 以内で一致
MiddleFusion_SAM_APM__lab-pc__20260925-000000__hiroshima_bg__bgonly__full__inst__IoU--1-1--0.1-773618,MiddleFusion_SAM_APM__lab-pc__20260925-000000,MiddleFusion_SAM_APM,hiroshima_bg,背景のみ,通常,箇所,IoU厳密1対1 (0.1),,0.0,0.0,,,,,0,14727,2026-09-26T00:00:00,SomanoMacBook-Air,f26e69a939645e642eb929561ff5e7782d2a262063e7db2042d1765583a11b59,連結性8近傍 / 最小サイズ10px / 二値化0.5
MiddleFusion_SAM_APM__lab-pc__20260925-000000__hiroshima_bg__bgonly__full__inst__IoU--1-1--0.3-49ffab,MiddleFusion_SAM_APM__lab-pc__20260925-000000,MiddleFusion_SAM_APM,hiroshima_bg,背景のみ,通常,箇所,IoU厳密1対1 (0.3),,0.0,0.0,,,,,0,14727,2026-09-26T00:00:00,SomanoMacBook-Air,f26e69a939645e642eb929561ff5e7782d2a262063e7db2042d1765583a11b59,連結性8近傍 / 最小サイズ10px / 二値化0.5
MiddleFusion_SAM_APM__lab-pc__20260925-000000__hiroshima_bg__bgonly__full__inst__IoU--1--0.1-b5e5ab,MiddleFusion_SAM_APM__lab-pc__20260925-000000,MiddleFusion_SAM_APM,hiroshima_bg,背景のみ,通常,箇所,IoU多対1 (0.1),,0.0,0.0,,,,,0,14727,2026-09-26T00:00:00,SomanoMacBook-Air,f26e69a939645e642eb929561ff5e7782d2a262063e7db2042d1765583a11b59,連結性8近傍 / 最小サイズ10px / 二値化0.5
MiddleFusion_SAM_APM__lab-pc__20260925-000000__hiroshima_bg__bgonly__full__inst__IoU--1--0.3-635d05,MiddleFusion_SAM_APM__lab-pc__20260925-000000,MiddleFusion_SAM_APM,hiroshima_bg,背景のみ,通常,箇所,IoU多対1 (0.3),,0.0,0.0,,,,,0,14727,2026-09-26T00:00:00,SomanoMacBook-Air,f26e69a939645e642eb929561ff5e7782d2a262063e7db2042d1765583a11b59,連結性8近傍 / 最小サイズ10px / 二値化0.5
MiddleFusion_SAM_APM__lab-pc__20260925-000000__hiroshima_bg__bgonly__full__inst__cov_gt-0.3--cov_pred-0.3-a20df8,MiddleFusion_SAM_APM__lab-pc__20260925-000000,MiddleFusion_SAM_APM,hiroshima_bg,背景のみ,通常,箇所,"被覆 (cov_gt=0.3, cov_pred=0.3)",,0.0,0.0,,,,,0,14727,2026-09-26T00:00:00,SomanoMacBook-Air,f26e69a939645e642eb929561ff5e7782d2a262063e7db2042d1765583a11b59,連結性8近傍 / 最小サイズ10px / 二値化0.5
MiddleFusion_SAM_APM__lab-pc__20260925-000000__hiroshima_bg__bgonly__full__inst__cov_gt-0.5--cov_pred-0.1-549b9e,MiddleFusion_SAM_APM__lab-pc__20260925-000000,MiddleFusion_SAM_APM,hiroshima_bg,背景のみ,通常,箇所,"被覆 (cov_gt=0.5, cov_pred=0.1)",,0.0,0.0,,,,,0,14727,2026-09-26T00:00:00,SomanoMacBook-Air,f26e69a939645e642eb929561ff5e7782d2a262063e7db2042d1765583a11b59,連結性8近傍 / 最小サイズ10px / 二値化0.5
MiddleFusion_SAM_APM__lab-pc__20260925-000000__hiroshima_bg__bgonly__full__inst__cov_gt-0.5--cov_pred-0.3-ca4173,MiddleFusion_SAM_APM__lab-pc__20260925-000000,MiddleFusion_SAM_APM,hiroshima_bg,背景のみ,通常,箇所,"被覆 (cov_gt=0.5, cov_pred=0.3)",,0.0,0.0,,,,,0,14727,2026-09-26T00:00:00,SomanoMacBook-Air,f26e69a939645e642eb929561ff5e7782d2a262063e7db2042d1765583a11b59,連結性8近傍 / 最小サイズ10px / 二値化0.5
MiddleFusion_SAM_APM__lab-pc__20260925-000000__shimane__all__full__inst__IoU--1-1--0.1-773618,MiddleFusion_SAM_APM__lab-pc__20260925-000000,MiddleFusion_SAM_APM,shimane,全件,通常,箇所,IoU厳密1対1 (0.1),0.5352,0.4832,0.5078,,,,,27445,30399,2026-09-26T00:00:00,SomanoMacBook-Air,f26e69a939645e642eb929561ff5e7782d2a262063e7db2042d1765583a11b59,連結性8近傍 / 最小サイズ10px / 二値化0.5
MiddleFusion_SAM_APM__lab-pc__20260925-000000__shimane__all__full__inst__IoU--1-1--0.3-49ffab,MiddleFusion_SAM_APM__lab-pc__20260925-000000,MiddleFusion_SAM_APM,shimane,全件,通常,箇所,IoU厳密1対1 (0.3),0.4372,0.3947,0.4148,,,,,27445,30399,2026-09-26T00:00:00,SomanoMacBook-Air,f26e69a939645e642eb929561ff5e7782d2a262063e7db2042d1765583a11b59,連結性8近傍 / 最小サイズ10px / 二値化0.5
MiddleFusion_SAM_APM__lab-pc__20260925-000000__shimane__all__full__inst__IoU--1--0.1-b5e5ab,MiddleFusion_SAM_APM__lab-pc__20260925-000000,MiddleFusion_SAM_APM,shimane,全件,通常,箇所,IoU多対1 (0.1),0.5754,0.5007,0.5354,,,,,27445,30399,2026-09-26T00:00:00,SomanoMacBook-Air,f26e69a939645e642eb929561ff5e7782d2a262063e7db2042d1765583a11b59,連結性8近傍 / 最小サイズ10px / 二値化0.5
MiddleFusion_SAM_APM__lab-pc__20260925-000000__shimane__all__full__inst__IoU--1--0.3-635d05,MiddleFusion_SAM_APM__lab-pc__20260925-000000,MiddleFusion_SAM_APM,shimane,全件,通常,箇所,IoU多対1 (0.3),0.4407,0.3955,0.4168,,,,,27445,30399,2026-09-26T00:00:00,SomanoMacBook-Air,f26e69a939645e642eb929561ff5e7782d2a262063e7db2042d1765583a11b59,連結性8近傍 / 最小サイズ10px / 二値化0.5
MiddleFusion_SAM_APM__lab-pc__20260925-000000__shimane__all__full__inst__cov_gt-0.3--cov_pred-0.3-a20df8,MiddleFusion_SAM_APM__lab-pc__20260925-000000,MiddleFusion_SAM_APM,shimane,全件,通常,箇所,"被覆 (cov_gt=0.3, cov_pred=0.3)",0.555,0.508,0.5305,,,,,27445,30399,2026-09-26T00:00:00,SomanoMacBook-Air,f26e69a939645e642eb929561ff5e7782d2a262063e7db2042d1765583a11b59,連結性8近傍 / 最小サイズ10px / 二値化0.5
MiddleFusion_SAM_APM__lab-pc__20260925-000000__shimane__all__full__inst__cov_gt-0.5--cov_pred-0.1-549b9e,MiddleFusion_SAM_APM__lab-pc__20260925-000000,MiddleFusion_SAM_APM,shimane,全件,通常,箇所,"被覆 (cov_gt=0.5, cov_pred=0.1)",0.4631,0.5353,0.4966,,,,,27445,30399,2026-09-26T00:00:00,SomanoMacBook-Air,f26e69a939645e642eb929561ff5e7782d2a262063e7db2042d1765583a11b59,連結性8近傍 / 最小サイズ10px / 二値化0.5
MiddleFusion_SAM_APM__lab-pc__20260925-000000__shimane__all__full__inst__cov_gt-0.5--cov_pred-0.3-ca4173,MiddleFusion_SAM_APM__lab-pc__20260925-000000,MiddleFusion_SAM_APM,shimane,全件,通常,箇所,"被覆 (cov_gt=0.5, cov_pred=0.3)",0.4631,0.508,0.4845,,,,,27445,30399,2026-09-26T00:00:00,SomanoMacBook-Air,f26e69a939645e642eb929561ff5e7782d2a262063e7db2042d1765583a11b59,連結性8近傍 / 最小サイズ10px / 二値化0.5
MiddleFusion_SAM_APM__lab-pc__20260925-000000__shimane__all__center__area,MiddleFusion_SAM_APM__lab-pc__20260925-000000,MiddleFusion_SAM_APM,shimane,全件,境界,面積,,0.5483,0.5711,0.5594,,,,24569.0,,,2026-09-26T00:00:00,SomanoMacBook-Air,f26e69a939645e642eb929561ff5e7782d2a262063e7db2042d1765583a11b59,tileanalysis による再推論。ノートブック出力と F値 0.0001 以内で一致
MiddleFusion_SAM_APM__lab-pc__20260925-000000__shimane__all__full__area,MiddleFusion_SAM_APM__lab-pc__20260925-000000,MiddleFusion_SAM_APM,shimane,全件,通常,面積,,0.5311,0.5389,0.535,,,,24569.0,,,2026-09-26T00:00:00,SomanoMacBook-Air,f26e69a939645e642eb929561ff5e7782d2a262063e7db2042d1765583a11b59,tileanalysis による再推論。ノートブック出力と F値 0.0001 以内で一致
MiddleFusion_SAM_APM__lab-pc__20260925-000000__shimane__gtonly__full__area,MiddleFusion_SAM_APM__lab-pc__20260925-000000,MiddleFusion_SAM_APM,shimane,警戒のみ,通常,面積,,0.5311,0.6441,0.5821,,,,9679,,,2026-09-26T00:00:00,SomanoMacBook-Air,f26e69a939645e642eb929561ff5e7782d2a262063e7db2042d1765583a11b59,テスト集合の作り方を地域間で揃えた集計
Train_Hiroshima_Test_Shimane_OnlyDEM__lab-pc__20260925-000000__hiroshima__withbg__full__area,Train_Hiroshima_Test_Shimane_OnlyDEM__lab-pc__20260925-000000,Train_Hiroshima_Test_Shimane_OnlyDEM,hiroshima,背景込み,通常,面積,,0.6587,0.4212,0.5139,,,,7631,,,2026-09-26T00:00:00,SomanoMacBook-Air,82763be30f0061366601e6f2474a6bcd188a79fed03b246e75c77a6186331c28,テスト集合の作り方を地域間で揃えた集計
Train_Hiroshima_Test_Shimane_OnlyDEM__lab-pc__20260925-000000__hiroshima__gtonly__full__inst__IoU--1-1--0.1-773618,Train_Hiroshima_Test_Shimane_OnlyDEM__lab-pc__20260925-000000,Train_Hiroshima_Test_Shimane_OnlyDEM,hiroshima,警戒のみ,通常,箇所,IoU厳密1対1 (0.1),0.5086,0.5338,0.5209,,,,,8977,8553,2026-09-26T00:00:00,SomanoMacBook-Air,82763be30f0061366601e6f2474a6bcd188a79fed03b246e75c77a6186331c28,連結性8近傍 / 最小サイズ10px / 二値化0.5
Train_Hiroshima_Test_Shimane_OnlyDEM__lab-pc__20260925-000000__hiroshima__gtonly__full__inst__IoU--1-1--0.3-49ffab,Train_Hiroshima_Test_Shimane_OnlyDEM__lab-pc__20260925-000000,Train_Hiroshima_Test_Shimane_OnlyDEM,hiroshima,警戒のみ,通常,箇所,IoU厳密1対1 (0.3),0.3902,0.4096,0.3997,,,,,8977,8553,2026-09-26T00:00:00,SomanoMacBook-Air,82763be30f0061366601e6f2474a6bcd188a79fed03b246e75c77a6186331c28,連結性8近傍 / 最小サイズ10px / 二値化0.5
Train_Hiroshima_Test_Shimane_OnlyDEM__lab-pc__20260925-000000__hiroshima__gtonly__full__inst__IoU--1--0.1-b5e5ab,Train_Hiroshima_Test_Shimane_OnlyDEM__lab-pc__20260925-000000,Train_Hiroshima_Test_Shimane_OnlyDEM,hiroshima,警戒のみ,通常,箇所,IoU多対1 (0.1),0.5724,0.5479,0.5598,,,,,8977,8553,2026-09-26T00:00:00,SomanoMacBook-Air,82763be30f0061366601e6f2474a6bcd188a79fed03b246e75c77a6186331c28,連結性8近傍 / 最小サイズ10px / 二値化0.5
Train_Hiroshima_Test_Shimane_OnlyDEM__lab-pc__20260925-000000__hiroshima__gtonly__full__inst__IoU--1--0.3-635d05,Train_Hiroshima_Test_Shimane_OnlyDEM__lab-pc__20260925-000000,Train_Hiroshima_Test_Shimane_OnlyDEM,hiroshima,警戒のみ,通常,箇所,IoU多対1 (0.3),0.3936,0.4105,0.4019,,,,,8977,8553,2026-09-26T00:00:00,SomanoMacBook-Air,82763be30f0061366601e6f2474a6bcd188a79fed03b246e75c77a6186331c28,連結性8近傍 / 最小サイズ10px / 二値化0.5
Train_Hiroshima_Test_Shimane_OnlyDEM__lab-pc__20260925-000000__hiroshima__gtonly__full__inst__cov_gt-0.3--cov_pred-0.3-a20df8,Train_Hiroshima_Test_Shimane_OnlyDEM__lab-pc__20260925-000000,Train_Hiroshima_Test_Shimane_OnlyDEM,hiroshima,警戒のみ,通常,箇所,"被覆 (cov_gt=0.3, cov_pred=0.3)",0.6165,0.5294,0.5696,,,,,8977,8553,2026-09-26T00:00:00,SomanoMacBook-Air,82763be30f0061366601e6f2474a6bcd188a79fed03b246e75c77a6186331c28,連結性8近傍 / 最小サイズ10px / 二値化0.5
Train_Hiroshima_Test_Shimane_OnlyDEM__lab-pc__20260925-000000__hiroshima__gtonly__full__inst__cov_gt-0.5--cov_pred-0.1-549b9e,Train_Hiroshima_Test_Shimane_OnlyDEM__lab-pc__20260925-000000,Train_Hiroshima_Test_Shimane_OnlyDEM,hiroshima,警戒のみ,通常,箇所,"被覆 (cov_gt=0.5, cov_pred=0.1)",0.554,0.5861,0.5696,,,,,8977,8553,2026-09-26T00:00:00,SomanoMacBook-Air,82763be30f0061366601e6f2474a6bcd188a79fed03b246e75c77a6186331c28,連結性8近傍 / 最小サイズ10px / 二値化0.5
Train_Hiroshima_Test_Shimane_OnlyDEM__lab-pc__20260925-000000__hiroshima__gtonly__full__inst__cov_gt-0.5--cov_pred-0.3-ca4173,Train_Hiroshima_Test_Shimane_OnlyDEM__lab-pc__20260925-000000,Train_Hiroshima_Test_Shimane_OnlyDEM,hiroshima,警戒のみ,通常,箇所,"被覆 (cov_gt=0.5, cov_pred=0.3)",0.554,0.5294,0.5414,,,,,8977,8553,2026-09-26T00:00:00,SomanoMacBook-Air,82763be30f0061366601e6f2474a6bcd188a79fed03b246e75c77a6186331c28,連結性8近傍 / 最小サイズ10px / 二値化0.5
Train_Hiroshima_Test_Shimane_OnlyDEM__lab-pc__20260925-000000__hiroshima__gtonly__center__area,Train_Hiroshima_Test_Shimane_OnlyDEM__lab-pc__20260925-000000,Train_Hiroshima_Test_Shimane_OnlyDEM,hiroshima,警戒のみ,境界,面積,,0.6822,0.5487,0.6082,,,,2964.0,,,2026-09-26T00:00:00,SomanoMacBook-Air,82763be30f0061366601e6f2474a6bcd188a79fed03b246e75c77a6186331c28,tileanalysis による再推論。ノートブック出力と F値 0.0001 以内で一致
Train_Hiroshima_Test_Shimane_OnlyDEM__lab-pc__20260925-000000__hiroshima__gtonly__full__area,Train_Hiroshima_Test_Shimane_OnlyDEM__lab-pc__20260925-000000,Train_Hiroshima_Test_Shimane_OnlyDEM,hiroshima,警戒のみ,通常,面積,,0.6587,0.5389,0.5928,,,,2964.0,,,2026-09-26T00:00:00,SomanoMacBook-Air,82763be30f0061366601e6f2474a6bcd188a79fed03b246e75c77a6186331c28,tileanalysis による再推論。ノートブック出力と F値 0.0001 以内で一致
Train_Hiroshima_Test_Shimane_OnlyDEM__lab-pc__20260925-000000__hiroshima_bg__bgonly__full__inst__IoU--1-1--0.1-773618,Train_Hiroshima_Test_Shimane_OnlyDEM__lab-pc__20260925-000000,Train_Hiroshima_Test_Shimane_OnlyDEM,hiroshima_bg,背景のみ,通常,箇所,IoU厳密1対1 (0.1),,0.0,0.0,,,,,0,24640,2026-09-26T00:00:00,SomanoMacBook-Air,82763be30f0061366601e6f2474a6bcd188a79fed03b246e75c77a6186331c28,連結性8近傍 / 最小サイズ10px / 二値化0.5
Train_Hiroshima_Test_Shimane_OnlyDEM__lab-pc__20260925-000000__hiroshima_bg__bgonly__full__inst__IoU--1-1--0.3-49ffab,Train_Hiroshima_Test_Shimane_OnlyDEM__lab-pc__20260925-000000,Train_Hiroshima_Test_Shimane_OnlyDEM,hiroshima_bg,背景のみ,通常,箇所,IoU厳密1対1 (0.3),,0.0,0.0,,,,,0,24640,2026-09-26T00:00:00,SomanoMacBook-Air,82763be30f0061366601e6f2474a6bcd188a79fed03b246e75c77a6186331c28,連結性8近傍 / 最小サイズ10px / 二値化0.5
Train_Hiroshima_Test_Shimane_OnlyDEM__lab-pc__20260925-000000__hiroshima_bg__bgonly__full__inst__IoU--1--0.1-b5e5ab,Train_Hiroshima_Test_Shimane_OnlyDEM__lab-pc__20260925-000000,Train_Hiroshima_Test_Shimane_OnlyDEM,hiroshima_bg,背景のみ,通常,箇所,IoU多対1 (0.1),,0.0,0.0,,,,,0,24640,2026-09-26T00:00:00,SomanoMacBook-Air,82763be30f0061366601e6f2474a6bcd188a79fed03b246e75c77a6186331c28,連結性8近傍 / 最小サイズ10px / 二値化0.5
Train_Hiroshima_Test_Shimane_OnlyDEM__lab-pc__20260925-000000__hiroshima_bg__bgonly__full__inst__IoU--1--0.3-635d05,Train_Hiroshima_Test_Shimane_OnlyDEM__lab-pc__20260925-000000,Train_Hiroshima_Test_Shimane_OnlyDEM,hiroshima_bg,背景のみ,通常,箇所,IoU多対1 (0.3),,0.0,0.0,,,,,0,24640,2026-09-26T00:00:00,SomanoMacBook-Air,82763be30f0061366601e6f2474a6bcd188a79fed03b246e75c77a6186331c28,連結性8近傍 / 最小サイズ10px / 二値化0.5
Train_Hiroshima_Test_Shimane_OnlyDEM__lab-pc__20260925-000000__hiroshima_bg__bgonly__full__inst__cov_gt-0.3--cov_pred-0.3-a20df8,Train_Hiroshima_Test_Shimane_OnlyDEM__lab-pc__20260925-000000,Train_Hiroshima_Test_Shimane_OnlyDEM,hiroshima_bg,背景のみ,通常,箇所,"被覆 (cov_gt=0.3, cov_pred=0.3)",,0.0,0.0,,,,,0,24640,2026-09-26T00:00:00,SomanoMacBook-Air,82763be30f0061366601e6f2474a6bcd188a79fed03b246e75c77a6186331c28,連結性8近傍 / 最小サイズ10px / 二値化0.5
Train_Hiroshima_Test_Shimane_OnlyDEM__lab-pc__20260925-000000__hiroshima_bg__bgonly__full__inst__cov_gt-0.5--cov_pred-0.1-549b9e,Train_Hiroshima_Test_Shimane_OnlyDEM__lab-pc__20260925-000000,Train_Hiroshima_Test_Shimane_OnlyDEM,hiroshima_bg,背景のみ,通常,箇所,"被覆 (cov_gt=0.5, cov_pred=0.1)",,0.0,0.0,,,,,0,24640,2026-09-26T00:00:00,SomanoMacBook-Air,82763be30f0061366601e6f2474a6bcd188a79fed03b246e75c77a6186331c28,連結性8近傍 / 最小サイズ10px / 二値化0.5
Train_Hiroshima_Test_Shimane_OnlyDEM__lab-pc__20260925-000000__hiroshima_bg__bgonly__full__inst__cov_gt-0.5--cov_pred-0.3-ca4173,Train_Hiroshima_Test_Shimane_OnlyDEM__lab-pc__20260925-000000,Train_Hiroshima_Test_Shimane_OnlyDEM,hiroshima_bg,背景のみ,通常,箇所,"被覆 (cov_gt=0.5, cov_pred=0.3)",,0.0,0.0,,,,,0,24640,2026-09-26T00:00:00,SomanoMacBook-Air,82763be30f0061366601e6f2474a6bcd188a79fed03b246e75c77a6186331c28,連結性8近傍 / 最小サイズ10px / 二値化0.5
Train_Hiroshima_Test_Shimane_OnlyDEM__lab-pc__20260925-000000__shimane__all__full__inst__IoU--1-1--0.1-773618,Train_Hiroshima_Test_Shimane_OnlyDEM__lab-pc__20260925-000000,Train_Hiroshima_Test_Shimane_OnlyDEM,shimane,全件,通常,箇所,IoU厳密1対1 (0.1),0.3688,0.274,0.3144,,,,,27445,36947,2026-09-26T00:00:00,SomanoMacBook-Air,82763be30f0061366601e6f2474a6bcd188a79fed03b246e75c77a6186331c28,連結性8近傍 / 最小サイズ10px / 二値化0.5
Train_Hiroshima_Test_Shimane_OnlyDEM__lab-pc__20260925-000000__shimane__all__full__inst__IoU--1-1--0.3-49ffab,Train_Hiroshima_Test_Shimane_OnlyDEM__lab-pc__20260925-000000,Train_Hiroshima_Test_Shimane_OnlyDEM,shimane,全件,通常,箇所,IoU厳密1対1 (0.3),0.2501,0.1858,0.2132,,,,,27445,36947,2026-09-26T00:00:00,SomanoMacBook-Air,82763be30f0061366601e6f2474a6bcd188a79fed03b246e75c77a6186331c28,連結性8近傍 / 最小サイズ10px / 二値化0.5
Train_Hiroshima_Test_Shimane_OnlyDEM__lab-pc__20260925-000000__shimane__all__full__inst__IoU--1--0.1-b5e5ab,Train_Hiroshima_Test_Shimane_OnlyDEM__lab-pc__20260925-000000,Train_Hiroshima_Test_Shimane_OnlyDEM,shimane,全件,通常,箇所,IoU多対1 (0.1),0.3979,0.2816,0.3298,,,,,27445,36947,2026-09-26T00:00:00,SomanoMacBook-Air,82763be30f0061366601e6f2474a6bcd188a79fed03b246e75c77a6186331c28,連結性8近傍 / 最小サイズ10px / 二値化0.5
Train_Hiroshima_Test_Shimane_OnlyDEM__lab-pc__20260925-000000__shimane__all__full__inst__IoU--1--0.3-635d05,Train_Hiroshima_Test_Shimane_OnlyDEM__lab-pc__20260925-000000,Train_Hiroshima_Test_Shimane_OnlyDEM,shimane,全件,通常,箇所,IoU多対1 (0.3),0.2512,0.186,0.2137,,,,,27445,36947,2026-09-26T00:00:00,SomanoMacBook-Air,82763be30f0061366601e6f2474a6bcd188a79fed03b246e75c77a6186331c28,連結性8近傍 / 最小サイズ10px / 二値化0.5
Train_Hiroshima_Test_Shimane_OnlyDEM__lab-pc__20260925-000000__shimane__all__full__inst__cov_gt-0.3--cov_pred-0.3-a20df8,Train_Hiroshima_Test_Shimane_OnlyDEM__lab-pc__20260925-000000,Train_Hiroshima_Test_Shimane_OnlyDEM,shimane,全件,通常,箇所,"被覆 (cov_gt=0.3, cov_pred=0.3)",0.3759,0.2909,0.328,,,,,27445,36947,2026-09-26T00:00:00,SomanoMacBook-Air,82763be30f0061366601e6f2474a6bcd188a79fed03b246e75c77a6186331c28,連結性8近傍 / 最小サイズ10px / 二値化0.5
Train_Hiroshima_Test_Shimane_OnlyDEM__lab-pc__20260925-000000__shimane__all__full__inst__cov_gt-0.5--cov_pred-0.1-549b9e,Train_Hiroshima_Test_Shimane_OnlyDEM__lab-pc__20260925-000000,Train_Hiroshima_Test_Shimane_OnlyDEM,shimane,全件,通常,箇所,"被覆 (cov_gt=0.5, cov_pred=0.1)",0.299,0.3261,0.312,,,,,27445,36947,2026-09-26T00:00:00,SomanoMacBook-Air,82763be30f0061366601e6f2474a6bcd188a79fed03b246e75c77a6186331c28,連結性8近傍 / 最小サイズ10px / 二値化0.5
Train_Hiroshima_Test_Shimane_OnlyDEM__lab-pc__20260925-000000__shimane__all__full__inst__cov_gt-0.5--cov_pred-0.3-ca4173,Train_Hiroshima_Test_Shimane_OnlyDEM__lab-pc__20260925-000000,Train_Hiroshima_Test_Shimane_OnlyDEM,shimane,全件,通常,箇所,"被覆 (cov_gt=0.5, cov_pred=0.3)",0.299,0.2909,0.2949,,,,,27445,36947,2026-09-26T00:00:00,SomanoMacBook-Air,82763be30f0061366601e6f2474a6bcd188a79fed03b246e75c77a6186331c28,連結性8近傍 / 最小サイズ10px / 二値化0.5
Train_Hiroshima_Test_Shimane_OnlyDEM__lab-pc__20260925-000000__shimane__all__center__area,Train_Hiroshima_Test_Shimane_OnlyDEM__lab-pc__20260925-000000,Train_Hiroshima_Test_Shimane_OnlyDEM,shimane,全件,境界,面積,,0.3727,0.3685,0.3706,,,,24569.0,,,2026-09-26T00:00:00,SomanoMacBook-Air,82763be30f0061366601e6f2474a6bcd188a79fed03b246e75c77a6186331c28,tileanalysis による再推論。ノートブック出力と F値 0.0001 以内で一致
Train_Hiroshima_Test_Shimane_OnlyDEM__lab-pc__20260925-000000__shimane__all__full__area,Train_Hiroshima_Test_Shimane_OnlyDEM__lab-pc__20260925-000000,Train_Hiroshima_Test_Shimane_OnlyDEM,shimane,全件,通常,面積,,0.364,0.3337,0.3482,,,,24569.0,,,2026-09-26T00:00:00,SomanoMacBook-Air,82763be30f0061366601e6f2474a6bcd188a79fed03b246e75c77a6186331c28,tileanalysis による再推論。ノートブック出力と F値 0.0001 以内で一致
Train_Hiroshima_Test_Shimane_OnlyDEM__lab-pc__20260925-000000__shimane__gtonly__full__area,Train_Hiroshima_Test_Shimane_OnlyDEM__lab-pc__20260925-000000,Train_Hiroshima_Test_Shimane_OnlyDEM,shimane,警戒のみ,通常,面積,,0.364,0.461,0.4068,,,,9679,,,2026-09-26T00:00:00,SomanoMacBook-Air,82763be30f0061366601e6f2474a6bcd188a79fed03b246e75c77a6186331c28,テスト集合の作り方を地域間で揃えた集計
Train_Hiroshima_Test_Shimane_OnlySAM__lab-pc__20260925-000000__hiroshima__withbg__full__area,Train_Hiroshima_Test_Shimane_OnlySAM__lab-pc__20260925-000000,Train_Hiroshima_Test_Shimane_OnlySAM,hiroshima,背景込み,通常,面積,,0.6936,0.3664,0.4795,,,,7631,,,2026-09-26T00:00:00,SomanoMacBook-Air,ca51a1c81680acce5ac78c8853ef3237a192703ade54bb2f71f262732fb8f714,テスト集合の作り方を地域間で揃えた集計
Train_Hiroshima_Test_Shimane_OnlySAM__lab-pc__20260925-000000__hiroshima__gtonly__full__inst__IoU--1-1--0.1-773618,Train_Hiroshima_Test_Shimane_OnlySAM__lab-pc__20260925-000000,Train_Hiroshima_Test_Shimane_OnlySAM,hiroshima,警戒のみ,通常,箇所,IoU厳密1対1 (0.1),0.4701,0.539,0.5022,,,,,8977,7829,2026-09-26T00:00:00,SomanoMacBook-Air,ca51a1c81680acce5ac78c8853ef3237a192703ade54bb2f71f262732fb8f714,連結性8近傍 / 最小サイズ10px / 二値化0.5
Train_Hiroshima_Test_Shimane_OnlySAM__lab-pc__20260925-000000__hiroshima__gtonly__full__inst__IoU--1-1--0.3-49ffab,Train_Hiroshima_Test_Shimane_OnlySAM__lab-pc__20260925-000000,Train_Hiroshima_Test_Shimane_OnlySAM,hiroshima,警戒のみ,通常,箇所,IoU厳密1対1 (0.3),0.3458,0.3965,0.3694,,,,,8977,7829,2026-09-26T00:00:00,SomanoMacBook-Air,ca51a1c81680acce5ac78c8853ef3237a192703ade54bb2f71f262732fb8f714,連結性8近傍 / 最小サイズ10px / 二値化0.5
Train_Hiroshima_Test_Shimane_OnlySAM__lab-pc__20260925-000000__hiroshima__gtonly__full__inst__IoU--1--0.1-b5e5ab,Train_Hiroshima_Test_Shimane_OnlySAM__lab-pc__20260925-000000,Train_Hiroshima_Test_Shimane_OnlySAM,hiroshima,警戒のみ,通常,箇所,IoU多対1 (0.1),0.539,0.549,0.544,,,,,8977,7829,2026-09-26T00:00:00,SomanoMacBook-Air,ca51a1c81680acce5ac78c8853ef3237a192703ade54bb2f71f262732fb8f714,連結性8近傍 / 最小サイズ10px / 二値化0.5
Train_Hiroshima_Test_Shimane_OnlySAM__lab-pc__20260925-000000__hiroshima__gtonly__full__inst__IoU--1--0.3-635d05,Train_Hiroshima_Test_Shimane_OnlySAM__lab-pc__20260925-000000,Train_Hiroshima_Test_Shimane_OnlySAM,hiroshima,警戒のみ,通常,箇所,IoU多対1 (0.3),0.3493,0.3971,0.3717,,,,,8977,7829,2026-09-26T00:00:00,SomanoMacBook-Air,ca51a1c81680acce5ac78c8853ef3237a192703ade54bb2f71f262732fb8f714,連結性8近傍 / 最小サイズ10px / 二値化0.5
Train_Hiroshima_Test_Shimane_OnlySAM__lab-pc__20260925-000000__hiroshima__gtonly__full__inst__cov_gt-0.3--cov_pred-0.3-a20df8,Train_Hiroshima_Test_Shimane_OnlySAM__lab-pc__20260925-000000,Train_Hiroshima_Test_Shimane_OnlySAM,hiroshima,警戒のみ,通常,箇所,"被覆 (cov_gt=0.3, cov_pred=0.3)",0.618,0.5126,0.5604,,,,,8977,7829,2026-09-26T00:00:00,SomanoMacBook-Air,ca51a1c81680acce5ac78c8853ef3237a192703ade54bb2f71f262732fb8f714,連結性8近傍 / 最小サイズ10px / 二値化0.5
Train_Hiroshima_Test_Shimane_OnlySAM__lab-pc__20260925-000000__hiroshima__gtonly__full__inst__cov_gt-0.5--cov_pred-0.1-549b9e,Train_Hiroshima_Test_Shimane_OnlySAM__lab-pc__20260925-000000,Train_Hiroshima_Test_Shimane_OnlySAM,hiroshima,警戒のみ,通常,箇所,"被覆 (cov_gt=0.5, cov_pred=0.1)",0.5673,0.5847,0.5759,,,,,8977,7829,2026-09-26T00:00:00,SomanoMacBook-Air,ca51a1c81680acce5ac78c8853ef3237a192703ade54bb2f71f262732fb8f714,連結性8近傍 / 最小サイズ10px / 二値化0.5
Train_Hiroshima_Test_Shimane_OnlySAM__lab-pc__20260925-000000__hiroshima__gtonly__full__inst__cov_gt-0.5--cov_pred-0.3-ca4173,Train_Hiroshima_Test_Shimane_OnlySAM__lab-pc__20260925-000000,Train_Hiroshima_Test_Shimane_OnlySAM,hiroshima,警戒のみ,通常,箇所,"被覆 (cov_gt=0.5, cov_pred=0.3)",0.5673,0.5126,0.5386,,,,,8977,7829,2026-09-26T00:00:00,SomanoMacBook-Air,ca51a1c81680acce5ac78c8853ef3237a192703ade54bb2f71f262732fb8f714,連結性8近傍 / 最小サイズ10px / 二値化0.5
Train_Hiroshima_Test_Shimane_OnlySAM__lab-pc__20260925-000000__hiroshima__gtonly__center__area,Train_Hiroshima_Test_Shimane_OnlySAM__lab-pc__20260925-000000,Train_Hiroshima_Test_Shimane_OnlySAM,hiroshima,警戒のみ,境界,面積,,0.7245,0.4851,0.5811,,,,2964.0,,,2026-09-26T00:00:00,SomanoMacBook-Air,ca51a1c81680acce5ac78c8853ef3237a192703ade54bb2f71f262732fb8f714,tileanalysis による再推論。ノートブック出力と F値 0.0001 以内で一致
Train_Hiroshima_Test_Shimane_OnlySAM__lab-pc__20260925-000000__hiroshima__gtonly__full__area,Train_Hiroshima_Test_Shimane_OnlySAM__lab-pc__20260925-000000,Train_Hiroshima_Test_Shimane_OnlySAM,hiroshima,警戒のみ,通常,面積,,0.6936,0.4821,0.5688,,,,2964.0,,,2026-09-26T00:00:00,SomanoMacBook-Air,ca51a1c81680acce5ac78c8853ef3237a192703ade54bb2f71f262732fb8f714,tileanalysis による再推論。ノートブック出力と F値 0.0001 以内で一致
Train_Hiroshima_Test_Shimane_OnlySAM__lab-pc__20260925-000000__hiroshima_bg__bgonly__full__inst__IoU--1-1--0.1-773618,Train_Hiroshima_Test_Shimane_OnlySAM__lab-pc__20260925-000000,Train_Hiroshima_Test_Shimane_OnlySAM,hiroshima_bg,背景のみ,通常,箇所,IoU厳密1対1 (0.1),,0.0,0.0,,,,,0,17758,2026-09-26T00:00:00,SomanoMacBook-Air,ca51a1c81680acce5ac78c8853ef3237a192703ade54bb2f71f262732fb8f714,連結性8近傍 / 最小サイズ10px / 二値化0.5
Train_Hiroshima_Test_Shimane_OnlySAM__lab-pc__20260925-000000__hiroshima_bg__bgonly__full__inst__IoU--1-1--0.3-49ffab,Train_Hiroshima_Test_Shimane_OnlySAM__lab-pc__20260925-000000,Train_Hiroshima_Test_Shimane_OnlySAM,hiroshima_bg,背景のみ,通常,箇所,IoU厳密1対1 (0.3),,0.0,0.0,,,,,0,17758,2026-09-26T00:00:00,SomanoMacBook-Air,ca51a1c81680acce5ac78c8853ef3237a192703ade54bb2f71f262732fb8f714,連結性8近傍 / 最小サイズ10px / 二値化0.5
Train_Hiroshima_Test_Shimane_OnlySAM__lab-pc__20260925-000000__hiroshima_bg__bgonly__full__inst__IoU--1--0.1-b5e5ab,Train_Hiroshima_Test_Shimane_OnlySAM__lab-pc__20260925-000000,Train_Hiroshima_Test_Shimane_OnlySAM,hiroshima_bg,背景のみ,通常,箇所,IoU多対1 (0.1),,0.0,0.0,,,,,0,17758,2026-09-26T00:00:00,SomanoMacBook-Air,ca51a1c81680acce5ac78c8853ef3237a192703ade54bb2f71f262732fb8f714,連結性8近傍 / 最小サイズ10px / 二値化0.5
Train_Hiroshima_Test_Shimane_OnlySAM__lab-pc__20260925-000000__hiroshima_bg__bgonly__full__inst__IoU--1--0.3-635d05,Train_Hiroshima_Test_Shimane_OnlySAM__lab-pc__20260925-000000,Train_Hiroshima_Test_Shimane_OnlySAM,hiroshima_bg,背景のみ,通常,箇所,IoU多対1 (0.3),,0.0,0.0,,,,,0,17758,2026-09-26T00:00:00,SomanoMacBook-Air,ca51a1c81680acce5ac78c8853ef3237a192703ade54bb2f71f262732fb8f714,連結性8近傍 / 最小サイズ10px / 二値化0.5
Train_Hiroshima_Test_Shimane_OnlySAM__lab-pc__20260925-000000__hiroshima_bg__bgonly__full__inst__cov_gt-0.3--cov_pred-0.3-a20df8,Train_Hiroshima_Test_Shimane_OnlySAM__lab-pc__20260925-000000,Train_Hiroshima_Test_Shimane_OnlySAM,hiroshima_bg,背景のみ,通常,箇所,"被覆 (cov_gt=0.3, cov_pred=0.3)",,0.0,0.0,,,,,0,17758,2026-09-26T00:00:00,SomanoMacBook-Air,ca51a1c81680acce5ac78c8853ef3237a192703ade54bb2f71f262732fb8f714,連結性8近傍 / 最小サイズ10px / 二値化0.5
Train_Hiroshima_Test_Shimane_OnlySAM__lab-pc__20260925-000000__hiroshima_bg__bgonly__full__inst__cov_gt-0.5--cov_pred-0.1-549b9e,Train_Hiroshima_Test_Shimane_OnlySAM__lab-pc__20260925-000000,Train_Hiroshima_Test_Shimane_OnlySAM,hiroshima_bg,背景のみ,通常,箇所,"被覆 (cov_gt=0.5, cov_pred=0.1)",,0.0,0.0,,,,,0,17758,2026-09-26T00:00:00,SomanoMacBook-Air,ca51a1c81680acce5ac78c8853ef3237a192703ade54bb2f71f262732fb8f714,連結性8近傍 / 最小サイズ10px / 二値化0.5
Train_Hiroshima_Test_Shimane_OnlySAM__lab-pc__20260925-000000__hiroshima_bg__bgonly__full__inst__cov_gt-0.5--cov_pred-0.3-ca4173,Train_Hiroshima_Test_Shimane_OnlySAM__lab-pc__20260925-000000,Train_Hiroshima_Test_Shimane_OnlySAM,hiroshima_bg,背景のみ,通常,箇所,"被覆 (cov_gt=0.5, cov_pred=0.3)",,0.0,0.0,,,,,0,17758,2026-09-26T00:00:00,SomanoMacBook-Air,ca51a1c81680acce5ac78c8853ef3237a192703ade54bb2f71f262732fb8f714,連結性8近傍 / 最小サイズ10px / 二値化0.5
Train_Hiroshima_Test_Shimane_OnlySAM__lab-pc__20260925-000000__shimane__all__full__inst__IoU--1-1--0.1-773618,Train_Hiroshima_Test_Shimane_OnlySAM__lab-pc__20260925-000000,Train_Hiroshima_Test_Shimane_OnlySAM,shimane,全件,通常,箇所,IoU厳密1対1 (0.1),0.385,0.3109,0.344,,,,,27445,33988,2026-09-26T00:00:00,SomanoMacBook-Air,ca51a1c81680acce5ac78c8853ef3237a192703ade54bb2f71f262732fb8f714,連結性8近傍 / 最小サイズ10px / 二値化0.5
Train_Hiroshima_Test_Shimane_OnlySAM__lab-pc__20260925-000000__shimane__all__full__inst__IoU--1-1--0.3-49ffab,Train_Hiroshima_Test_Shimane_OnlySAM__lab-pc__20260925-000000,Train_Hiroshima_Test_Shimane_OnlySAM,shimane,全件,通常,箇所,IoU厳密1対1 (0.3),0.2512,0.2029,0.2245,,,,,27445,33988,2026-09-26T00:00:00,SomanoMacBook-Air,ca51a1c81680acce5ac78c8853ef3237a192703ade54bb2f71f262732fb8f714,連結性8近傍 / 最小サイズ10px / 二値化0.5
Train_Hiroshima_Test_Shimane_OnlySAM__lab-pc__20260925-000000__shimane__all__full__inst__IoU--1--0.1-b5e5ab,Train_Hiroshima_Test_Shimane_OnlySAM__lab-pc__20260925-000000,Train_Hiroshima_Test_Shimane_OnlySAM,shimane,全件,通常,箇所,IoU多対1 (0.1),0.4296,0.3191,0.3662,,,,,27445,33988,2026-09-26T00:00:00,SomanoMacBook-Air,ca51a1c81680acce5ac78c8853ef3237a192703ade54bb2f71f262732fb8f714,連結性8近傍 / 最小サイズ10px / 二値化0.5
Train_Hiroshima_Test_Shimane_OnlySAM__lab-pc__20260925-000000__shimane__all__full__inst__IoU--1--0.3-635d05,Train_Hiroshima_Test_Shimane_OnlySAM__lab-pc__20260925-000000,Train_Hiroshima_Test_Shimane_OnlySAM,shimane,全件,通常,箇所,IoU多対1 (0.3),0.2529,0.2032,0.2254,,,,,27445,33988,2026-09-26T00:00:00,SomanoMacBook-Air,ca51a1c81680acce5ac78c8853ef3237a192703ade54bb2f71f262732fb8f714,連結性8近傍 / 最小サイズ10px / 二値化0.5
Train_Hiroshima_Test_Shimane_OnlySAM__lab-pc__20260925-000000__shimane__all__full__inst__cov_gt-0.3--cov_pred-0.3-a20df8,Train_Hiroshima_Test_Shimane_OnlySAM__lab-pc__20260925-000000,Train_Hiroshima_Test_Shimane_OnlySAM,shimane,全件,通常,箇所,"被覆 (cov_gt=0.3, cov_pred=0.3)",0.469,0.301,0.3667,,,,,27445,33988,2026-09-26T00:00:00,SomanoMacBook-Air,ca51a1c81680acce5ac78c8853ef3237a192703ade54bb2f71f262732fb8f714,連結性8近傍 / 最小サイズ10px / 二値化0.5
Train_Hiroshima_Test_Shimane_OnlySAM__lab-pc__20260925-000000__shimane__all__full__inst__cov_gt-0.5--cov_pred-0.1-549b9e,Train_Hiroshima_Test_Shimane_OnlySAM__lab-pc__20260925-000000,Train_Hiroshima_Test_Shimane_OnlySAM,shimane,全件,通常,箇所,"被覆 (cov_gt=0.5, cov_pred=0.1)",0.3976,0.3593,0.3775,,,,,27445,33988,2026-09-26T00:00:00,SomanoMacBook-Air,ca51a1c81680acce5ac78c8853ef3237a192703ade54bb2f71f262732fb8f714,連結性8近傍 / 最小サイズ10px / 二値化0.5
Train_Hiroshima_Test_Shimane_OnlySAM__lab-pc__20260925-000000__shimane__all__full__inst__cov_gt-0.5--cov_pred-0.3-ca4173,Train_Hiroshima_Test_Shimane_OnlySAM__lab-pc__20260925-000000,Train_Hiroshima_Test_Shimane_OnlySAM,shimane,全件,通常,箇所,"被覆 (cov_gt=0.5, cov_pred=0.3)",0.3976,0.301,0.3426,,,,,27445,33988,2026-09-26T00:00:00,SomanoMacBook-Air,ca51a1c81680acce5ac78c8853ef3237a192703ade54bb2f71f262732fb8f714,連結性8近傍 / 最小サイズ10px / 二値化0.5
Train_Hiroshima_Test_Shimane_OnlySAM__lab-pc__20260925-000000__shimane__all__center__area,Train_Hiroshima_Test_Shimane_OnlySAM__lab-pc__20260925-000000,Train_Hiroshima_Test_Shimane_OnlySAM,shimane,全件,境界,面積,,0.51,0.3029,0.3801,,,,24569.0,,,2026-09-26T00:00:00,SomanoMacBook-Air,ca51a1c81680acce5ac78c8853ef3237a192703ade54bb2f71f262732fb8f714,tileanalysis による再推論。ノートブック出力と F値 0.0001 以内で一致
Train_Hiroshima_Test_Shimane_OnlySAM__lab-pc__20260925-000000__shimane__all__full__area,Train_Hiroshima_Test_Shimane_OnlySAM__lab-pc__20260925-000000,Train_Hiroshima_Test_Shimane_OnlySAM,shimane,全件,通常,面積,,0.49,0.2873,0.3623,,,,24569.0,,,2026-09-26T00:00:00,SomanoMacBook-Air,ca51a1c81680acce5ac78c8853ef3237a192703ade54bb2f71f262732fb8f714,tileanalysis による再推論。ノートブック出力と F値 0.0001 以内で一致
Train_Hiroshima_Test_Shimane_OnlySAM__lab-pc__20260925-000000__shimane__gtonly__full__area,Train_Hiroshima_Test_Shimane_OnlySAM__lab-pc__20260925-000000,Train_Hiroshima_Test_Shimane_OnlySAM,shimane,警戒のみ,通常,面積,,0.49,0.3915,0.4353,,,,9679,,,2026-09-26T00:00:00,SomanoMacBook-Air,ca51a1c81680acce5ac78c8853ef3237a192703ade54bb2f71f262732fb8f714,テスト集合の作り方を地域間で揃えた集計
TransUNet_SAM_APM__lab-pc__20260925-000000__hiroshima__withbg__full__area,TransUNet_SAM_APM__lab-pc__20260925-000000,TransUNet_SAM_APM,hiroshima,背景込み,通常,面積,,0.718,0.5279,0.6084,,,,7631,,,2026-09-26T00:00:00,SomanoMacBook-Air,694c82a44fea2c209eba444d77744e8a5e24b6ff0d133fdf33b537f08f0c5f59,テスト集合の作り方を地域間で揃えた集計
TransUNet_SAM_APM__lab-pc__20260925-000000__hiroshima__gtonly__full__inst__IoU--1-1--0.1-773618,TransUNet_SAM_APM__lab-pc__20260925-000000,TransUNet_SAM_APM,hiroshima,警戒のみ,通常,箇所,IoU厳密1対1 (0.1),0.5891,0.6405,0.6137,,,,,8977,8256,2026-09-26T00:00:00,SomanoMacBook-Air,694c82a44fea2c209eba444d77744e8a5e24b6ff0d133fdf33b537f08f0c5f59,連結性8近傍 / 最小サイズ10px / 二値化0.5
TransUNet_SAM_APM__lab-pc__20260925-000000__hiroshima__gtonly__full__inst__IoU--1-1--0.3-49ffab,TransUNet_SAM_APM__lab-pc__20260925-000000,TransUNet_SAM_APM,hiroshima,警戒のみ,通常,箇所,IoU厳密1対1 (0.3),0.4978,0.5413,0.5187,,,,,8977,8256,2026-09-26T00:00:00,SomanoMacBook-Air,694c82a44fea2c209eba444d77744e8a5e24b6ff0d133fdf33b537f08f0c5f59,連結性8近傍 / 最小サイズ10px / 二値化0.5
TransUNet_SAM_APM__lab-pc__20260925-000000__hiroshima__gtonly__full__inst__IoU--1--0.1-b5e5ab,TransUNet_SAM_APM__lab-pc__20260925-000000,TransUNet_SAM_APM,hiroshima,警戒のみ,通常,箇所,IoU多対1 (0.1),0.6565,0.6584,0.6574,,,,,8977,8256,2026-09-26T00:00:00,SomanoMacBook-Air,694c82a44fea2c209eba444d77744e8a5e24b6ff0d133fdf33b537f08f0c5f59,連結性8近傍 / 最小サイズ10px / 二値化0.5
TransUNet_SAM_APM__lab-pc__20260925-000000__hiroshima__gtonly__full__inst__IoU--1--0.3-635d05,TransUNet_SAM_APM__lab-pc__20260925-000000,TransUNet_SAM_APM,hiroshima,警戒のみ,通常,箇所,IoU多対1 (0.3),0.5042,0.5429,0.5228,,,,,8977,8256,2026-09-26T00:00:00,SomanoMacBook-Air,694c82a44fea2c209eba444d77744e8a5e24b6ff0d133fdf33b537f08f0c5f59,連結性8近傍 / 最小サイズ10px / 二値化0.5
TransUNet_SAM_APM__lab-pc__20260925-000000__hiroshima__gtonly__full__inst__cov_gt-0.3--cov_pred-0.3-a20df8,TransUNet_SAM_APM__lab-pc__20260925-000000,TransUNet_SAM_APM,hiroshima,警戒のみ,通常,箇所,"被覆 (cov_gt=0.3, cov_pred=0.3)",0.6874,0.6565,0.6716,,,,,8977,8256,2026-09-26T00:00:00,SomanoMacBook-Air,694c82a44fea2c209eba444d77744e8a5e24b6ff0d133fdf33b537f08f0c5f59,連結性8近傍 / 最小サイズ10px / 二値化0.5
TransUNet_SAM_APM__lab-pc__20260925-000000__hiroshima__gtonly__full__inst__cov_gt-0.5--cov_pred-0.1-549b9e,TransUNet_SAM_APM__lab-pc__20260925-000000,TransUNet_SAM_APM,hiroshima,警戒のみ,通常,箇所,"被覆 (cov_gt=0.5, cov_pred=0.1)",0.6357,0.6957,0.6644,,,,,8977,8256,2026-09-26T00:00:00,SomanoMacBook-Air,694c82a44fea2c209eba444d77744e8a5e24b6ff0d133fdf33b537f08f0c5f59,連結性8近傍 / 最小サイズ10px / 二値化0.5
TransUNet_SAM_APM__lab-pc__20260925-000000__hiroshima__gtonly__full__inst__cov_gt-0.5--cov_pred-0.3-ca4173,TransUNet_SAM_APM__lab-pc__20260925-000000,TransUNet_SAM_APM,hiroshima,警戒のみ,通常,箇所,"被覆 (cov_gt=0.5, cov_pred=0.3)",0.6357,0.6565,0.6459,,,,,8977,8256,2026-09-26T00:00:00,SomanoMacBook-Air,694c82a44fea2c209eba444d77744e8a5e24b6ff0d133fdf33b537f08f0c5f59,連結性8近傍 / 最小サイズ10px / 二値化0.5
TransUNet_SAM_APM__lab-pc__20260925-000000__hiroshima__gtonly__center__area,TransUNet_SAM_APM__lab-pc__20260925-000000,TransUNet_SAM_APM,hiroshima,警戒のみ,境界,面積,,0.7467,0.6379,0.688,,,,2964.0,,,2026-09-26T00:00:00,SomanoMacBook-Air,694c82a44fea2c209eba444d77744e8a5e24b6ff0d133fdf33b537f08f0c5f59,tileanalysis による再推論。ノートブック出力と F値 0.0001 以内で一致
TransUNet_SAM_APM__lab-pc__20260925-000000__hiroshima__gtonly__full__area,TransUNet_SAM_APM__lab-pc__20260925-000000,TransUNet_SAM_APM,hiroshima,警戒のみ,通常,面積,,0.718,0.6329,0.6728,,,,2964.0,,,2026-09-26T00:00:00,SomanoMacBook-Air,694c82a44fea2c209eba444d77744e8a5e24b6ff0d133fdf33b537f08f0c5f59,tileanalysis による再推論。ノートブック出力と F値 0.0001 以内で一致
TransUNet_SAM_APM__lab-pc__20260925-000000__hiroshima_bg__bgonly__full__inst__IoU--1-1--0.1-773618,TransUNet_SAM_APM__lab-pc__20260925-000000,TransUNet_SAM_APM,hiroshima_bg,背景のみ,通常,箇所,IoU厳密1対1 (0.1),,0.0,0.0,,,,,0,12990,2026-09-26T00:00:00,SomanoMacBook-Air,694c82a44fea2c209eba444d77744e8a5e24b6ff0d133fdf33b537f08f0c5f59,連結性8近傍 / 最小サイズ10px / 二値化0.5
TransUNet_SAM_APM__lab-pc__20260925-000000__hiroshima_bg__bgonly__full__inst__IoU--1-1--0.3-49ffab,TransUNet_SAM_APM__lab-pc__20260925-000000,TransUNet_SAM_APM,hiroshima_bg,背景のみ,通常,箇所,IoU厳密1対1 (0.3),,0.0,0.0,,,,,0,12990,2026-09-26T00:00:00,SomanoMacBook-Air,694c82a44fea2c209eba444d77744e8a5e24b6ff0d133fdf33b537f08f0c5f59,連結性8近傍 / 最小サイズ10px / 二値化0.5
TransUNet_SAM_APM__lab-pc__20260925-000000__hiroshima_bg__bgonly__full__inst__IoU--1--0.1-b5e5ab,TransUNet_SAM_APM__lab-pc__20260925-000000,TransUNet_SAM_APM,hiroshima_bg,背景のみ,通常,箇所,IoU多対1 (0.1),,0.0,0.0,,,,,0,12990,2026-09-26T00:00:00,SomanoMacBook-Air,694c82a44fea2c209eba444d77744e8a5e24b6ff0d133fdf33b537f08f0c5f59,連結性8近傍 / 最小サイズ10px / 二値化0.5
TransUNet_SAM_APM__lab-pc__20260925-000000__hiroshima_bg__bgonly__full__inst__IoU--1--0.3-635d05,TransUNet_SAM_APM__lab-pc__20260925-000000,TransUNet_SAM_APM,hiroshima_bg,背景のみ,通常,箇所,IoU多対1 (0.3),,0.0,0.0,,,,,0,12990,2026-09-26T00:00:00,SomanoMacBook-Air,694c82a44fea2c209eba444d77744e8a5e24b6ff0d133fdf33b537f08f0c5f59,連結性8近傍 / 最小サイズ10px / 二値化0.5
TransUNet_SAM_APM__lab-pc__20260925-000000__hiroshima_bg__bgonly__full__inst__cov_gt-0.3--cov_pred-0.3-a20df8,TransUNet_SAM_APM__lab-pc__20260925-000000,TransUNet_SAM_APM,hiroshima_bg,背景のみ,通常,箇所,"被覆 (cov_gt=0.3, cov_pred=0.3)",,0.0,0.0,,,,,0,12990,2026-09-26T00:00:00,SomanoMacBook-Air,694c82a44fea2c209eba444d77744e8a5e24b6ff0d133fdf33b537f08f0c5f59,連結性8近傍 / 最小サイズ10px / 二値化0.5
TransUNet_SAM_APM__lab-pc__20260925-000000__hiroshima_bg__bgonly__full__inst__cov_gt-0.5--cov_pred-0.1-549b9e,TransUNet_SAM_APM__lab-pc__20260925-000000,TransUNet_SAM_APM,hiroshima_bg,背景のみ,通常,箇所,"被覆 (cov_gt=0.5, cov_pred=0.1)",,0.0,0.0,,,,,0,12990,2026-09-26T00:00:00,SomanoMacBook-Air,694c82a44fea2c209eba444d77744e8a5e24b6ff0d133fdf33b537f08f0c5f59,連結性8近傍 / 最小サイズ10px / 二値化0.5
TransUNet_SAM_APM__lab-pc__20260925-000000__hiroshima_bg__bgonly__full__inst__cov_gt-0.5--cov_pred-0.3-ca4173,TransUNet_SAM_APM__lab-pc__20260925-000000,TransUNet_SAM_APM,hiroshima_bg,背景のみ,通常,箇所,"被覆 (cov_gt=0.5, cov_pred=0.3)",,0.0,0.0,,,,,0,12990,2026-09-26T00:00:00,SomanoMacBook-Air,694c82a44fea2c209eba444d77744e8a5e24b6ff0d133fdf33b537f08f0c5f59,連結性8近傍 / 最小サイズ10px / 二値化0.5
TransUNet_SAM_APM__lab-pc__20260925-000000__shimane__all__full__inst__IoU--1-1--0.1-773618,TransUNet_SAM_APM__lab-pc__20260925-000000,TransUNet_SAM_APM,shimane,全件,通常,箇所,IoU厳密1対1 (0.1),0.512,0.4793,0.4952,,,,,27445,29317,2026-09-26T00:00:00,SomanoMacBook-Air,694c82a44fea2c209eba444d77744e8a5e24b6ff0d133fdf33b537f08f0c5f59,連結性8近傍 / 最小サイズ10px / 二値化0.5
TransUNet_SAM_APM__lab-pc__20260925-000000__shimane__all__full__inst__IoU--1-1--0.3-49ffab,TransUNet_SAM_APM__lab-pc__20260925-000000,TransUNet_SAM_APM,shimane,全件,通常,箇所,IoU厳密1対1 (0.3),0.4115,0.3852,0.3979,,,,,27445,29317,2026-09-26T00:00:00,SomanoMacBook-Air,694c82a44fea2c209eba444d77744e8a5e24b6ff0d133fdf33b537f08f0c5f59,連結性8近傍 / 最小サイズ10px / 二値化0.5
TransUNet_SAM_APM__lab-pc__20260925-000000__shimane__all__full__inst__IoU--1--0.1-b5e5ab,TransUNet_SAM_APM__lab-pc__20260925-000000,TransUNet_SAM_APM,shimane,全件,通常,箇所,IoU多対1 (0.1),0.556,0.4966,0.5246,,,,,27445,29317,2026-09-26T00:00:00,SomanoMacBook-Air,694c82a44fea2c209eba444d77744e8a5e24b6ff0d133fdf33b537f08f0c5f59,連結性8近傍 / 最小サイズ10px / 二値化0.5
TransUNet_SAM_APM__lab-pc__20260925-000000__shimane__all__full__inst__IoU--1--0.3-635d05,TransUNet_SAM_APM__lab-pc__20260925-000000,TransUNet_SAM_APM,shimane,全件,通常,箇所,IoU多対1 (0.3),0.4151,0.3862,0.4001,,,,,27445,29317,2026-09-26T00:00:00,SomanoMacBook-Air,694c82a44fea2c209eba444d77744e8a5e24b6ff0d133fdf33b537f08f0c5f59,連結性8近傍 / 最小サイズ10px / 二値化0.5
TransUNet_SAM_APM__lab-pc__20260925-000000__shimane__all__full__inst__cov_gt-0.3--cov_pred-0.3-a20df8,TransUNet_SAM_APM__lab-pc__20260925-000000,TransUNet_SAM_APM,shimane,全件,通常,箇所,"被覆 (cov_gt=0.3, cov_pred=0.3)",0.5383,0.5149,0.5264,,,,,27445,29317,2026-09-26T00:00:00,SomanoMacBook-Air,694c82a44fea2c209eba444d77744e8a5e24b6ff0d133fdf33b537f08f0c5f59,連結性8近傍 / 最小サイズ10px / 二値化0.5
TransUNet_SAM_APM__lab-pc__20260925-000000__shimane__all__full__inst__cov_gt-0.5--cov_pred-0.1-549b9e,TransUNet_SAM_APM__lab-pc__20260925-000000,TransUNet_SAM_APM,shimane,全件,通常,箇所,"被覆 (cov_gt=0.5, cov_pred=0.1)",0.4486,0.5442,0.4918,,,,,27445,29317,2026-09-26T00:00:00,SomanoMacBook-Air,694c82a44fea2c209eba444d77744e8a5e24b6ff0d133fdf33b537f08f0c5f59,連結性8近傍 / 最小サイズ10px / 二値化0.5
TransUNet_SAM_APM__lab-pc__20260925-000000__shimane__all__full__inst__cov_gt-0.5--cov_pred-0.3-ca4173,TransUNet_SAM_APM__lab-pc__20260925-000000,TransUNet_SAM_APM,shimane,全件,通常,箇所,"被覆 (cov_gt=0.5, cov_pred=0.3)",0.4486,0.5149,0.4795,,,,,27445,29317,2026-09-26T00:00:00,SomanoMacBook-Air,694c82a44fea2c209eba444d77744e8a5e24b6ff0d133fdf33b537f08f0c5f59,連結性8近傍 / 最小サイズ10px / 二値化0.5
TransUNet_SAM_APM__lab-pc__20260925-000000__shimane__all__center__area,TransUNet_SAM_APM__lab-pc__20260925-000000,TransUNet_SAM_APM,shimane,全件,境界,面積,,0.5607,0.5661,0.5634,,,,24569.0,,,2026-09-26T00:00:00,SomanoMacBook-Air,694c82a44fea2c209eba444d77744e8a5e24b6ff0d133fdf33b537f08f0c5f59,tileanalysis による再推論。ノートブック出力と F値 0.0001 以内で一致
TransUNet_SAM_APM__lab-pc__20260925-000000__shimane__all__full__area,TransUNet_SAM_APM__lab-pc__20260925-000000,TransUNet_SAM_APM,shimane,全件,通常,面積,,0.5342,0.5471,0.5406,,,,24569.0,,,2026-09-26T00:00:00,SomanoMacBook-Air,694c82a44fea2c209eba444d77744e8a5e24b6ff0d133fdf33b537f08f0c5f59,tileanalysis による再推論。ノートブック出力と F値 0.0001 以内で一致
TransUNet_SAM_APM__lab-pc__20260925-000000__shimane__gtonly__full__area,TransUNet_SAM_APM__lab-pc__20260925-000000,TransUNet_SAM_APM,shimane,警戒のみ,通常,面積,,0.5342,0.638,0.5815,,,,9679,,,2026-09-26T00:00:00,SomanoMacBook-Air,694c82a44fea2c209eba444d77744e8a5e24b6ff0d133fdf33b537f08f0c5f59,テスト集合の作り方を地域間で揃えた集計
