Epoch,Loss,Accuracy,Precision,Recall,F1-score,Validation-F1-score
1,0.7216603284259494,0.7513478888825902,0.2524778167168708,0.8536258534803273,0.3896951028855459,0.48520991842525785
2,0.6585119630364206,0.8426514289848233,0.35333977966563473,0.8335492229892064,0.4962993138072209,0.5282464735574176
3,0.6165412434999892,0.8710013492690228,0.4037184075017487,0.8116061511127177,0.5392145505878692,0.5466663150529513
4,0.5867787368005986,0.8852743748967298,0.43607814054990307,0.7969451466026617,0.5637044511191911,0.5827777387659503
5,0.5645324865476691,0.8948482359363574,0.46169255749142973,0.7875622159434068,0.582125634249571,0.6173586874549739
6,0.5471571967970553,0.9010022262417032,0.4802597877178298,0.7848214362184874,0.5958798047478835,0.6190604920044085
7,0.5352875318029802,0.9050432150054667,0.49337960462199903,0.784919339667081,0.6059039557143334,0.6056613566087427
8,0.5264929208180887,0.9097566685079522,0.5096804664685884,0.7797175359990833,0.61642223223735,0.6189761261317316
9,0.5182988702607669,0.9108048335064757,0.5133949964111086,0.7835940990948287,0.6203495327547477,0.6300518551323216
10,0.5108757112309229,0.9134549224506764,0.523144347684915,0.78418240579045,0.6276022303569615,0.5524405198490419
11,0.507450307659108,0.9145837535551313,0.527517898778729,0.781407588742905,0.6298395030627708,0.6302302001779759
12,0.49658693480405874,0.9179932835373249,0.5406394521560975,0.7861362662430386,0.6406753973678286,0.6506128434614792
13,0.4957804795649412,0.918551498758121,0.5430376763190918,0.783491322623907,0.6414715510823757,0.6448163174045618
14,0.49255255207741006,0.9182699638861936,0.5416343015041454,0.7881158208133576,0.6420312432333595,0.6268776373346239
15,0.4826078344163277,0.9220867725603625,0.5574688065956612,0.7867174849061825,0.6525441603017391,0.6475850364831884
16,0.4799741229993834,0.9219779680732506,0.5566479512131418,0.7911938727503249,0.6535135509948341,0.649775481951871
17,0.4743228061593694,0.9231249813234756,0.5612919975529977,0.793820727119905,0.657606136392314,0.642751367691285
18,0.47394404479925584,0.9236357842646108,0.5637344767592866,0.7910126110864507,0.6583089706136996,0.6529385761413995
19,0.46676942791870174,0.9253512642249199,0.5708703202372819,0.7946655319908009,0.664429228993024,0.6487143805732386
20,0.46458750395037285,0.926009556777513,0.573753849708489,0.7949870037971181,0.6664911808960557,0.6546432110145046
21,0.45854891997447117,0.9274336623587616,0.5799450591227268,0.7968784009634999,0.6713216396406522,0.6470458483107446
22,0.4528018250096616,0.9283822856022893,0.5838721007971478,0.8002156090879209,0.6751357813987535,0.6591648201229352
23,0.4488343964163348,0.9293083596892051,0.5879786847808007,0.8015051141630998,0.678335254040241,0.6570360274806936
24,0.44797932297634563,0.9293052492239355,0.5879908038912582,0.8012994873875845,0.6782696643089312,0.6581376759450815
25,0.4433931806962267,0.9312018090740662,0.596770764002838,0.8023596650786521,0.6844605483255629,0.6598185450112839
26,0.44059372173367645,0.9307939879389203,0.5945265111069621,0.8045296366881286,0.6837669792397781,0.6681987927077401
27,0.4337068284801442,0.9328731245473689,0.6041765121403331,0.8066838078918744,0.6908967564430037,0.6504887669353455
28,0.42705770876767823,0.9345533868998024,0.6123347524293945,0.8074440732087435,0.6964832236410226,0.6609299695041939
29,0.43023194415535,0.9334444202015835,0.6066801882547234,0.8084837989727669,0.693193308745278,0.6552502278759159
30,0.4286939046151346,0.9335066981706674,0.6065659878549351,0.8111037129772128,0.6940797629039265,0.6591411174629614
31,0.42174317575187137,0.9354212273091215,0.615652463936924,0.8133684131874026,0.7008326829695776,0.659332682545657
32,0.42841933249569625,0.9333359178347185,0.6060594680398003,0.8090499555668964,0.6929957182233789,0.6380580822147194
33,0.4142854423831693,0.9365067865545723,0.6205805742682292,0.8164088837855055,0.7051513023950764,0.6593857674101645
34,0.40990950145738586,0.93786739881938,0.6276264540841952,0.8160691750622935,0.7095492876633086,0.6637303105839425
35,0.4114840933316046,0.9369802021151493,0.6226825737005659,0.8180575896732092,0.7071229335068421,0.6512893066187306
36,0.40410488147100954,0.9384830237534628,0.6299415164900258,0.8205324205128841,0.7127152362008705,0.6652041550828354
37,0.4035588283118584,0.9385803820030375,0.6304257715855065,0.8206444261927608,0.7130673572815968,0.6669653935740584
38,0.4024085829155051,0.939106613675874,0.6335941612222995,0.8186264781131893,0.7143225246982152,0.6642086749592392
39,0.40186193542514775,0.9384791648539452,0.6295618664841734,0.8223400164619554,0.7131527573996869,0.6682236630108533
40,0.3905532445838983,0.9411779500888563,0.6430739453986444,0.8258777568385485,0.7231013336902623,0.6620802187425849
41,0.39821543957260874,0.9388895334120824,0.6315484023456239,0.8230697146387658,0.7147007963530809,0.6680118639807652
42,0.39044436287108086,0.9414423602358779,0.6448864822993985,0.8241721251900109,0.7235891882235028,0.6630408877187258
43,0.38468712310996844,0.9421757708680497,0.6478718164655134,0.8285476562386942,0.7271546941770118,0.6512696748748332
44,0.3797457421855103,0.9432165682523695,0.6535216597282338,0.8288359767264454,0.7308118497614646,0.6637950238298753
45,0.38007046153648294,0.9434939970354863,0.6550734871452206,0.8287910858540887,0.7317636347741884,0.6687108646015814
46,0.37578040629410914,0.9439889798618728,0.6569093004913871,0.8325313519919881,0.73436640414286,0.6576780962662421
47,0.36624400435591775,0.9454769701426096,0.6644703878952983,0.8357209666068023,0.7403213372573506,0.6643061032575841
48,0.37077677721599883,0.9445611956095666,0.6599181148188766,0.8333044643677224,0.7365448645911238,0.6580875748090722
49,0.3746517369215437,0.9434279219642079,0.6532910575200606,0.8346327321205119,0.7329113278571625,0.6612065932535802
50,0.3683745394722163,0.9452781338219112,0.6636576679527956,0.8345087653858296,0.73934127583934,0.6552133265953021
51,0.36085213656476933,0.9464612092434294,0.669566709150501,0.8377159524144939,0.7442621450692827,0.6458772701725514
52,0.3603499642164587,0.9463055211870887,0.6683573482352846,0.8388865852783337,0.7439751471412563,0.6686875390824549
53,0.35169122620023413,0.9479063396473169,0.6766316414188854,0.8424582891438809,0.7504939945184071,0.6654339353020237
54,0.3494119098503813,0.9483899037016432,0.6791944273585279,0.8434091191672507,0.7524463935853084,0.6640593012823176
55,0.34690851423380187,0.948605940277309,0.6798226448096617,0.8456311435152329,0.7537156548665048,0.6558765419237035
56,0.34539078025937936,0.948931893691905,0.6817835121033298,0.8454949942247302,0.7548650023422783,0.6622764025193062
57,0.35375182341328626,0.9479125537114869,0.6776404171508383,0.8390504960293728,0.7497566223928511,0.6649080358566566
58,0.3439045465357012,0.949326339139755,0.6839761708780872,0.8459893106563547,0.7564046853216538,0.6623244394483229
59,0.3357807283135627,0.9506961935375711,0.6908368328448562,0.850417854281275,0.7623658593919531,0.6609717865773942
60,0.3325450602624056,0.9512339881762221,0.6937809970383867,0.8514184481993297,0.7645588298767902,0.6624178765508106
61,0.3353771236624649,0.9507514197454368,0.6917993197536934,0.8484001277027184,0.7621384778354133,0.656296220416778
62,0.3280080349432479,0.9518469901572519,0.6971870967087448,0.8524721285272929,0.7670493727064942,0.6681591210981556
63,0.3374846372887385,0.9504203302866429,0.6895499634617461,0.849201001538989,0.7610932930691723,0.6677027236015453
64,0.323483913493671,0.9527535225572864,0.7020640295620898,0.854650812510023,0.7708792607137045,0.6628275123841737
65,0.32678700125903537,0.9521870470942844,0.6987783741455201,0.854005137051538,0.7686329960069535,0.6629697179371411
66,0.3174982910855211,0.9536198935635863,0.7068944994775892,0.856354893651456,0.7744798323078046,0.6542386606992316
67,0.3166228212255368,0.9539341466849829,0.7086834061690003,0.8569002291501833,0.7757758313784895,0.662685111708963
68,0.30906950350073603,0.9549652212904468,0.7132843568528611,0.8623976628394244,0.7807854054334629,0.662730698464545
69,0.31338732014242693,0.9544426081942042,0.7109373945747627,0.8596537082666246,0.7782547175849216,0.6582008872798113
70,0.311034923405956,0.9545677065755428,0.7116383501137241,0.8599128644540782,0.7787808204137469,0.6710484282663322
71,0.3052895324264499,0.9554358285060011,0.7156670321580434,0.8641151078754243,0.7829164275563101,0.6579673660774948
72,0.2995946978171952,0.9565830546136728,0.7226000784251829,0.8653345447962176,0.7875523346990898,0.6550976382974733
73,0.2989036745304684,0.9565524580723015,0.722103714161759,0.8661378551436523,0.7875897146412764,0.6618804034778151
74,0.29692005049839293,0.9569580201719646,0.7237188502811678,0.8688618746251096,0.7896764127844506,0.6596229707316016
75,0.30668254646894744,0.9554379433477297,0.7163101951100294,0.8623577188230677,0.782578299556128,0.6581186998565003
76,0.3053414018677293,0.9558770339284333,0.7193064594814079,0.8618767662860098,0.7841640553270908,0.6548670970716806
77,0.29105810354725065,0.957897236489622,0.7296568832185414,0.8693846908539868,0.7934159238034453,0.6681586100049338
78,0.2865583675263597,0.9587481306996358,0.7348242690048276,0.8705907638802134,0.7969667762746576,0.662834930453044
79,0.28539181366670047,0.9587144854903181,0.7337412443734446,0.8727676758548241,0.7972388232237708,0.6650504272301964
80,0.2839823632145957,0.9591283078321873,0.7360303720305108,0.8739377180492908,0.7990775813642758,0.6614553142304506
81,0.2801362500666714,0.959750558812595,0.7402858720546489,0.8737305407666711,0.8014916950957182,0.6610068904326696
82,0.27505555775740165,0.9606488515695312,0.7452256540118292,0.8765200507148724,0.8055581416305355,0.660591944355143
83,0.27446679765586374,0.9604623403816339,0.7436944665752001,0.877154946457298,0.8049301492960828,0.6570102491919605
84,0.2747533284395719,0.9606596661010975,0.7457852466570108,0.8753575395549129,0.805393262212862,0.6559460129713937
85,0.2816417204390327,0.9594186797213374,0.7381113820424605,0.873588558616109,0.8001559621242377,0.6638576400430899
86,0.27273366369789454,0.9606101733115543,0.7448353863380455,0.876824836111399,0.8054586978391368,0.6465819971905504
87,0.27152528077792776,0.9609066974675512,0.7461709576023942,0.8784637959544463,0.8069311214859842,0.6593983086688151
88,0.2667451135867791,0.9615753582377096,0.7498139885161954,0.8806700198966978,0.8099910171190838,0.6612238845459804
89,0.2631578473843259,0.9621247776394982,0.7531605061048079,0.8816951265937367,0.8123750311571748,0.664629192941508
90,0.26649663929673406,0.9615902445262403,0.7503042984637414,0.8797595768917147,0.8098914430731194,0.6536389188107549
91,0.2678669813296778,0.9615978661961061,0.7509845353144832,0.8782932401729598,0.8096650562164689,0.6603638695007935
92,0.257418893974462,0.9632531349644751,0.7593092042269459,0.8855800328943774,0.8175979936899611,0.6627273520996593
93,0.26472190210073115,0.9620096492263085,0.7523630385222516,0.8816994089466917,0.8119127239058762,0.6474851199907811
94,0.2548459601059234,0.9636023447717157,0.7612805926558924,0.8866505472994743,0.8191966736487508,0.6619373241079805
95,0.24766240252865304,0.9650209641239348,0.7696735749162147,0.8902951249989294,0.825601870232171,0.6622026405423163
96,0.2471230573040976,0.9650204903444566,0.7695396012069264,0.8905753237828002,0.8256452239447056,0.6566469897894149
97,0.24686037990257895,0.9650093599599048,0.7702564252837609,0.8888699874689493,0.8253232711230439,0.6591432074087302
98,0.24904852521290882,0.9647141335476959,0.767437685539535,0.8903965724637617,0.8243572980653959,0.6575082234871388
99,0.2500023052310772,0.9646142965388226,0.7678396143327899,0.8879872320908307,0.8235544378251103,0.6575174814750455
100,0.24118067141917113,0.9661145776205141,0.776224964965615,0.893100730687548,0.8305713920224033,0.6606022186675639
101,0.23808487016948865,0.9664515584241232,0.7778409104401677,0.8948270357641446,0.8322429777706041,0.6498794196861838
102,0.2400197463391496,0.9661652308264603,0.7760273191906883,0.8942783039165219,0.8309669622110708,0.6482858932741308
103,0.24738027637811016,0.9651530044045836,0.7716393854337364,0.8881262608945274,0.825795140006984,0.6605121591657268
104,0.2424054379514653,0.9657166028588705,0.7742468373299999,0.8912094811885095,0.828621098657827,0.6606391151822604
105,0.23432305605291462,0.9670836832435102,0.7816629972609181,0.8964534438830132,0.8351321382356536,0.6577726916411823
106,0.23084133675844548,0.9677352398878706,0.7853970923379682,0.8985910763443118,0.8381897589148948,0.6593768071431046
107,0.24177637932111892,0.9658497280258607,0.7754519193313869,0.8907065262173032,0.8290929198978342,0.6426912156930225
108,0.23394966093327502,0.967191876623759,0.7829740279100685,0.8954062609181542,0.8354243092504936,0.6566706430624141
109,0.23364112745943688,0.9672349012934701,0.7820727660815535,0.8978745943947248,0.8359824648714651,0.6650837649454554
110,0.22604754534985522,0.9685914624004212,0.7906973593747275,0.9006821197588061,0.8421137686903376,0.6623112412886626
111,0.22420367217964407,0.9687585554960837,0.7911123609194429,0.9023115550582119,0.8430609936140941,0.6534212193983057
112,0.22354745966710632,0.9689847954964528,0.7928505150214398,0.9022199274717077,0.8440068521358117,0.6557900806920955
113,0.220164738113074,0.9696039428779601,0.7967469248788914,0.903686781026164,0.8468541423707845,0.6606559362322508
114,0.2225189861312187,0.9691106766438857,0.7934130376845308,0.9029592240258312,0.844649063192384,0.6550454763397948
115,0.22522470891046867,0.9685410014528139,0.7905419169934514,0.9002486422726123,0.8418361263406507,0.6534037438768406
116,0.2267346629243103,0.9685727721433267,0.7911002500929919,0.8996207607289923,0.8418777601344747,0.66007158116622
117,0.22690170295804524,0.9684576780619832,0.7905738295951069,0.8989672589013136,0.8412935244832705,0.6553235830888603
118,0.2330720545791036,0.9674671150350855,0.7841737404993611,0.8970757879012602,0.8368338717443684,0.6562650122686635
119,0.2204883737529782,0.9694394796017198,0.7957216182172698,0.9032737554670142,0.8460934803310013,0.6596175741363619
120,0.22307469122272602,0.9688906507076864,0.7920082289861177,0.9024882390344446,0.8436466234874405,0.6578368915181994
121,0.2183169636794989,0.9695496916945276,0.7963094317464049,0.9037402366044308,0.846630410457304,0.6604934160928784
122,0.21072698883015475,0.971002553630189,0.805213211418027,0.9077939266784387,0.8534321273392885,0.6592303885095967
123,0.20780601770543367,0.9715769116850883,0.8082897005812616,0.91026499200086,0.856251850476177,0.6576578715307887
124,0.20875371590578298,0.9713906820183302,0.8077304402147025,0.9086602171477817,0.8552278166442636,0.6646431905044757
125,0.2050474115091262,0.9720826815775643,0.8118250409744999,0.9109605051877014,0.8585404620994291,0.6547920559036261
126,0.20494001021059297,0.972108203872061,0.8115769298158102,0.9117647015391958,0.8587585696607324,0.6548721711837951
127,0.20384585160574467,0.9722968710999023,0.812442234454271,0.9128466601633969,0.859722893494447,0.6585169465426589
128,0.2165138100763019,0.9704351649400769,0.8020114589121782,0.905668993608662,0.8506941796790789,0.6489567405610362
129,0.21975285629574343,0.9697407552852366,0.7991221069590122,0.901148748563566,0.8470743167732092,0.6603704305074962
130,0.21095813392735213,0.9711617366684772,0.8062373792972987,0.9081619136978886,0.8541698357775287,0.6314082365198744
131,0.2030266956459704,0.9724332234604391,0.8141759333239831,0.9116463461635581,0.860158689073723,0.6623002918173452
132,0.2019294147654403,0.9726200024367371,0.8143783648425401,0.9138871980978084,0.861268057405726,0.6594077256325099
133,0.20018571743862235,0.9728773264906942,0.816175966070609,0.9142684751781532,0.8624419694606772,0.6539920044380468
134,0.19861300203868812,0.973151411351987,0.8178603937381047,0.915092015951617,0.8637484933666317,0.6518595743460549
135,0.19904678164840603,0.9731553732470434,0.8182210214953005,0.9145127907976074,0.8636913351009802,0.6595124985001124
136,0.20071997123656513,0.9729088911901297,0.8169761152327476,0.9132920248707246,0.8624533426447007,0.6538120514332123
137,0.19986818071535165,0.9731150676595547,0.8185469845061554,0.9133840954592587,0.8633689939313159,0.6422466379142621
138,0.20122296615041418,0.9725269494006813,0.8147815623763639,0.911873532371192,0.860597746075837,0.6585323435819576
139,0.19654245706770918,0.973521131004173,0.8202832177641808,0.9159509968874677,0.8654814249146761,0.6532210685810497
140,0.18915111137379845,0.9748850391262199,0.8288542099302653,0.9198819015655396,0.8719989045106243,0.6633363014294387
141,0.1896327897477493,0.974894851167876,0.8286753659180971,0.9203168557251663,0.8720952531876941,0.6553014703512069
142,0.18869928278618578,0.975099784824467,0.8301902697960266,0.9205394642451585,0.8730335600293174,0.6624778557608325
143,0.19440092366161965,0.9739386474526979,0.8230721767930724,0.9168501433406901,0.8674339475275508,0.6568410447549606
144,0.19715377200636075,0.97345893543152,0.8203359955337045,0.9150026772089337,0.8650871946948372,0.6516718030681832
145,0.1967500789131192,0.973555943496263,0.8212608953689929,0.9147303786279282,0.8654793385493971,0.6542534367830831
146,0.19040882099661038,0.9745910692595835,0.8270946491270977,0.918870454097754,0.8705704763760839,0.6546631888681459
147,0.18680985797223426,0.9752638910495064,0.8310516752694214,0.9213117644505047,0.8738571781826158,0.6598658625814676
148,0.18699594319081134,0.9752780632356354,0.8327584739058395,0.9186592897968658,0.8736023170089521,0.655574686665253
149,0.1871331159909852,0.975093426566543,0.8298882003975174,0.9209611283438901,0.8730560201736935,0.6594363728247831
150,0.1849016324757672,0.9756438003936572,0.834228182938085,0.9211418731720629,0.87553334797947,0.6513790300555105
151,0.18289517353978946,0.9760451122107555,0.8365173407067606,0.9227497490393501,0.8775201567780415,0.6544782092732652
152,0.18355716368277297,0.9759612463767543,0.8356459100355337,0.9230591121235184,0.877180154771049,0.6562093760949237
153,0.18150086926041747,0.9762679258928697,0.8377253194716024,0.9237484971156138,0.8786363981917008,0.6605696074063498
154,0.18287626407343707,0.976213695308545,0.8377853267289506,0.922927392853314,0.878297769726069,0.6368690305316119
155,0.1820766329229307,0.9761897179471292,0.8372420177579136,0.9234947307861898,0.8782557556449657,0.6514031324394072
156,0.18437387649532702,0.9757578782523519,0.8337601636489895,0.9234482155730571,0.8763153470488522,0.654688091183611
157,0.18149566473506337,0.9764521643125457,0.8393554759255324,0.9235500322062475,0.8794422313025858,0.6489416141483167
158,0.18066329567981282,0.9763881972166266,0.8383595866956296,0.924317164054579,0.8792424990034795,0.647244202147074
159,0.17553393454324429,0.9773094167804836,0.8438248911091458,0.927710042767416,0.8837814155954116,0.655788785780792
160,0.1846592264424125,0.975961212044908,0.837239414561287,0.9204489441637288,0.8768745964776096,0.6216509159600113
161,0.1816975547255372,0.9761460821705549,0.8369755261135993,0.9233481709479859,0.8780428536583893,0.649805661986557
162,0.17589067517639065,0.9770992921487407,0.8424375451705295,0.9271578407372263,0.8827696789405992,0.654215147951324
163,0.17701418252943232,0.976915033129957,0.8415167619535472,0.9262004395170805,0.8818301865637149,0.6498692473046922
164,0.17259566102632515,0.9777626795473162,0.8471865025485368,0.9283340849601106,0.8859059277228707,0.6528351914690151
165,0.17000947705061314,0.9782230902045365,0.8498890803852481,0.9301148792863769,0.8881940684616964,0.6500401226530905
166,0.1688683571950566,0.9784949434958234,0.8519768547515585,0.9304070391250533,0.8894663664272855,0.6537231970683584
167,0.17024559701839798,0.9782859586813759,0.8504228129282153,0.9301017368928252,0.8884794489099475,0.6538185008967686
168,0.17183396289888903,0.9780754289338474,0.8496613855482207,0.9285420744131183,0.8873521655422064,0.6525510181009324
169,0.16770671082915162,0.978718210358308,0.8535154515344308,0.9309287478488559,0.8905429162102164,0.6539175939854688
170,0.1685689639219706,0.9785705559539881,0.8525266790581113,0.9305385368942427,0.8898260383261729,0.6573331378034376
171,0.16813699239127927,0.9786288514289079,0.8526484200539652,0.9311079421699243,0.8901526381115011,0.6252559539081446
172,0.17301480263042793,0.9777457058825338,0.846624714224416,0.9289991786742366,0.8859011948480068,0.6517009101753529
173,0.16637350128387376,0.9790654701166821,0.8557836239079298,0.9319429271624923,0.8922410365331815,0.6572876784557684
174,0.16908317533649986,0.9784468102473914,0.8516739263659778,0.9302506594085214,0.8892298113263211,0.6456112645464726
175,0.16650296345674734,0.978969231085295,0.8553480903179207,0.9313648095135572,0.8917393625823982,0.6509952776105558
176,0.17107577026962376,0.9782176245746147,0.8509814907136821,0.9283405084895432,0.8879793428711485,0.6550920547418463
177,0.1708503399821494,0.9782375439118046,0.8503957878994314,0.929512175024786,0.888195631355768,0.6587650406009471
178,0.16842758435782768,0.9786822511825536,0.8540328454788478,0.9296653798934373,0.8902456238838874,0.6527398059683444
179,0.16948751354817865,0.9783810990936832,0.851628001498593,0.929466324314698,0.8888462972054262,0.6446499460609191
180,0.1637112652119115,0.9795321429026571,0.8593031613227357,0.9326099405520809,0.8944570686591221,0.6587636852612009
181,0.15979315908692723,0.9802044977794712,0.8632470105607829,0.9353089304188525,0.8978343344662414,0.6480318573779693
182,0.15754007264006908,0.9806130124179112,0.8662309763247873,0.9360899429974522,0.8998065733547876,0.6612143599364614
183,0.17043439060342397,0.9784924784692632,0.8522895276491763,0.929890351090922,0.8894004668676736,0.6530150263361644
184,0.17769291897793468,0.9768026100662511,0.8420201306247833,0.9239024403209816,0.8810629257283799,0.6543086493065189
185,0.16484183649257791,0.9790743002675357,0.8554978796237553,0.9324948338579954,0.8923384833847237,0.65382420573911
186,0.15940578582046702,0.9799996053210956,0.861541280517429,0.9352397482685265,0.8968790714119347,0.656510820715481
187,0.1566235617124777,0.9805422064182205,0.865209824809886,0.9366988492874607,0.899536207291538,0.6530126756384771
188,0.15572539151465292,0.9808062732467797,0.8671720736077283,0.937159054562788,0.9008082252280135,0.654537249689544
189,0.1567353247631368,0.9806249530340343,0.8658921736139336,0.9367421896527129,0.8999248513651931,0.6574512525655454
190,0.15542051314021185,0.9808985778485875,0.8676205103351472,0.9376711649092776,0.9012867513666355,0.6582536678872478
191,0.156767359472436,0.9808206994885709,0.8673815640885393,0.9370340541567028,0.900863476552109,0.6498105100607737
192,0.15813950387586792,0.980587448925199,0.8660994146720805,0.9359589620639642,0.8996750823010928,0.6564403628901868
193,0.155310366811941,0.9809946452207433,0.8687481051130977,0.9372356200802778,0.9016932518614561,0.6539117672968321
194,0.1539962397848102,0.9812186536511067,0.8699775535721229,0.9382751243432864,0.9028365418430062,0.6520958943193716
195,0.15725621463154718,0.9807819045023167,0.8670685201804139,0.9370020103432114,0.900679804662129,0.6470002227947717
196,0.1777435128958963,0.9774174385015012,0.8467909223352812,0.92442665938962,0.883907332010032,0.6549416617334549
197,0.16693315657673122,0.9788658235644124,0.8549315058087057,0.9306646448054025,0.8911920267220141,0.653981502467878
198,0.1558155486587998,0.9808942039713762,0.8679689202184486,0.9371040484774168,0.9012125306789469,0.6456004473957384
199,0.15253891251820453,0.9813643099419753,0.8711416261028883,0.9384219056825052,0.9035310123433462,0.6535559053796228
200,0.14963204223367807,0.981967774536119,0.875425723353167,0.9398412103524258,0.9064905619476535,0.6539003986643085
201,0.14993921056282605,0.9818212942809407,0.8740683270859632,0.9399488598456758,0.9058122860030315,0.6396924807259724
202,0.15231509353938721,0.9814510939829072,0.8718318369810493,0.9385161174475168,0.9039458173872033,0.6479327048947302
203,0.14747449396539936,0.982282425906932,0.8773303566186186,0.9410650772935175,0.9080807666646872,0.6537813243863112
204,0.14698248595106517,0.982455197489963,0.8787721755462148,0.9411786334804986,0.9089054398822835,0.6526356361988801
205,0.14977117531376777,0.9820021063823616,0.8758981567937387,0.9395966732319567,0.9066299508016242,0.6563830050909379
206,0.15021135320337556,0.9818158561164958,0.8741957514700582,0.9396974561937442,0.9057639340629254,0.6540737536770376
207,0.15051077405433003,0.9819290962781422,0.8749088766713903,0.9400959365195811,0.9063317891015903,0.6537333246374276
208,0.15065027550934887,0.9817963144296146,0.8741789687246039,0.9394761028461699,0.9056520874348918,0.6506524710238024
209,0.15744388773501347,0.9805701250755849,0.8665392030109594,0.9350904565844721,0.8995106565617036,0.6544468933818306
210,0.15958255004110955,0.9801683463453778,0.8638095140546206,0.9340098269663605,0.8975390978894097,0.6533043317712591
211,0.1511155090850892,0.981610043564641,0.872689531873407,0.9392785239408634,0.9047604705021546,0.6569558280198746
212,0.14661983657869504,0.9824530277172805,0.8785595002838388,0.9414524087349369,0.908919280869002,0.6539174884984528
213,0.14437783812340216,0.9828382584975989,0.8807678429943232,0.9431358902819826,0.9108855347776745,0.6536797539667768
214,0.14371679645540902,0.9829909596833165,0.8821938112999033,0.9430333353120758,0.9115996042531792,0.6488496008435005
215,0.14660866437948866,0.9824853820491795,0.8787537217574861,0.9415812484919472,0.9090832621162919,0.6565910693681002
216,0.14526730113857084,0.9827034098719274,0.8801029115285487,0.9423937880483368,0.9101838339244348,0.6527946482985387
217,0.14553249959679818,0.9827331961817274,0.8803469906441501,0.9424208850058284,0.9103269825174324,0.637558399013937
218,0.14427236159392398,0.9829532907816191,0.8816897829472216,0.943271301235769,0.911441538184072,0.6430289844963096
219,0.14467835646095895,0.9828996575714191,0.8816898585654106,0.9426051000165683,0.9111304653964991,0.6526499762671266
220,0.14525858996261795,0.9827112924638247,0.8804678515449665,0.941978325978023,0.9101850502965887,0.6464919583950386
221,0.14290963550158542,0.9831319056448806,0.8829665951324247,0.9437019730424405,0.9123245809058756,0.6518407848571635
222,0.1430100412677518,0.9832210585832033,0.8839494786632878,0.9434375008306288,0.9127252151501999,0.6358682875669803
223,0.1457733093566603,0.9826108031498727,0.8793348500610543,0.9423236460602796,0.9097402436095363,0.6439240657055767
224,0.1451374527683361,0.9828015302884886,0.8809276412444741,0.9424546269937676,0.910653071491954,0.641251015930903
225,0.14672413583603694,0.9825154842119649,0.8790913299444232,0.9414794318587568,0.9092164097464622,0.6453368460963606
226,0.14177064305479578,0.9833341270856185,0.8844047360200767,0.9442041158432588,0.9133266427869582,0.65500490909978
227,0.14018211486957055,0.9836791690067253,0.886886200637683,0.945032898807409,0.9150367364528265,0.651491261385153
228,0.142566792291703,0.9831807735948223,0.88326889811774,0.9438859665521654,0.9125719267107079,0.6543561601085909
229,0.14193286044563322,0.983364757958836,0.8845450299963465,0.9443881831866554,0.9134875651049269,0.6490504927985522
230,0.13982978200526547,0.9837455461982506,0.8872381559526862,0.9453663316685317,0.9153803632753174,0.6454446581670894
231,0.1541344279543959,0.9814827616778814,0.8733506650207851,0.9367247649062062,0.9039282925411247,0.6464412032866942
232,0.15491375139505742,0.9811159121680413,0.8712142769444103,0.935182158004648,0.9020656062358859,0.6451258787879384
233,0.15307501564137369,0.9812894047198434,0.8713773269879803,0.9371351324531769,0.90306074750064,0.6421575246412216
234,0.14263917883630278,0.9830068690608652,0.8823022154221286,0.9430791860221637,0.9116789011737354,0.6294808952579133
235,0.14781005911046652,0.9820140126666386,0.8769733733744235,0.9382157620712884,0.9065614439287404,0.6475591783104693
236,0.13822058448902994,0.9837446810357253,0.8875644930926488,0.9449070862309358,0.9153385934856211,0.6480956458047966
237,0.13527191031000596,0.9842855106095841,0.890914707306957,0.9469720663593414,0.9180884844667593,0.6471687838616015
238,0.1333581310489195,0.9846572558406985,0.893474924959727,0.948052474476438,0.919954939307523,0.6476585356931763
239,0.133013903639085,0.9847949059450234,0.894532381215712,0.9483084558160112,0.920635796713125,0.6521452592728545
240,0.1351806312102637,0.984394479889558,0.8918471235630887,0.9470408793413091,0.9186156881802394,0.6569298000987952
241,0.13396097390021353,0.9846555323820171,0.8936011330917875,0.9478613191005641,0.9199318158822445,0.643503542833193
242,0.13559166754750038,0.9843233168386665,0.8911795220172732,0.9470753596659647,0.9182776281476394,0.6485962170107475
243,0.13373093449061724,0.9846737694587412,0.8933613334919035,0.9484073191023361,0.9200617309815909,0.6524038533094054
244,0.13840797586406736,0.983798829223619,0.888035912662204,0.9449266521539201,0.9155984067012582,0.6426076229804053
245,0.13734679797784888,0.9840736831182677,0.8897677031521819,0.9459361799462431,0.916992625998809,0.6471089550586776
246,0.1371211782365823,0.9841307083148765,0.8895425348853823,0.9469435665620887,0.9173459901810629,0.643079691273261
247,0.1341610289306092,0.9846382016660339,0.8931178275935538,0.9483016631182204,0.9198828681237915,0.6498174359470608
248,0.1331822233770391,0.9848216573196156,0.8948249032605268,0.9482417101768493,0.920759228549095,0.6498406011179954
249,0.13111676715260787,0.9851670562919232,0.8966396935403519,0.9500154164706383,0.9225561690052382,0.6445292540008847
250,0.13478608469632888,0.9845118330063843,0.8926465734914119,0.9473942472937744,0.9192059426501082,0.6489783168452092
251,0.13763984113181238,0.9841303100654601,0.8902134541730025,0.9460235251797924,0.9172703518649912,0.6379003364812154
252,0.1381482797936141,0.9839312265554688,0.8886995459562798,0.9456457921156861,0.9162887365276539,0.6535595503631635
253,0.1339044361609778,0.9846365400046757,0.8932443342227401,0.9481105815760181,0.9198600421277636,0.647631244043758
254,0.13113237467172334,0.9851866666424971,0.8974909637033794,0.9491189280295949,0.9225832323328378,0.6553681015646996
255,0.13021531170435088,0.9853601523279298,0.8985157568440202,0.9498622116019869,0.9234758025953226,0.6481192482094547
256,0.12938125688823865,0.9854594194281556,0.8989347127509074,0.9505097329022628,0.9240030926278207,0.6479624098621496
257,0.13121729408451122,0.9851375446368932,0.896932506007133,0.9492660785371718,0.9223575511515912,0.6465317743205442
258,0.13564395585613284,0.9845503190060222,0.8932443095565578,0.9470576395847713,0.919364181270229,0.630646299579973
259,0.15362357152558917,0.9814584547307417,0.8733787197681251,0.9363787803209047,0.9037821921826305,0.6520341118036024
260,0.14422289863657609,0.9829476878243123,0.8825798742787521,0.9419572833816058,0.9113023949689829,0.6532604009779036
261,0.13359562463039976,0.9846644105974555,0.8938132661813412,0.9476839706212867,0.9199606582733111,0.6424029550510928
262,0.13012615813733006,0.985207718930613,0.8973875234593255,0.9495121661647453,0.9227142936631474,0.6501531089600859
263,0.13181103473837427,0.9849399442626596,0.895273819248797,0.9490803868529992,0.921392235722332,0.6482854298397299
264,0.12761037933419075,0.9856583587443927,0.9004553859440098,0.9509071795566967,0.9249938475806655,0.6466602252835475
265,0.12658014687166796,0.9859152639498256,0.9024793081638985,0.951349147915129,0.9262700850419566,0.6377271445324961
266,0.12548871584933438,0.9860202782011124,0.902695064844902,0.9523323909203485,0.9268496233885751,0.6374819021901909
267,0.12977169068168393,0.9852883644374367,0.8977741878582322,0.9499765061256844,0.9231379417669544,0.6535414655127996
268,0.13076024269350142,0.9851865499142198,0.8976751996240399,0.9488725450673349,0.9225641240632572,0.6538270147899616
269,0.1279702157103758,0.9856047049350848,0.8996744288189674,0.9512895641421162,0.9247623384524661,0.6491438633312513
270,0.12650654419398993,0.9859383624159777,0.9030253397091613,0.9509133077514428,0.9263508411590584,0.6482790394468944
271,0.12584113455612025,0.9860993925075937,0.9036297676773212,0.9520631195198803,0.9272143913913392,0.6464887972052856
272,0.12411084910519689,0.9863437322573019,0.9051703528631937,0.9529949004559672,0.928467184263279,0.6512795437685224
273,0.12519594705362114,0.9861861628157871,0.9042496366461219,0.9522988704334243,0.927652473699725,0.6496602297794564
274,0.12447917163908052,0.9863056857052959,0.9049823953811,0.952782111814303,0.9282673175058973,0.6364592761346807
275,0.1264163706478455,0.9859591606484314,0.9026711266100861,0.9516271316888507,0.9265028764707136,0.6394725875520425
276,0.13153901358516953,0.9850986947196851,0.8971222888451202,0.9485413272163613,0.9221155568449843,0.6422344923573304
277,0.12751486275693497,0.9858291734121878,0.9018423594970737,0.9511458099834347,0.925838163059291,0.645447995575249
278,0.12623282044911557,0.9860210197689911,0.9030880890894458,0.9518269994379781,0.9268172234758079,0.6483589283020054
279,0.1242203808141698,0.9864068891216496,0.9055923122620265,0.9532054002538106,0.9287890518308825,0.6449229162463357
280,0.12427162705994338,0.9864252360602817,0.9061093406991957,0.9527554578588412,0.9288471334092899,0.6427902661474366
281,0.12465829442409303,0.9863571766082905,0.9053381575738207,0.9529384176971633,0.9285286408278096,0.642588130608377
282,0.12785206209841393,0.9858054089082188,0.9016741127286536,0.9510798765146609,0.925718264561042,0.6476424951525269
283,0.1256364133986209,0.9861508147468957,0.9039494965926587,0.9522648331107987,0.9274783657670793,0.6469759359360101
284,0.12391033130798408,0.9864167766933675,0.9056304115269895,0.9532746562378082,0.9288419663785957,0.6492800583487413
285,0.1243378470966713,0.9864102673753199,0.9058668211036739,0.9528899828085678,0.9287836017832122,0.6487817020471774
286,0.12344793227615117,0.9865116836491205,0.9065295591048337,0.9532484452843762,0.9293021971241326,0.6514818464075438
287,0.12281194715191135,0.9867258663050892,0.9081103504476061,0.9537742886937908,0.9303823505983154,0.6376832204794591
288,0.12174347884577813,0.9868466526065397,0.9088244528158603,0.9543006489389068,0.931007546704053,0.6410694042115722
289,0.12671479606907143,0.9859713484538475,0.903407988396188,0.9508110481162225,0.9265035892837987,0.6480576947462
290,0.12446695598338148,0.9864073079701738,0.9061976769459698,0.9524260858496587,0.9287369759671013,0.638820637642292
291,0.12315720094622468,0.9866031986184646,0.9072685661111555,0.9533905012686101,0.9297578994394277,0.6483874124315326
292,0.12242344646252316,0.9867199680939047,0.9080903988435287,0.9537293978214342,0.9303505213639273,0.6499673157210243
293,0.12728743172056384,0.9857593630360382,0.9019570036584086,0.950153190101917,0.9254280088171731,0.6540346482010676
294,0.12334295003105411,0.9864719754357563,0.9064081165815419,0.9529294099892233,0.9290867735418864,0.6475719256421595
295,0.12238955460220789,0.9866922554276177,0.9082235771382576,0.9532265905175711,0.9301810802202944,0.6493146750289936
296,0.12028493332884295,0.9870377711282027,0.9102819238898774,0.9547153726725043,0.9319693361544769,0.6479950104851785
297,0.11965215031942017,0.9871552547060447,0.9111559604203672,0.9550003706450316,0.9325631142811113,0.6421762714124477
298,0.11994865558130278,0.9871407323350841,0.9110514964019858,0.9549605004623465,0.9324893885066103,0.6393916688201077
299,0.11928508604923599,0.9872385231659213,0.91171752618728,0.9552769515789922,0.9329890896724522,0.6510651977160012
300,0.13314372456545454,0.9847845033956119,0.8955050103188023,0.9468782975963596,0.9204754038063871,0.6449248180040564
301,0.12275108432383847,0.986586382880175,0.9073765087131037,0.9530499065413385,0.9296525675363065,0.6439685339116787
302,0.1197501196653294,0.9871079797537687,0.9108601738077465,0.9548141621251576,0.9323194052862785,0.6395213960547732
303,0.11727900535082646,0.9874579311288882,0.9130749026869733,0.9561629556386627,0.9341223149146906,0.6401896345598733
304,0.11707907309420675,0.9875379311970026,0.9138207364003994,0.9561690838334088,0.9345153934610105,0.6528344904635879
305,0.11657126497128885,0.9876744552167708,0.9148927950468657,0.9564358448890413,0.9352031970648571,0.6495832255463364
306,0.1201567472421008,0.9869926453495015,0.9098753957016981,0.9546969142545945,0.9317474339763755,0.6422824177027728
307,0.11692688177279431,0.9875441933257573,0.9138890698219447,0.9561570489449316,0.9345453754265528,0.644431679838638
308,0.11873123400824533,0.9872676503042735,0.9120021039875102,0.9552617418426345,0.9331308163704521,0.6453671456814206
309,0.11852667780874444,0.9873106887067232,0.9122117458051099,0.9555074603018497,0.933357782734972,0.6506365493152397
310,0.11715142948807572,0.9875453262766832,0.9139597155705677,0.9560812217641581,0.9345460883346667,0.6449658279934004
311,0.1171516547743365,0.9875469192743489,0.9137879970769661,0.9563171941787171,0.9345690044869323,0.6416994642923047
312,0.11692289831183797,0.9875441795930188,0.9139284338800212,0.9561071373829035,0.9345421147253783,0.6311386202714911
313,0.11874188745407749,0.9872673619167651,0.9120717887673854,0.955169745087772,0.9331233931799096,0.6482682498544389
314,0.12122245462571117,0.986850113256641,0.9098048986257304,0.9530858635394267,0.9309426028301159,0.6437083045778698
315,0.12282528387878439,0.9864747975135174,0.9066305316644434,0.9526757174934709,0.9290829766705666,0.643168070964523
316,0.11944042073844148,0.9871855285280614,0.9117827145685384,0.9545631276415842,0.9326826144048483,0.6544690365934441
317,0.11646283782428975,0.987511832127489,0.91343565054801,0.9563463584790145,0.934398613195634,0.648768243674903
318,0.11389164291590238,0.9880493109131546,0.9174730652076311,0.9576343868807606,0.9371236355561184,0.6479050526093492
319,0.11328268946289159,0.9881375918225827,0.9180942170516304,0.9579012956037365,0.9375754196290709,0.6475303827712867
320,0.1143812309655783,0.9879471874033215,0.9169103703687985,0.9571312104085394,0.936589178841173,0.6415271584488574
321,0.11480111658251543,0.9879060921833692,0.9163588313487911,0.9573363203483531,0.9363994894554393,0.6395295107481486
322,0.11362255265494045,0.9881360880877172,0.9180595170813476,0.9579268420541236,0.9375695614553903,0.6268763208368738
323,0.11363953896027675,0.988175370586188,0.9184771173401985,0.9578697686259465,0.9377599317642977,0.6507340852438972
324,0.11494138405370198,0.9878684782126259,0.9159592413979637,0.9573928031071571,0.9362178221932216,0.6438014570514502
325,0.11510799069413179,0.9878848407705451,0.9165611431170921,0.9568312242006692,0.9362633647100131,0.6482580783058363
326,0.11799338409047333,0.9874066187514942,0.913031583918126,0.9556080217626224,0.9338347566458015,0.6319840139429915
327,0.1139734968971863,0.9880969978475855,0.917990218326566,0.9575517670021964,0.9373537489700632,0.6388723249623742
328,0.11407626680225777,0.9880663738407371,0.9174905811569387,0.9578140980375306,0.9372188137729622,0.6485151768038366
329,0.11426949010585709,0.9881055258781921,0.9181971004394518,0.9573944274479332,0.9373861783751491,0.6477986759792855
330,0.11347452122316086,0.9882450230358448,0.9187790981236333,0.9583153548342892,0.9381308607515394,0.6397601925054991
331,0.11644712567543812,0.987708944989506,0.915512980362864,0.9560642400196812,0.9353493003295564,0.6482880975075612
332,0.11585555608860022,0.9878011053975595,0.9163625566064353,0.9560893434680384,0.9358045192933324,0.6354945802264236
333,0.12721835575301013,0.9858030880754127,0.9027373713489368,0.9496595381733373,0.9256041734469708,0.6434536501476908
334,0.11462861503199707,0.9878717328716496,0.9164245696438584,0.9568473199410866,0.9361998098270473,0.6495673642373017
335,0.11176469522736056,0.9883894296475103,0.9201390067951584,0.9583276850574529,0.9388451635982009,0.6502188790917072
336,0.11101143994777322,0.9885304305400284,0.9211364453427258,0.9587524501703933,0.9395681053507471,0.6466620131025365
337,0.10984081013811578,0.98873883171309,0.9225915911440541,0.9594066165011168,0.9406390221587094,0.6427889106275232
338,0.11046726844883223,0.9886179630152084,0.9216858143378568,0.959103086277008,0.9400222521732051,0.6389275009786738
339,0.11057712866676797,0.9886023969561221,0.9214517753154476,0.9592090375958102,0.9399513878561238,0.6267988478703964
340,0.12027542837124934,0.9868870268577209,0.9102537185381925,0.952953184431491,0.9311141756066055,0.6425932512645218
341,0.11476117235829504,0.9878740262389787,0.9164116440366565,0.9568906603063388,0.9362138093159525,0.6361283997792786
342,0.11102952432932614,0.9884677062569432,0.9206105356913815,0.9586650311031725,0.9392524900835572,0.652262919141897
343,0.11071998544251747,0.9885504734718648,0.9209559669245964,0.959211326439631,0.9396944598962385,0.6467070228724316
344,0.10913192835911144,0.9888484395654039,0.9234124597416389,0.9596837881044504,0.9411988031534059,0.6454695823243313
345,0.11523855659815906,0.9878155316393507,0.9165212842912007,0.9560612128391439,0.9358738020836496,0.6411938645261124
346,0.11029454041942419,0.9886492667926123,0.9219096091953566,0.9591948615308555,0.9401827210529345,0.6460830260043764
347,0.10842131257807608,0.9889922762684217,0.9243012550921538,0.9602799211692654,0.9419471525629045,0.6430367179656565
348,0.10884988432575901,0.9888889854758163,0.9236576398595474,0.9598583309042056,0.9414101014105026,0.6329105056087779
349,0.10947636756107962,0.9888349471498306,0.9235441719362517,0.959364014472581,0.941113380595966,0.6445458589774941
350,0.10857688158536129,0.9889777126992455,0.9241558644943636,0.960287378370101,0.9418752362864085,0.643838550990414
351,0.10836516368946583,0.9890048897887311,0.9243765735129248,0.9603354440903381,0.942012974862991,0.6392452890014646
352,0.10787842358402211,0.9891450392514625,0.9255478661970999,0.9605445410484205,0.9427215198358089,0.6366723473600278
353,0.10898578175001865,0.9889451111780536,0.9241686789348382,0.9598897840483238,0.9416906015139028,0.6435922341770923
354,0.10873269059246393,0.9889963068271705,0.9244120861447913,0.9601914684306417,0.9419621397566164,0.634766990842143
355,0.10778968968837381,0.9891642032880351,0.9255978838651117,0.9607076396290715,0.9428260132605788,0.6336764302113216
356,0.11590822665489835,0.9877795724635962,0.916351889501766,0.9558479073617782,0.9356832934760906,0.6126524285615517
357,0.11735949469663257,0.9874855888642212,0.9139024650689384,0.9554444063462699,0.9342118485855248,0.6487593508499555
358,0.10993738369279199,0.9887506212690896,0.9228558906180298,0.9592199649792129,0.9406866279558936,0.6400133903003422
359,0.10880661503874141,0.9889216625270699,0.9239195582508948,0.9599202035210392,0.941575890254129,0.6348151577501349
360,0.10697529003988925,0.9891983566086772,0.9257136858243935,0.9609657621451222,0.9430103864053774,0.6036527413578812
361,0.10682662754661316,0.9892456178282146,0.926385068807039,0.9607005515965941,0.9432308073053003,0.6385006427949015
362,0.10623344393085232,0.9893788940553282,0.927206208280442,0.9612591033225447,0.9439256341014856,0.6399695924653999
363,0.10683239772647833,0.9892998003479546,0.926719596442325,0.960926704132825,0.9435132071016633,0.6549775553891571
364,0.10960731497235435,0.9888338897289662,0.9239182266917508,0.958893324815881,0.941080927128415,0.641186042719558
365,0.1069165918332853,0.9892701170336933,0.9263535702181742,0.9610250505834484,0.9433708497757225,0.6427905659765387
366,0.10896141194611145,0.9889222942330408,0.9242809048364908,0.9594851755277409,0.941554087270228,0.6363011111096448
367,0.10999664013012708,0.9886985947892937,0.9223305450923852,0.9592555528089429,0.9404307332967622,0.6402788691004934
368,0.1096583647425655,0.9887988231812141,0.9232384684430159,0.959315505750314,0.9409312991008055,0.6449572029976189
369,0.10770330178759081,0.9891295212569609,0.9255932497215328,0.9603077564634734,0.9426310014393453,0.6330865093273339
370,0.1077401153743267,0.9890857138211554,0.9253309414513107,0.96011527208151,0.9424022411674061,0.6411089847655957
371,0.10568907123943455,0.9894567106180215,0.9277952167568477,0.9614527690432544,0.9443241829136367,0.6495276804381958
372,0.1051957671456843,0.989487835869825,0.9279824694159597,0.9615889183337571,0.9444868447770719,0.6402597029628136
373,0.10711352096991145,0.9891735621493208,0.9258519621280261,0.9605074027115859,0.9428613444656424,0.6338633861922262
374,0.10598337363532122,0.9893600046735256,0.9270820596461945,0.9611893305028457,0.943827660453184,0.6415479661491115
375,0.10928400530875158,0.9889147618259753,0.924141467299896,0.9595675739052903,0.9415213988195141,0.647200385718514
376,0.10555403313780432,0.9894387207305905,0.9276385054777715,0.9614328339519118,0.9442333898027017,0.6411603592886034
377,0.10474930215868161,0.9896114991799907,0.9290828919105031,0.9616998165085593,0.9451100252748265,0.6332570573822784
378,0.10464268515435912,0.9895831891395791,0.9285379500593446,0.9620281548463389,0.9449864233601682,0.6405825151602826
379,0.10783037320851423,0.9891228540124205,0.9255394087953078,0.9602954262403097,0.9425971400666251,0.6394718919335126
380,0.10759194582539926,0.9891207323043227,0.9254776388445962,0.960345928471711,0.9425894317577447,0.6400959479253899
381,0.1052543882066183,0.9895934337624979,0.9289538406696038,0.9616451795915463,0.9450168685897047,0.6412375841936386
382,0.10572935244162306,0.9894681087909741,0.9280003614981389,0.9613372931808107,0.9443747160642184,0.650644992712721
383,0.10569498453476875,0.9894653691096439,0.9280641553744441,0.9612281670141279,0.9443550861565579,0.6461719696619233
384,0.10485977865755558,0.9896444165541681,0.9293259568109886,0.9617898935879591,0.9452792782855799,0.6288241932686072
385,0.10688256460288875,0.9892518044269075,0.9266595178105324,0.9604392542326629,0.9432470513982982,0.6413432992499614
386,0.10666808120155935,0.9892730489733624,0.9267228469048029,0.9606104006835225,0.9433623939231071,0.6387292954002926
387,0.10318557321757292,0.9898777014493861,0.9310533665620953,0.9624253061660862,0.9464794447136877,0.644776360005867
388,0.10202515827451679,0.9900251292635209,0.9317333631552247,0.9633218684408011,0.9472643428206505,0.6438422439099246
389,0.1023202008507449,0.9900171986070389,0.9319700945932669,0.962946571887859,0.9472051447593607,0.6399004135468249
390,0.10263766766452104,0.9899644923566874,0.9315384440100237,0.962851621786131,0.9469362384923893,0.6324113120864373
391,0.1025169066575577,0.989931437655125,0.9311015486835116,0.9629915365938874,0.9467780839930213,0.6363954932618449
392,0.1035569046469901,0.9897840716383135,0.9303019325180197,0.9622395406482419,0.9460012548234067,0.6477264905517713
393,0.10289097546512703,0.9899460767543629,0.9315017720189256,0.9626818043413609,0.9468351619408069,0.6372232587807364
394,0.10321808804710991,0.9899075701556171,0.9311839584319117,0.9626155755379004,0.9466389298328801,0.6445671675490727
395,0.10190348672888262,0.9901121398946381,0.9325153979291427,0.963395775946112,0.9477040989566473,0.6393877515778931
396,0.10415837346917863,0.9898297398601853,0.9306440504378346,0.9623592988636407,0.9462359971010699,0.6280416747499155
397,0.11044821186031369,0.9888001140586329,0.923860584394227,0.9585680874923103,0.9408943740798276,0.6289383348250196
398,0.11640107347596464,0.9877232270375429,0.9173839581252656,0.9538924225684136,0.9352820516198861,0.6424287092248435
399,0.10494764121048314,0.9895151434203264,0.9283912744988786,0.9614126773595544,0.9446134769434316,0.6317321943818353
400,0.10180096758408941,0.9900300799157491,0.9321495905466595,0.9628813767558017,0.9472662944031655,0.6438687759157405
401,0.10157854762598337,0.9900799572219703,0.9325010100079979,0.963039897648811,0.9475244492039273,0.6398044256036486
402,0.10064239769155602,0.9902436445984855,0.9338033876199492,0.9633840363923214,0.9483631035879264,0.6424940145687943
403,0.0998826898607633,0.9903553192279433,0.9344699417534772,0.9638840380166622,0.9489491111363748,0.6397560493939121
404,0.09927046445044253,0.9904269835237899,0.9348503016129426,0.9642612542450669,0.9493280387706439,0.6418137221037155
405,0.09976137527298155,0.9903895137468008,0.9347065519315025,0.9639986278750463,0.949126639681458,0.6464007673500374
406,0.10063468579122488,0.9902354461536028,0.9333927452105699,0.963777865196845,0.9483419808786532,0.6455850454505931
407,0.10005758864898905,0.9903646918219675,0.934414904888262,0.9640577686460293,0.9490049140598265,0.6496971193729363
408,0.10015592130450465,0.9903786648833882,0.9346236726019429,0.9639715309175546,0.949070777003709,0.6449681733731533
409,0.10071059742527043,0.9903210835108702,0.9342234841327914,0.9637807447100389,0.9487719696094187,0.6369952867504242
410,0.10174700948778245,0.990123023089897,0.9326421922436118,0.9633705248304114,0.9477573542937747,0.6358285529176773
411,0.10063039295696954,0.9902427382377447,0.9332716559094529,0.9640066019115833,0.9483901836380312,0.6415297189552926
412,0.09983941168933035,0.9904460720303008,0.9351884207274725,0.9640811000862672,0.9494149951467575,0.645169769093738
413,0.09986447173056842,0.9904355115543966,0.9349994397386068,0.9641829905531294,0.9493669924423089,0.6459981918209513
414,0.10169995238455079,0.99010216306012,0.9326393160283722,0.96313218973836,0.947640518860103,0.6432562182563478
415,0.10212657568480471,0.9900050039352536,0.9317872309570049,0.9630238757420653,0.9471480796694468,0.6464485701443674
416,0.10136983622696331,0.9901888166400361,0.9333026655571712,0.9633451998810392,0.9480859987607128,0.6465089694434433
417,0.10033792302870065,0.990289882729005,0.9338564400093626,0.963856055055111,0.9486191260227262,0.6399347061525773
418,0.09951061752738713,0.9904542086778603,0.9349840855447957,0.9644172647932406,0.9494726264629043,0.635549650260678
419,0.09983814783769546,0.9904291807619494,0.9349929682010603,0.9641175000863854,0.9493319089681462,0.646844310228816
420,0.09895413631586719,0.9905377105942914,0.9357533581348876,0.9644708680388507,0.9498951135970919,0.6339945347054351
421,0.10009950290856173,0.9903574752678873,0.9346352436935942,0.9637128177321308,0.9489513356947183,0.6335732220351304
422,0.09968559151823572,0.9904031434897591,0.9349532567309942,0.9638636599232898,0.9491883709123391,0.6436502712889185
423,0.09934008550300873,0.9904652772650889,0.9351363422031573,0.9643646952190335,0.9495256447565174,0.638979087874965
424,0.09773391528095272,0.9907073099147296,0.9368476585280304,0.9651354449172753,0.9507811926355101,0.6360263497363864
425,0.09917789275536863,0.9904833495489509,0.9354360708532314,0.9642185045491879,0.9496092405624853,0.6433985333101075
426,0.09819798802675532,0.9905999130333136,0.936219730351726,0.9646376583030837,0.9502162694937828,0.644364907911499
427,0.09943618390896766,0.9904236258692274,0.9350785544305948,0.9639518911608986,0.9492957240573571,0.6413306744097936
428,0.10307140462100506,0.989787429292876,0.9309920124755292,0.9614504801994336,0.9459761349907221,0.6370364241785464
429,0.099638078334949,0.9903360109976165,0.9344374647231503,0.9636993061702209,0.9488428339010848,0.6274553464843254
430,0.097926081580331,0.9906997088439715,0.9371495214821967,0.9646921475527535,0.9507213972395949,0.639990862414218
431,0.0967105805552263,0.990864316313966,0.9381978099758963,0.965355690759775,0.951583020459959,0.643764123838
432,0.0962494542996446,0.9909341129573771,0.9386643408320064,0.9656115244320049,0.951947269420541,0.6310794052874197
433,0.09623958908771868,0.9909418032909354,0.9386614635244188,0.9657033735195242,0.9519904214629105,0.6339260425438883
434,0.0967521520746912,0.9908319482493285,0.9376892949839379,0.9655805881235882,0.9514305763610212,0.634824565735054
435,0.0975314238705009,0.9906951152429442,0.9366351215235151,0.9652455309216893,0.950725129878689,0.6335267050742897
436,0.09681703412918735,0.9908232622922292,0.9377319812977786,0.9654303366018023,0.9513795999762514,0.6398183752920795
437,0.10289370592871158,0.9899335799623306,0.9321925006628934,0.9617110392266484,0.9467217307425129,0.6447841616961585
438,0.10600179105514673,0.9893893652684322,0.9280276245841333,0.9603863893237692,0.9439297664633164,0.6430668189741007
439,0.0984625843949884,0.9905510038851565,0.9359351229997057,0.9644094384240468,0.9499589544932148,0.6335600575816345
440,0.0958957281901682,0.990934497474055,0.9386617537943585,0.9656189816328405,0.9519495628287901,0.6255660936006097
441,0.09467978979186188,0.9910772767562085,0.9394726962494087,0.9663108769697716,0.9527028123854179,0.6364225991431726
442,0.09433696374779554,0.9911623579375668,0.9402833175506831,0.9663409272741288,0.9531340592658939,0.619441488536869
443,0.0941066640770907,0.9912024712667166,0.940528363584293,0.9665155439075556,0.9533448908218614,0.6413569746731453
444,0.09466882310003685,0.9911570708332454,0.9402292177033704,0.9663433637852928,0.9531074492377954,0.6318593182973726
445,0.0940938897484498,0.9912520807845371,0.9409754502898234,0.9665637572951359,0.9535979791535746,0.6272159288639915
446,0.09600475967841611,0.9909675521756174,0.9388016934735872,0.9658351666234002,0.95212658017783,0.6213672536658215
447,0.09614336599173734,0.9909584954345786,0.9389134672605106,0.9656000063792293,0.952069767449479,0.6386695254408655
448,0.09478595722868717,0.9911287127282491,0.9399085754483063,0.9663921678422464,0.9529664078429863,0.6463438782983542
449,0.09454526615550192,0.9912274167861964,0.9407971818510726,0.966488446950064,0.953469782870204,0.6218809550527058
450,0.0946674609302188,0.991204915694169,0.9406168143801528,0.9664404550634984,0.9533537945560824,0.6383484140009211
451,0.0986874185288124,0.9905353279641622,0.9360645195978279,0.964075636394566,0.9498636135778418,0.6232215049475337
452,0.09719158261478376,0.990735146175663,0.9371932791534976,0.9650490595214574,0.9509172141199608,0.6433775372073508
453,0.09532700464290252,0.9910406721417447,0.9393797318748734,0.9659989297070959,0.9525033883041923,0.6492009081549593
454,0.0944401818133301,0.9911958177549148,0.9405101692411423,0.966460390154841,0.9533087132685437,0.6363105598807556
455,0.0959301506899458,0.9909439181326639,0.938769564014574,0.9656009662169606,0.9519962461899024,0.6453496981336396
456,0.09729418998731555,0.9906545006688393,0.9364671037367731,0.9649753735171614,0.9505075268119654,0.6376597238742856
457,0.09432598227541224,0.9912060555114643,0.9406451343991071,0.9664205199721558,0.9533586406021973,0.6221653863942569
458,0.10240646612515553,0.9899729379908631,0.9324163048835937,0.9619003487607314,0.9469288749927451,0.6306034417021962
459,0.09771920370755435,0.9906115240637129,0.9360642395854515,0.9649553645921473,0.9502902627683425,0.6388065442336195
460,0.0943163672475506,0.99118562806295,0.9407343877571269,0.9660820664213616,0.9532397513001201,0.642607244599393
461,0.09312255031985345,0.9913555089045274,0.9417403721954509,0.9668599041520808,0.9541348361737767,0.644739651164077
462,0.09212441243928113,0.9915129135531802,0.9427963630594307,0.9674375787989861,0.9549580402611321,0.6388191571991333
463,0.09375511912508405,0.9912584321760919,0.9414350493656838,0.966101853845361,0.9536089655053546,0.621294224127226
464,0.09424705473746327,0.9911539741007144,0.9402299377410002,0.9663069637851748,0.9530901139874488,0.6391601966738257
465,0.09619149317790707,0.9908395149882404,0.9380953156654442,0.9651905248363182,0.9514500563246147,0.6368352234784151
466,0.09238035703520123,0.991470410727532,0.9424132936075661,0.9673950506041219,0.9547407818409186,0.6406259506396291
467,0.09131076651886641,0.9916303833982837,0.9436568228222473,0.9677858522281082,0.9555690415479904,0.6415047553255377
468,0.09409674565247494,0.9912264966927171,0.9408504122561401,0.9664158684508426,0.9534617975900149,0.6101686082809605
469,0.09519107749672245,0.9910093820970792,0.9393380554824996,0.9656880161158232,0.9523308019610714,0.638848273024597
470,0.09197315660794433,0.9914935572582686,0.9427426983848964,0.967278171901917,0.9548528480012792,0.6361059448884857
471,0.09121839288059327,0.9916017025739327,0.9435497980619652,0.9675815544586825,0.9554145811211149,0.6416251414830714
472,0.09157313874138774,0.991572561702842,0.9433387916466354,0.9674922157159991,0.9552628507538666,0.6395424854841604
473,0.09122555546140929,0.9916418365021902,0.9436864558289793,0.9678825743379557,0.9556313811548305,0.6424926389049348
474,0.09074352169744403,0.9917048903709993,0.9440675928245801,0.9681631422901846,0.9559635565093253,0.6350321140735768
475,0.09167055433227432,0.9915436748874135,0.9430615931376906,0.9674824696713427,0.955115955650421,0.6363692114539572
476,0.09139402813727049,0.991594719476407,0.9433813744044411,0.9676964396517531,0.955384224054533,0.6390535156951191
477,0.09119134381574263,0.9916276162514766,0.9437172899275659,0.9676843309296044,0.9555505492150009,0.6438195980310065
478,0.0929421427518987,0.9913702372665654,0.9418753686148712,0.9668718652068864,0.954209942844768,0.6351606174872108
479,0.09119008965254259,0.9916846551808239,0.9441524427008452,0.9678339179483454,0.9558465233500896,0.6442981109931053
480,0.09067733857861097,0.991718005136264,0.9442164316674079,0.9681412136897078,0.956029165736457,0.6369595258238256
481,0.09021817583242338,0.9917922855187943,0.9446579283500673,0.9684806270782332,0.9564209557400093,0.6381722013693133
482,0.09025353823098348,0.9918294051109517,0.9450198886305851,0.9684874936096958,0.9566097856174579,0.6218891905520858
483,0.0902774399079436,0.9917915714163924,0.9448682633910783,0.9682301094303614,0.9564065445429214,0.6393024897332136
484,0.08996273360128025,0.9918867804923923,0.9456319277805062,0.968438320384384,0.9568992535353477,0.6432581374871404
485,0.09076287947166309,0.991720023848823,0.9443772852610924,0.9679787057784299,0.9560323565662802,0.6364356005057258
486,0.09072458587265272,0.99170305705041,0.9440263008930264,0.968189870079318,0.9559554149657875,0.6434044917579426
487,0.09111201722952102,0.9916842294659305,0.9440701192473981,0.9679240688614169,0.9558482936773648,0.6223254456449524
488,0.09181990012151303,0.9915779243372251,0.943407730999458,0.9674738311317609,0.9552892339506401,0.6376119321920143
489,0.08986275716812062,0.9918422108896002,0.945197757904699,0.9684289435080858,0.9566723388820536,0.639697809310793
490,0.09114817213669098,0.9916543126951147,0.9438619977741577,0.9678223998955696,0.9556920430689538,0.6440116536763109
491,0.1057945229113102,0.9892318850897176,0.9283858883995387,0.9581187357667139,0.9430180051534652,0.6381145934038306
492,0.09270684459923412,0.9913810861299781,0.9419136906247433,0.9669516794059284,0.9542684772896237,0.6311158840568287
493,0.08995787517951546,0.9917914272226382,0.9448842074347819,0.9682101005053472,0.9564049505028123,0.6372121463967859
494,0.08842472285836292,0.9920134100740733,0.9464164407807839,0.9689818100413202,0.9575662037354565,0.639598109175428
495,0.08820596443180986,0.9920459978625267,0.9466930330556038,0.9690361516236468,0.9577342986239639,0.643749203290384
496,0.08708177359520103,0.9922261233270229,0.9482293520101146,0.9693306741398156,0.9586639108957505,0.6315958603829112
497,0.0870353830509263,0.9922204997706083,0.9480633694764531,0.969456043714259,0.9586403736415677,0.6454023406131537
498,0.08758851194338833,0.9921558941023491,0.9473883421377175,0.9694919268786756,0.9583126960692138,0.6391766123379163
499,0.087303642585552,0.9922235553049239,0.9480265435389917,0.9695328307327638,0.9586590858144619,0.6309211185204091
500,0.09510704656567076,0.9908949128553374,0.9387784521147451,0.965026835586294,0.9517216963451942,0.6228511611446254
501,0.0923414133864341,0.9913794107358814,0.9418552772908417,0.9670003357955386,0.9542621905681342,0.6443563466775708
502,0.0903364092299192,0.9917154233814265,0.9443889422059368,0.9679126984759844,0.956006134194884,0.6376842933202804
503,0.08796954171048652,0.99208808870602,0.9470936158089843,0.969056972719049,0.9579494197503832,0.640694988061348
504,0.08770068531199325,0.9921282363670161,0.9474016561630257,0.9691618165327767,0.9581582067632923,0.6286463222357268
505,0.08768802839699838,0.9921357138431277,0.9473545203776034,0.9693008453364733,0.9582020365912005,0.6317444280279481
506,0.08763525526461413,0.9921865112428282,0.9478648728226099,0.9692958984804735,0.9584606020455909,0.6404314550939443
507,0.08759986051766992,0.9921321639302263,0.9473179514699852,0.9693022481762344,0.9581840160789863,0.6378747410280434
508,0.08734266076692575,0.9921837646951288,0.9477136311936398,0.9694373637953343,0.9584524188847731,0.6410943622309717
509,0.08745735552724745,0.9921871772806453,0.9477650828386465,0.9694174287039916,0.9584689867440747,0.6261599508861522
510,0.08732350214833406,0.9922051603017071,0.9478934590787254,0.9694754619699001,0.9585629964587171,0.6379226814239929
511,0.08765748596127085,0.9921275291309836,0.9472143089763119,0.969368033977665,0.9581631343140563,0.643517387894433
512,0.08731093832539569,0.992235770575817,0.9482419210468122,0.9694260672435735,0.9587169853478342,0.6409144455658964
513,0.08744777538043132,0.9921974287699333,0.9477536480727583,0.9695471544650618,0.9585265404432528,0.6307946579727782
514,0.09220811663021286,0.9914013831174766,0.942598259979824,0.9663901743331121,0.9543459566488558,0.6200850396282029
515,0.09268937802625646,0.99129581955665,0.9411646834868603,0.966845137417753,0.9538320901379479,0.6215156820171629
516,0.08890578445556352,0.9919356553087032,0.9457958229394079,0.9688075625762518,0.9571634029780457,0.6286357286308604
517,0.08810357187988518,0.9920634315740486,0.946843426008988,0.9690625102444219,0.9578241288932855,0.6378993741775446
518,0.08605765981479085,0.9923820791717642,0.9492802123505808,0.9699067982796163,0.9594826625351268,0.6440653725454253
519,0.08644680617202957,0.9923321469345892,0.948986898799713,0.9696731147088783,0.95921849154951,0.6367164889630492
520,0.0858800619599416,0.9924389464418805,0.9496645255763562,0.9701158952376987,0.9597812764590378,0.6349427254512144
521,0.08771002498998058,0.992128758211079,0.9475315355797348,0.969019317546513,0.9581549693435572,0.6368976753643939
522,0.08861877649968905,0.9920162596173114,0.946745872140992,0.9686367852937502,0.9575662330669533,0.6377423181840518
523,0.08692753940767092,0.9922318773444531,0.9480355542939902,0.9696172226194474,0.9587049461358468,0.6338319270796022
524,0.085386579092458,0.992468389433218,0.9499470347407565,0.9701294067996086,0.9599321499562531,0.6327458862101287
525,0.08506641077319924,0.9925226886812353,0.9502673410143413,0.970382287124973,0.9602194822456988,0.624541080193404
526,0.08509311374786088,0.9925157330491865,0.9500704524387313,0.9705267057866992,0.9601896394792153,0.6380028663800287
527,0.08566124002924926,0.9924311393800449,0.9495763520610094,0.9701274132904744,0.9597418797353716,0.6309839295400564
528,0.08635808942879704,0.9923327099768675,0.9488821104146415,0.9697987796180082,0.9592264325578603,0.6420889419990716
529,0.08622671748183185,0.9923901471556312,0.9495451617005626,0.9696973321531759,0.9595154473795865,0.6453613707847454
530,0.0855974948717107,0.9924900390954585,0.9499897968012918,0.9703266165365569,0.9600505196663888,0.6344446785988523
531,0.08592399574226613,0.9924058642748411,0.9493253021484296,0.9701257151160266,0.9596128052665962,0.6434411458397725
532,0.08534742670683124,0.9924947082265475,0.9498405367981472,0.9705490773892059,0.9600831517164959,0.6340691421580497
533,0.08514307825256595,0.992546418853358,0.9505011387610661,0.9703864956442564,0.9603408888972026,0.6368820634951662
534,0.08553721427435068,0.9924737520676011,0.9498985367065231,0.9702453256640822,0.9599641288927254,0.6392037032432546
535,0.08510879660360247,0.9925336748720328,0.9502404134269493,0.9705374855027585,0.9602817087643335,0.6281746604129259
536,0.0846522890781756,0.9926238783648506,0.9509815019608918,0.970720962176782,0.9607498515750076,0.6426267473850631
537,0.08631739697063999,0.9923674332061572,0.9493396183112025,0.9696728932078633,0.9593985331507585,0.6221014309570069
538,0.0893098202085109,0.9918390523597459,0.9456492860293755,0.9678738619647022,0.9566325105529873,0.6385263590100672
539,0.08905396495255635,0.9918931044184701,0.945580480520807,0.9685695966525585,0.9569369879012058,0.643962165887347
540,0.08550497011797463,0.9924551373405684,0.9496993607078899,0.9702601662320817,0.9598696708566072,0.6426714657068586
541,0.08434833113184508,0.9926270437610741,0.9509402131965715,0.9708035820553463,0.9607692425729298,0.6431258356088068
542,0.08430608947553651,0.9926510691870746,0.9511864659364206,0.970797306193257,0.9608918370786934,0.6362268675327166
543,0.08415469891733403,0.9926576334360762,0.9511353430657029,0.9709295422991628,0.9609305183597221,0.6384544316709504
544,0.08391367623971092,0.9927046749317977,0.9515978004012954,0.9709398051795207,0.9611715060853254,0.6311621608333088
545,0.08384590636161592,0.9927181467482633,0.95155030712137,0.9711460964580806,0.9612483433411908,0.636803916422045
546,0.08404292639264528,0.9927016331302206,0.9515626563649503,0.970945047370207,0.9611561469064098,0.637767917484875
547,0.08319568678254274,0.9928273357520531,0.9523933580847634,0.9714310205969364,0.961817993478186,0.6273292831196574
548,0.08334536958995054,0.9927934502198117,0.9520447529049627,0.9714406189742495,0.9616448948084445,0.6344468854844085
549,0.08443120013413241,0.9926455898244143,0.9512569725178834,0.9706554717100381,0.9608583243736037,0.62712226718055
550,0.08362116903173837,0.992775748719889,0.9521058268785314,0.9711712737401096,0.9615440524171772,0.6403093673691085
551,0.08353007592850452,0.9927875657413657,0.9522810268787706,0.9711074814478133,0.9616021158901075,0.6317408983502801
552,0.08593750238525781,0.99235306189532,0.9490604116264397,0.9698271317479177,0.9593314001555345,0.6369401645214288
553,0.08533132864202526,0.9924657802129035,0.9497166935123139,0.9703613183622274,0.9599280207240247,0.6360705125379682
554,0.08388964232834552,0.9927111293188913,0.9516625335026546,0.9709398051795207,0.9612045260582238,0.6396014484219593
555,0.08298429006563245,0.992860102066107,0.9526673231196965,0.9714931147147849,0.9619881240944252,0.6416884767434147
556,0.08296772859079375,0.9928485116348155,0.9527048742847749,0.9713196794201044,0.9619222283731832,0.6420877204284143
557,0.08333232296670941,0.9927798616750689,0.9521602679452382,0.9711564331721101,0.9615645401391221,0.6413396671973075
558,0.08428007684540835,0.9926496890468557,0.9512177458364606,0.9707462871261543,0.9608828044465444,0.6331900716063114
559,0.08359734738151804,0.9927431952632819,0.951790316455623,0.9711587220159309,0.961376977614433,0.6313065251605039
560,0.0825543798265054,0.99289223667419,0.9527666588145801,0.9717448137014031,0.9621621617669969,0.643381649757263
561,0.08257905123152322,0.9928886592958115,0.9529782292104181,0.9714661654246366,0.9621333914818239,0.629393824224267
562,0.08275592391439479,0.9928609054313091,0.9528449706804374,0.9713021808399259,0.9619850511879829,0.6305636453226713
563,0.08272924784758537,0.9928544441778462,0.9526995067527858,0.9713928485886989,0.9619553709514016,0.6375670331314038
564,0.08232676773834571,0.992952440999761,0.9534966895555507,0.9716044558916169,0.9624654106523708,0.6388417397553651
565,0.0824213932744033,0.992957968427006,0.9534856020981289,0.9716793970683307,0.9624965292441781,0.6268925049270557
566,0.08298725985901818,0.9928575271776388,0.952820921100864,0.9712910319555084,0.9619673265422951,0.6296412876852325
567,0.08373125007362675,0.9926757881163693,0.9514822741869827,0.9707430384446022,0.9610161595530691,0.6373414722087231
568,0.0830153223636339,0.9928180798863061,0.9524441323085946,0.97126902952136,0.9617644734318809,0.6332049649827044
569,0.08260159315072375,0.9928781674835998,0.9528725116229453,0.9714664607593232,0.9620796540593092,0.6382904229908731
570,0.08257582098942437,0.9928765264213494,0.9529991838669638,0.9713053556878064,0.9620651952213973,0.6385470489950841
571,0.08345828208027126,0.9927612194825592,0.9521020903513596,0.9710109808389809,0.9614635753462829,0.6362054196193303
572,0.08218049674743799,0.9929293837318245,0.9532575246223292,0.9716125775954972,0.9623475366399473,0.6340468312466669
573,0.08125128279433405,0.993054427182209,0.9541438143827429,0.9720304761769751,0.9630040965464943,0.6337284676330137
574,0.08163301140177164,0.9930228899482506,0.9539456930296494,0.97189646806295,0.962837420958093,0.6419238643260239
575,0.08103016135450318,0.9930838427080697,0.9543573412312261,0.9721232851022257,0.9631583946783401,0.6343932031043359
576,0.08089704471204778,0.9931370021387916,0.9549643422071672,0.9720436924041986,0.9634283289333686,0.6321891562054519
577,0.0806168666739258,0.99315008257221,0.9550841697105114,0.9720572777997802,0.9634959792680241,0.6230038600330406
578,0.08243280150693097,0.9928586120639801,0.9526707746689204,0.9714723674530543,0.9619797120190372,0.6335503596941887
579,0.08100673274920998,0.9930975067828742,0.9544604279259116,0.9721620477798363,0.9632299174724144,0.6372613525154399
580,0.08041010208749513,0.9931968494131617,0.9552488205498673,0.9724008258739175,0.9637485149244445,0.6319474201993224
581,0.0801103816990801,0.9932348410342137,0.9556273718846691,0.9724063633992904,0.9639438568457743,0.6402341662792439
582,0.0800535311426619,0.993237972098591,0.9555287587903764,0.9725518157324197,0.9639651388284224,0.6362694652799868
583,0.08080851361691523,0.993126208206333,0.9547268388813848,0.9721876680638951,0.9633781423977474,0.6347560048359424
584,0.08156480708514614,0.993022237643172,0.9539653786042513,0.9718670084279659,0.9628329909610724,0.6402503347420482
585,0.08247314581124902,0.9929193588327216,0.9533530170660949,0.9713918887509676,0.9622879219946735,0.6269918580058955
586,0.0828908633360331,0.9928395304238384,0.9526483340056066,0.9712817289128819,0.9618747986039907,0.6340911550567355
587,0.0811885190095833,0.9931117338999571,0.9548494834074601,0.9718870173529802,0.9632929215631166,0.6380984674724421
588,0.07987898964729669,0.993261901395422,0.9558530089744277,0.9724595974765423,0.9640847954261904,0.6369920752508957
589,0.07993711748247524,0.9932388647265933,0.955587674226904,0.9724960713103321,0.9639677333821436,0.6323405638471028
590,0.07951234917578509,0.9933125957995838,0.95613120649524,0.9727206733394586,0.9643545994445394,0.6383459097506043
591,0.07934956476360346,0.9933604475268766,0.9566446778464651,0.9726876696882358,0.964599472561733,0.6418508944761174
592,0.08161646821837631,0.9930256227632116,0.9544009212043555,0.9714169921993249,0.9628337817151266,0.6258990151145974
593,0.08544991375784651,0.9923571061868074,0.9498319887682272,0.9689966506093197,0.959318614356899,0.6305485120331638
594,0.0823647731365703,0.9928489991470322,0.9527520036421495,0.9712721305355688,0.9619229322661572,0.6305040430224201
595,0.0801099725335622,0.9932428197552804,0.9557199891206508,0.9723929256710521,0.9639843696018532,0.6358611465296882
596,0.07899740804656805,0.9933461929443167,0.9564279768366009,0.9727684437250091,0.9645290076699964,0.6437997410760765
597,0.07966864927799153,0.9932731347755126,0.9559817341257458,0.9724426157320653,0.964141920520617,0.6290275089318441
598,0.08033021286183553,0.9931677291411787,0.9552770012612438,0.9720408128910046,0.9635860012537698,0.6384722796046719
599,0.07911247752017254,0.9933404045950402,0.956354278767544,0.9727853516358145,0.9644998409625554,0.6351886357311108
600,0.07817842034127215,0.9934795584342305,0.957488487900308,0.9730902846996845,0.9652263440489305,0.6328007708722447
601,0.07872479778828381,0.9933959809877376,0.9568063329044401,0.9729079155307356,0.9647899482190477,0.636242654400224
602,0.07997338318353077,0.9932196045608512,0.9555666012271096,0.9723024055896224,0.9638618617644914,0.6450720396958071
603,0.07981055448327562,0.9932525905987211,0.9558895614187201,0.9723138498087265,0.964031755200933,0.6274806188662835
604,0.079052877324305,0.9933942849945333,0.9567487781653622,0.972952880236764,0.9647827946106389,0.6338127204811878
605,0.07835682516368173,0.9934846876120591,0.9576076784282146,0.9730156388576573,0.9652501745506042,0.630225286642652
606,0.07798368557483601,0.9935476865499142,0.9579364014783297,0.9733594822664811,0.9655863585016231,0.6332020207120911
607,0.07823119985221101,0.9935204751285823,0.9578251199855243,0.9731768915965173,0.9654399812840078,0.6489884917453839
608,0.07869851973792202,0.9934326336667862,0.9571097320289721,0.9729830782084643,0.9649811328381321,0.627856315651267
609,0.0784964449435687,0.9934749785659418,0.9576920636348973,0.9728127439279927,0.965193187411812,0.6333941336517106
610,0.07769133683910473,0.9936019651988237,0.958383316167805,0.97347429362588,0.9658698622502713,0.6397166249814803
611,0.0784396581592963,0.993495817996611,0.9575616075395662,0.9731920274992033,0.9653135494711779,0.6376757375480556
612,0.0781967348466031,0.9935367552900706,0.9578834187674468,0.9732953208058266,0.9655278719253634,0.6319104853215521
613,0.07814093513025654,0.9935711352008979,0.9582197294732554,0.9733089800350798,0.9657054155622734,0.6333517926208633
614,0.07830581353079501,0.9935504262312443,0.9580983266762803,0.9732107074181281,0.9655953902975088,0.6383217663537033
615,0.0785000034534245,0.9934843305608583,0.957434075358946,0.9732044315560388,0.9652548436434095,0.636085792993638
616,0.08154722390254196,0.9930777934367617,0.9548695968962769,0.9714814489946659,0.9631038969480378,0.6342082752071644
617,0.08126484705872244,0.9930722042121934,0.9545857090117057,0.971736027494478,0.963084522381453,0.6295861098978992
618,0.08066504500913534,0.9931297100546497,0.9548833930626737,0.9720519617754222,0.963391193340092,0.6313445018255539
619,0.07857613057809339,0.993466780121059,0.9575001582225249,0.9729335358147945,0.9651551538497513,0.6353899951752376
620,0.07825165070432553,0.9935196511642725,0.9578318720826795,0.9731601313530552,0.9654351636792214,0.6389504514438412
621,0.07732909616324113,0.9936484161867899,0.958787694137853,0.9735485702995491,0.9661117539710143,0.641480396928031
622,0.0767704026652969,0.9937307920186642,0.9593875833611019,0.973810532166525,0.966545255349417,0.6357574790909826
623,0.07669622621251096,0.9937498599260673,0.9595756671316127,0.973816881862286,0.966643824673164,0.6358836974334481
624,0.07711525956878988,0.99369282099672,0.9590978269952422,0.9737043593467078,0.9663459010802267,0.6323997474550699
625,0.07756840866461075,0.9936091680201654,0.9584821294208632,0.9734457938286273,0.9659060114160927,0.6358799305699625
626,0.07690027340067376,0.9937105224966426,0.9592573689180727,0.9737268047828862,0.966437931059373,0.6451172356570581
627,0.07670836143946047,0.993732968657716,0.9594163229445378,0.9738032226330328,0.9665562395821921,0.6442605050214218
628,0.07660890724375952,0.9937781425010019,0.9597824708415273,0.9739060729376262,0.96679269271029,0.6271334970271394
629,0.07620091972832414,0.9938304985665218,0.960201892129133,0.9740309995100398,0.9670670091122024,0.6324239844000871
630,0.07634244376136888,0.9938038158556222,0.9599236882841478,0.9740383828772037,0.9669295287268377,0.6315997602675812
631,0.07771881600078061,0.9935919883643056,0.958355528946666,0.9733929289197336,0.9658157007648378,0.6296510417984136
632,0.07825911901355219,0.9935236405248059,0.9578621330473345,0.973171427904816,0.9654560941903025,0.6373514621210812
633,0.0786911464905996,0.9934401180092671,0.9574103015815595,0.9727332988973089,0.9650109772398707,0.6408738998175392
634,0.07736553609531989,0.993618581812405,0.9584474765366349,0.9735899909893387,0.9659593933651414,0.6282159287816552
635,0.07715791730518393,0.9936933565735213,0.9592632565692192,0.9735275277031319,0.9663427559603832,0.6268278328920103
636,0.07613347544462132,0.9938258019699558,0.96031081411859,0.9738583025520756,0.9670371130418283,0.6340096827595535
637,0.0762374343739139,0.993811135405241,0.9600874100959768,0.9739399625929086,0.9669640765991542,0.6313418747845686
638,0.07584547653472681,0.9938579365780389,0.9605157158921555,0.9739930490028172,0.9672074355142204,0.6359952071662249
639,0.07578454099649148,0.9938811380397296,0.9605636478991514,0.9742004477864518,0.9673339897070369,0.6288968466380587
640,0.0763479420419434,0.9937978421143759,0.9600798427893992,0.9737991617810926,0.9668908385081556,0.6295292146434811
641,0.07631676610586026,0.9937968396244656,0.9598679857324821,0.97402154880007,0.9668929744042922,0.639391539512405
642,0.07705376085510357,0.9937359280628622,0.9595604026511122,0.9736773362228879,0.9665673269367006,0.6012249200405954
643,0.07714650674099974,0.9936947092482633,0.9591639608039892,0.9736524542755455,0.9663539042853461,0.6358728445355485
644,0.07614959386452068,0.9938380103744797,0.9602498796108183,0.9740623788204864,0.9671068132033112,0.6323678618248502
645,0.0757453552306556,0.993906763329765,0.9607522223151744,0.9742801881518222,0.9674689176897114,0.6374633136033614
646,0.07596298520245569,0.9938681949336962,0.960548645045999,0.9740718295304562,0.9672629731035971,0.6384517869839453
647,0.07821188648666838,0.9935302597047615,0.9580744596549643,0.9730103966669709,0.9654846673086425,0.6288883055922506
648,0.07704645155413116,0.9936662000831435,0.9588743849023326,0.9736524542755455,0.96620691550062,0.6405977417894257
649,0.07621583886605372,0.9938174387322112,0.960186331958451,0.9739016429173278,0.9669953573452715,0.6334247662288103
650,0.07507828064262867,0.9939982714327399,0.9615582119670245,0.9744197337912203,0.9679462506094817,0.6377296209053935
651,0.07522756768484339,0.9939470345854076,0.9610325652575115,0.9744232039737872,0.9676815623984021,0.6396860337574857
652,0.07534271993225428,0.9939417062828707,0.9610449346180326,0.9743498871378495,0.9676516781521002,0.6289736460583567
653,0.07527844912017422,0.993946910990761,0.961113033872056,0.9743333483954023,0.9676780396075237,0.6338830575207711
654,0.07556164688129219,0.9939162526520665,0.9608076997874478,0.9743255220262086,0.967519396710922,0.6435464246063753
655,0.07576666520439464,0.9938834176743201,0.9605750621257395,0.9742134425126603,0.967346183649386,0.6268469418032091
656,0.075282039931513,0.9939713483989165,0.9612385734200889,0.9744692023512185,0.9678086719847557,0.6350077123436636
657,0.07574966993424104,0.9939133275787666,0.960922402025428,0.9741665581311694,0.96749915718241,0.6374725930873909
658,0.0763236536182088,0.993809061761728,0.9600360392356072,0.9739733354124895,0.9669544682746299,0.6297145980879921
659,0.07526099945840647,0.9939783658282885,0.961492245264606,0.9742691869347478,0.9678385491684305,0.6344186983141481
660,0.07567912511688342,0.9939054793187155,0.960764100699383,0.9742527220259724,0.9674613981007888,0.6332202834178711
661,0.07595842676036221,0.993882861498411,0.960706506320014,0.9740625264878296,0.9673384170319301,0.6319394116064769
662,0.07612171435474063,0.9938328743302818,0.9602803483192248,0.973971194236012,0.9670773186183356,0.6356041124098095
663,0.07477891857889916,0.9940511218768456,0.9620568609131829,0.9744645508299052,0.9682209565643234,0.6359213271653551
664,0.07491756175651396,0.993997914381539,0.9615449514456862,0.9744302920062646,0.9679447410119985,0.6290919494158411
665,0.07470491587472476,0.9940398129666934,0.9617994715434359,0.9746201922097207,0.9681673899200439,0.6278432687276007
666,0.0760489282392555,0.9938215310882833,0.9602515790851535,0.9738756534649109,0.9670156319957196,0.6360872554367778
667,0.07699014288004782,0.993696219849498,0.9593862755462619,0.9734237913944789,0.9663540579879473,0.6242412809674273
668,0.07521490693735562,0.9939541412775798,0.9611555110209056,0.9743676810527145,0.9677165019150594,0.6360614873793102
669,0.07489971486891774,0.9940325208825515,0.9618694805566775,0.974461745150383,0.9681246681211692,0.6311444783695451
670,0.07418210140476339,0.9941320489048087,0.9626089655566143,0.9747654968755067,0.9686490916471303,0.6316326325118048
671,0.07474547075174695,0.9940052407975272,0.9617355072846658,0.9743032242573736,0.9679785743582932,0.6365204461684404
672,0.07485252849275259,0.9939824169861451,0.9613572199277813,0.9744628526554575,0.9678656732819511,0.6400743935212633
673,0.08035912144955971,0.993251979491858,0.9561755661850839,0.9719880956494543,0.9640169930373187,0.6367421411256675
674,0.07544267937380204,0.9939233318787617,0.9609616605879817,0.9742355187804804,0.9675530658189647,0.6369941646371106
675,0.07375908714029,0.994156403916533,0.9627184722548493,0.974918111074785,0.9687798863238422,0.6339806936175757
676,0.0730244102050289,0.9942253422637881,0.9632130858594706,0.9751481767956127,0.9691438873009254,0.6353902085790282
677,0.07300117871851372,0.9942432016902035,0.9634568875388285,0.9750815049901226,0.9692343422395541,0.6300129414288609
678,0.07249346210641398,0.9943164315182388,0.9639770079143296,0.9753322441390093,0.9696213818729632,0.6428406794190747
679,0.07244027099779828,0.994323620606842,0.9638602794338373,0.9755398644236588,0.9696649031406136,0.6331128989655144
680,0.07297611602401133,0.9942649268825058,0.9636019950544606,0.9751658968768061,0.9693494591593702,0.6326456795997746
681,0.07348008905436924,0.994176488046585,0.9628324254345618,0.9750180818661844,0.9688869405240225,0.6378262060660796
682,0.07369679412905046,0.9941714137997103,0.9627908743506213,0.9750067853144236,0.9688603251723658,0.6379439831378433
683,0.07394069450632702,0.9941539526227113,0.9627451007556941,0.9748615544823093,0.9687654436525857,0.6294590838102647
684,0.07533910180435335,0.9939384378911084,0.9610225660323056,0.9743378522493723,0.967634404533757,0.6395580857605174
685,0.0754831675440073,0.9939073607038896,0.9609441681201553,0.9740757427150532,0.9674653981884057,0.6431492881017851
686,0.07345453441384242,0.9942116850553528,0.9631162726963587,0.9751012924141218,0.9690717277115991,0.6422439532053068
687,0.07306747346205249,0.9942688544457159,0.9635359469863112,0.9752818895749513,0.9693733380510982,0.6315568625978306
688,0.07451546744262572,0.9940399846259246,0.9621136210040938,0.9742776778069864,0.9681574432129191,0.6228385161647153
689,0.07350409946156491,0.994221222442239,0.9632637112360127,0.9750468031644521,0.9691194421813377,0.6265931233291269
690,0.07373774966908445,0.994168447528195,0.9626884972485799,0.9750856396757344,0.968847412359459,0.6356532424194967
691,0.07301728117192606,0.9942759954697343,0.9636093867141795,0.9752815204065932,0.9694103204065732,0.6360464386585618
692,0.07271704998992973,0.9943408002627018,0.9641066697374165,0.975463077405154,0.969751627023873,0.6424117937632661
693,0.07258491147738352,0.9943622851320804,0.9642819243465587,0.9755120291294508,0.9698644693541126,0.6326499739605995
694,0.07260253391623926,0.9943540248898745,0.9641384673747826,0.9755761167564336,0.9698235706551368,0.6316879353001617
695,0.0729545703586593,0.9943092355632664,0.9638766191323758,0.9753613346056351,0.9695849690028621,0.638026215329944
696,0.07311786404348534,0.9942599487648006,0.9635639472158272,0.975151794645523,0.969323240219954,0.6226980786003331
697,0.07340074491372212,0.9942257542459431,0.9634466628510087,0.9748976591477408,0.9691383369479151,0.6296908591850994
698,0.07333571571025917,0.9942332660539009,0.9633793941714177,0.9750550725356757,0.9691820705797706,0.6344893357541057
699,0.07299064893757912,0.9943019984100785,0.9638496740677157,0.9753098725365026,0.9695459091084243,0.6322581281006652
700,0.07274735209753187,0.9943745896657737,0.9645686557048394,0.9753371909950092,0.9699230349528939,0.6451924498910853
701,0.07332236573046488,0.9942566597739305,0.9635084313414665,0.9751756429214625,0.9693069298574482,0.6328467608811901
702,0.07355790287792253,0.9942474657055068,0.9635778531725138,0.974997113103439,0.9692538503149908,0.6342109465870204
703,0.08189178905416307,0.9930262476028132,0.9550884010825658,0.9706552502090231,0.9628089079278616,0.6306479760011717
704,0.07407077211591838,0.9941107631601382,0.9624235947057497,0.9747302782141348,0.9685378444546315,0.635710807752378
705,0.072579892707332,0.9943227142461012,0.9639875386862089,0.9753909419079625,0.9696557147098063,0.6317829848567466
706,0.07192319630236506,0.9943977018646641,0.9645950658803917,0.9755664445454489,0.9700497343032781,0.6294460814806186
707,0.07164648649611062,0.9944712956102697,0.9652427888804856,0.9756833232476538,0.9704349754593545,0.6339642716285668
708,0.07123726645229961,0.9945172796851269,0.96545463482706,0.975966106210032,0.9706819142884513,0.6316737066878974
709,0.0711414565419336,0.9945166617118946,0.9655247907172756,0.9758830433294379,0.970676284138783,0.6314680305386576
710,0.07141477275612972,0.9945040893898006,0.965462163707677,0.9758108339985747,0.9706089151549762,0.6294367926143815
711,0.07127994780006597,0.994514100556165,0.9654720977595551,0.9759116907940338,0.9706638253541611,0.6317629471933798
712,0.07257116311263266,0.9943058161113807,0.9637015305355838,0.9755141703059284,0.9695718723554271,0.6364065723228964
713,0.07749763585412674,0.993581860469664,0.9593904113247299,0.9721351723233596,0.9657207450258332,0.634955897397472
714,0.07234457211582351,0.9943325606196036,0.9641316405408678,0.9753438360254567,0.9697053291784575,0.6379378621994766
715,0.07143870363239761,0.9944899240700409,0.9654366906261952,0.9756805175681315,0.9705315743047394,0.633605353847729
716,0.0729307355828208,0.9943305625061523,0.9641589969067925,0.9752917094532794,0.9696934015330474,0.6352033601035206
717,0.07552773097409404,0.9939916041881997,0.9617261985159199,0.9741607252711099,0.9679035273669354,0.6347073781057085
718,0.0732048742285521,0.9942481935406472,0.9636468805997838,0.9749299244622472,0.9692555673401503,0.6363470191754093
719,0.07158590019044044,0.9944466453446675,0.965002035245159,0.9756699593530871,0.9703066763718645,0.6344687020680735
720,0.07061681237152155,0.9945768042401423,0.9660334856506773,0.9760016940397621,0.9709920071010121,0.63896685421548
721,0.07043305363023666,0.9945897954107605,0.9661097721913586,0.9760637881576106,0.9710612720438316,0.6348511771572044
722,0.07045708571245773,0.9946088083872097,0.9661895227398802,0.9761892315657257,0.9711636370193764,0.6308597596489303
723,0.07047573827448295,0.994596908969302,0.966159142724592,0.9760895561090127,0.9710989630926811,0.6381723396648914
724,0.07068019214240338,0.9946026011894089,0.9662891123466484,0.9760121784211349,0.9711263087852552,0.6426948932591598
725,0.07104950904068973,0.9945343220136018,0.9656815983214939,0.9759097711185712,0.9707687440567154,0.6321685797289984
726,0.07180729541900775,0.9944355973565467,0.9647849481400931,0.9757827772033518,0.9702526985328663,0.63069828973582
727,0.07207166327150177,0.9944302484549021,0.9648699627981123,0.9756306060061034,0.9702204489451873,0.6409947690131216
728,0.0712984554040775,0.9945162359970012,0.9654262399258433,0.9759853029646581,0.970677056819373,0.6346611941807596
729,0.0709469683146734,0.9945877904309399,0.9661231520224375,0.9760269451554627,0.9710497969056316,0.6358453504876367
730,0.07498305351238885,0.9940001116196985,0.9621246748934353,0.9738192445397785,0.9679366376812317,0.6380579498878026
731,0.07384758791718767,0.9941628583036267,0.9629317617245218,0.9747570060032682,0.9688083005659524,0.6257161634273738
732,0.07182074472200957,0.9944556883529678,0.9651446555847063,0.9756158392717755,0.9703519993038333,0.6317717460383352
733,0.07086857695722108,0.9945813017120001,0.9660163813927406,0.9760703593543866,0.971017346182488,0.6244588664602867
734,0.0703653609916139,0.9946243126489728,0.966375975699581,0.9761599934317565,0.9712433448667123,0.6384307458972153
735,0.07024697896441538,0.9946523686337222,0.9665893546575777,0.9762415058052463,0.9713914538720506,0.6345723814591482
736,0.06972875196165104,0.9947231883661513,0.967070218023903,0.9765099650353265,0.9717671676429606,0.6427095163612385
737,0.07056719477442529,0.9946141572888542,0.9663618400998252,0.9760621638168346,0.9711877806039745,0.6306776621913075
738,0.07024980130732703,0.9946654902653561,0.9667242706453089,0.9762416534725895,0.9714596521864608,0.6369886697072338
739,0.07038497453113254,0.994651949785198,0.9666029181050302,0.9762221613832768,0.9713887265243678,0.6431364162955764
740,0.07080657011661813,0.9945885182660803,0.9661886942944025,0.975964038867226,0.9710517656933851,0.6358896045553728
741,0.073551579036837,0.9942100920576872,0.9634548510319014,0.974713665638016,0.9690515571262546,0.6439146120167536
742,0.073570315049385,0.994230505773463,0.963598693368398,0.9747848412974761,0.9691594904632532,0.6308109632017369
743,0.07145091049748359,0.9945038627996154,0.965534176679894,0.975730133795473,0.9706053795067999,0.6334764589772022
744,0.0702579098170717,0.994658774956231,0.9666903605273637,0.9762035552980237,0.9714236676872193,0.6377708055398794
745,0.0706920153226891,0.9946185792306502,0.9664761507578132,0.9759876656421507,0.9712086210440949,0.6335693981980293
746,0.069889989808845,0.9947017652940959,0.9669189371460684,0.9764350238586127,0.971653681631384,0.6333772756207176
747,0.06957494381734793,0.9947592024728598,0.9673730756656777,0.9765835772059508,0.9719565066749419,0.6289290590728158
748,0.0696412650466287,0.9947532905289368,0.9673782681873694,0.9765121800454757,0.9719237649992414,0.6362136360169203
749,0.07022949962762834,0.9946755357635666,0.9667708938265532,0.9763030830873933,0.97151360730083,0.6322493464957394
750,0.07010410238298581,0.9947165829189342,0.9671127163768429,0.9763905021546142,0.9717294643811415,0.6357831168749005
751,0.06990434380797603,0.9947267108135758,0.9671652505410296,0.9764464680777167,0.9717836992765492,0.6421889505412188
752,0.07057385411274304,0.9946416639640637,0.9664736826255302,0.976247486332649,0.9713359985425096,0.6352573537020197
753,0.06977915276083158,0.9947663846950937,0.9674572075419586,0.9765726498225481,0.9719935577944412,0.6283034081689868
754,0.07116581017164875,0.9945492632330866,0.9657988620590563,0.9759491244655549,0.9708474636025259,0.6284395324256119
755,0.07066900232847002,0.9946409429952926,0.9664231037263851,0.9762942230467967,0.9713335853695024,0.6369845427621973
756,0.07146945750515024,0.9945307240361155,0.9657916370479054,0.9757502903878306,0.9707454235080627,0.6369540569257549
757,0.07086522983078905,0.9945983921050596,0.966232456639177,0.9760266498207761,0.9711048587338201,0.6419250679006184
758,0.07009403973737423,0.9947166241171497,0.9671281720526677,0.9763742587468536,0.9717292215710415,0.6377343893310645
759,0.06952194748915357,0.9947818477586413,0.9675494174649338,0.9766451544880979,0.9720760091883826,0.6324478092367687
760,0.07283128783937624,0.994256838299531,0.9640217413134251,0.9746178295322282,0.9692908277229971,0.6365512403484411
761,0.07224137863988499,0.9943769379640567,0.9646270781655475,0.9752998311571597,0.9699340959118377,0.630706709453793
762,0.07075873365049525,0.9945774840106979,0.9661046494927651,0.975932142721078,0.9709935305576334,0.633381386044421
763,0.06953742448240519,0.9947564559251603,0.9674032984293424,0.9765203755830276,0.9719404572840957,0.6248783786425628
764,0.06905995474846886,0.9948156508944517,0.9679058302326621,0.9766366636158593,0.9722516465679285,0.6362477310026279
765,0.06872314896782954,0.9948919087913256,0.968494197675,0.9768506335962698,0.9726544676553632,0.6314359712915952
766,0.06871266912320535,0.9948897046867969,0.9684297449765977,0.9768955244686265,0.9726442137871693,0.6325914260859647
767,0.0687742969222206,0.9948781142555054,0.9684785194957511,0.9767141889710805,0.9725789199063665,0.6366227347550951
768,0.06883825107122497,0.9948691399108976,0.9683389566751978,0.9767646912024818,0.9725335747821942,0.6350156831287628
769,0.06908137741893959,0.9948476069769343,0.9682083507810234,0.9766659755835001,0.972418773454882,0.6383889381154307
770,0.06915195539540095,0.9948426700574446,0.9680161350863496,0.9768182206144201,0.9723972592620957,0.6356143616992004
771,0.06918973523265809,0.9948250440875837,0.9678881600631544,0.9767601873485118,0.9723039353763024,0.6371681928702163
772,0.06977064652274624,0.9947446251709451,0.967352693447227,0.9764433670635079,0.9718767727920777,0.6330341046060652
773,0.06945995814937482,0.9948023438708481,0.9677894677538722,0.9766141443460093,0.9721817806507719,0.6391312773135408
774,0.0694002535046755,0.9948118812577342,0.9677664589163174,0.9767450514458257,0.9722350262927669,0.6371589545475289
775,0.07081078029096984,0.994612687885835,0.9666019876190699,0.9757858782175607,0.9711722215371826,0.6369816673042263
776,0.07136575624400335,0.9945338619668621,0.9656940871500412,0.9758910911996466,0.9707658123708316,0.6359902598869449
777,0.06955945036179728,0.9948010941916449,0.9677392781346793,0.9766543836970528,0.9721763928973853,0.6256771589110797
778,0.06859771714364882,0.9949137301127974,0.9686636918364653,0.9769107342049841,0.9727697339392468,0.6329981024130195
779,0.06897652143840309,0.9948279279626681,0.9680187132708918,0.9766515041838588,0.9723159473605075,0.6264148137447473
780,0.06823218012858423,0.9949519826558809,0.9688999909505734,0.9770815853211573,0.9729735889785709,0.6330822564782319
781,0.0690382237097235,0.9948402599618383,0.9681026541675409,0.9766981670643349,0.97238141565225,0.6375256035015302
782,0.06880692936640849,0.9948791030126772,0.9683674800304073,0.9768447269025387,0.9725876315192287,0.6269235517983583
783,0.06874785918018801,0.9948899656088284,0.9685229036877736,0.9767981378557343,0.9726429196922735,0.62971963886695
784,0.07089772624157958,0.9946000263009408,0.9663078906311339,0.9759631528631664,0.971111523014048,0.6321001193080739
785,0.07133288926733054,0.9945637444058316,0.9660727758992752,0.9758135658444254,0.9709187402482046,0.6416765283006549
786,0.07172580640227032,0.9944643949091749,0.9652273231462569,0.9756231488052678,0.9703973942659825,0.6360402086557875
787,0.0689805250802486,0.994844146326833,0.9680810248038025,0.9767646912024818,0.9724034718735631,0.6330517396176611
788,0.07069846593754754,0.9945505129122898,0.9662181694923683,0.9755086327805554,0.9708411753763786,0.632913083826708
789,0.07069560601342496,0.9945690177774145,0.966072840818224,0.9758722636133785,0.9709478273440993,0.6361683481725368
790,0.06916550508693611,0.99480132078183,0.9677412038857226,0.9766548266990827,0.9721775840966973,0.6374845802381756
791,0.06900374568570003,0.9948409603315017,0.9681747751993034,0.9766282465772925,0.9723831385447911,0.634181529050469
792,0.06793201585440971,0.9949767359170217,0.9692128335488772,0.9770203033736967,0.9731009083165928,0.6350313324037832
793,0.06736660587916271,0.9950543190231607,0.9697727538484668,0.9772806408998966,0.973512222073163,0.6329793013342794
794,0.06720907175444442,0.9950875659830619,0.9699461378944925,0.9774636745718902,0.9736903963551641,0.6352220126864392
795,0.06713966339853385,0.9950919741921195,0.9700853786372249,0.9773633346121325,0.9737107571283705,0.633261590966029
796,0.067329230691514,0.9950706403828643,0.9699253508615028,0.977298139480075,0.9735977873451249,0.6383463061982584
797,0.0672201649453357,0.9950928942855988,0.9700538433456006,0.9774073394804295,0.9737167082337553,0.6302002880495258
798,0.06759164943996308,0.9950541816957756,0.9696694075518573,0.9773899885675943,0.973514391035364,0.6294037453900667
799,0.06761361437467792,0.9950565299940587,0.9698173881938104,0.9772573094596586,0.9735231345727798,0.6386665590874072
800,0.0690265944254377,0.9948247557000752,0.9680116038290587,0.9766238903906658,0.9722986763174079,0.634832481143484
801,0.06832401174381911,0.9949755480351418,0.9692469507134621,0.9769704656453403,0.973093382891897,0.63426275779322
802,0.06833952411392824,0.9949592884727613,0.9689831673578366,0.9770733159499336,0.9730114254656594,0.6379827289706521
803,0.06807359303314266,0.9950069136098689,0.9693905294914394,0.9771645743680798,0.9732620281530054,0.630666172969222
804,0.06839002258137619,0.9949834924243622,0.9692258429913176,0.9770813638201423,0.9731377505107512,0.6320705416630666
805,0.06785584698772902,0.9950425157344225,0.969567866606284,0.9773694628068785,0.9734530337711738,0.6251293414003413
806,0.06785365558571095,0.995053611787128,0.9697834711798629,0.9772612964779271,0.9735080241510599,0.6309470129170003
807,0.06877552224792165,0.9949012882517191,0.9686645443842561,0.9767715577339442,0.9727011593027015,0.628782382933995
808,0.06781119236843192,0.9950401880352472,0.9695238473292819,0.977390874571654,0.9734414665414998,0.6351648287613526
809,0.06753952342266445,0.9950951189892353,0.9701193867263982,0.977361784105028,0.9737271187079022,0.6330352016984147
810,0.0679550727614932,0.9950318041983948,0.9695423760459718,0.977277909054046,0.9733947742925028,0.6321655804373021
811,0.06864113731162368,0.9949418272957623,0.9688517180910186,0.9770206725420549,0.9729190482987918,0.6292648041659297
812,0.07264736375148348,0.9943707170335175,0.9650022979459404,0.9748224964700122,0.96988754024684,0.6002622412012788
813,0.07185379260306736,0.9944333520538025,0.9652845134882786,0.9752147747674313,0.9702242356956877,0.6283625757062449
814,0.06822023232527774,0.9949625431317851,0.9690440698758209,0.977044003982293,0.9730275939564681,0.6375364260112548
815,0.0679664459119705,0.9950053206122033,0.9693404362249228,0.9772006790335114,0.9732546875773272,0.6308794680897918
816,0.06815900559798418,0.9950016333719168,0.9693642571549261,0.9771341548953644,0.9732336983549301,0.6238085297251156
817,0.06761777262947113,0.9950752683157379,0.9698999799463129,0.9773766985066992,0.9736239855085548,0.6266680767149193
818,0.06666737298394064,0.9951766090594766,0.9706048300148304,0.9777457930312237,0.9741622252355286,0.623035556901278
819,0.06656831308609719,0.9951953473811558,0.9707751273405947,0.9777713394816109,0.974260673540154,0.6280111815443103
820,0.06644843707678558,0.9952265344302825,0.9711090977555812,0.9777599690961783,0.9744231847697947,0.6270789852323916
821,0.06649145445779717,0.9952216524417469,0.9710874848000812,0.97772895895409,0.9743969049623808,0.6361271824428592
822,0.06638950129582298,0.9952223871432564,0.9710153842860072,0.9778141630111615,0.9744029143784348,0.6304534761656502
823,0.06642225166286925,0.9952151980546532,0.970965778417246,0.9777875090556998,0.9743647037928169,0.636377236641386
824,0.0667391018137979,0.9951795684646227,0.970723335624284,0.977651802767227,0.9741752503008967,0.634444942580267
825,0.06717431759662765,0.995112655696296,0.9701391024042126,0.9775352193997087,0.9738231178594461,0.6282022711717945
826,0.0671804685869234,0.9951282286217517,0.9703084888295155,0.9775265070264552,0.9739041241599808,0.6360979287349479
827,0.06875105522465792,0.9949145334779995,0.9687922490082125,0.9767813776122722,0.9727704103905638,0.6314201859395605
828,0.06797428087418457,0.9950227955219407,0.9695971734835018,0.97711909282635,0.9733436011782892,0.6347417209335227
829,0.0676451838179994,0.9950595580628973,0.9698997540293135,0.977202598708974,0.9735374812646361,0.6285531855428379
830,0.06753388454588197,0.9950820660212939,0.9699653101783555,0.9773820883647288,0.9736595752896818,0.6325729407933299
831,0.06718096349441963,0.9951379857324537,0.9704990061721938,0.9774307447543391,0.9739525421130139,0.6273197758528397
832,0.06706058302988037,0.9951293272408314,0.9702474233603119,0.977604106215348,0.9739118723576812,0.6429703490431908
833,0.06669335244156474,0.9952147448742829,0.9710155055118928,0.9777293281224482,0.9743608515744389,0.6409910164327614
834,0.06633280060193736,0.9952227853926728,0.970956736559025,0.9778812778186816,0.9744067051731643,0.6486388666150608
835,0.06630401017827739,0.9952584012499649,0.9714106609929469,0.9777909792382669,0.9745903777734523,0.6277039159813812
836,0.06640766375436843,0.9952312310268485,0.9709976792190587,0.9779311155470382,0.9744520643159186,0.641583476020201
837,0.0665785868203254,0.9952174776892437,0.9709535023189455,0.9778259025649522,0.974377584629891,0.6213512955122563
838,0.06666145548090446,0.995205550805859,0.9708216550681197,0.9778346887718773,0.9743155522906098,0.6322054789657996
839,0.06827548345912704,0.9949822770770053,0.9693826205328163,0.9768995114868949,0.9731265502187774,0.6409213923910377
840,0.06961747197930118,0.9948041909241759,0.9680880566576353,0.9763128291320498,0.9721830475925799,0.6307007471482586
841,0.06779969039393201,0.9950840504020066,0.9699666348861808,0.9774026879591162,0.9736704640938073,0.6385825394340363
842,0.06668903068940846,0.9952246255796314,0.971059525123269,0.9777917914086549,0.974414030029125,0.6392939973011376
843,0.06636648851600911,0.9952536153905986,0.9712914474094803,0.977865255911936,0.9745672661081322,0.6409788927389878
844,0.06617197439262121,0.9952773936273063,0.971362879411728,0.9780524242695413,0.974696174037439,0.6405286414306601
845,0.06630599079988629,0.9952619305637586,0.9714414774971231,0.9777971812666846,0.9746089676516393,0.6299492925641464
846,0.06617877538577258,0.9952827699944278,0.9715857585473181,0.977874042118861,0.9747197584183236,0.6286485638219026
847,0.06617026822306483,0.995272635233417,0.9714032527419401,0.9779565881637536,0.9746689049891419,0.6411422086218682
848,0.06610851614943726,0.9952988098329923,0.9717472999407238,0.977879358143219,0.9748036856218728,0.6294818032134434
849,0.06605630138178738,0.9952989746258543,0.9716197338323137,0.978017279441841,0.9748080101729799,0.6287055773823165
850,0.06576020728877123,0.9953392390151276,0.9720185764025329,0.9780378052025568,0.9750189010415695,0.6306720577788566
851,0.0659602572203433,0.9953345149530846,0.9720019234524342,0.9780032510442296,0.9749933524182568,0.64140891841866
852,0.06594070175113223,0.9953174382927635,0.9717706415611229,0.9780607674744366,0.9749055585934137,0.6334094656657688
853,0.06594072521510098,0.9953130781482907,0.9716980405483763,0.978089931774734,0.9748835090548057,0.6364358843870803
854,0.06602997708690467,0.9952932274747933,0.9715129823735891,0.9780675601722274,0.9747792528796742,0.6365461967250299
855,0.06704203637732233,0.9951720223248186,0.9707251180879871,0.9775662295417971,0.9741336630840586,0.6375628229132938
856,0.06636484635310422,0.9952763705382882,0.9715239701144618,0.9778690952628611,0.974686206240429,0.6384430160641676
857,0.06613898639091485,0.9952920464592825,0.971552463288497,0.9780123325858412,0.9747716955713316,0.6343620454782971
858,0.06728608275113775,0.9951141388320537,0.9704434042931341,0.9772257824818686,0.9738227842326903,0.6396526310672802
859,0.0674604131779868,0.9950704893227409,0.9700490929865686,0.9771638360313634,0.9735934665548545,0.6360949561363678
860,0.06628311942029985,0.9952618001027429,0.971460527756865,0.977775400333551,0.9746077350074899,0.6349477421057856
861,0.06571975045522555,0.9953308689110136,0.9719420260675486,0.9780267301518109,0.9749748847207024,0.6307495409491233
862,0.06535059641108668,0.995402663667876,0.9724752521756873,0.9782533995237432,0.9753557682815608,0.6300346934257897
863,0.06521142804124158,0.9954081979614903,0.9724400567197341,0.9783521151427249,0.9753871274077894,0.6354997353041266
864,0.06570759189161036,0.9953493806425076,0.9721175612228319,0.9780445979003476,0.9750720726788512,0.6349567497740294
865,0.06542124999218064,0.995383540829519,0.972352903054537,0.9781720348175968,0.9752537886331858,0.6317333929526643
866,0.06534677725821304,0.9954033297056931,0.9725293443655801,0.9782031926270286,0.975358017094976,0.638486858109589
867,0.06534890367535592,0.9954134232684885,0.9726385999537932,0.978198614939387,0.9754106842415159,0.6267809325111117
868,0.06530476258330636,0.9953936206595757,0.9723422240744447,0.9782949678808761,0.9753095130074979,0.6366481519258984
869,0.06801150269511579,0.9950172337628495,0.9697503897949187,0.9768930141237907,0.9733085981001166,0.6399821976637323
870,0.07113227770134485,0.9945314312721482,0.966140110201533,0.9753805313602614,0.9707383314748442,0.6443046015446589
871,0.07070911725272806,0.994604729763876,0.9664782331293728,0.9758311382582755,0.9711321669242504,0.6336490964887639
872,0.06961167475088037,0.994766837875464,0.9679758760782239,0.976018306615881,0.9719804553176011,0.6307290340298181
873,0.06648128290104566,0.9951921545194552,0.9708248684165186,0.9776827390756437,0.9742417354354941,0.6396091061719745
874,0.0654135134084512,0.9953595772008417,0.9722227502520905,0.9780454100707356,0.9751253881855982,0.6361426687304187
875,0.06455256533306494,0.9954724122467024,0.9730034330512424,0.9784631609848703,0.9757256595239787,0.6252154473155151
876,0.06418006324457179,0.9955330354207975,0.9735783557477513,0.9785228185915548,0.9760443252726942,0.6318061112548727
877,0.06378493032572295,0.9955795413397176,0.973904520019003,0.978690790194534,0.9762917889700239,0.6339055626941087
878,0.0638352617715224,0.9955673123360861,0.9737586507551076,0.9787103561175184,0.9762282243645557,0.6227779270894342
879,0.06388068764651422,0.9955631032517367,0.9737047818636039,0.9787209881662344,0.9762064411526078,0.6239069587407925
880,0.06421539150580442,0.9955081516986409,0.9732712721526214,0.9785737638249858,0.9759153154656993,0.6324966384214894
881,0.06460485742728916,0.9954696176344182,0.9729852620919737,0.9784515690984229,0.975710759566622,0.6380614841390996
882,0.06513913638434178,0.9954116174133761,0.9725358707263664,0.9782879536820704,0.9754034320795871,0.6287888158945283
883,0.06495573534462735,0.9954339537125415,0.9726869316337948,0.9783743390778883,0.975522345866444,0.6384585598644956
884,0.06476781819444552,0.995462483476769,0.9728559165403209,0.9785101930337045,0.975674862874048,0.6243812118015807
885,0.06494808184291176,0.995467262469766,0.9729140944904665,0.9785011853257645,0.9756996417171807,0.632632704068368
886,0.0648877225454441,0.9954756257075107,0.9730546515471723,0.9784442595649306,0.9757420131038883,0.6259932340484552
887,0.06530144129940074,0.9954439168143211,0.9727797145942486,0.9783858571306641,0.9755747320010634,0.6221254437989506
888,0.0658972642029361,0.9953542832301511,0.9720236284631506,0.9781989841077452,0.9751015291920301,0.6342583974407474
889,0.06497649276267281,0.9954785439144413,0.9730223585247754,0.9785108575367493,0.9757588900936152,0.635941038916581
890,0.06518783971077675,0.9954640764744347,0.972966991979277,0.9784097054066035,0.9756807583774744,0.6332117009318219
891,0.06519956290453886,0.9954555347110895,0.9729939056943095,0.9782866246759809,0.975633087110598,0.6393278046814643
892,0.0654458094240843,0.995420207241306,0.9725704396725607,0.9783462084489938,0.9754497743605656,0.6402749146127035
893,0.06517475173413324,0.9954554179828123,0.9729034419936188,0.9783815009440373,0.975634781887157,0.6279884531289638
894,0.06469746338699361,0.995505171694387,0.9732447029314254,0.978569038470001,0.9758996085966696,0.6299841352795217
895,0.0656952766245968,0.9953870426778356,0.9724617764065406,0.9780948786307339,0.9752701934712139,0.6369474795906054
896,0.06530015864040997,0.9954105393934041,0.9725710736223857,0.9782385589557439,0.9753965837097635,0.6293638501813144
897,0.0652709936106698,0.9954360822870085,0.9727095518000121,0.9783738222421868,0.9755334649327795,0.6268015528507758
898,0.06460881592344037,0.995510252807631,0.9732221807864778,0.9786491480037295,0.9759281198472786,0.6381110847912405
899,0.06456410435946297,0.9955339143160613,0.9735624626239584,0.9785493987133449,0.976049560764331,0.6278571390131084
900,0.06431189025986753,0.9955786418453461,0.9739682057259439,0.9786133386729845,0.9762852468834645,0.6400535884069433
901,0.06452032371605043,0.9955527968314947,0.9737013255344729,0.9786107544944771,0.9761498672071252,0.6293263749444177
902,0.06450105715114221,0.9955344704919704,0.9734838764547752,0.9786389589570432,0.9760546110452004,0.6261163526537108
903,0.0654569435663682,0.9954132378765187,0.9725894873331892,0.9782488218361016,0.9754109457887484,0.628267191005356
904,0.06450209158251612,0.9955479011102205,0.9736288246379937,0.9786335690990137,0.9761247818837147,0.6280561695941371
905,0.06475414278106295,0.9955197627290401,0.9734824171786478,0.9784779277191982,0.9759737801250149,0.6347413428880605
906,0.0703874041038237,0.9948214735755745,0.9684449901961739,0.9761207139184445,0.9722677029845533,0.6466773012591274
907,0.06694607541179486,0.9952119914602142,0.9711227158604769,0.977584244957677,0.9743427678291167,0.6310447343932446
908,0.06493070002698856,0.9954918852698912,0.9733190449620931,0.9783431812684565,0.9758246463339626,0.638741935794945
909,0.06406489954658336,0.9955978333473957,0.9740687038371432,0.9787188469897569,0.9763882387560368,0.6254951956182554
910,0.06375418190020236,0.9956243100672179,0.9742491311042982,0.9788201467872459,0.9765292898819651,0.6293062605920888
911,0.06354433144677243,0.9956565133389934,0.9745634740649969,0.9788429613917824,0.9766985300168495,0.6386890464650091
912,0.06340910551948942,0.9956792341548367,0.9747034879245996,0.9789456640290326,0.9768199702219693,0.6353910298446007
913,0.06366185768902731,0.9956433299100362,0.9743904471788504,0.9788805427306468,0.976630334135239,0.6353144768357722
914,0.06412441000047563,0.9956173681679077,0.9742880009960808,0.9787023082473097,0.976490165833882,0.6332771387353422
915,0.06370230458623213,0.9956605164322653,0.9745996602074821,0.9788488680855135,0.9767196426355317,0.6315869881806696
916,0.06394672875540505,0.9956198812590527,0.9741895030125584,0.9788343966858722,0.9765064263537682,0.6347846983281796
917,0.06692166290105246,0.9951733063358681,0.9709320590120989,0.9773591999265208,0.9741350283489321,0.6316637057580443
918,0.06467729508072781,0.9955208201499044,0.9734599720616595,0.9785134417152566,0.975980165417309,0.6384007043602233
919,0.06439026839789941,0.995561455323117,0.9737927183627888,0.9786094993220592,0.976195167090617,0.6356528727050565
920,0.06456786113382458,0.995533825053261,0.9737232760988597,0.9783778092604554,0.9760449936127791,0.6310552513590044
921,0.06425162177640113,0.995554630152084,0.9737438822907784,0.9785858725471347,0.9761588730875712,0.6356912558716015
922,0.06359874240035633,0.9956513360965801,0.9744837199360643,0.9788702060166173,0.9766720377910277,0.6336628348291926
923,0.0635679666448733,0.9956582436640441,0.9745663174506421,0.9788590571321998,0.9767079705476401,0.6322632065554451
924,0.06361219678208124,0.9956526338403681,0.9745085582181483,0.9788582449618117,0.9766785587272014,0.6276794701827243
925,0.06345313282268082,0.9956848439785128,0.9747875138331795,0.9789187147388843,0.9768487464796868,0.6295909701588652
926,0.06383785591360262,0.9956326939040704,0.9744429796778398,0.9787074766043244,0.9765705726026473,0.6367026590428292
927,0.06438790680505603,0.9955582349959395,0.9737687020452724,0.9785993841090447,0.9761780668759067,0.6386492437577319
928,0.06518509513665018,0.9954559672923522,0.9731168811994749,0.978160738265836,0.9756322908001746,0.6299752052992571
929,0.06472416931642688,0.9955303644031598,0.9736193527190057,0.9784497970903036,0.9760285983764085,0.6287259369136603
930,0.06417851994256321,0.9955992752849379,0.9740962074937136,0.9787056307625335,0.9763954790516,0.6274671684368697
931,0.06370128015150055,0.9956607224233428,0.9745582714193568,0.9788949402966164,0.9767217921524834,0.6311046550493868
932,0.0632797743347909,0.995713421807325,0.9749868897328741,0.979023337051597,0.9770009442976388,0.637974616231085
933,0.06332522319133976,0.9957135522683408,0.9749886709533833,0.9790228940495672,0.9770016180030963,0.6324382367127311
934,0.06325989136164137,0.9957080866384189,0.9749248344991434,0.9790300559157162,0.9769731327120488,0.6382559519353852
935,0.06378272441115311,0.9956594109468163,0.9745553328450495,0.978883569911184,0.9767146563379252,0.6354107067279054
936,0.06338323443699226,0.9956956173118637,0.9748687584099649,0.978951718390107,0.9769059722552194,0.6328745429448897
937,0.06307925633657321,0.9957395140104695,0.9752091976974868,0.979076349627834,0.9771389474909751,0.637799184185075
938,0.06398884375184345,0.9956047889794444,0.9742266696233903,0.9786283269083272,0.9764225376858647,0.6345755113887367
939,0.06334123424113654,0.9956983638595631,0.9749023190274277,0.9789465500330923,0.9769202489955735,0.6315900913318757
940,0.06493634850510376,0.9955277071182607,0.9738743620261936,0.9781500323834483,0.9760075145386985,0.6071375029798989
941,0.06528638405792361,0.9954295523698532,0.972809692741003,0.9781950709231483,0.975494949175143,0.6312740653998664
942,0.06438232630008844,0.9955822947537862,0.9740567956550986,0.978559809261046,0.9763031101608532,0.6307916559269761
943,0.06368171211278481,0.9956556893746836,0.974671909140133,0.9787191423244435,0.9766913329987247,0.6308790587458147
944,0.0633300910670337,0.9957136689966181,0.9750677869500469,0.9789405695056895,0.9770003403618034,0.638307649104032
945,0.0641726602083273,0.9955960686904988,0.9741927526517696,0.9785679309649263,0.9763754404946764,0.6448786320427808
946,0.0647382796038505,0.9955006192915753,0.9734110380070885,0.978342073763382,0.975870326840823,0.6367727036693109
947,0.06423877838248615,0.9955629247261363,0.9739480121434151,0.9784610936420644,0.9761993367972623,0.6289858486639267
948,0.06343193054065216,0.995708059172942,0.9751303760274199,0.9788125419190671,0.9769679894896857,0.6398832549517119
949,0.06331628144939812,0.9957176240253052,0.975111119152032,0.978938428329212,0.9770210255512384,0.6351378194652727
950,0.06266433389844012,0.9957829163304892,0.9755169187829719,0.9792302189995301,0.9773700419392909,0.6375969612807377
951,0.06277227345452034,0.9957807740232837,0.97554797803049,0.9791738100743977,0.9773575312572649,0.6271121935986884
952,0.06620117594494665,0.9953100912776677,0.9725017961852538,0.977200752867183,0.9748456120742948,0.632277979024483
953,0.06755568883080276,0.9950642271939862,0.9703491097486133,0.9767731082410487,0.9735505118797014,0.6369529110570797
954,0.06415026164580163,0.9955634877684146,0.9739478904895095,0.9784674433378254,0.976202435865336,0.6246200447529368
955,0.0639148327327675,0.9956097327653033,0.9741975724829961,0.9787137524664138,0.9764504405577182,0.6328773395283598
956,0.06250583129204648,0.9957946852873811,0.9756855493690525,0.9791820794456213,0.9774306874123434,0.6258686913375028
957,0.06214974106376549,0.9958592840892712,0.9761924264546192,0.9793599447606002,0.9777736203037175,0.6315983811143999
958,0.06297986400347176,0.9957542423725074,0.97543600648931,0.9789993411083143,0.9772144254555956,0.6331472582284532
959,0.06273855297765929,0.9957894187821675,0.9756848772332185,0.9791247106827576,0.9774017674601048,0.640538383042236
960,0.06209132234103602,0.9958510787780191,0.9761479979711385,0.9793163090606615,0.9777295868121447,0.6334670915277534
961,0.06184346573896331,0.9958856990117702,0.9763985325549082,0.9794339999332543,0.9779139107095322,0.6344355057144684
962,0.06168507016096398,0.9959122031970694,0.9765693537148621,0.979546227114146,0.9780555252683842,0.6273914385844769
963,0.06277007145954551,0.9957651255677663,0.9754348836039253,0.9791205759971459,0.9772742547575659,0.6355316597251479
964,0.06270238537368157,0.9957880386419486,0.9756856376052838,0.979108688776012,0.9773941661287168,0.630357336819773
965,0.06264023259014105,0.9957864387779137,0.9756025665603568,0.979178683096726,0.9773873537184149,0.6372161831239934
966,0.06231862238923208,0.9958364740106276,0.9760542093419816,0.9792541411091412,0.9776515568243992,0.6297757255425888
967,0.0624522035338467,0.9958485244886587,0.976185264419832,0.9792488989184548,0.9777146817273512,0.63178688091772
968,0.06259134380321066,0.9958032407834648,0.9757030355315408,0.9792579804600665,0.9774772758000356,0.6316685479406164
969,0.062478311909295675,0.9958182163347958,0.9758926630688722,0.9792231309670527,0.9775550603531331,0.6296618135928331
970,0.06251530260812464,0.9958125721792735,0.9758275480837785,0.9792295544964854,0.9775255913644048,0.63375163600538
971,0.06549891595654994,0.995425844530459,0.9730360599142834,0.9779134692995163,0.9754686678007153,0.6273401692334882
972,0.06400737134243945,0.9956055717455388,0.9742124555801229,0.9786520275169234,0.9764271951668739,0.6285893359898971
973,0.06291142412923652,0.9957663271823848,0.9754595405488248,0.9791078027719523,0.977280266861548,0.6234990775920886
974,0.06249656779490572,0.9958238398912104,0.9758528712292183,0.9793270887767208,0.9775868932826127,0.6315092129255949
975,0.062020959513489717,0.9958932726170513,0.9764664453438328,0.9794459609880599,0.9779539337612825,0.6266733619109625
976,0.06208252770116003,0.995864969443009,0.9761863779712111,0.9794289792435829,0.9778049903325855,0.6314654673783503
977,0.06265339948799756,0.9958033643781113,0.9757612370940147,0.9791979536850238,0.9774765746049979,0.628935218793371
978,0.06264060019455153,0.9957935523364552,0.9756063149854384,0.9792531812714099,0.9774263464431027,0.6360231802694906
979,0.06233354343650795,0.9958630537259886,0.9761981543555508,0.9793954587566587,0.977794192834275,0.6289087365129069
980,0.0623672949619216,0.9958514495619586,0.9761822960987544,0.97928426524717,0.9777308203361843,0.6357490937961873
981,0.06193674967470143,0.995916336751357,0.9766781071377614,0.9794773402985065,0.9780757208848984,0.6310211015112575
982,0.06289589989983993,0.9957726030438779,0.9756326143941136,0.9789943942523145,0.9773106133461209,0.6332558787127198
983,0.06233598556865355,0.9958553084614763,0.9761857344324034,0.9793231755921239,0.9777519381387838,0.6348219622996316
984,0.0626594784381471,0.9958078755827076,0.9759177296237529,0.9790826993235949,0.9774976525731617,0.6339975998455029
985,0.06202194040386583,0.9958975709642008,0.9764619184548525,0.9794980875602372,0.9779776465373696,0.6264902798479797
986,0.06176175992507085,0.9959441661459212,0.9768656766419415,0.9795866141325327,0.9782242533143093,0.6364532982072734
987,0.06177431263913997,0.9959316762202581,0.9767722078719899,0.9795473346192206,0.9781578029249154,0.6358231277953883
988,0.061810650809152094,0.9959216307220476,0.9766684823021915,0.9795457841121161,0.9781050171644873,0.6305774133114094
989,0.06185719257609235,0.9959335095408476,0.9767901456354104,0.97954866362531,0.9781674598185862,0.6350445414733977
990,0.061999704119273656,0.9959129310322098,0.9766237758765919,0.9794969800551626,0.9780582678450611,0.6381630077907506
991,0.06207836622358869,0.9959043961352338,0.9765413625931894,0.9794896705216704,0.9780132945784596,0.6305636720444051
992,0.0619562258474904,0.9959238760247919,0.9767644376534904,0.9794695877629844,0.9781151423192606,0.6338332762043216
993,0.06187368315651262,0.9959369564582103,0.976839871544103,0.9795343398930121,0.9781852502045049,0.6327596198652587
994,0.061776925635477195,0.9959517809494178,0.976996869013782,0.9795325678848927,0.9782630752926734,0.6243266326413891
995,0.06266306320593941,0.9958272456103576,0.9760342526158385,0.9791734409060395,0.9776013266953844,0.6319893549290565
996,0.06481881619250174,0.9955792872840554,0.9742345548384763,0.9783383082461283,0.9762821190804349,0.6410447551452301
997,0.06424945064237435,0.995626438641685,0.9745434868098476,0.9785320478005097,0.9765336945956253,0.6360120110612093
998,0.0627690192593409,0.9958202625128318,0.9759259695324493,0.9792105792428741,0.9775655153320457,0.6351242111605676
999,0.06182823201520837,0.9959355213870373,0.9768662708396783,0.9794907780267449,0.9781767640086565,0.6409208861554105
1000,0.0614903927747187,0.9959894223856381,0.9773553679313474,0.9795704445584437,0.978461652603998,0.6387407886134389
